#include <M5Unified.h>
#include <Adafruit_NeoPixel.h>
#include <pgmspace.h>

// ============================================================
// HOGWARTS WAND - M5StickS3
// UP flick = previous spell | DOWN flick = next spell
// BUTTON = cast selected spell
// ============================================================

#define LED_PIN 5
#define LED_COUNT 12

// Change this line to customise the boot/wake name.
const char* WIZARD_NAME = "WIZARD NIKHIL";

Adafruit_NeoPixel led(LED_COUNT, LED_PIN, NEO_GRB + NEO_KHZ800);

// 135 x 240 RGB565 Hogwarts boot image
const uint16_t hogwartsBoot[135 * 240] PROGMEM = {
0x0000, 0x0000, 0x0000, 0x0000, 0x0000, 0x0000, 0x0000, 0x0000, 0x0000, 0x0000, 0x0000, 0x0000, 0x0000, 0x0000, 0x0000, 0x0000,
0x0000, 0x0000, 0x0000, 0x0000, 0x0000, 0x0000, 0x0000, 0x0000, 0x0000, 0x0000, 0x0000, 0x0000, 0x0000, 0x0000, 0x0000, 0x0000,
0x0000, 0x0000, 0x0000, 0x0000, 0x0000, 0x0000, 0x0000, 0x0000, 0x0000, 0x0000, 0x0000, 0x0000, 0x0000, 0x0000, 0x0000, 0x0000,
0x0000, 0x0000, 0x0000, 0x0000, 0x0000, 0x0000, 0x0000, 0x0000, 0x0000, 0x0000, 0x0000, 0x0000, 0x0000, 0x0000, 0x0000, 0x0000,
0x0000, 0x0000, 0x0000, 0x0000, 0x0000, 0x0000, 0x0000, 0x0000, 0x0000, 0x0000, 0x0000, 0x0000, 0x0000, 0x0000, 0x0000, 0x0000,
0x0000, 0x0000, 0x0000, 0x0000, 0x0000, 0x0000, 0x0000, 0x0000, 0x0000, 0x0000, 0x0000, 0x0000, 0x0000, 0x0000, 0x0000, 0x0000,
0x0000, 0x0000, 0x0000, 0x0000, 0x0000, 0x0000, 0x0000, 0x0000, 0x0000, 0x0000, 0x0000, 0x0000, 0x0000, 0x0000, 0x0000, 0x0000,
0x0000, 0x0000, 0x0000, 0x0000, 0x0000, 0x0000, 0x0000, 0x0000, 0x0000, 0x0000, 0x0000, 0x0000, 0x0000, 0x0000, 0x0000, 0x0000,
0x0000, 0x0000, 0x0000, 0x0000, 0x0000, 0x0000, 0x0000, 0x0000, 0x0000, 0x0000, 0x0000, 0x0000, 0x0000, 0x0000, 0x0000, 0x0000,
0x0000, 0x0000, 0x0000, 0x0000, 0x0000, 0x0000, 0x0000, 0x0000, 0x0000, 0x0000, 0x0000, 0x0000, 0x0000, 0x0000, 0x0000, 0x0000,
0x0000, 0x0000, 0x0000, 0x0000, 0x0000, 0x0000, 0x0000, 0x0000, 0x0000, 0x0000, 0x0000, 0x0000, 0x0000, 0x0000, 0x0000, 0x0000,
0x0000, 0x0000, 0x0000, 0x0000, 0x0000, 0x0000, 0x0000, 0x0000, 0x0000, 0x0000, 0x0000, 0x0000, 0x0000, 0x0000, 0x0000, 0x0000,
0x0000, 0x0000, 0x0000, 0x0000, 0x0000, 0x0000, 0x0000, 0x0000, 0x0000, 0x0000, 0x0000, 0x0000, 0x0000, 0x0000, 0x0000, 0x0000,
0x0000, 0x0000, 0x0000, 0x0000, 0x0000, 0x0000, 0x0000, 0x0000, 0x0000, 0x0000, 0x0000, 0x0000, 0x0000, 0x0000, 0x0000, 0x0000,
0x0000, 0x0000, 0x0000, 0x0000, 0x0000, 0x0000, 0x0000, 0x0000, 0x0000, 0x0000, 0x0000, 0x0000, 0x0000, 0x0000, 0x0000, 0x0000,
0x0000, 0x0000, 0x0000, 0x0000, 0x0000, 0x0000, 0x0000, 0x0000, 0x0000, 0x0000, 0x0000, 0x0000, 0x0000, 0x0000, 0x0000, 0x0000,
0x0000, 0x0000, 0x0000, 0x0000, 0x0000, 0x0000, 0x0000, 0x0000, 0x0000, 0x0000, 0x0000, 0x0000, 0x0000, 0x0000, 0x0000, 0x0000,
0x0000, 0x0000, 0x0000, 0x0000, 0x0000, 0x0000, 0x0000, 0x0000, 0x0000, 0x0000, 0x0000, 0x0000, 0x0000, 0x0000, 0x0000, 0x0000,
0x0000, 0x0000, 0x0000, 0x0000, 0x0000, 0x0000, 0x0000, 0x0000, 0x0000, 0x0000, 0x0000, 0x0000, 0x0000, 0x0000, 0x0000, 0x0000,
0x0000, 0x0000, 0x0000, 0x0000, 0x0000, 0x0000, 0x0000, 0x0000, 0x0000, 0x0000, 0x0000, 0x0000, 0x0000, 0x0000, 0x0000, 0x0000,
0x0000, 0x0000, 0x0000, 0x0000, 0x0000, 0x0000, 0x0000, 0x0000, 0x0000, 0x0000, 0x0000, 0x0000, 0x0000, 0x0000, 0x0000, 0x0000,
0x0000, 0x0000, 0x0000, 0x0000, 0x0000, 0x0000, 0x0000, 0x0000, 0x0000, 0x0000, 0x0000, 0x0000, 0x0000, 0x0000, 0x0000, 0x0000,
0x0000, 0x0000, 0x0000, 0x0000, 0x0000, 0x0000, 0x0000, 0x0000, 0x0000, 0x0000, 0x0000, 0x0000, 0x0000, 0x0000, 0x0000, 0x0000,
0x0000, 0x0000, 0x0000, 0x0000, 0x0000, 0x0000, 0x0000, 0x0000, 0x0000, 0x0000, 0x0000, 0x0000, 0x0000, 0x0000, 0x0000, 0x0000,
0x0000, 0x0000, 0x0000, 0x0000, 0x0000, 0x0000, 0x0000, 0x0000, 0x0000, 0x0000, 0x0000, 0x0000, 0x0000, 0x0000, 0x0000, 0x0000,
0x0000, 0x0000, 0x0000, 0x0000, 0x0000, 0x0000, 0x0000, 0x0000, 0x0000, 0x0000, 0x0000, 0x0000, 0x0000, 0x0000, 0x0000, 0x0000,
0x0000, 0x0000, 0x0000, 0x0000, 0x0000, 0x0000, 0x0000, 0x0000, 0x0000, 0x0000, 0x0000, 0x0000, 0x0000, 0x0000, 0x0000, 0x0000,
0x0000, 0x0000, 0x0000, 0x0000, 0x0000, 0x0000, 0x0000, 0x0000, 0x0000, 0x0000, 0x0000, 0x0000, 0x0000, 0x0000, 0x0000, 0x0000,
0x0000, 0x0000, 0x0000, 0x0000, 0x0000, 0x0000, 0x0000, 0x0000, 0x0000, 0x0000, 0x0000, 0x0000, 0x0000, 0x0000, 0x0000, 0x0000,
0x0000, 0x0000, 0x0000, 0x0000, 0x0000, 0x0000, 0x0000, 0x0000, 0x0000, 0x0000, 0x0000, 0x0000, 0x0000, 0x0000, 0x0000, 0x0000,
0x0000, 0x0000, 0x0000, 0x0000, 0x0000, 0x0000, 0x0000, 0x0000, 0x0000, 0x0000, 0x0000, 0x0000, 0x0000, 0x0000, 0x0000, 0x0000,
0x0000, 0x0000, 0x0000, 0x0000, 0x0000, 0x0000, 0x0000, 0x0000, 0x0000, 0x0000, 0x0000, 0x0000, 0x0000, 0x0000, 0x0000, 0x0000,
0x0000, 0x0000, 0x0000, 0x0000, 0x0000, 0x0000, 0x0000, 0x0000, 0x0000, 0x0000, 0x0000, 0x0000, 0x0000, 0x0000, 0x0000, 0x0000,
0x0000, 0x0000, 0x0000, 0x0000, 0x0000, 0x0000, 0x0000, 0x0000, 0x0000, 0x0000, 0x0000, 0x0000, 0x0000, 0x0000, 0x0000, 0x0000,
0x0000, 0x0000, 0x0000, 0x0000, 0x0000, 0x0000, 0x0000, 0x0000, 0x0000, 0x0000, 0x0000, 0x0000, 0x0000, 0x0000, 0x0000, 0x0000,
0x0000, 0x0000, 0x0000, 0x0000, 0x0000, 0x0000, 0x0000, 0x0000, 0x0000, 0x0000, 0x0000, 0x0000, 0x0000, 0x0000, 0x0000, 0x0000,
0x0000, 0x0000, 0x0000, 0x0000, 0x0000, 0x0000, 0x0000, 0x0000, 0x0000, 0x0000, 0x0000, 0x0000, 0x0000, 0x0000, 0x0000, 0x0000,
0x0000, 0x0000, 0x0000, 0x0000, 0x0000, 0x0000, 0x0000, 0x0000, 0x0000, 0x0000, 0x0000, 0x0000, 0x0000, 0x0000, 0x0000, 0x0000,
0x0000, 0x0000, 0x0000, 0x0000, 0x0000, 0x0000, 0x0000, 0x0000, 0x0000, 0x0000, 0x0000, 0x0000, 0x0000, 0x0000, 0x0000, 0x0000,
0x0000, 0x0000, 0x0000, 0x0000, 0x0000, 0x0000, 0x0000, 0x0000, 0x0000, 0x0000, 0x0000, 0x0000, 0x0000, 0x0000, 0x0000, 0x0000,
0x0000, 0x0000, 0x0000, 0x0000, 0x0000, 0x0000, 0x0000, 0x0000, 0x0000, 0x0000, 0x0000, 0x0000, 0x0000, 0x0000, 0x0000, 0x0000,
0x0000, 0x0000, 0x0000, 0x0000, 0x0000, 0x0000, 0x0000, 0x0000, 0x0000, 0x0000, 0x0000, 0x0000, 0x0000, 0x0000, 0x0000, 0x0000,
0x0000, 0x0000, 0x0000, 0x0000, 0x0000, 0x0000, 0x0000, 0x0000, 0x0000, 0x0000, 0x0000, 0x0000, 0x0000, 0x0000, 0x0000, 0x0000,
0x0000, 0x0000, 0x0000, 0x0000, 0x0000, 0x0000, 0x0000, 0x0000, 0x0000, 0x0000, 0x0000, 0x0000, 0x0000, 0x0000, 0x0000, 0x0000,
0x0000, 0x0000, 0x0000, 0x0000, 0x0000, 0x0000, 0x0000, 0x0000, 0x0000, 0x0000, 0x0000, 0x0000, 0x0000, 0x0000, 0x0000, 0x0000,
0x0000, 0x0000, 0x0000, 0x0000, 0x0000, 0x0000, 0x0000, 0x0000, 0x0000, 0x0000, 0x0000, 0x0000, 0x0000, 0x0000, 0x0000, 0x0000,
0x0000, 0x0000, 0x0000, 0x0000, 0x0000, 0x0000, 0x0000, 0x0000, 0x0000, 0x0000, 0x0000, 0x0000, 0x0000, 0x0000, 0x0000, 0x0000,
0x0000, 0x0000, 0x0000, 0x0000, 0x0000, 0x0000, 0x0000, 0x0000, 0x0000, 0x0000, 0x0000, 0x0000, 0x0000, 0x0000, 0x0000, 0x0000,
0x0000, 0x0000, 0x0000, 0x0000, 0x0000, 0x0000, 0x0000, 0x0000, 0x0000, 0x0000, 0x0000, 0x0000, 0x0000, 0x0000, 0x0000, 0x0000,
0x0000, 0x0000, 0x0000, 0x0000, 0x0000, 0x0000, 0x0000, 0x0000, 0x0000, 0x0000, 0x0000, 0x0000, 0x0000, 0x0000, 0x0000, 0x0000,
0x0000, 0x0000, 0x0000, 0x0000, 0x0000, 0x0000, 0x0000, 0x0000, 0x0000, 0x0000, 0x0000, 0x0000, 0x0000, 0x0000, 0x0000, 0x0000,
0x0000, 0x0000, 0x0000, 0x0000, 0x0000, 0x0000, 0x0000, 0x0000, 0x0000, 0x0000, 0x0000, 0x0000, 0x0000, 0x0000, 0x0000, 0x0000,
0x0000, 0x0000, 0x0000, 0x0000, 0x0000, 0x0000, 0x0000, 0x0000, 0x0000, 0x0000, 0x0000, 0x0000, 0x0000, 0x0000, 0x0000, 0x0000,
0x0000, 0x0000, 0x0000, 0x0000, 0x0000, 0x0000, 0x0000, 0x0000, 0x0000, 0x0000, 0x0000, 0x0000, 0x0000, 0x0000, 0x0000, 0x0000,
0x0000, 0x0000, 0x0000, 0x0000, 0x0000, 0x0000, 0x0000, 0x0000, 0x0000, 0x0000, 0x0000, 0x0000, 0x0000, 0x0000, 0x0000, 0x0000,
0x0000, 0x0000, 0x0000, 0x0000, 0x0000, 0x0000, 0x0000, 0x0000, 0x0000, 0x0000, 0x0000, 0x0000, 0x0000, 0x0000, 0x0000, 0x0000,
0x0000, 0x0000, 0x0000, 0x0000, 0x0000, 0x0000, 0x0000, 0x0000, 0x0000, 0x0000, 0x0000, 0x0000, 0x0000, 0x0000, 0x0000, 0x0000,
0x0000, 0x0000, 0x0000, 0x0000, 0x0000, 0x0000, 0x0000, 0x0000, 0x0000, 0x0000, 0x0000, 0x0000, 0x0000, 0x0000, 0x0000, 0x0000,
0x0000, 0x0000, 0x0000, 0x0000, 0x0000, 0x0000, 0x0000, 0x0000, 0x0000, 0x0000, 0x0000, 0x0000, 0x0000, 0x0000, 0x0000, 0x0000,
0x0000, 0x0000, 0x0000, 0x0000, 0x0000, 0x0000, 0x0000, 0x0000, 0x0000, 0x0000, 0x0000, 0x0000, 0x0000, 0x0000, 0x0000, 0x0000,
0x0000, 0x0000, 0x0000, 0x0000, 0x0000, 0x0000, 0x0000, 0x0000, 0x0000, 0x0000, 0x0000, 0x0000, 0x0000, 0x0000, 0x0000, 0x0000,
0x0000, 0x0000, 0x0000, 0x0000, 0x0000, 0x0000, 0x0000, 0x0000, 0x0000, 0x0000, 0x0000, 0x0000, 0x0000, 0x0000, 0x0000, 0x0000,
0x0000, 0x0000, 0x0000, 0x0000, 0x0000, 0x0000, 0x0000, 0x0000, 0x0000, 0x0000, 0x0000, 0x0000, 0x0000, 0x0000, 0x0000, 0x0000,
0x0000, 0x0000, 0x0000, 0x0000, 0x0000, 0x0000, 0x0000, 0x0000, 0x0000, 0x0000, 0x0000, 0x0000, 0x0000, 0x0000, 0x0000, 0x0000,
0x0000, 0x0000, 0x0000, 0x0000, 0x0000, 0x0000, 0x0000, 0x0000, 0x0000, 0x0000, 0x0000, 0x0000, 0x0000, 0x0000, 0x0000, 0x0000,
0x0000, 0x0000, 0x0000, 0x0000, 0x0000, 0x0000, 0x0000, 0x0000, 0x0000, 0x0000, 0x0000, 0x0000, 0x0000, 0x0000, 0x0000, 0x0000,
0x0000, 0x0000, 0x0000, 0x0000, 0x0000, 0x0000, 0x0000, 0x0000, 0x0000, 0x0000, 0x0000, 0x0000, 0x0000, 0x0000, 0x0000, 0x0000,
0x0000, 0x0000, 0x0000, 0x0000, 0x0000, 0x0000, 0x0000, 0x0000, 0x0000, 0x0000, 0x0000, 0x0000, 0x0000, 0x0000, 0x0000, 0x0000,
0x0000, 0x0000, 0x0000, 0x0000, 0x0000, 0x0000, 0x0000, 0x0000, 0x0000, 0x0000, 0x0000, 0x0000, 0x0000, 0x0000, 0x0000, 0x0000,
0x0000, 0x0000, 0x0000, 0x0000, 0x0000, 0x0000, 0x0000, 0x0000, 0x0000, 0x0000, 0x0000, 0x0000, 0x0000, 0x0000, 0x0000, 0x0000,
0x0000, 0x0000, 0x0000, 0x0000, 0x0000, 0x0000, 0x0000, 0x0000, 0x0000, 0x0000, 0x0000, 0x0000, 0x0000, 0x0000, 0x0000, 0x0000,
0x0000, 0x0000, 0x0000, 0x0000, 0x0000, 0x0000, 0x0000, 0x0000, 0x0000, 0x0000, 0x0000, 0x0000, 0x0000, 0x0000, 0x0000, 0x0000,
0x0000, 0x0000, 0x0000, 0x0000, 0x0000, 0x0000, 0x0000, 0x0000, 0x0000, 0x0000, 0x0000, 0x0000, 0x0000, 0x0000, 0x0000, 0x0000,
0x0000, 0x0000, 0x0000, 0x0000, 0x0000, 0x0000, 0x0000, 0x0000, 0x0000, 0x0000, 0x0000, 0x0000, 0x0000, 0x0000, 0x0000, 0x0000,
0x0000, 0x0000, 0x0000, 0x0000, 0x0000, 0x0000, 0x0000, 0x0000, 0x0000, 0x0000, 0x0000, 0x0000, 0x0000, 0x0000, 0x0000, 0x0000,
0x0000, 0x0000, 0x0000, 0x0000, 0x0000, 0x0000, 0x0000, 0x0000, 0x0000, 0x0000, 0x0000, 0x0000, 0x0000, 0x0000, 0x0000, 0x0000,
0x0000, 0x0000, 0x0000, 0x0000, 0x0000, 0x0000, 0x0000, 0x0000, 0x0000, 0x0000, 0x0000, 0x0000, 0x0000, 0x0000, 0x0000, 0x0000,
0x0000, 0x0000, 0x0000, 0x0000, 0x0000, 0x0000, 0x0000, 0x0000, 0x0000, 0x0000, 0x0000, 0x0000, 0x0000, 0x0000, 0x0000, 0x0000,
0x0000, 0x0000, 0x0000, 0x0000, 0x0000, 0x0000, 0x0000, 0x0000, 0x0000, 0x0000, 0x0000, 0x0000, 0x0000, 0x0000, 0x0000, 0x0000,
0x0000, 0x0000, 0x0000, 0x0000, 0x0000, 0x0000, 0x0000, 0x0000, 0x0000, 0x0000, 0x0000, 0x0000, 0x0000, 0x0000, 0x0000, 0x0000,
0x0000, 0x0000, 0x0000, 0x0000, 0x0000, 0x0000, 0x0000, 0x0000, 0x0000, 0x0000, 0x0000, 0x0000, 0x0000, 0x0000, 0x0000, 0x0000,
0x0000, 0x0000, 0x0000, 0x0000, 0x0000, 0x0000, 0x0000, 0x0000, 0x0000, 0x0000, 0x0000, 0x0000, 0x0000, 0x0000, 0x0000, 0x0000,
0x0000, 0x0000, 0x0000, 0x0000, 0x0000, 0x0000, 0x0000, 0x0000, 0x0000, 0x0000, 0x0000, 0x0000, 0x0000, 0x0000, 0x0000, 0x0000,
0x0000, 0x0000, 0x0000, 0x0000, 0x0000, 0x0000, 0x0000, 0x0000, 0x0000, 0x0000, 0x0000, 0x0000, 0x0000, 0x0000, 0x0000, 0x0000,
0x0000, 0x0000, 0x0000, 0x0000, 0x0000, 0x0000, 0x0000, 0x0000, 0x0000, 0x0000, 0x0000, 0x0000, 0x0000, 0x0000, 0x0000, 0x0000,
0x0000, 0x0000, 0x0000, 0x0000, 0x0000, 0x0000, 0x0000, 0x0000, 0x0000, 0x0000, 0x0000, 0x0000, 0x0000, 0x0000, 0x0000, 0x0000,
0x0000, 0x0000, 0x0000, 0x0000, 0x0000, 0x0000, 0x0000, 0x0000, 0x0000, 0x0000, 0x0000, 0x0000, 0x0000, 0x0000, 0x0000, 0x0000,
0x0000, 0x0000, 0x0000, 0x0000, 0x0000, 0x0000, 0x0000, 0x0000, 0x0000, 0x0000, 0x0000, 0x0000, 0x0000, 0x0000, 0x0000, 0x0000,
0x0000, 0x0000, 0x0000, 0x0000, 0x0000, 0x0000, 0x0000, 0x0000, 0x0000, 0x0000, 0x0000, 0x0000, 0x0000, 0x0000, 0x0000, 0x0000,
0x0000, 0x0000, 0x0000, 0x0000, 0x0000, 0x0000, 0x0000, 0x0000, 0x0000, 0x0000, 0x0000, 0x0000, 0x0000, 0x0000, 0x0000, 0x0000,
0x0000, 0x0000, 0x0000, 0x0000, 0x0000, 0x0000, 0x0000, 0x0000, 0x0000, 0x0000, 0x0000, 0x0000, 0x0000, 0x0000, 0x0000, 0x0000,
0x0000, 0x0000, 0x0000, 0x0000, 0x0000, 0x0000, 0x0000, 0x0000, 0x0000, 0x0000, 0x0000, 0x0000, 0x0000, 0x0000, 0x0000, 0x0000,
0x0000, 0x0000, 0x0000, 0x0000, 0x0000, 0x0000, 0x0000, 0x0000, 0x0000, 0x0000, 0x0000, 0x0000, 0x0000, 0x0000, 0x0000, 0x0000,
0x0000, 0x0000, 0x0000, 0x0000, 0x0000, 0x0000, 0x0000, 0x0000, 0x0000, 0x0000, 0x0000, 0x0000, 0x0000, 0x0000, 0x0000, 0x0000,
0x0000, 0x0000, 0x0000, 0x0000, 0x0000, 0x0000, 0x0000, 0x0000, 0x0000, 0x0000, 0x0000, 0x0000, 0x0000, 0x0000, 0x0000, 0x0000,
0x0000, 0x0000, 0x0000, 0x0000, 0x0000, 0x0000, 0x0000, 0x0000, 0x0000, 0x0000, 0x0000, 0x0000, 0x0000, 0x0000, 0x0000, 0x0000,
0x0000, 0x0000, 0x0000, 0x0000, 0x0000, 0x0000, 0x0000, 0x0000, 0x0000, 0x0000, 0x0000, 0x0000, 0x0000, 0x0000, 0x0000, 0x0000,
0x0000, 0x0000, 0x0000, 0x0000, 0x0000, 0x0000, 0x0000, 0x0000, 0x0000, 0x0000, 0x0000, 0x0000, 0x0000, 0x0000, 0x0000, 0x0000,
0x0000, 0x0000, 0x0000, 0x0000, 0x0000, 0x0000, 0x0000, 0x0000, 0x0000, 0x0000, 0x0000, 0x0000, 0x0000, 0x0000, 0x0000, 0x0000,
0x0000, 0x0000, 0x0000, 0x0000, 0x0000, 0x0000, 0x0000, 0x0000, 0x0000, 0x0000, 0x0000, 0x0000, 0x0000, 0x0000, 0x0000, 0x0000,
0x0000, 0x0000, 0x0000, 0x0000, 0x0000, 0x0000, 0x0000, 0x0000, 0x0000, 0x0000, 0x0000, 0x0000, 0x0000, 0x0000, 0x0000, 0x0000,
0x0000, 0x0000, 0x0000, 0x0000, 0x0000, 0x0000, 0x0000, 0x0000, 0x0000, 0x0000, 0x0000, 0x0000, 0x0000, 0x0000, 0x0000, 0x0000,
0x0000, 0x0000, 0x0000, 0x0000, 0x0000, 0x0000, 0x0000, 0x0000, 0x0000, 0x0000, 0x0000, 0x0000, 0x0000, 0x0000, 0x0000, 0x0000,
0x0000, 0x0000, 0x0000, 0x0000, 0x0000, 0x0000, 0x0000, 0x0000, 0x0000, 0x0000, 0x0000, 0x0000, 0x0000, 0x0000, 0x0000, 0x0000,
0x0000, 0x0000, 0x0000, 0x0000, 0x0000, 0x0000, 0x0000, 0x0000, 0x0000, 0x0000, 0x0000, 0x0000, 0x0000, 0x0000, 0x0000, 0x0000,
0x0000, 0x0000, 0x0000, 0x0000, 0x0000, 0x0000, 0x0000, 0x0000, 0x0000, 0x0000, 0x0000, 0x0000, 0x0000, 0x0000, 0x0000, 0x0000,
0x0000, 0x0000, 0x0000, 0x0000, 0x0000, 0x0000, 0x0000, 0x0000, 0x0000, 0x0000, 0x0000, 0x0000, 0x0000, 0x0000, 0x0000, 0x0000,
0x0000, 0x0000, 0x0000, 0x0000, 0x0000, 0x0000, 0x0000, 0x0000, 0x0000, 0x0000, 0x0000, 0x0000, 0x0000, 0x0000, 0x0000, 0x0000,
0x0000, 0x0000, 0x0000, 0x0000, 0x0000, 0x0000, 0x0000, 0x0000, 0x0000, 0x0000, 0x0000, 0x0000, 0x0000, 0x0000, 0x0000, 0x0000,
0x0000, 0x0000, 0x0000, 0x0000, 0x0000, 0x0000, 0x0000, 0x0000, 0x0000, 0x0000, 0x0000, 0x0000, 0x0000, 0x0000, 0x0000, 0x0000,
0x0000, 0x0000, 0x0000, 0x0000, 0x0000, 0x0000, 0x0000, 0x0000, 0x0000, 0x0000, 0x0000, 0x0000, 0x0000, 0x0000, 0x0000, 0x0000,
0x0000, 0x0000, 0x0000, 0x0000, 0x0000, 0x0000, 0x0000, 0x0000, 0x0000, 0x0000, 0x0000, 0x0000, 0x0000, 0x0000, 0x0000, 0x0000,
0x0000, 0x0000, 0x0000, 0x0000, 0x0000, 0x0000, 0x0000, 0x0000, 0x0000, 0x0000, 0x0000, 0x0000, 0x0000, 0x0000, 0x0000, 0x0000,
0x0000, 0x0000, 0x0000, 0x0000, 0x0000, 0x0000, 0x0000, 0x0000, 0x0000, 0x0000, 0x0000, 0x0000, 0x0000, 0x0000, 0x0000, 0x0000,
0x0000, 0x0000, 0x0000, 0x0000, 0x0000, 0x0000, 0x0000, 0x0000, 0x0000, 0x0000, 0x0000, 0x0000, 0x0000, 0x0000, 0x0000, 0x0000,
0x0000, 0x0000, 0x0000, 0x0000, 0x0000, 0x0000, 0x0000, 0x0000, 0x0000, 0x0000, 0x0000, 0x0000, 0x0000, 0x0000, 0x0000, 0x0000,
0x0000, 0x0000, 0x0000, 0x0000, 0x0000, 0x0000, 0x0000, 0x0000, 0x0000, 0x0000, 0x0000, 0x0000, 0x0000, 0x0000, 0x0000, 0x0000,
0x0000, 0x0000, 0x0000, 0x0000, 0x0000, 0x0000, 0x0000, 0x0000, 0x0000, 0x0000, 0x0000, 0x0000, 0x0000, 0x0000, 0x0000, 0x0000,
0x0000, 0x0000, 0x0000, 0x0000, 0x0000, 0x0000, 0x0000, 0x0000, 0x0000, 0x0000, 0x0000, 0x0000, 0x0000, 0x0000, 0x0000, 0x0000,
0x0000, 0x0000, 0x0000, 0x0000, 0x0000, 0x0000, 0x0000, 0x0000, 0x0000, 0x0000, 0x0000, 0x0000, 0x0000, 0x0000, 0x0000, 0x0000,
0x0000, 0x0000, 0x0000, 0x0000, 0x0000, 0x0000, 0x0000, 0x0000, 0x0000, 0x0000, 0x0000, 0x0000, 0x0000, 0x0000, 0x0000, 0x0000,
0x0000, 0x0000, 0x0000, 0x0000, 0x0000, 0x0000, 0x0000, 0x0000, 0x0000, 0x0000, 0x0000, 0x0000, 0x0000, 0x0000, 0x0000, 0x0000,
0x0000, 0x0000, 0x0000, 0x0000, 0x0000, 0x0000, 0x0000, 0x0000, 0x0000, 0x0000, 0x0000, 0x0000, 0x0000, 0x0000, 0x0000, 0x0000,
0x0000, 0x0000, 0x0000, 0x0000, 0x0000, 0x0000, 0x0000, 0x0000, 0x0000, 0x0000, 0x0000, 0x0000, 0x0000, 0x0000, 0x0000, 0x0000,
0x0000, 0x0000, 0x0000, 0x0000, 0x0000, 0x0000, 0x0000, 0x0000, 0x0000, 0x0000, 0x0000, 0x0000, 0x0000, 0x0000, 0x0000, 0x0000,
0x0000, 0x0000, 0x0000, 0x0000, 0x0000, 0x0000, 0x0000, 0x0000, 0x0000, 0x0000, 0x0000, 0x0000, 0x0000, 0x0000, 0x0000, 0x0000,
0x0000, 0x0000, 0x0000, 0x0000, 0x0000, 0x0000, 0x0000, 0x0000, 0x0000, 0x0000, 0x0000, 0x0000, 0x0000, 0x0000, 0x0000, 0x0000,
0x0000, 0x0000, 0x0000, 0x0000, 0x0000, 0x0000, 0x0000, 0x0000, 0x0000, 0x0000, 0x0000, 0x0000, 0x0000, 0x0000, 0x0000, 0x0000,
0x0000, 0x0000, 0x0000, 0x0000, 0x0000, 0x0000, 0x0000, 0x0000, 0x0000, 0x0000, 0x0000, 0x0000, 0x0000, 0x0000, 0x0000, 0x0000,
0x0000, 0x0000, 0x0000, 0x0000, 0x0000, 0x0000, 0x0000, 0x0000, 0x0000, 0x0000, 0x0000, 0x0000, 0x0000, 0x0000, 0x0000, 0x0000,
0x0000, 0x0000, 0x0000, 0x0000, 0x0000, 0x0000, 0x0000, 0x0000, 0x0000, 0x0000, 0x0000, 0x0000, 0x0000, 0x0000, 0x0000, 0x0000,
0x0000, 0x0000, 0x0000, 0x0000, 0x0000, 0x0000, 0x0000, 0x0000, 0x0000, 0x0000, 0x0000, 0x0000, 0x0000, 0x0000, 0x0000, 0x0000,
0x0000, 0x0000, 0x0000, 0x0000, 0x0000, 0x0000, 0x0000, 0x0000, 0x0000, 0x0000, 0x0000, 0x0000, 0x0000, 0x0000, 0x0000, 0x0000,
0x0000, 0x0000, 0x0000, 0x0000, 0x0000, 0x0000, 0x0000, 0x0000, 0x0000, 0x0000, 0x0000, 0x0000, 0x0000, 0x0000, 0x0000, 0x0000,
0x0000, 0x0000, 0x0000, 0x0000, 0x0000, 0x0000, 0x0000, 0x0000, 0x0000, 0x0000, 0x0000, 0x0000, 0x0000, 0x0000, 0x0000, 0x0000,
0x0000, 0x0000, 0x0000, 0x0000, 0x0000, 0x0000, 0x0000, 0x0000, 0x0000, 0x0000, 0x0000, 0x0000, 0x0000, 0x0000, 0x0000, 0x0000,
0x0000, 0x0000, 0x0000, 0x0000, 0x0000, 0x0000, 0x0000, 0x0000, 0x0000, 0x0000, 0x0000, 0x0000, 0x0000, 0x0000, 0x0000, 0x0000,
0x0000, 0x0000, 0x0000, 0x0000, 0x0000, 0x0000, 0x0000, 0x0000, 0x0000, 0x0000, 0x0000, 0x0000, 0x0000, 0x0000, 0x0000, 0x0000,
0x0000, 0x0000, 0x0000, 0x0000, 0x0000, 0x0000, 0x0000, 0x0000, 0x0000, 0x0000, 0x0000, 0x0000, 0x0000, 0x0000, 0x0000, 0x0000,
0x0000, 0x0000, 0x0000, 0x0000, 0x0000, 0x0000, 0x0000, 0x0000, 0x0000, 0x0000, 0x0000, 0x0000, 0x0000, 0x0000, 0x0000, 0x0000,
0x0000, 0x0000, 0x0000, 0x0000, 0x0000, 0x0000, 0x0000, 0x0000, 0x0000, 0x0000, 0x0000, 0x0000, 0x0000, 0x0000, 0x0000, 0x0000,
0x0000, 0x0000, 0x0000, 0x0000, 0x0000, 0x0000, 0x0000, 0x0000, 0x0000, 0x0000, 0x0000, 0x0000, 0x0000, 0x0000, 0x0000, 0x0000,
0x0000, 0x0000, 0x0000, 0x0000, 0x0000, 0x0000, 0x0000, 0x0000, 0x0000, 0x0000, 0x0000, 0x0000, 0x0000, 0x0000, 0x0000, 0x0000,
0x0000, 0x0000, 0x0000, 0x0000, 0x0000, 0x0000, 0x0000, 0x0000, 0x0000, 0x0000, 0x0000, 0x0000, 0x0000, 0x0000, 0x0000, 0x0000,
0x0000, 0x0000, 0x0000, 0x0000, 0x0000, 0x0000, 0x0000, 0x0000, 0x0000, 0x0000, 0x0000, 0x0000, 0x0000, 0x0000, 0x0000, 0x0000,
0x0000, 0x0000, 0x0000, 0x0000, 0x0000, 0x0000, 0x0000, 0x0000, 0x0000, 0x0000, 0x0000, 0x0000, 0x0000, 0x0000, 0x0000, 0x0000,
0x0000, 0x0000, 0x0000, 0x0000, 0x0000, 0x0000, 0x0000, 0x0000, 0x0000, 0x0000, 0x0000, 0x0000, 0x0000, 0x0000, 0x0000, 0x0000,
0x0000, 0x0000, 0x0000, 0x0000, 0x0000, 0x0000, 0x0000, 0x0000, 0x0000, 0x0000, 0x0000, 0x0000, 0x0000, 0x0000, 0x0000, 0x0000,
0x0000, 0x0000, 0x0000, 0x0000, 0x0000, 0x0000, 0x0000, 0x0000, 0x0000, 0x0000, 0x0000, 0x0000, 0x0000, 0x0000, 0x0000, 0x0000,
0x0000, 0x0000, 0x0000, 0x0000, 0x0000, 0x0000, 0x0000, 0x0000, 0x0000, 0x0000, 0x0000, 0x0000, 0x0000, 0x0000, 0x0000, 0x0000,
0x0000, 0x0000, 0x0000, 0x0000, 0x0000, 0x0000, 0x0000, 0x0000, 0x0000, 0x0000, 0x0000, 0x0000, 0x0000, 0x0000, 0x0000, 0x0000,
0x0000, 0x0000, 0x0000, 0x0000, 0x0000, 0x0000, 0x0000, 0x0000, 0x0000, 0x0000, 0x0000, 0x0000, 0x0000, 0x0000, 0x0000, 0x0000,
0x0000, 0x0000, 0x0000, 0x0000, 0x0000, 0x0000, 0x0000, 0x0000, 0x0000, 0x0000, 0x0000, 0x0000, 0x0000, 0x0000, 0x0000, 0x0000,
0x0000, 0x0000, 0x0000, 0x0000, 0x0000, 0x0000, 0x0000, 0x0000, 0x0000, 0x0000, 0x0000, 0x0000, 0x0000, 0x0000, 0x0000, 0x0000,
0x0000, 0x0000, 0x0000, 0x0000, 0x0000, 0x0000, 0x0000, 0x0000, 0x0000, 0x0000, 0x0000, 0x0000, 0x0000, 0x0000, 0x0000, 0x0000,
0x0000, 0x0000, 0x0000, 0x0000, 0x0000, 0x0000, 0x0000, 0x0000, 0x0000, 0x0000, 0x0000, 0x0000, 0x0000, 0x0000, 0x0000, 0x0000,
0x0000, 0x0000, 0x0000, 0x0000, 0x0000, 0x0000, 0x0000, 0x0000, 0x0000, 0x0000, 0x0000, 0x0000, 0x0000, 0x0000, 0x0000, 0x0000,
0x0000, 0x0000, 0x0000, 0x0000, 0x0000, 0x0000, 0x0000, 0x0000, 0x0000, 0x0000, 0x0000, 0x0000, 0x0000, 0x0000, 0x0000, 0x0000,
0x0000, 0x0000, 0x0000, 0x0000, 0x0000, 0x0000, 0x0000, 0x0000, 0x0000, 0x0000, 0x0000, 0x0000, 0x0000, 0x0000, 0x0000, 0x0000,
0x0000, 0x0000, 0x0000, 0x0000, 0x0000, 0x0000, 0x0000, 0x0000, 0x0000, 0x0000, 0x0000, 0x0000, 0x0000, 0x0000, 0x0000, 0x0000,
0x0000, 0x0000, 0x0000, 0x0000, 0x0000, 0x0000, 0x0000, 0x0000, 0x0000, 0x0000, 0x0000, 0x0000, 0x0000, 0x0000, 0x0000, 0x0000,
0x0000, 0x0000, 0x0000, 0x0000, 0x0000, 0x0000, 0x0000, 0x0000, 0x0000, 0x0000, 0x0000, 0x0000, 0x0000, 0x0000, 0x0000, 0x0000,
0x0000, 0x0000, 0x0000, 0x0000, 0x0000, 0x0000, 0x0000, 0x0000, 0x0000, 0x0000, 0x0000, 0x0000, 0x0000, 0x0000, 0x0000, 0x0000,
0x0000, 0x0000, 0x0000, 0x0000, 0x0000, 0x0000, 0x0000, 0x0000, 0x0000, 0x0000, 0x0000, 0x0000, 0x0000, 0x0000, 0x0000, 0x0000,
0x0000, 0x0000, 0x0000, 0x0000, 0x0000, 0x0000, 0x0000, 0x0000, 0x0000, 0x0000, 0x0000, 0x0000, 0x0000, 0x0000, 0x0000, 0x0000,
0x0000, 0x0000, 0x0000, 0x0000, 0x0000, 0x0000, 0x0000, 0x0000, 0x0000, 0x0000, 0x0000, 0x0000, 0x0000, 0x0000, 0x0000, 0x0000,
0x0000, 0x0000, 0x0000, 0x0000, 0x0000, 0x0000, 0x0000, 0x0000, 0x0000, 0x0000, 0x0000, 0x0000, 0x0000, 0x0000, 0x0000, 0x0000,
0x0000, 0x0000, 0x0000, 0x0000, 0x0000, 0x0000, 0x0000, 0x0000, 0x0000, 0x0000, 0x0000, 0x0000, 0x0000, 0x0000, 0x0000, 0x0000,
0x0000, 0x0000, 0x0000, 0x0000, 0x0000, 0x0000, 0x0000, 0x0000, 0x0000, 0x0000, 0x0000, 0x0000, 0x0000, 0x0000, 0x0000, 0x0000,
0x0000, 0x0000, 0x0000, 0x0000, 0x0000, 0x0000, 0x0000, 0x0000, 0x0000, 0x0000, 0x0000, 0x0000, 0x0000, 0x0000, 0x0000, 0x0000,
0x0000, 0x0000, 0x0000, 0x0000, 0x0000, 0x0000, 0x0000, 0x0000, 0x0000, 0x0000, 0x0000, 0x0000, 0x0000, 0x0000, 0x0000, 0x0000,
0x0000, 0x0000, 0x0000, 0x0000, 0x0000, 0x0000, 0x0000, 0x0000, 0x0000, 0x0000, 0x0000, 0x0000, 0x0000, 0x0000, 0x0000, 0x0000,
0x0000, 0x0000, 0x0000, 0x0000, 0x0000, 0x0000, 0x0000, 0x0000, 0x0000, 0x0000, 0x0000, 0x0000, 0x0000, 0x0000, 0x0000, 0x0000,
0x0000, 0x0000, 0x0000, 0x0000, 0x0000, 0x0000, 0x0000, 0x0000, 0x0000, 0x0000, 0x0000, 0x0000, 0x0000, 0x0000, 0x0000, 0x0000,
0x0000, 0x0000, 0x0000, 0x0000, 0x0000, 0x0000, 0x0000, 0x0000, 0x0000, 0x0000, 0x0000, 0x0000, 0x0000, 0x0000, 0x0000, 0x0000,
0x0000, 0x0000, 0x0000, 0x0000, 0x0000, 0x0000, 0x0000, 0x0000, 0x0000, 0x0000, 0x0000, 0x0000, 0x0000, 0x0000, 0x0000, 0x0000,
0x0000, 0x0000, 0x0000, 0x0000, 0x0000, 0x0000, 0x0000, 0x0000, 0x0000, 0x0000, 0x0000, 0x0000, 0x0000, 0x0000, 0x0000, 0x0000,
0x0000, 0x0000, 0x0000, 0x0000, 0x0000, 0x0000, 0x0000, 0x0000, 0x0000, 0x0000, 0x0000, 0x0000, 0x0000, 0x0000, 0x0000, 0x0000,
0x0000, 0x0000, 0x0000, 0x0000, 0x0000, 0x0000, 0x0000, 0x0000, 0x0000, 0x0000, 0x0000, 0x0000, 0x0000, 0x0000, 0x0000, 0x0000,
0x0000, 0x0000, 0x0000, 0x0000, 0x0000, 0x0000, 0x0000, 0x0000, 0x0000, 0x0000, 0x0000, 0x0000, 0x0000, 0x0000, 0x0000, 0x0000,
0x0000, 0x0000, 0x0000, 0x0000, 0x0000, 0x0000, 0x0000, 0x0000, 0x0000, 0x0000, 0x0000, 0x0000, 0x0000, 0x0000, 0x0000, 0x0000,
0x0000, 0x0000, 0x0000, 0x0000, 0x0000, 0x0000, 0x0000, 0x0000, 0x0000, 0x0000, 0x0000, 0x0000, 0x0000, 0x0000, 0x0000, 0x0000,
0x0000, 0x0000, 0x0000, 0x0000, 0x0000, 0x0000, 0x0000, 0x0000, 0x0000, 0x0000, 0x0000, 0x0000, 0x0000, 0x0000, 0x0000, 0x0000,
0x0000, 0x0000, 0x0000, 0x0000, 0x0000, 0x0000, 0x0000, 0x0000, 0x0000, 0x0000, 0x0000, 0x0000, 0x0000, 0x0000, 0x0000, 0x0000,
0x0000, 0x0000, 0x0000, 0x0000, 0x0000, 0x0000, 0x0000, 0x0000, 0x0000, 0x0000, 0x0000, 0x0000, 0x0000, 0x0000, 0x0000, 0x0000,
0x0000, 0x0000, 0x0000, 0x0000, 0x0000, 0x0000, 0x0000, 0x0000, 0x0000, 0x0000, 0x0000, 0x0000, 0x0000, 0x0000, 0x0000, 0x0000,
0x0000, 0x0000, 0x0000, 0x0000, 0x0000, 0x0000, 0x0000, 0x0000, 0x0000, 0x0000, 0x0000, 0x0000, 0x0000, 0x0000, 0x0000, 0x0000,
0x0000, 0x0000, 0x0000, 0x0000, 0x0000, 0x0000, 0x0000, 0x0000, 0x0000, 0x0000, 0x0000, 0x0000, 0x0000, 0x0000, 0x0000, 0x0000,
0x0000, 0x0000, 0x0000, 0x0000, 0x0000, 0x0000, 0x0000, 0x0000, 0x0000, 0x0000, 0x0000, 0x0000, 0x0000, 0x0000, 0x0000, 0x0000,
0x0000, 0x0000, 0x0000, 0x0000, 0x0000, 0x0000, 0x0000, 0x0000, 0x0000, 0x0000, 0x0000, 0x0000, 0x0000, 0x0000, 0x0000, 0x0000,
0x0000, 0x0000, 0x0000, 0x0000, 0x0000, 0x0000, 0x0000, 0x0000, 0x0000, 0x0000, 0x0000, 0x0000, 0x0000, 0x0000, 0x0000, 0x0000,
0x0000, 0x0000, 0x0000, 0x0000, 0x0000, 0x0000, 0x0000, 0x0000, 0x0000, 0x0000, 0x0000, 0x0000, 0x0000, 0x0000, 0x0000, 0x0000,
0x0000, 0x0000, 0x0000, 0x0000, 0x0000, 0x0000, 0x0000, 0x0000, 0x0000, 0x0000, 0x0000, 0x0000, 0x0000, 0x0000, 0x0000, 0x0000,
0x0000, 0x0000, 0x0000, 0x0000, 0x0000, 0x0000, 0x0000, 0x0000, 0x0000, 0x0000, 0x0000, 0x0000, 0x0000, 0x0000, 0x0000, 0x0000,
0x0000, 0x0000, 0x0000, 0x0000, 0x0000, 0x0000, 0x0000, 0x0000, 0x0000, 0x0000, 0x0000, 0x0000, 0x0000, 0x0000, 0x0000, 0x0000,
0x0000, 0x0000, 0x0000, 0x0000, 0x0000, 0x0000, 0x0000, 0x0000, 0x0000, 0x0000, 0x0000, 0x0000, 0x0000, 0x0000, 0x0000, 0x0000,
0x0000, 0x0000, 0x0000, 0x0000, 0x0000, 0x0000, 0x0000, 0x0000, 0x0000, 0x0000, 0x0000, 0x0000, 0x0000, 0x0000, 0x0000, 0x0000,
0x0000, 0x0000, 0x0000, 0x0000, 0x0000, 0x0000, 0x0000, 0x0000, 0x0000, 0x0000, 0x0000, 0x0000, 0x0000, 0x0000, 0x0000, 0x0000,
0x0000, 0x0000, 0x0000, 0x0000, 0x0000, 0x0000, 0x0000, 0x0000, 0x0000, 0x0000, 0x0000, 0x0000, 0x0000, 0x0000, 0x0000, 0x0000,
0x0000, 0x0000, 0x0000, 0x0000, 0x0000, 0x0000, 0x0000, 0x0000, 0x0000, 0x0000, 0x0000, 0x0000, 0x0000, 0x0000, 0x0000, 0x0000,
0x0000, 0x0000, 0x0000, 0x0000, 0x0000, 0x0000, 0x0000, 0x0000, 0x0000, 0x0000, 0x0000, 0x0000, 0x0000, 0x0000, 0x0000, 0x0000,
0x0000, 0x0000, 0x0000, 0x0000, 0x0000, 0x0000, 0x0000, 0x0000, 0x0000, 0x0000, 0x0000, 0x0000, 0x0000, 0x0000, 0x0000, 0x0000,
0x0000, 0x0000, 0x0000, 0x0000, 0x0000, 0x0000, 0x0000, 0x0000, 0x0000, 0x0000, 0x0000, 0x0000, 0x0000, 0x0000, 0x0000, 0x0000,
0x0000, 0x0000, 0x0000, 0x0000, 0x0000, 0x0000, 0x0000, 0x0000, 0x0000, 0x0000, 0x0000, 0x0000, 0x0000, 0x0000, 0x0000, 0x0000,
0x0000, 0x0000, 0x0000, 0x0000, 0x0000, 0x0000, 0x0000, 0x0000, 0x0000, 0x0000, 0x0000, 0x0000, 0x0000, 0x0000, 0x0000, 0x0000,
0x0000, 0x0000, 0x0000, 0x0000, 0x0000, 0x0000, 0x0000, 0x0000, 0x0000, 0x0000, 0x0000, 0x0000, 0x0000, 0x0000, 0x0000, 0x0000,
0x0000, 0x0000, 0x0000, 0x0000, 0x0000, 0x0000, 0x0000, 0x0000, 0x0000, 0x0000, 0x0000, 0x0000, 0x0000, 0x0000, 0x0000, 0x0000,
0x0000, 0x0000, 0x0000, 0x0000, 0x0000, 0x0000, 0x0000, 0x0000, 0x0000, 0x0000, 0x0000, 0x0000, 0x0000, 0x0000, 0x0000, 0x0000,
0x0000, 0x0000, 0x0000, 0x0000, 0x0000, 0x0000, 0x0000, 0x0000, 0x0000, 0x0000, 0x0000, 0x0000, 0x0000, 0x0000, 0x0000, 0x0000,
0x0000, 0x0000, 0x0000, 0x0000, 0x0000, 0x0000, 0x0000, 0x0000, 0x0000, 0x0000, 0x0000, 0x0000, 0x0000, 0x0000, 0x0000, 0x0000,
0x0000, 0x0000, 0x0000, 0x0000, 0x0000, 0x0000, 0x0000, 0x0000, 0x0000, 0x0000, 0x0000, 0x0000, 0x0000, 0x0000, 0x0000, 0x0000,
0x0000, 0x0000, 0x0000, 0x0000, 0x0000, 0x0000, 0x0000, 0x0000, 0x0000, 0x0000, 0x0000, 0x0000, 0x0000, 0x0000, 0x0000, 0x0000,
0x0000, 0x0000, 0x0000, 0x0000, 0x0000, 0x0000, 0x0000, 0x0000, 0x0000, 0x0000, 0x0000, 0x0000, 0x0000, 0x0000, 0x0000, 0x0000,
0x0000, 0x0000, 0x0000, 0x0000, 0x0000, 0x0000, 0x0000, 0x0000, 0x0000, 0x0000, 0x0000, 0x0000, 0x0000, 0x0000, 0x0000, 0x0000,
0x0000, 0x0000, 0x0000, 0x0000, 0x0000, 0x0000, 0x0000, 0x0000, 0x0000, 0x0000, 0x0000, 0x0000, 0x0000, 0x0000, 0x0000, 0x0000,
0x0000, 0x0000, 0x0000, 0x0000, 0x0000, 0x0000, 0x0000, 0x0000, 0x0000, 0x0000, 0x0000, 0x0000, 0x0000, 0x0000, 0x0000, 0x0000,
0x0000, 0x0000, 0x0000, 0x0000, 0x0000, 0x0000, 0x0000, 0x0000, 0x0000, 0x0000, 0x0000, 0x0000, 0x0000, 0x0000, 0x0000, 0x0000,
0x0000, 0x0000, 0x0000, 0x0000, 0x0000, 0x0000, 0x0000, 0x0000, 0x0000, 0x0000, 0x0000, 0x0000, 0x0000, 0x0000, 0x0000, 0x0000,
0x0000, 0x0000, 0x0000, 0x0000, 0x0000, 0x0000, 0x0000, 0x0000, 0x0000, 0x0000, 0x0000, 0x0000, 0x0000, 0x0000, 0x0000, 0x0000,
0x0000, 0x0000, 0x0000, 0x0000, 0x0000, 0x0000, 0x0000, 0x0000, 0x0000, 0x0000, 0x0000, 0x0000, 0x0000, 0x0000, 0x0000, 0x0000,
0x0000, 0x0000, 0x0000, 0x0000, 0x0000, 0x0000, 0x0000, 0x0000, 0x0000, 0x0000, 0x0000, 0x0000, 0x0000, 0x0000, 0x0000, 0x0000,
0x0000, 0x0000, 0x0000, 0x0000, 0x0000, 0x0000, 0x0000, 0x0000, 0x0000, 0x0000, 0x0000, 0x0000, 0x0000, 0x0000, 0x0000, 0x0000,
0x0000, 0x0000, 0x0000, 0x0000, 0x0000, 0x0000, 0x0000, 0x0000, 0x0000, 0x0000, 0x0000, 0x0000, 0x0000, 0x0000, 0x0000, 0x0000,
0x0000, 0x0000, 0x0000, 0x0000, 0x0000, 0x0000, 0x0000, 0x0000, 0x0000, 0x0000, 0x0000, 0x0000, 0x0000, 0x0000, 0x0000, 0x0000,
0x0000, 0x0000, 0x0000, 0x0000, 0x0000, 0x0000, 0x0000, 0x0000, 0x0000, 0x0000, 0x0000, 0x0000, 0x0000, 0x0000, 0x0000, 0x0000,
0x0000, 0x0000, 0x0000, 0x0000, 0x0000, 0x0000, 0x0000, 0x0000, 0x0000, 0x0000, 0x0000, 0x0000, 0x0000, 0x0000, 0x0000, 0x0000,
0x0000, 0x0000, 0x0000, 0x0000, 0x0000, 0x0000, 0x0000, 0x0000, 0x0000, 0x0000, 0x0000, 0x0000, 0x0000, 0x0000, 0x0000, 0x0000,
0x0000, 0x0000, 0x0000, 0x0000, 0x0000, 0x0000, 0x0000, 0x0000, 0x0000, 0x0000, 0x0000, 0x0000, 0x0000, 0x0000, 0x0000, 0x0000,
0x0000, 0x0000, 0x0000, 0x0000, 0x0000, 0x0000, 0x0000, 0x0000, 0x0000, 0x0000, 0x0000, 0x0000, 0x0000, 0x0000, 0x0000, 0x0000,
0x0000, 0x0000, 0x0000, 0x0000, 0x0000, 0x0000, 0x0000, 0x0000, 0x0000, 0x0000, 0x0000, 0x0000, 0x0000, 0x0000, 0x0000, 0x0000,
0x0000, 0x0000, 0x0000, 0x0000, 0x0000, 0x0000, 0x0000, 0x0000, 0x0000, 0x0000, 0x0000, 0x0000, 0x0000, 0x0000, 0x0000, 0x0000,
0x0000, 0x0000, 0x0000, 0x0000, 0x0000, 0x0000, 0x0000, 0x0000, 0x0000, 0x0000, 0x0000, 0x0000, 0x0000, 0x0000, 0x0000, 0x0000,
0x0000, 0x0000, 0x0000, 0x0000, 0x0000, 0x0000, 0x0000, 0x0000, 0x0000, 0x0000, 0x0000, 0x0000, 0x0000, 0x0000, 0x0000, 0x0000,
0x0000, 0x0000, 0x0000, 0x0000, 0x0000, 0x0000, 0x0000, 0x0000, 0x0000, 0x0000, 0x0000, 0x0000, 0x0000, 0x0000, 0x0000, 0x0000,
0x0000, 0x0000, 0x0000, 0x0000, 0x0000, 0x0000, 0x0000, 0x0000, 0x0000, 0x0000, 0x0000, 0x0000, 0x0000, 0x0000, 0x0000, 0x0000,
0x0000, 0x0000, 0x0000, 0x0000, 0x0000, 0x0000, 0x0000, 0x0000, 0x0000, 0x0000, 0x0000, 0x0000, 0x0000, 0x0000, 0x0000, 0x0000,
0x0000, 0x0000, 0x0000, 0x0000, 0x0000, 0x0000, 0x0000, 0x0000, 0x0000, 0x0000, 0x0000, 0x0000, 0x0000, 0x0000, 0x0000, 0x0000,
0x0000, 0x0000, 0x0000, 0x0000, 0x0000, 0x0000, 0x0000, 0x0000, 0x0000, 0x0000, 0x0000, 0x0000, 0x0000, 0x0000, 0x0000, 0x0000,
0x0000, 0x0000, 0x0000, 0x0000, 0x0000, 0x0000, 0x0000, 0x0000, 0x0000, 0x0000, 0x0000, 0x0000, 0x0000, 0x0000, 0x0000, 0x0000,
0x0000, 0x0000, 0x0000, 0x0000, 0x0000, 0x0000, 0x0000, 0x0000, 0x0000, 0x0000, 0x0000, 0x0000, 0x0000, 0x0000, 0x0000, 0x0000,
0x0000, 0x0000, 0x0000, 0x0000, 0x0000, 0x0000, 0x0000, 0x0000, 0x0000, 0x0000, 0x0000, 0x0000, 0x0000, 0x0000, 0x0000, 0x0000,
0x0000, 0x0000, 0x0000, 0x0000, 0x0000, 0x0000, 0x0000, 0x0000, 0x0000, 0x0000, 0x0000, 0x0000, 0x0000, 0x0000, 0x0000, 0x0000,
0x0000, 0x0000, 0x0000, 0x0000, 0x0000, 0x0000, 0x0000, 0x0000, 0x0000, 0x0000, 0x0000, 0x0000, 0x0000, 0x0000, 0x0000, 0x0000,
0x0000, 0x0000, 0x0000, 0x0000, 0x0000, 0x0000, 0x0000, 0x0000, 0x0000, 0x0000, 0x0000, 0x0000, 0x0000, 0x0000, 0x0000, 0x0000,
0x0000, 0x0000, 0x0000, 0x0000, 0x0000, 0x0000, 0x0000, 0x0000, 0x0000, 0x0000, 0x0000, 0x0000, 0x0000, 0x0000, 0x0000, 0x0000,
0x0000, 0x0000, 0x0000, 0x0000, 0x0000, 0x0000, 0x0000, 0x0000, 0x0000, 0x0000, 0x0000, 0x0000, 0x0000, 0x0000, 0x0000, 0x0000,
0x0000, 0x0000, 0x0000, 0x0000, 0x0000, 0x0000, 0x0000, 0x0000, 0x0000, 0x0000, 0x0000, 0x0000, 0x0000, 0x0000, 0x0000, 0x0000,
0x0000, 0x0000, 0x0000, 0x0000, 0x0000, 0x0000, 0x0000, 0x0000, 0x0000, 0x0000, 0x0000, 0x0000, 0x0000, 0x0000, 0x0000, 0x0000,
0x0000, 0x0000, 0x0000, 0x0000, 0x0000, 0x0000, 0x0000, 0x0000, 0x0000, 0x0000, 0x0000, 0x0000, 0x0000, 0x0000, 0x0000, 0x0000,
0x0000, 0x0000, 0x0000, 0x0000, 0x0000, 0x0000, 0x0000, 0x0000, 0x0000, 0x0000, 0x0000, 0x0000, 0x0000, 0x0000, 0x0000, 0x0000,
0x0000, 0x0000, 0x0000, 0x0000, 0x0000, 0x0000, 0x0000, 0x0000, 0x0000, 0x0000, 0x0000, 0x0000, 0x0000, 0x0000, 0x0000, 0x0000,
0x0000, 0x0000, 0x0000, 0x0000, 0x0000, 0x0000, 0x0000, 0x0000, 0x0000, 0x0000, 0x0000, 0x0000, 0x0000, 0x0000, 0x0000, 0x0000,
0x0000, 0x0000, 0x0000, 0x0000, 0x0000, 0x0000, 0x0000, 0x0000, 0x0000, 0x0000, 0x0000, 0x0000, 0x0000, 0x0000, 0x0000, 0x0000,
0x0000, 0x0000, 0x0000, 0x0000, 0x0000, 0x0000, 0x0000, 0x0000, 0x0000, 0x0000, 0x0000, 0x0000, 0x0000, 0x0000, 0x0000, 0x0000,
0x0000, 0x0000, 0x0000, 0x0000, 0x0000, 0x0000, 0x0000, 0x0000, 0x0000, 0x0000, 0x0000, 0x0000, 0x0000, 0x0000, 0x0000, 0x0000,
0x0000, 0x0000, 0x0000, 0x0000, 0x0000, 0x0000, 0x0000, 0x0000, 0x0000, 0x0000, 0x0000, 0x0000, 0x0000, 0x0000, 0x0000, 0x0000,
0x0000, 0x0000, 0x0000, 0x0000, 0x0000, 0x0000, 0x0000, 0x0000, 0x0000, 0x0000, 0x0000, 0x0000, 0x0000, 0x0000, 0x0000, 0x0000,
0x0000, 0x0000, 0x0000, 0x0000, 0x0000, 0x0000, 0x0000, 0x0000, 0x0000, 0x0000, 0x0000, 0x0000, 0x0000, 0x0000, 0x0000, 0x0000,
0x0000, 0x0000, 0x0000, 0x0000, 0x0000, 0x0000, 0x0000, 0x0000, 0x0000, 0x0000, 0x0000, 0x0000, 0x0000, 0x0000, 0x0000, 0x0000,
0x0000, 0x0000, 0x0000, 0x0000, 0x0000, 0x0000, 0x0000, 0x0000, 0x0000, 0x0000, 0x0000, 0x0000, 0x0000, 0x0000, 0x0000, 0x0000,
0x0000, 0x0000, 0x0000, 0x0000, 0x0000, 0x0000, 0x0000, 0x0000, 0x0000, 0x0000, 0x0000, 0x0000, 0x0000, 0x0000, 0x0000, 0x0000,
0x0000, 0x0000, 0x0000, 0x0000, 0x0000, 0x0000, 0x0000, 0x0000, 0x0000, 0x0000, 0x0000, 0x0000, 0x0000, 0x0000, 0x0000, 0x0000,
0x0000, 0x0000, 0x0000, 0x0000, 0x0000, 0x0000, 0x0000, 0x0000, 0x0000, 0x0000, 0x0000, 0x0000, 0x0000, 0x0000, 0x0000, 0x0000,
0x0000, 0x0000, 0x0000, 0x0000, 0x0000, 0x0000, 0x0000, 0x0000, 0x0000, 0x0000, 0x0000, 0x0000, 0x0000, 0x0000, 0x0000, 0x0000,
0x0000, 0x0000, 0x0000, 0x0000, 0x0000, 0x0000, 0x0000, 0x0000, 0x0000, 0x0000, 0x0000, 0x0000, 0x0000, 0x0000, 0x0000, 0x0000,
0x0000, 0x0000, 0x0000, 0x0000, 0x0000, 0x0000, 0x0000, 0x0000, 0x0000, 0x0000, 0x0000, 0x0000, 0x0000, 0x0000, 0x0000, 0x0000,
0x0000, 0x0000, 0x0000, 0x0000, 0x0000, 0x0000, 0x0000, 0x0000, 0x0000, 0x0000, 0x0000, 0x0000, 0x0000, 0x0000, 0x0000, 0x0000,
0x0000, 0x0000, 0x0000, 0x0000, 0x0000, 0x0000, 0x0000, 0x0000, 0x0000, 0x0000, 0x0000, 0x0000, 0x0000, 0x0000, 0x0000, 0x0000,
0x0000, 0x0000, 0x0000, 0x0000, 0x0000, 0x0000, 0x0000, 0x0000, 0x0000, 0x0000, 0x0000, 0x0000, 0x0000, 0x0000, 0x0000, 0x0000,
0x0000, 0x0000, 0x0000, 0x0000, 0x0000, 0x0000, 0x0000, 0x0000, 0x0000, 0x0000, 0x0000, 0x0000, 0x0000, 0x0000, 0x0000, 0x0000,
0x0000, 0x0000, 0x0000, 0x0000, 0x0000, 0x0000, 0x0000, 0x0000, 0x0000, 0x0000, 0x0000, 0x0000, 0x0000, 0x0000, 0x0000, 0x0000,
0x0000, 0x0000, 0x0000, 0x0000, 0x0000, 0x0000, 0x0000, 0x0000, 0x0000, 0x0000, 0x0000, 0x0000, 0x0000, 0x0000, 0x0000, 0x0000,
0x0000, 0x0000, 0x0000, 0x0000, 0x0000, 0x0000, 0x0000, 0x0000, 0x0000, 0x0000, 0x0000, 0x0000, 0x0000, 0x0000, 0x0000, 0x0000,
0x0000, 0x0000, 0x0000, 0x0000, 0x0000, 0x0000, 0x0000, 0x0000, 0x0000, 0x0000, 0x0000, 0x0000, 0x0000, 0x0000, 0x0000, 0x0000,
0x0000, 0x0000, 0x0000, 0x0000, 0x0000, 0x0000, 0x0000, 0x0000, 0x0000, 0x0000, 0x0000, 0x0000, 0x0000, 0x0000, 0x0000, 0x0000,
0x0000, 0x0000, 0x0000, 0x0000, 0x0000, 0x0000, 0x0000, 0x0000, 0x0000, 0x0000, 0x0000, 0x0000, 0x0000, 0x0000, 0x0000, 0x0000,
0x0000, 0x0000, 0x0000, 0x0000, 0x0000, 0x0000, 0x0000, 0x0000, 0x0000, 0x0000, 0x0000, 0x0000, 0x0000, 0x0000, 0x0000, 0x0000,
0x0000, 0x0000, 0x0000, 0x0000, 0x0000, 0x0000, 0x0000, 0x0000, 0x0000, 0x0000, 0x0000, 0x0000, 0x0000, 0x0000, 0x0000, 0x0000,
0x0000, 0x0000, 0x0000, 0x0000, 0x0000, 0x0000, 0x0000, 0x0000, 0x0000, 0x0000, 0x0000, 0x0000, 0x0000, 0x0000, 0x0000, 0x0000,
0x0000, 0x0000, 0x0000, 0x0000, 0x0000, 0x0000, 0x0000, 0x0000, 0x0000, 0x0000, 0x0000, 0x0000, 0x0000, 0x0000, 0x0000, 0x0000,
0x0000, 0x0000, 0x0000, 0x0000, 0x0000, 0x0000, 0x0000, 0x0000, 0x0000, 0x0000, 0x0000, 0x0000, 0x0000, 0x0000, 0x0000, 0x0000,
0x0000, 0x0000, 0x0000, 0x0000, 0x0000, 0x0000, 0x0000, 0x0000, 0x0000, 0x0000, 0x0000, 0x0000, 0x0000, 0x0000, 0x0000, 0x0000,
0x0000, 0x0000, 0x0000, 0x0000, 0x0000, 0x0000, 0x0000, 0x0000, 0x0000, 0x0000, 0x0000, 0x0000, 0x0000, 0x0000, 0x0000, 0x0000,
0x0000, 0x0000, 0x0000, 0x0000, 0x0000, 0x0000, 0x0000, 0x0000, 0x0000, 0x0000, 0x0000, 0x0000, 0x0000, 0x0000, 0x0000, 0x0000,
0x0000, 0x0000, 0x0000, 0x0000, 0x0000, 0x0000, 0x0000, 0x0000, 0x0000, 0x0000, 0x0000, 0x0000, 0x0000, 0x0000, 0x0000, 0x0000,
0x0000, 0x0000, 0x0000, 0x0000, 0x0000, 0x0000, 0x0000, 0x0000, 0x0000, 0x0000, 0x0000, 0x0000, 0x0000, 0x0000, 0x0000, 0x0000,
0x0000, 0x0000, 0x0000, 0x0000, 0x0000, 0x0000, 0x0000, 0x0000, 0x0000, 0x0000, 0x0000, 0x0000, 0x0000, 0x0000, 0x0000, 0x0000,
0x0000, 0x0000, 0x0000, 0x0000, 0x0000, 0x0000, 0x0000, 0x0000, 0x0000, 0x0000, 0x0000, 0x0000, 0x0000, 0x0000, 0x0000, 0x0000,
0x0000, 0x0000, 0x0000, 0x0000, 0x0000, 0x0000, 0x0000, 0x0000, 0x0000, 0x0000, 0x0000, 0x0000, 0x0000, 0x0000, 0x0000, 0x0000,
0x0000, 0x0000, 0x0000, 0x0000, 0x0000, 0x0000, 0x0000, 0x0000, 0x0000, 0x0000, 0x0000, 0x0000, 0x0000, 0x0000, 0x0000, 0x0000,
0x0000, 0x0000, 0x0000, 0x0000, 0x0000, 0x0000, 0x0000, 0x0000, 0x0000, 0x0000, 0x0000, 0x0000, 0x0000, 0x0000, 0x0000, 0x0000,
0x0000, 0x0000, 0x0000, 0x0000, 0x0000, 0x0000, 0x0000, 0x0000, 0x0000, 0x0000, 0x0000, 0x0000, 0x0000, 0x0000, 0x0000, 0x0000,
0x0000, 0x0000, 0x0000, 0x0000, 0x0000, 0x0000, 0x0000, 0x0000, 0x0000, 0x0000, 0x0000, 0x0000, 0x0000, 0x0000, 0x0000, 0x0000,
0x0000, 0x0000, 0x0000, 0x0000, 0x0000, 0x0000, 0x0000, 0x0000, 0x0000, 0x0000, 0x0000, 0x0000, 0x0000, 0x0000, 0x0000, 0x0000,
0x0000, 0x0000, 0x0000, 0x0000, 0x0000, 0x0000, 0x0000, 0x0000, 0x0000, 0x0000, 0x0000, 0x0000, 0x0000, 0x0000, 0x0000, 0x0000,
0x0000, 0x0000, 0x0000, 0x0000, 0x0000, 0x0000, 0x0000, 0x0000, 0x0000, 0x0000, 0x0000, 0x0000, 0x0000, 0x0000, 0x0000, 0x0000,
0x0000, 0x0000, 0x0000, 0x0000, 0x0000, 0x0000, 0x0000, 0x0000, 0x0000, 0x0000, 0x0000, 0x0000, 0x0000, 0x0000, 0x0000, 0x0000,
0x0000, 0x0000, 0x0000, 0x0000, 0x0000, 0x0000, 0x0000, 0x0000, 0x0000, 0x0000, 0x0000, 0x0000, 0x0000, 0x0000, 0x0000, 0x0000,
0x0000, 0x0000, 0x0000, 0x0000, 0x0000, 0x0000, 0x0000, 0x0000, 0x0000, 0x0000, 0x0000, 0x0000, 0x0000, 0x0000, 0x0000, 0x0000,
0x0000, 0x0000, 0x0000, 0x0000, 0x0000, 0x0000, 0x0000, 0x0000, 0x0000, 0x0000, 0x0000, 0x0000, 0x0000, 0x0000, 0x0000, 0x0000,
0x0000, 0x0000, 0x0000, 0x0000, 0x0000, 0x0000, 0x0000, 0x0000, 0x0000, 0x0000, 0x0000, 0x0000, 0x0000, 0x0000, 0x0000, 0x0000,
0x0000, 0x0000, 0x0000, 0x0000, 0x0000, 0x0000, 0x0000, 0x0000, 0x0000, 0x0000, 0x0000, 0x0000, 0x0000, 0x0000, 0x0000, 0x0000,
0x0000, 0x0000, 0x0000, 0x0000, 0x0000, 0x0000, 0x0000, 0x0000, 0x0000, 0x0000, 0x0000, 0x0000, 0x0000, 0x0000, 0x0000, 0x0000,
0x0000, 0x0000, 0x0000, 0x0000, 0x0000, 0x0000, 0x0000, 0x0000, 0x0000, 0x0000, 0x0000, 0x0000, 0x0000, 0x0000, 0x0000, 0x0000,
0x0000, 0x0000, 0x0000, 0x0000, 0x0000, 0x0000, 0x0000, 0x0000, 0x0000, 0x0000, 0x0000, 0x0000, 0x0000, 0x0000, 0x0000, 0x0000,
0x0000, 0x0000, 0x0000, 0x0000, 0x0000, 0x0000, 0x0000, 0x0000, 0x0000, 0x0000, 0x0000, 0x0000, 0x0000, 0x0000, 0x0000, 0x0000,
0x0000, 0x0000, 0x0000, 0x0000, 0x0000, 0x0000, 0x0000, 0x0000, 0x0000, 0x0000, 0x0000, 0x0000, 0x0000, 0x0000, 0x0000, 0x0000,
0x0000, 0x0000, 0x0000, 0x0000, 0x0000, 0x0000, 0x0000, 0x0000, 0x0000, 0x0000, 0x0000, 0x0000, 0x0000, 0x0000, 0x0000, 0x0000,
0x0000, 0x0000, 0x0000, 0x0000, 0x0000, 0x0000, 0x0000, 0x0000, 0x0000, 0x0000, 0x0000, 0x0000, 0x0000, 0x0000, 0x0000, 0x0000,
0x0000, 0x0000, 0x0000, 0x0000, 0x0000, 0x0000, 0x0000, 0x0000, 0x0000, 0x0000, 0x0000, 0x0000, 0x0000, 0x0000, 0x0000, 0x0000,
0x0000, 0x0000, 0x0000, 0x0000, 0x0000, 0x0000, 0x0000, 0x0000, 0x0000, 0x0000, 0x0000, 0x0000, 0x0000, 0x0000, 0x0000, 0x0000,
0x0000, 0x0000, 0x0000, 0x0000, 0x0000, 0x0000, 0x0000, 0x0000, 0x0000, 0x0000, 0x0000, 0x0000, 0x0000, 0x0000, 0x0000, 0x0000,
0x0000, 0x0000, 0x0000, 0x0000, 0x0000, 0x0000, 0x0000, 0x0000, 0x0000, 0x0000, 0x0000, 0x0000, 0x0000, 0x0000, 0x0000, 0x0000,
0x0000, 0x0000, 0x0000, 0x0000, 0x0000, 0x0000, 0x0000, 0x0000, 0x0000, 0x0000, 0x0000, 0x0000, 0x0000, 0x0000, 0x0000, 0x0000,
0x0000, 0x0000, 0x0000, 0x0000, 0x0000, 0x0000, 0x0000, 0x0000, 0x0000, 0x0000, 0x0000, 0x0000, 0x0000, 0x0000, 0x0000, 0x0000,
0x0000, 0x0000, 0x0000, 0x0000, 0x0000, 0x0000, 0x0000, 0x0000, 0x0000, 0x0000, 0x0000, 0x0000, 0x0000, 0x0000, 0x0000, 0x0000,
0x0000, 0x0000, 0x0000, 0x0000, 0x0000, 0x0000, 0x0000, 0x0000, 0x0000, 0x0000, 0x0000, 0x0000, 0x0000, 0x0000, 0x0000, 0x0000,
0x0000, 0x0000, 0x0000, 0x0000, 0x0000, 0x0000, 0x0000, 0x0000, 0x0000, 0x0000, 0x0000, 0x0000, 0x0000, 0x0000, 0x0000, 0x0000,
0x0000, 0x0000, 0x0000, 0x0000, 0x0000, 0x0000, 0x0000, 0x0000, 0x0000, 0x0000, 0x0000, 0x0000, 0x0000, 0x0000, 0x0000, 0x0000,
0x0000, 0x0000, 0x0000, 0x0000, 0x0000, 0x0000, 0x0000, 0x0000, 0x0000, 0x0000, 0x0000, 0x0000, 0x0000, 0x0000, 0x0000, 0x0000,
0x0000, 0x0000, 0x0000, 0x0000, 0x0000, 0x0000, 0x0000, 0x0000, 0x0000, 0x0000, 0x0000, 0x0000, 0x0000, 0x0000, 0x0000, 0x0000,
0x0000, 0x0000, 0x0000, 0x0000, 0x0000, 0x0000, 0x0000, 0x0000, 0x0000, 0x0000, 0x0000, 0x0000, 0x0000, 0x0000, 0x0000, 0x0000,
0x0000, 0x0000, 0x0000, 0x0000, 0x0000, 0x0000, 0x0000, 0x0000, 0x0000, 0x0000, 0x0000, 0x0000, 0x0000, 0x0000, 0x0000, 0x0000,
0x0000, 0x0000, 0x0000, 0x0000, 0x0000, 0x0000, 0x0000, 0x0000, 0x0000, 0x0000, 0x0000, 0x0000, 0x0000, 0x0000, 0x0000, 0x0000,
0x0000, 0x0000, 0x0000, 0x0000, 0x0000, 0x0000, 0x0000, 0x0000, 0x0000, 0x0000, 0x0000, 0x0000, 0x0000, 0x0000, 0x0000, 0x0000,
0x0000, 0x0000, 0x0000, 0x0000, 0x0000, 0x0000, 0x0000, 0x0000, 0x0000, 0x0000, 0x0000, 0x0000, 0x0000, 0x0000, 0x0000, 0x0000,
0x0000, 0x0000, 0x0000, 0x0000, 0x0000, 0x0000, 0x0000, 0x0000, 0x0000, 0x0000, 0x0000, 0x0000, 0x0000, 0x0000, 0x0000, 0x0000,
0x0000, 0x0000, 0x0000, 0x0000, 0x0000, 0x0000, 0x0000, 0x0000, 0x0000, 0x0000, 0x0000, 0x0000, 0x0000, 0x0000, 0x0000, 0x0000,
0x0000, 0x0000, 0x0000, 0x0000, 0x0000, 0x0000, 0x0000, 0x0000, 0x0000, 0x0000, 0x0000, 0x0000, 0x0000, 0x0000, 0x0000, 0x0000,
0x0000, 0x0000, 0x0000, 0x0000, 0x0000, 0x0000, 0x0000, 0x0000, 0x0000, 0x0000, 0x0000, 0x0000, 0x0000, 0x0000, 0x0000, 0x0000,
0x0000, 0x0000, 0x0000, 0x0000, 0x0000, 0x0000, 0x0000, 0x0000, 0x0000, 0x0000, 0x0000, 0x0000, 0x0000, 0x0000, 0x0000, 0x0000,
0x0000, 0x0000, 0x0000, 0x0000, 0x0000, 0x0000, 0x0000, 0x0000, 0x0000, 0x0000, 0x0000, 0x0000, 0x0000, 0x0000, 0x0000, 0x0000,
0x0000, 0x0000, 0x0000, 0x0000, 0x0000, 0x0000, 0x0000, 0x0000, 0x0000, 0x0000, 0x0000, 0x0000, 0x0000, 0x0000, 0x0000, 0x0000,
0x0000, 0x0000, 0x0000, 0x0000, 0x0000, 0x0000, 0x0000, 0x0000, 0x0000, 0x0000, 0x0000, 0x0000, 0x0000, 0x0000, 0x0000, 0x0000,
0x0000, 0x0000, 0x0000, 0x0000, 0x0000, 0x0000, 0x0000, 0x0000, 0x0000, 0x0000, 0x0000, 0x0000, 0x0000, 0x0000, 0x0000, 0x0000,
0x0000, 0x0000, 0x0000, 0x0000, 0x0000, 0x0000, 0x0000, 0x0000, 0x0000, 0x0000, 0x0000, 0x0000, 0x0000, 0x0000, 0x0000, 0x0000,
0x0000, 0x0000, 0x0000, 0x0000, 0x0000, 0x0000, 0x0000, 0x0000, 0x0000, 0x0000, 0x0000, 0x0000, 0x0000, 0x0000, 0x0000, 0x0000,
0x0000, 0x0000, 0x0000, 0x0000, 0x0000, 0x0000, 0x0000, 0x0000, 0x0000, 0x0000, 0x0000, 0x0000, 0x0000, 0x0000, 0x0000, 0x0000,
0x0000, 0x0000, 0x0000, 0x0000, 0x0000, 0x0000, 0x0000, 0x0000, 0x0000, 0x0000, 0x0000, 0x0000, 0x0000, 0x0000, 0x0000, 0x0000,
0x0000, 0x0000, 0x0000, 0x0000, 0x0000, 0x0000, 0x0000, 0x0000, 0x0000, 0x0000, 0x0000, 0x0000, 0x0000, 0x0000, 0x0000, 0x0000,
0x0000, 0x0000, 0x0000, 0x0000, 0x0000, 0x0000, 0x0000, 0x0000, 0x0000, 0x0000, 0x0000, 0x0000, 0x0000, 0x0000, 0x0000, 0x0000,
0x0000, 0x0000, 0x0000, 0x0000, 0x0000, 0x0000, 0x0000, 0x0000, 0x0000, 0x0000, 0x0000, 0x0000, 0x0000, 0x0000, 0x0000, 0x0000,
0x0000, 0x0000, 0x0000, 0x0000, 0x0000, 0x0000, 0x0000, 0x0000, 0x0000, 0x0000, 0x0000, 0x0000, 0x0000, 0x0000, 0x0000, 0x0000,
0x0000, 0x0000, 0x0000, 0x0000, 0x0000, 0x0000, 0x0000, 0x0000, 0x0000, 0x0000, 0x0000, 0x0000, 0x0000, 0x0000, 0x0000, 0x0000,
0x0000, 0x0000, 0x0000, 0x0000, 0x0000, 0x0000, 0x0000, 0x0000, 0x0000, 0x0000, 0x0000, 0x0000, 0x0000, 0x0000, 0x0000, 0x0000,
0x0000, 0x0000, 0x0000, 0x0000, 0x0000, 0x0000, 0x0000, 0x0000, 0x0000, 0x0000, 0x0000, 0x0000, 0x0000, 0x0000, 0x0000, 0x0000,
0x0000, 0x0000, 0x0000, 0x0000, 0x0000, 0x0000, 0x0000, 0x0000, 0x0000, 0x0000, 0x0000, 0x0000, 0x0000, 0x0000, 0x0000, 0x0000,
0x0000, 0x0000, 0x0000, 0x0000, 0x0000, 0x0000, 0x0000, 0x0000, 0x0000, 0x0000, 0x0000, 0x0000, 0x0000, 0x0000, 0x0000, 0x0000,
0x0000, 0x0000, 0x0000, 0x0000, 0x0000, 0x0000, 0x0000, 0x0000, 0x0000, 0x0000, 0x0000, 0x0000, 0x0000, 0x0000, 0x0000, 0x0000,
0x0000, 0x0000, 0x0000, 0x0000, 0x0000, 0x0000, 0x0000, 0x0000, 0x0000, 0x0000, 0x0000, 0x0000, 0x0000, 0x0000, 0x0000, 0x0000,
0x0000, 0x0000, 0x0000, 0x0000, 0x0000, 0x0000, 0x0000, 0x0000, 0x0000, 0x0000, 0x0000, 0x0000, 0x0000, 0x0000, 0x0000, 0x0000,
0x0000, 0x0000, 0x0000, 0x0000, 0x0000, 0x0000, 0x0000, 0x0000, 0x0000, 0x0000, 0x0000, 0x0000, 0x0000, 0x0000, 0x0000, 0x0000,
0x0000, 0x0000, 0x0000, 0x0000, 0x0000, 0x0000, 0x0000, 0x0000, 0x0000, 0x0000, 0x0000, 0x0000, 0x0000, 0x0000, 0x0000, 0x0000,
0x0000, 0x0000, 0x0000, 0x0000, 0x0000, 0x0000, 0x0000, 0x0000, 0x0000, 0x0000, 0x0000, 0x0000, 0x0000, 0x0000, 0x0000, 0x0000,
0x0000, 0x0000, 0x0000, 0x0000, 0x0000, 0x0000, 0x0000, 0x0000, 0x0000, 0x0000, 0x0000, 0x0000, 0x0000, 0x0000, 0x0000, 0x0000,
0x0000, 0x0000, 0x0000, 0x0000, 0x0000, 0x0000, 0x0000, 0x0000, 0x0000, 0x0000, 0x0000, 0x0000, 0x0000, 0x0000, 0x0000, 0x0000,
0x0000, 0x0000, 0x0000, 0x0000, 0x0000, 0x0000, 0x0000, 0x0000, 0x0000, 0x0000, 0x0000, 0x0000, 0x0000, 0x0000, 0x0000, 0x0000,
0x0000, 0x0000, 0x0000, 0x0000, 0x0000, 0x0000, 0x0000, 0x0000, 0x0000, 0x0000, 0x0000, 0x0000, 0x0000, 0x0000, 0x0000, 0x0000,
0x0000, 0x0000, 0x0000, 0x0000, 0x0000, 0x0000, 0x0000, 0x0000, 0x0000, 0x0000, 0x0000, 0x0000, 0x0000, 0x0000, 0x0000, 0x0000,
0x0000, 0x0000, 0x0000, 0x0000, 0x0000, 0x0000, 0x0000, 0x0000, 0x0000, 0x0000, 0x0000, 0x0000, 0x0000, 0x0000, 0x0000, 0x0000,
0x0000, 0x0000, 0x0000, 0x0000, 0x0000, 0x0000, 0x0000, 0x0000, 0x0000, 0x0000, 0x0000, 0x0000, 0x0000, 0x0000, 0x0000, 0x0000,
0x0000, 0x0000, 0x0000, 0x0000, 0x0000, 0x0000, 0x0000, 0x0000, 0x0000, 0x0000, 0x0000, 0x0000, 0x0000, 0x0000, 0x0000, 0x0000,
0x0000, 0x0000, 0x0000, 0x0000, 0x0000, 0x0000, 0x0000, 0x0000, 0x0000, 0x0000, 0x0000, 0x0000, 0x0000, 0x0000, 0x0000, 0x0000,
0x0000, 0x0000, 0x0000, 0x0000, 0x0000, 0x0000, 0x0000, 0x0000, 0x0000, 0x0000, 0x0000, 0x0000, 0x0000, 0x0000, 0x0000, 0x0000,
0x0000, 0x0000, 0x0000, 0x0000, 0x0000, 0x0000, 0x0000, 0x0000, 0x0000, 0x0000, 0x0000, 0x0000, 0x0000, 0x0000, 0x0000, 0x0000,
0x0000, 0x0000, 0x0000, 0x0000, 0x0000, 0x0000, 0x0000, 0x0000, 0x0000, 0x0000, 0x0000, 0x0000, 0x0000, 0x0000, 0x0000, 0x0000,
0x0000, 0x0000, 0x0000, 0x0000, 0x0000, 0x0000, 0x0000, 0x0000, 0x0000, 0x0000, 0x0000, 0x0000, 0x0000, 0x0000, 0x0000, 0x0000,
0x0000, 0x0000, 0x0000, 0x0000, 0x0000, 0x0000, 0x0000, 0x0000, 0x0000, 0x0000, 0x0000, 0x0000, 0x0000, 0x0000, 0x0000, 0x0000,
0x0000, 0x0000, 0x0000, 0x0000, 0x0000, 0x0000, 0x0000, 0x0000, 0x0000, 0x0000, 0x0000, 0x0000, 0x0000, 0x0000, 0x0000, 0x0000,
0x0000, 0x0000, 0x0000, 0x0000, 0x0000, 0x0000, 0x0000, 0x0000, 0x0000, 0x0000, 0x0000, 0x0000, 0x0000, 0x0000, 0x0000, 0x0000,
0x0000, 0x0000, 0x0000, 0x0000, 0x0000, 0x0000, 0x0000, 0x0000, 0x0000, 0x0000, 0x0000, 0x0000, 0x0000, 0x0000, 0x0000, 0x0000,
0x0000, 0x0000, 0x0000, 0x0000, 0x0000, 0x0000, 0x0000, 0x0000, 0x0000, 0x0000, 0x0000, 0x0000, 0x0000, 0x0000, 0x0000, 0x0000,
0x0000, 0x0000, 0x0000, 0x0000, 0x0000, 0x0000, 0x0000, 0x0000, 0x0000, 0x0000, 0x0000, 0x0000, 0x0000, 0x0000, 0x0000, 0x0000,
0x0000, 0x0000, 0x0000, 0x0000, 0x0000, 0x0000, 0x0000, 0x0000, 0x0000, 0x0000, 0x0000, 0x0000, 0x0000, 0x0000, 0x0000, 0x0000,
0x0000, 0x0000, 0x0000, 0x0000, 0x0000, 0x0000, 0x0000, 0x0000, 0x0000, 0x0000, 0x0000, 0x0000, 0x0000, 0x0000, 0x0000, 0x0000,
0x0000, 0x0000, 0x0000, 0x0000, 0x0000, 0x0000, 0x0000, 0x0000, 0x0000, 0x0000, 0x0000, 0x0000, 0x0000, 0x0000, 0x0000, 0x0000,
0x0000, 0x0000, 0x0000, 0x0000, 0x0000, 0x0000, 0x0000, 0x0000, 0x0000, 0x0000, 0x0000, 0x0000, 0x0000, 0x0000, 0x0000, 0x0000,
0x0000, 0x0000, 0x0000, 0x0000, 0x0000, 0x0000, 0x0000, 0x0000, 0x0000, 0x0000, 0x0000, 0x0000, 0x0000, 0x0000, 0x0000, 0x0000,
0x0000, 0x0000, 0x0000, 0x0000, 0x0000, 0x0000, 0x0000, 0x0000, 0x0000, 0x0000, 0x0000, 0x0000, 0x0000, 0x0000, 0x0000, 0x0000,
0x0000, 0x0000, 0x0000, 0x0000, 0x0000, 0x0000, 0x0000, 0x0000, 0x0000, 0x0000, 0x0000, 0x0000, 0x0000, 0x0000, 0x0000, 0x0000,
0x0000, 0x0000, 0x0000, 0x0000, 0x0000, 0x0000, 0x0000, 0x0000, 0x0000, 0x0000, 0x0000, 0x0000, 0x0000, 0x0000, 0x0000, 0x0000,
0x0000, 0x0000, 0x0000, 0x0000, 0x0000, 0x0000, 0x0000, 0x0000, 0x0000, 0x0000, 0x0000, 0x0000, 0x0000, 0x0000, 0x0000, 0x0000,
0x0000, 0x0000, 0x0000, 0x0000, 0x0000, 0x0000, 0x0000, 0x0000, 0x0000, 0x0000, 0x0000, 0x0000, 0x0000, 0x0000, 0x0000, 0x0000,
0x0000, 0x0000, 0x0000, 0x0000, 0x0000, 0x0000, 0x0000, 0x0000, 0x0000, 0x0000, 0x0000, 0x0000, 0x0000, 0x0000, 0x0000, 0x0000,
0x0000, 0x0000, 0x0000, 0x0000, 0x0000, 0x0000, 0x0000, 0x0000, 0x0000, 0x0000, 0x0000, 0x0000, 0x0000, 0x0000, 0x0000, 0x0000,
0x0000, 0x0000, 0x0000, 0x0000, 0x0000, 0x0000, 0x0000, 0x0000, 0x0000, 0x0000, 0x0000, 0x0000, 0x0000, 0x0000, 0x0000, 0x0000,
0x0000, 0x0000, 0x0000, 0x0000, 0x0000, 0x0000, 0x0000, 0x0000, 0x0000, 0x0000, 0x0000, 0x0000, 0x0000, 0x0000, 0x0000, 0x0000,
0x0000, 0x0000, 0x0000, 0x0000, 0x0000, 0x0000, 0x0000, 0x0000, 0x0000, 0x0000, 0x0000, 0x0000, 0x0000, 0x0000, 0x0000, 0x0000,
0x0000, 0x0000, 0x0000, 0x0000, 0x0000, 0x0000, 0x0000, 0x0000, 0x0000, 0x0000, 0x0000, 0x0000, 0x0000, 0x0000, 0x0000, 0x0000,
0x0000, 0x0000, 0x0000, 0x0000, 0x0000, 0x0000, 0x0000, 0x0000, 0x0000, 0x0000, 0x0000, 0x0000, 0x0000, 0x0000, 0x0000, 0x0000,
0x0000, 0x0000, 0x0000, 0x0000, 0x0000, 0x0000, 0x0000, 0x0000, 0x0000, 0x0000, 0x0000, 0x0000, 0x0000, 0x0000, 0x0000, 0x0000,
0x0000, 0x0000, 0x0000, 0x0000, 0x0000, 0x0000, 0x0000, 0x0000, 0x0000, 0x0000, 0x0000, 0x0000, 0x0000, 0x0000, 0x0000, 0x0000,
0x0000, 0x0000, 0x0000, 0x0000, 0x0000, 0x0000, 0x0000, 0x0000, 0x0000, 0x0000, 0x0000, 0x0000, 0x0000, 0x0000, 0x0000, 0x0000,
0x0000, 0x0000, 0x0000, 0x0000, 0x0000, 0x0000, 0x0000, 0x0000, 0x0000, 0x0000, 0x0000, 0x0000, 0x0000, 0x0000, 0x0000, 0x0000,
0x0000, 0x0000, 0x0000, 0x0000, 0x0000, 0x0000, 0x0000, 0x0000, 0x0000, 0x0000, 0x0000, 0x0000, 0x0000, 0x0000, 0x0000, 0x0000,
0x0000, 0x0000, 0x0000, 0x0000, 0x0000, 0x0000, 0x0000, 0x0000, 0x0000, 0x0000, 0x0000, 0x0000, 0x0000, 0x0000, 0x0000, 0x0000,
0x0000, 0x0000, 0x0000, 0x0000, 0x0000, 0x0000, 0x0000, 0x0000, 0x0000, 0x0000, 0x0000, 0x0000, 0x0000, 0x0000, 0x0000, 0x0000,
0x0000, 0x0000, 0x0000, 0x0000, 0x0000, 0x0000, 0x0000, 0x0000, 0x0000, 0x0000, 0x0000, 0x0000, 0x0000, 0x0000, 0x0000, 0x0000,
0x0000, 0x0000, 0x0000, 0x0000, 0x0000, 0x0000, 0x0000, 0x0000, 0x0000, 0x0000, 0x0000, 0x0000, 0x0000, 0x0000, 0x0000, 0x0000,
0x0000, 0x0000, 0x0000, 0x0000, 0x0000, 0x0000, 0x0000, 0x0000, 0x0000, 0x0000, 0x0000, 0x0000, 0x0000, 0x0000, 0x0000, 0x0000,
0x0000, 0x0000, 0x0000, 0x0000, 0x0000, 0x0000, 0x0000, 0x0000, 0x0000, 0x0000, 0x0000, 0x0000, 0x0000, 0x0000, 0x0000, 0x0000,
0x0000, 0x0000, 0x0000, 0x0000, 0x0000, 0x0000, 0x0000, 0x0000, 0x0000, 0x0000, 0x0000, 0x0000, 0x0000, 0x0000, 0x0000, 0x0000,
0x0000, 0x0000, 0x0000, 0x0000, 0x0000, 0x0000, 0x0000, 0x0000, 0x0000, 0x0000, 0x0000, 0x0000, 0x0000, 0x0000, 0x0000, 0x0000,
0x0000, 0x0000, 0x0000, 0x0000, 0x0000, 0x0000, 0x0000, 0x0000, 0x0000, 0x0000, 0x0000, 0x0000, 0x0000, 0x0000, 0x0000, 0x0000,
0x0000, 0x0000, 0x0000, 0x0000, 0x0000, 0x0000, 0x0000, 0x0000, 0x0000, 0x0000, 0x0000, 0x0000, 0x0000, 0x0000, 0x0000, 0x0000,
0x0000, 0x0000, 0x0000, 0x0000, 0x0000, 0x0000, 0x0000, 0x0000, 0x0000, 0x0000, 0x0000, 0x0000, 0x0000, 0x0000, 0x0000, 0x0000,
0x0000, 0x0000, 0x0000, 0x0000, 0x0000, 0x0000, 0x0000, 0x0000, 0x0000, 0x0000, 0x0000, 0x0000, 0x0000, 0x0000, 0x0000, 0x0000,
0x0000, 0x0000, 0x0000, 0x0000, 0x0000, 0x0000, 0x0000, 0x0000, 0x0000, 0x0000, 0x0000, 0x0000, 0x0000, 0x0000, 0x0000, 0x0000,
0x0000, 0x0000, 0x0000, 0x0000, 0x0000, 0x0000, 0x0000, 0x0000, 0x0000, 0x0000, 0x0000, 0x0000, 0x0000, 0x0000, 0x0000, 0x0000,
0x0000, 0x0000, 0x0000, 0x0000, 0x0000, 0x0000, 0x0000, 0x0000, 0x0000, 0x0000, 0x0000, 0x0000, 0x0000, 0x0000, 0x0000, 0x0000,
0x0000, 0x0000, 0x0000, 0x0000, 0x0000, 0x0000, 0x0000, 0x0000, 0x0000, 0x0000, 0x0000, 0x0000, 0x0000, 0x0000, 0x0000, 0x0000,
0x0000, 0x0000, 0x0000, 0x0000, 0x0000, 0x0000, 0x0000, 0x0000, 0x0000, 0x0000, 0x0000, 0x0000, 0x0000, 0x0000, 0x0000, 0x0000,
0x0000, 0x0000, 0x0000, 0x0000, 0x0000, 0x0000, 0x0000, 0x0000, 0x0000, 0x0000, 0x0000, 0x0000, 0x0000, 0x0000, 0x0000, 0x0000,
0x0000, 0x0000, 0x0000, 0x0000, 0x0000, 0x0000, 0x0000, 0x0000, 0x0000, 0x0000, 0x0000, 0x0000, 0x0000, 0x0000, 0x0000, 0x0000,
0x0000, 0x0000, 0x0000, 0x0000, 0x0000, 0x0000, 0x0000, 0x0000, 0x0000, 0x0000, 0x0000, 0x0000, 0x0000, 0x0000, 0x0000, 0x0000,
0x0000, 0x0000, 0x0000, 0x0000, 0x0000, 0x0000, 0x0000, 0x0000, 0x0000, 0x0000, 0x0000, 0x0000, 0x0000, 0x0000, 0x0000, 0x0000,
0x0000, 0x0000, 0x0000, 0x0000, 0x0000, 0x0000, 0x0000, 0x0000, 0x0000, 0x0000, 0x0000, 0x0000, 0x0000, 0x0000, 0x0000, 0x0000,
0x0000, 0x0000, 0x0000, 0x0000, 0x0000, 0x0000, 0x0000, 0x0000, 0x0000, 0x0000, 0x0000, 0x0000, 0x0000, 0x0000, 0x0000, 0x0000,
0x0000, 0x0000, 0x0000, 0x0000, 0x0000, 0x0000, 0x0000, 0x0000, 0x0000, 0x0000, 0x0000, 0x0000, 0x0000, 0x0000, 0x0000, 0x0000,
0x0000, 0x0000, 0x0000, 0x0000, 0x0000, 0x0000, 0x0000, 0x0000, 0x0000, 0x0000, 0x0000, 0x0000, 0x0000, 0x0000, 0x0000, 0x0000,
0x0000, 0x0000, 0x0000, 0x0000, 0x0000, 0x0000, 0x0000, 0x0000, 0x0000, 0x0000, 0x0000, 0x0000, 0x0000, 0x0000, 0x0000, 0x0000,
0x0000, 0x0000, 0x0000, 0x0000, 0x0000, 0x0000, 0x0000, 0x0000, 0x0000, 0x0000, 0x0000, 0x0000, 0x0000, 0x0000, 0x0000, 0x0000,
0x0000, 0x0000, 0x0000, 0x0000, 0x0000, 0x0000, 0x0000, 0x0000, 0x0000, 0x0000, 0x0000, 0x0000, 0x0000, 0x0000, 0x0000, 0x0000,
0x0000, 0x0000, 0x0000, 0x0000, 0x0000, 0x0000, 0x0000, 0x0000, 0x0000, 0x0000, 0x0000, 0x0000, 0x0000, 0x0000, 0x0000, 0x0000,
0x0000, 0x0000, 0x0000, 0x0000, 0x0000, 0x0000, 0x0000, 0x0000, 0x0000, 0x0000, 0x0000, 0x0000, 0x0000, 0x0000, 0x0000, 0x0000,
0x0000, 0x0000, 0x0000, 0x0000, 0x0000, 0x0000, 0x0000, 0x0000, 0x0000, 0x0000, 0x0000, 0x0000, 0x0000, 0x0000, 0x0000, 0x0000,
0x0000, 0x0000, 0x0000, 0x0000, 0x0000, 0x0000, 0x0000, 0x0000, 0x0000, 0x0000, 0x0000, 0x0000, 0x0000, 0x0000, 0x0000, 0x0000,
0x0000, 0x0000, 0x0000, 0x0000, 0x0000, 0x0000, 0x0000, 0x0000, 0x0000, 0x0000, 0x0000, 0x0000, 0x0000, 0x0000, 0x0000, 0x0000,
0x0000, 0x0000, 0x0000, 0x0000, 0x0000, 0x0000, 0x0000, 0x0000, 0x0000, 0x0000, 0x0000, 0x0000, 0x0000, 0x0000, 0x0000, 0x0000,
0x0000, 0x0000, 0x0000, 0x0000, 0x0000, 0x0000, 0x0000, 0x0000, 0x0000, 0x0000, 0x0000, 0x0000, 0x0000, 0x0000, 0x0000, 0x0000,
0x0000, 0x0000, 0x0000, 0x0000, 0x0000, 0x0000, 0x0000, 0x0000, 0x0000, 0x0000, 0x0000, 0x0000, 0x0000, 0x0000, 0x0000, 0x0000,
0x0000, 0x0000, 0x0000, 0x0000, 0x0000, 0x0000, 0x0000, 0x0000, 0x0000, 0x0000, 0x0000, 0x0000, 0x0000, 0x0000, 0x0000, 0x0000,
0x0000, 0x0000, 0x0000, 0x0000, 0x0000, 0x0000, 0x0000, 0x0000, 0x0000, 0x0000, 0x0000, 0x0000, 0x0000, 0x0000, 0x0000, 0x0000,
0x0000, 0x0000, 0x0000, 0x0000, 0x0000, 0x0000, 0x0000, 0x0000, 0x0000, 0x0000, 0x0000, 0x0000, 0x0000, 0x0000, 0x0000, 0x0000,
0x0000, 0x0000, 0x0000, 0x0000, 0x0000, 0x0000, 0x0000, 0x0000, 0x0000, 0x0000, 0x0000, 0x0000, 0x0000, 0x0000, 0x0000, 0x0000,
0x0000, 0x0000, 0x0000, 0x0000, 0x0000, 0x0000, 0x0000, 0x0000, 0x0000, 0x0000, 0x0000, 0x0000, 0x0000, 0x0000, 0x0000, 0x0000,
0x0000, 0x0000, 0x0000, 0x0000, 0x0000, 0x0000, 0x0000, 0x0000, 0x0000, 0x0000, 0x0000, 0x0000, 0x0000, 0x0000, 0x0000, 0x0000,
0x0000, 0x0000, 0x0000, 0x0000, 0x0000, 0x0000, 0x0000, 0x0000, 0x0000, 0x0000, 0x0000, 0x0000, 0x0000, 0x0000, 0x0000, 0x0000,
0x0000, 0x0000, 0x0000, 0x0000, 0x0000, 0x0000, 0x0000, 0x0000, 0x0000, 0x0000, 0x0000, 0x0000, 0x0000, 0x0000, 0x0000, 0x0000,
0x0000, 0x0000, 0x0000, 0x0000, 0x0000, 0x0000, 0x0000, 0x0000, 0x0000, 0x0000, 0x0000, 0x0000, 0x0000, 0x0000, 0x0000, 0x0000,
0x0000, 0x0000, 0x0000, 0x0000, 0x0000, 0x0000, 0x0000, 0x0000, 0x0000, 0x0000, 0x0000, 0x0000, 0x0000, 0x0000, 0x0000, 0x0000,
0x0000, 0x0000, 0x0000, 0x0000, 0x0000, 0x0000, 0x0000, 0x0000, 0x0000, 0x0000, 0x0000, 0x0000, 0x0000, 0x0000, 0x0000, 0x0000,
0x0000, 0x0000, 0x0000, 0x0000, 0x0000, 0x0000, 0x0000, 0x0000, 0x0000, 0x0000, 0x0000, 0x0000, 0x0000, 0x0000, 0x0000, 0x0000,
0x0000, 0x0000, 0x0000, 0x0000, 0x0000, 0x0000, 0x0000, 0x0000, 0x0000, 0x0000, 0x0000, 0x0000, 0x0000, 0x0000, 0x0000, 0x0000,
0x0000, 0x0000, 0x0000, 0x0000, 0x0000, 0x0000, 0x0000, 0x0000, 0x0000, 0x0000, 0x0000, 0x0000, 0x0000, 0x0000, 0x0000, 0x0000,
0x0000, 0x0000, 0x0000, 0x0000, 0x0000, 0x0000, 0x0000, 0x0000, 0x0000, 0x0000, 0x0000, 0x0000, 0x0000, 0x0000, 0x0000, 0x0000,
0x0000, 0x0000, 0x0000, 0x0000, 0x0000, 0x0000, 0x0000, 0x0000, 0x0000, 0x0000, 0x0000, 0x0000, 0x0000, 0x0000, 0x0000, 0x0000,
0x0000, 0x0000, 0x0000, 0x0000, 0x0000, 0x0000, 0x0000, 0x0000, 0x0000, 0x0000, 0x0000, 0x0000, 0x0000, 0x0000, 0x0000, 0x0000,
0x0000, 0x0000, 0x0000, 0x0000, 0x0000, 0x0000, 0x0000, 0x0000, 0x0000, 0x0000, 0x0000, 0x0000, 0x0000, 0x0000, 0x0000, 0x0000,
0x0000, 0x0000, 0x0000, 0x0000, 0x0000, 0x0000, 0x0000, 0x0000, 0x0000, 0x0000, 0x0000, 0x0000, 0x0000, 0x0000, 0x0000, 0x0000,
0x0000, 0x0000, 0x0000, 0x0000, 0x0000, 0x0000, 0x0000, 0x0000, 0x0000, 0x0000, 0x0000, 0x0000, 0x0000, 0x0000, 0x0000, 0x0000,
0x0000, 0x0000, 0x0000, 0x0000, 0x0000, 0x0000, 0x0000, 0x0000, 0x0000, 0x0000, 0x0000, 0x0000, 0x0000, 0x0000, 0x0000, 0x0000,
0x0000, 0x0000, 0x0000, 0x0000, 0x0000, 0x0000, 0x0000, 0x0000, 0x0000, 0x0000, 0x0000, 0x0000, 0x0000, 0x0000, 0x0000, 0x0000,
0x0000, 0x0000, 0x0000, 0x0000, 0x0000, 0x0000, 0x0000, 0x0000, 0x0000, 0x0000, 0x0000, 0x0000, 0x0000, 0x0000, 0x0000, 0x0000,
0x0000, 0x0000, 0x0000, 0x0000, 0x0000, 0x0000, 0x0000, 0x0000, 0x0000, 0x0000, 0x0000, 0x0000, 0x0000, 0x0000, 0x0000, 0x0000,
0x0000, 0x0000, 0x0000, 0x0000, 0x0000, 0x0000, 0x0000, 0x0000, 0x0000, 0x0000, 0x0000, 0x0000, 0x0000, 0x0000, 0x0000, 0x0000,
0x0000, 0x0000, 0x0000, 0x0000, 0x0000, 0x0000, 0x0000, 0x0000, 0x0000, 0x0000, 0x0000, 0x0000, 0x0000, 0x0000, 0x0000, 0x0000,
0x0000, 0x0000, 0x0000, 0x0000, 0x0000, 0x0000, 0x0000, 0x0000, 0x0000, 0x0000, 0x0000, 0x0000, 0x0000, 0x0000, 0x0000, 0x0000,
0x0000, 0x0000, 0x0000, 0x0000, 0x0000, 0x0000, 0x0000, 0x0000, 0x0000, 0x0000, 0x0000, 0x0820, 0x0000, 0x0000, 0x0000, 0x0841,
0x0000, 0x0000, 0x0020, 0x0000, 0x2104, 0x39A8, 0x6AEE, 0x83B0, 0x9432, 0x7BB0, 0x734F, 0x83D0, 0x41C7, 0x2925, 0x4228, 0x630C,
0x6B2D, 0x0020, 0x0000, 0x0841, 0x2104, 0x6B2D, 0x630C, 0x526A, 0x3187, 0x1082, 0x4A29, 0x528B, 0x41E8, 0x18E3, 0x0861, 0x0000,
0x0000, 0x0000, 0x0000, 0x0000, 0x0000, 0x0000, 0x0000, 0x0000, 0x0000, 0x0000, 0x0000, 0x0000, 0x0000, 0x0000, 0x0000, 0x0000,
0x0000, 0x0000, 0x0000, 0x0000, 0x0000, 0x0000, 0x0000, 0x0000, 0x0000, 0x0000, 0x0000, 0x0000, 0x0000, 0x0000, 0x0000, 0x0000,
0x0000, 0x0000, 0x0000, 0x0000, 0x0000, 0x0000, 0x0000, 0x0000, 0x0000, 0x0000, 0x0000, 0x0000, 0x0000, 0x0000, 0x0000, 0x0000,
0x0000, 0x0000, 0x0000, 0x0000, 0x0000, 0x0000, 0x0000, 0x0000, 0x0000, 0x0000, 0x0000, 0x0000, 0x0000, 0x0000, 0x0000, 0x0000,
0x0000, 0x0000, 0x0000, 0x0000, 0x0000, 0x0000, 0x0000, 0x0000, 0x0000, 0x0000, 0x0000, 0x0000, 0x0000, 0x0000, 0x0000, 0x0000,
0x0000, 0x0000, 0x0000, 0x0000, 0x0000, 0x0000, 0x0000, 0x0000, 0x0000, 0x0000, 0x0000, 0x0000, 0x0000, 0x0000, 0x0000, 0x0000,
0x0841, 0x10A2, 0x18C3, 0x39C7, 0x62EC, 0x6B4D, 0x734E, 0x62CC, 0x732E, 0x5A8B, 0x62AC, 0x9CD5, 0xA536, 0xBDB9, 0xB599, 0xA516,
0x8C74, 0xAD57, 0xBDD9, 0x9C93, 0x5229, 0x6B0C, 0x9471, 0x6B6D, 0x4A69, 0x528A, 0x6B6E, 0x630D, 0x8412, 0x8432, 0x73B0, 0x630E,
0x2104, 0x62CC, 0xA4F6, 0xA4D6, 0x9C34, 0x62CE, 0x5A8B, 0x41E8, 0x2925, 0x2904, 0x41C7, 0x2925, 0x41E8, 0x18A3, 0x0000, 0x0000,
0x0000, 0x0000, 0x0000, 0x0000, 0x0000, 0x0000, 0x0000, 0x0000, 0x0000, 0x0000, 0x0000, 0x0000, 0x0000, 0x0000, 0x0000, 0x0000,
0x0000, 0x0000, 0x0000, 0x0000, 0x0000, 0x0000, 0x0000, 0x0000, 0x0000, 0x0000, 0x0000, 0x0000, 0x0000, 0x0000, 0x0000, 0x0000,
0x0000, 0x0000, 0x0000, 0x0000, 0x0000, 0x0000, 0x0000, 0x0000, 0x0000, 0x0000, 0x0000, 0x0000, 0x0000, 0x0000, 0x0000, 0x0000,
0x0000, 0x0000, 0x0000, 0x0000, 0x0000, 0x0000, 0x0000, 0x0000, 0x0000, 0x0000, 0x0000, 0x0000, 0x0000, 0x0000, 0x0000, 0x0000,
0x0000, 0x0000, 0x0000, 0x0000, 0x0000, 0x0000, 0x0000, 0x0000, 0x0000, 0x0000, 0x0000, 0x0000, 0x0000, 0x0000, 0x0000, 0x0000,
0x0000, 0x0000, 0x18C3, 0x41E8, 0x2104, 0x4A49, 0x5AAB, 0x736F, 0x528C, 0x4A4A, 0x94B3, 0x9CD2, 0x9CD2, 0x9471, 0x83CF, 0x83CF,
0x8C30, 0xA535, 0xBDB6, 0xB594, 0xBD94, 0xAD31, 0xA50F, 0xB590, 0xBDAF, 0xC611, 0xD673, 0xCDEF, 0xD62F, 0xDEB0, 0xE6F0, 0xE6CF,
0xDEAF, 0xDEB0, 0xDEB1, 0xC5EF, 0xCE10, 0xAD2E, 0xA4EF, 0xAD52, 0xAD32, 0x9CB1, 0xA4F3, 0xA4D5, 0x8BF3, 0x732F, 0x6B0D, 0x734E,
0xACD5, 0x9C95, 0x9455, 0x8C35, 0x9474, 0x83D1, 0x62CC, 0x4208, 0x0841, 0x0000, 0x0000, 0x0000, 0x0000, 0x0000, 0x0000, 0x0000,
0x0000, 0x0000, 0x0000, 0x0000, 0x0000, 0x0000, 0x0000, 0x0000, 0x0000, 0x0000, 0x0000, 0x0000, 0x0000, 0x0000, 0x0000, 0x0000,
0x0000, 0x0000, 0x0000, 0x0000, 0x0000, 0x0000, 0x0000, 0x0000, 0x0000, 0x0000, 0x0000, 0x0000, 0x0000, 0x0000, 0x0000, 0x0000,
0x0000, 0x0000, 0x0000, 0x0000, 0x0000, 0x0000, 0x0000, 0x0000, 0x0000, 0x0000, 0x0000, 0x0000, 0x0000, 0x0000, 0x0000, 0x0000,
0x0000, 0x0000, 0x0000, 0x0000, 0x0000, 0x0000, 0x0000, 0x0000, 0x0000, 0x0000, 0x0000, 0x0000, 0x0000, 0x0000, 0x0000, 0x0000,
0x0000, 0x0000, 0x0000, 0x0000, 0x0000, 0x0000, 0x0841, 0x39C7, 0x5AAC, 0x526B, 0x7B90, 0x8411, 0x8C72, 0xAD74, 0xAD74, 0xAD51,
0xB592, 0xBDB1, 0xD670, 0xEEB0, 0xEECF, 0xE6CF, 0xDE8E, 0xD64E, 0xDECF, 0xEEEE, 0xF6CB, 0xFF0C, 0xFF4C, 0xFF4B, 0xFF09, 0xFF09,
0xF709, 0xF6EA, 0xF72A, 0xF709, 0xFEE9, 0xF6C8, 0xFEE6, 0xFEE8, 0xF6EA, 0xF6EA, 0xF70C, 0xF6EB, 0xFF4C, 0xFF71, 0xFF52, 0xF771,
0xE6EE, 0xD62C, 0xBD8D, 0xA50E, 0xA4AC, 0xA48B, 0xB54F, 0xAD4F, 0xA4F0, 0x9CB2, 0x8C32, 0x9CF5, 0xAD37, 0xB537, 0xAD17, 0x632E,
0x2966, 0x2104, 0x0000, 0x0000, 0x0000, 0x0000, 0x0000, 0x0000, 0x0000, 0x0000, 0x0000, 0x0000, 0x0000, 0x0000, 0x0000, 0x0000,
0x0000, 0x0000, 0x0000, 0x0000, 0x0000, 0x0000, 0x0000, 0x0000, 0x0000, 0x0000, 0x0000, 0x0000, 0x0000, 0x0000, 0x0000, 0x0000,
0x0000, 0x0000, 0x0000, 0x0000, 0x0000, 0x0000, 0x0000, 0x0000, 0x0000, 0x0000, 0x0000, 0x0000, 0x0000, 0x0000, 0x0000, 0x0000,
0x0000, 0x0000, 0x0000, 0x0000, 0x0000, 0x0000, 0x0000, 0x0000, 0x0000, 0x0000, 0x0000, 0x0000, 0x0000, 0x0000, 0x0000, 0x0000,
0x0000, 0x0000, 0x0000, 0x0000, 0x0000, 0x0000, 0x0000, 0x0000, 0x0000, 0x0000, 0x0861, 0x1082, 0x3186, 0x73B0, 0x94B4, 0x9CF4,
0xAD54, 0xC613, 0xCE71, 0xDEB3, 0xEF34, 0xF792, 0xFF90, 0xFF50, 0xFF2D, 0xFF6A, 0xFF4B, 0xFF2B, 0xFEEB, 0xDDA9, 0xF6C7, 0xEE89,
0xEE68, 0xE627, 0xC548, 0xACA8, 0xA3C5, 0xDDA3, 0xF6C6, 0xEE47, 0xF626, 0xF6C7, 0xEDE7, 0xB4C6, 0xBD28, 0xD587, 0xDD64, 0xEE26,
0xFF0B, 0xF6EB, 0xE608, 0xE5E8, 0xEE8A, 0xF6CC, 0xF6EB, 0xF709, 0xFEE9, 0xFF28, 0xF6EA, 0xFEC9, 0xF688, 0xEEA8, 0xEEC9, 0xE6AA,
0xE6CC, 0xCE2D, 0xB58C, 0xAD2E, 0x9CD1, 0xAD35, 0x8C52, 0x7BB1, 0x7BB1, 0x52AC, 0x2104, 0x0000, 0x0000, 0x0000, 0x0000, 0x0000,
0x0000, 0x0000, 0x0000, 0x0000, 0x0000, 0x0000, 0x0000, 0x0000, 0x0000, 0x0000, 0x0000, 0x0000, 0x0000, 0x0000, 0x0000, 0x0000,
0x0000, 0x0000, 0x0000, 0x0000, 0x0000, 0x0000, 0x0000, 0x0000, 0x0000, 0x0000, 0x0000, 0x0000, 0x0000, 0x0000, 0x0000, 0x0000,
0x0000, 0x0000, 0x0000, 0x0000, 0x0000, 0x0000, 0x0000, 0x0000, 0x0000, 0x0000, 0x0000, 0x0000, 0x0000, 0x0000, 0x0000, 0x0000,
0x0000, 0x0000, 0x0000, 0x0000, 0x0000, 0x0000, 0x0000, 0x0000, 0x0000, 0x0000, 0x0000, 0x0000, 0x0000, 0x0000, 0x0000, 0x2104,
0x4A29, 0x736F, 0x7BD1, 0x8C51, 0xAD32, 0xD652, 0xEED2, 0xFF53, 0xF771, 0xF770, 0xF750, 0xF70E, 0xF70C, 0xF6EB, 0xF6C9, 0xF6E9,
0xC569, 0x9C28, 0xB4CA, 0xA46A, 0x6264, 0xEEA7, 0xDE28, 0x72E5, 0x3922, 0x20A2, 0x1021, 0x8AC5, 0xE5A4, 0xFEE6, 0xA427, 0xB406,
0xFE86, 0xEE06, 0x6A64, 0x0820, 0x38E2, 0xABE5, 0xE5E6, 0xF6C9, 0xFEEB, 0x8307, 0x7263, 0xFE68, 0xFEC9, 0xF6E8, 0xFEE9, 0xFEA8,
0xE605, 0xDDE9, 0xF6A9, 0xFEE7, 0xFF08, 0xFF09, 0xF6E8, 0xEEE7, 0xF707, 0xFF09, 0xF6EC, 0xDE6E, 0xD64F, 0xCE10, 0xBD71, 0x9491,
0x73D1, 0x8433, 0x528B, 0x0841, 0x0000, 0x0000, 0x0000, 0x0000, 0x0000, 0x0000, 0x0000, 0x0000, 0x0000, 0x0000, 0x0000, 0x0000,
0x0000, 0x0000, 0x0000, 0x0000, 0x0000, 0x0000, 0x0000, 0x0000, 0x0000, 0x0000, 0x0000, 0x0000, 0x0000, 0x0000, 0x0000, 0x0000,
0x0000, 0x0000, 0x0000, 0x0000, 0x0000, 0x0000, 0x0000, 0x0000, 0x0000, 0x0000, 0x0000, 0x0000, 0x0000, 0x0000, 0x0000, 0x0000,
0x0000, 0x0000, 0x0000, 0x0000, 0x0000, 0x0000, 0x0000, 0x0000, 0x0000, 0x0000, 0x0000, 0x0000, 0x0000, 0x0000, 0x0000, 0x0000,
0x0000, 0x0000, 0x0020, 0x2945, 0x3187, 0x73B0, 0x9CF5, 0x9CD4, 0x8431, 0x8C4F, 0xCE33, 0xEEF0, 0xF6CC, 0xF6CD, 0xF6CC, 0xF70C,
0xF70E, 0xF72D, 0xF72C, 0xF6EB, 0xFEE9, 0xF6EA, 0x7B06, 0x2021, 0x8307, 0x9B86, 0x51A3, 0x2861, 0xCDA8, 0xFF2A, 0xDDEA, 0x30A1,
0x1042, 0x2081, 0xC426, 0xFE24, 0xFF08, 0x6A85, 0x6A42, 0xFE66, 0xF6A6, 0xDDA8, 0x2081, 0x82E5, 0xF606, 0xF6A7, 0xFF28, 0xD589,
0x1821, 0x4982, 0xF626, 0xF6E6, 0xF6E6, 0xF6C9, 0xFEC8, 0xC545, 0x4102, 0x5A04, 0x7B46, 0x9C28, 0xBD28, 0xE668, 0xFF27, 0xF6C6,
0xFEC6, 0xF6E8, 0xFF2B, 0xFF4D, 0xFF0E, 0xFF0F, 0xEEEF, 0xB58E, 0xA511, 0xA4F4, 0x6B2E, 0x31A7, 0x2125, 0x18C3, 0x0000, 0x0000,
0x0000, 0x0000, 0x0000, 0x0000, 0x0000, 0x0000, 0x0000, 0x0000, 0x0000, 0x0000, 0x0000, 0x0000, 0x0000, 0x0000, 0x0000, 0x0000,
0x0000, 0x0000, 0x0000, 0x0000, 0x0000, 0x0000, 0x0000, 0x0000, 0x0000, 0x0000, 0x0000, 0x0000, 0x0000, 0x0000, 0x0000, 0x0000,
0x0000, 0x0000, 0x0000, 0x0000, 0x0000, 0x0000, 0x0000, 0x0000, 0x0000, 0x0000, 0x0000, 0x0000, 0x0000, 0x0000, 0x0000, 0x0000,
0x0000, 0x0000, 0x0000, 0x0000, 0x0000, 0x0000, 0x0000, 0x18C3, 0x5AAB, 0x83D1, 0x9CD5, 0xB579, 0x83F2, 0xA4EF, 0xDE94, 0xEED4,
0xEED0, 0xFF2E, 0xF68B, 0xF68C, 0xEEAC, 0xF70A, 0xF72A, 0xF6EA, 0xF70B, 0xF72A, 0xF709, 0xFF4A, 0x93E6, 0x0800, 0x59A3, 0xE586,
0xFE88, 0xEE4A, 0x61E4, 0xAC06, 0xFF07, 0xFEC8, 0x9BA7, 0x1861, 0x1020, 0x9AE4, 0xFE04, 0xEE68, 0x28E2, 0x5182, 0xEDE6, 0xFEE6,
0xD587, 0x4963, 0xD4E6, 0xFE85, 0xF6C6, 0xFF28, 0x6A84, 0x0800, 0x30E2, 0xDD68, 0xF6E5, 0xF706, 0xF6E7, 0xFEE7, 0xFEE6, 0x7B05,
0x0000, 0x0800, 0x6A66, 0x7286, 0x4142, 0xAC87, 0xF6C7, 0xFEE7, 0xEF06, 0xF70A, 0xF72D, 0xFEED, 0xF6CC, 0xEEE9, 0xF709, 0xEEAA,
0xD5EC, 0xB4EC, 0x942B, 0x7B8D, 0xA4F5, 0x6B4D, 0x0000, 0x0000, 0x0000, 0x0000, 0x0000, 0x0000, 0x0000, 0x0000, 0x0000, 0x0000,
0x0000, 0x0000, 0x0000, 0x0000, 0x0000, 0x0000, 0x0000, 0x0000, 0x0000, 0x0000, 0x0000, 0x0000, 0x0000, 0x0000, 0x0000, 0x0000,
0x0000, 0x0000, 0x0000, 0x0000, 0x0000, 0x0000, 0x0000, 0x0000, 0x0000, 0x0000, 0x0000, 0x0000, 0x0000, 0x0000, 0x0000, 0x0000,
0x0000, 0x0000, 0x0000, 0x0000, 0x0000, 0x0000, 0x0000, 0x0000, 0x0000, 0x0000, 0x0000, 0x0000, 0x2124, 0x41E8, 0x8411, 0x9CD2,
0x9CD0, 0x94AF, 0x944D, 0xC5AE, 0xEEEE, 0xF6EC, 0xF6CA, 0xF6EA, 0xAC89, 0x51C3, 0x4143, 0x5203, 0x7B66, 0xB528, 0xF6C9, 0xFF09,
0xF709, 0xFF0A, 0xCD89, 0x20A2, 0x1021, 0x7AA4, 0xF5E6, 0xF6E9, 0xF708, 0xD547, 0xBC64, 0xF6C7, 0xFF27, 0xD5A9, 0x1880, 0x1020,
0x7A64, 0xF5A5, 0xC4C8, 0x1000, 0x5143, 0xE547, 0xFF07, 0xAC87, 0x4962, 0xEDA6, 0xF6C6, 0xFEC8, 0xC548, 0x2061, 0x20A2, 0x1001,
0x82E4, 0xF665, 0xF6C6, 0xF6E7, 0xF6C7, 0xFF27, 0x9BE5, 0x1002, 0x2081, 0xC4E7, 0xFEE8, 0x72E5, 0x0800, 0x9C06, 0xFEE8, 0xF6E7,
0xF6C8, 0xD5A9, 0xD5CA, 0xFF0A, 0xFF29, 0xFEC6, 0xF6A6, 0xFEC6, 0xF6C7, 0xE648, 0xCDAB, 0xA46C, 0x734C, 0x39A7, 0x4A29, 0x0861,
0x0000, 0x0000, 0x0000, 0x0000, 0x0000, 0x0000, 0x0000, 0x0000, 0x0000, 0x0000, 0x0000, 0x0000, 0x0000, 0x0000, 0x0000, 0x0000,
0x0000, 0x0000, 0x0000, 0x0000, 0x0000, 0x0000, 0x0000, 0x0000, 0x0000, 0x0000, 0x0000, 0x0000, 0x0000, 0x0000, 0x0000, 0x0000,
0x0000, 0x0000, 0x0000, 0x0000, 0x0000, 0x0000, 0x0000, 0x0000, 0x0000, 0x0000, 0x0000, 0x0000, 0x0000, 0x0000, 0x0000, 0x0000,
0x0000, 0x0000, 0x4208, 0xB596, 0x526B, 0x5AC9, 0xC5CE, 0xE68C, 0xE64C, 0xF70D, 0xFF2C, 0xF6CA, 0xF6A9, 0xF72A, 0x8BC7, 0x1800,
0x7AA4, 0x8B04, 0x38E1, 0x0800, 0x1840, 0x72A5, 0xEE4A, 0xF708, 0xFF2A, 0xBD0A, 0x20A1, 0x1020, 0x8AE5, 0xFDE6, 0xF707, 0xFF06,
0xFEA7, 0xF668, 0xE608, 0xEE85, 0xF6E9, 0x4A04, 0x0000, 0x4941, 0xF568, 0x7AC5, 0x0800, 0x1800, 0x9305, 0xFEEA, 0x62A4, 0x6A24,
0xF625, 0xEF05, 0xFEE9, 0x59E4, 0x6266, 0x49C4, 0x0000, 0x4982, 0xEDE6, 0xFEE6, 0xF6C6, 0xF6C6, 0xFF07, 0xB4A8, 0x1041, 0x30C2,
0xDD47, 0xFEA5, 0xB467, 0x0800, 0x6A65, 0xF6A6, 0xF706, 0xFEE9, 0x6A85, 0x1020, 0x6264, 0xA448, 0xDDEA, 0xFEA7, 0xFEE7, 0xF6A4,
0xF686, 0xF6A9, 0xE629, 0xBD08, 0x9C0B, 0x9C92, 0x9432, 0x18C3, 0x0000, 0x0000, 0x0000, 0x0000, 0x0000, 0x0000, 0x0000, 0x0000,
0x0000, 0x0000, 0x0000, 0x0000, 0x0000, 0x0000, 0x0000, 0x0000, 0x0000, 0x0000, 0x0000, 0x0000, 0x0000, 0x0000, 0x0000, 0x0000,
0x0000, 0x0000, 0x0000, 0x0000, 0x0000, 0x0000, 0x0000, 0x0000, 0x0000, 0x0000, 0x0000, 0x0000, 0x0000, 0x0000, 0x0000, 0x0000,
0x0000, 0x0000, 0x0000, 0x0000, 0x0000, 0x0000, 0x0000, 0x0000, 0x528B, 0x94B5, 0x83B0, 0x93E8, 0xDE49, 0xF6E8, 0xF6C6, 0xF667,
0xF68A, 0xF70C, 0xF6CA, 0xFF08, 0xD5EB, 0x1020, 0x4982, 0xEDC8, 0xFEA8, 0xD567, 0x4922, 0x1001, 0x1001, 0x7AE5, 0xEEA8, 0xF6EA,
0x9BE8, 0x1861, 0x1001, 0x8AC4, 0xF584, 0xD544, 0xA426, 0x93E8, 0x5224, 0x7AC4, 0xE5E4, 0xFF69, 0x7B67, 0x0000, 0x2060, 0xC46A,
0x4183, 0x2042, 0x1000, 0x4962, 0xDD6A, 0x4122, 0xAB85, 0xFE46, 0xFF08, 0xBD28, 0x30A1, 0xD549, 0x82E5, 0x1021, 0x2061, 0xC4A6,
0xFF07, 0xF6E7, 0xFEE6, 0xF6E8, 0x59E3, 0x0000, 0x3903, 0xED66, 0xFE64, 0xA3E6, 0x0800, 0x6A86, 0xEE47, 0xFF05, 0xDDE8, 0x4923,
0x82A4, 0x9366, 0x51A5, 0x30C1, 0x8325, 0xBCE7, 0xF6C8, 0xFEE7, 0xF687, 0xF628, 0xF668, 0xE62A, 0xC54E, 0xAD13, 0x526A, 0x0000,
0x0000, 0x0000, 0x0000, 0x0000, 0x0000, 0x0000, 0x0000, 0x0000, 0x0000, 0x0000, 0x0000, 0x0000, 0x0000, 0x0000, 0x0000, 0x0000,
0x0000, 0x0000, 0x0000, 0x0000, 0x0000, 0x0000, 0x0000, 0x0000, 0x0000, 0x0000, 0x0000, 0x0000, 0x0000, 0x0000, 0x0000, 0x0000,
0x0000, 0x0000, 0x0000, 0x0000, 0x0000, 0x0000, 0x0000, 0x0000, 0x0000, 0x0000, 0x0000, 0x0000, 0x0000, 0x10C2, 0x8431, 0x8C33,
0x6B2B, 0xA4A8, 0xF6A9, 0xF686, 0xF6A4, 0xE608, 0xC464, 0xEDE5, 0xF70B, 0xEEE9, 0xFF29, 0x72E6, 0x0800, 0x6A84, 0xF667, 0xF6A7,
0xFE88, 0xB3E6, 0x30C2, 0x1881, 0x1021, 0xB447, 0xFE89, 0x51C3, 0x0000, 0x2041, 0x9B05, 0xF5C4, 0xDD85, 0x72A5, 0x0800, 0x0800,
0x8B06, 0xF665, 0xF6C7, 0xDE4C, 0x2903, 0x1000, 0x4144, 0x30E3, 0x82A7, 0x1000, 0x20A1, 0xA3EB, 0x4903, 0xCC85, 0xFE86, 0xFEC9,
0x5A23, 0x72E4, 0xFF08, 0xA446, 0x1021, 0x1841, 0xABE5, 0xFEE7, 0xF6E7, 0xFF06, 0xD607, 0x28A2, 0x0801, 0x72C5, 0xFEA6, 0xEE47,
0x5A05, 0x0801, 0x3900, 0xE606, 0xFF07, 0xAC45, 0x7A64, 0xF5A6, 0xEDE8, 0x5184, 0x0800, 0x2882, 0x4984, 0x49E3, 0x9B66, 0xEDA7,
0xF68A, 0xF66A, 0xEE28, 0xEE2B, 0xB4CA, 0x7B8B, 0x2946, 0x41E8, 0x2104, 0x0861, 0x0000, 0x0000, 0x0000, 0x0000, 0x0000, 0x0000,
0x0000, 0x0000, 0x0000, 0x0000, 0x0000, 0x0000, 0x0000, 0x0000, 0x0000, 0x0000, 0x0000, 0x0000, 0x0000, 0x0000, 0x0000, 0x0000,
0x0000, 0x0000, 0x0000, 0x0000, 0x0000, 0x0000, 0x0000, 0x0000, 0x0000, 0x0000, 0x0000, 0x0000, 0x0000, 0x0000, 0x0000, 0x0000,
0x0000, 0x0000, 0x0000, 0x18C3, 0x7BF2, 0x738F, 0x7B27, 0xD5AA, 0xF6E9, 0xF6A6, 0xFE86, 0xD5C8, 0x6A45, 0xABC7, 0xFE27, 0xEF0A,
0xF6E9, 0xF689, 0x49E3, 0x0000, 0x72A4, 0xF687, 0xF6A7, 0xF666, 0xF628, 0x72A6, 0x1020, 0x1021, 0x9304, 0xFE27, 0x72A4, 0x0800,
0x2041, 0x9B05, 0xF5E5, 0xFF06, 0xC568, 0x2040, 0x1021, 0x7A83, 0xF645, 0xFEC7, 0xEEE9, 0x3963, 0x1001, 0x1000, 0x5942, 0xCC67,
0x30C1, 0x0820, 0x3945, 0x61C2, 0xED86, 0xFEE7, 0xD5A8, 0x3102, 0xD58B, 0xFF29, 0xD5CC, 0x28C2, 0x1020, 0x9BA5, 0xFEA6, 0xFEC7,
0xFEA6, 0xDDE7, 0x3922, 0x0801, 0x6266, 0xACA9, 0x5A24, 0x1000, 0x2061, 0xA3C5, 0xFE85, 0xF6C7, 0xCD04, 0xD4C4, 0xFEA6, 0x93E7,
0x1020, 0x1021, 0x82E4, 0xEE0B, 0x4122, 0x3860, 0xDD24, 0xF6E7, 0xEE89, 0xF667, 0xEE26, 0xF688, 0xC56A, 0x8BCA, 0x5A8A, 0x526A,
0x7BB0, 0x18C3, 0x0000, 0x0000, 0x0000, 0x0000, 0x0000, 0x0000, 0x0000, 0x0000, 0x0000, 0x0000, 0x0000, 0x0000, 0x0000, 0x0000,
0x0000, 0x0000, 0x0000, 0x0000, 0x0000, 0x0000, 0x0000, 0x0000, 0x0000, 0x0000, 0x0000, 0x0000, 0x0000, 0x0000, 0x0000, 0x0000,
0x0000, 0x0000, 0x0000, 0x0000, 0x0000, 0x0000, 0x0000, 0x0000, 0x0000, 0x1082, 0x7390, 0x5ACD, 0x9C29, 0xF6A9, 0xFEC7, 0xF686,
0xDDA7, 0xA407, 0x3923, 0x1000, 0xABE9, 0xFE28, 0xF6EC, 0xF6EB, 0xF68B, 0x6266, 0x0000, 0x51E3, 0xF647, 0xF6C6, 0xF6E6, 0xFE68,
0x6A43, 0x1001, 0x1841, 0x8B06, 0xFE08, 0xA385, 0x0800, 0x1001, 0x6182, 0xE565, 0xFEC6, 0xDDC6, 0x6A85, 0x0000, 0x7A84, 0xEDE5,
0xF686, 0xFF49, 0x8C08, 0x1000, 0x1841, 0x8AA3, 0xF5A7, 0x49A3, 0x0800, 0x1000, 0x8AA3, 0xF626, 0xFF28, 0x9BC7, 0x1862, 0x6A65,
0x5203, 0x6A67, 0x2082, 0x0800, 0x51C3, 0xF627, 0xFEC7, 0xFEC6, 0xC506, 0x28C2, 0x0801, 0x51E5, 0x30C1, 0x1041, 0x7B29, 0xBCE6,
0xF627, 0xFEA5, 0xF6E6, 0xFEA6, 0xFE46, 0xFEC8, 0x6A85, 0x0820, 0x28A1, 0xC4A5, 0xFEE8, 0x8B66, 0x7242, 0xF626, 0xFF27, 0xF6EB,
0xF6E9, 0xFF28, 0xF6A6, 0xF6A8, 0xF6C9, 0xDE2C, 0xB50E, 0x93F0, 0x7BB0, 0x31A7, 0x0020, 0x0000, 0x0000, 0x0000, 0x0000, 0x0000,
0x0000, 0x0000, 0x0000, 0x0000, 0x0000, 0x0000, 0x0000, 0x0000, 0x0000, 0x0000, 0x0000, 0x0000, 0x0000, 0x0000, 0x0000, 0x0000,
0x0000, 0x0000, 0x0000, 0x0000, 0x0000, 0x0000, 0x0000, 0x0000, 0x0000, 0x0000, 0x0000, 0x0000, 0x0000, 0x0000, 0x0000, 0x41E8,
0x83F2, 0x630D, 0xB54C, 0xFEC9, 0xF666, 0xE608, 0xE5E7, 0xB405, 0x5163, 0x2061, 0x1021, 0x5A04, 0xEDE8, 0xEE87, 0xF70C, 0xD5AA,
0x2860, 0x1021, 0x30A1, 0xDD87, 0xFEE6, 0xEF08, 0xFEA7, 0xC486, 0x2061, 0x0820, 0x30C2, 0xE548, 0xDD07, 0x2860, 0x0821, 0x3881,
0xC465, 0xFE85, 0xF627, 0x6A64, 0x0000, 0x5142, 0xDD04, 0xFE87, 0xFEE8, 0xDE6A, 0x28C1, 0x1821, 0xB3E4, 0xFEC8, 0x72E4, 0x0800,
0x38C1, 0xBC04, 0xFEC6, 0xEE89, 0x5984, 0x8325, 0xAC25, 0x9B84, 0xA385, 0x59A4, 0x0800, 0x4122, 0xE5A7, 0xFF07, 0xFEE7, 0x9384,
0x0801, 0x1000, 0xBCA8, 0xBC67, 0x0800, 0x2922, 0xCD08, 0xFE86, 0xF6C7, 0xF706, 0xF705, 0xFF07, 0xC548, 0x2081, 0x0820, 0x7244,
0xFE48, 0xF686, 0xA425, 0xC505, 0xFEC6, 0xACA7, 0x51E4, 0x5204, 0x9C26, 0xEE8A, 0xFEE6, 0xF6A5, 0xFEC6, 0xEE6B, 0xCD8D, 0x940E,
0x83D2, 0x62CD, 0x1082, 0x0000, 0x0000, 0x0000, 0x0000, 0x0000, 0x0000, 0x0000, 0x0000, 0x0000, 0x0000, 0x0000, 0x0000, 0x0000,
0x0000, 0x0000, 0x0000, 0x0000, 0x0000, 0x0000, 0x0000, 0x0000, 0x0000, 0x0000, 0x0000, 0x0000, 0x0000, 0x0000, 0x0000, 0x0000,
0x0000, 0x0000, 0x0000, 0x0000, 0x0000, 0x4A4B, 0x7BF3, 0x5ACB, 0xBD8F, 0xF6A9, 0xFE66, 0xBCE9, 0x59C3, 0xD526, 0xF625, 0xF5E7,
0x7A63, 0x0800, 0x18A1, 0xA3A7, 0xEDE7, 0xF70A, 0xE5E9, 0x4122, 0x0840, 0x1861, 0xB4A7, 0xFEE6, 0xF6E6, 0xF6C6, 0xF607, 0x4962,
0x0000, 0x30C2, 0xDD48, 0xFDC5, 0xA3C6, 0x2061, 0x1001, 0x82C4, 0xF667, 0xF626, 0x8325, 0x0000, 0x2861, 0xC465, 0xFE87, 0xF6C6,
0xFF28, 0x6285, 0x2040, 0xCCA5, 0xFEE7, 0xBC86, 0x0800, 0x6A23, 0xED64, 0xFEA6, 0xAC68, 0x30C2, 0xDDA6, 0xFEC6, 0xFE67, 0xFEC6,
0xA407, 0x0000, 0x38C2, 0xDD66, 0xFF07, 0xFE87, 0x9BA4, 0x0800, 0x2061, 0xD546, 0xD546, 0x2882, 0x0000, 0x61E4, 0xF646, 0xFEC5,
0xF6E6, 0xF6E5, 0xF6A6, 0x6A83, 0x0800, 0x2081, 0xBCC6, 0xFEC6, 0xF6E5, 0xF6A6, 0xF6C5, 0xE608, 0x4163, 0x1000, 0xA42B, 0x8B47,
0x6264, 0xE6AA, 0xFEE6, 0xFEA6, 0xF687, 0xF668, 0xE60D, 0x93ED, 0x736E, 0x734F, 0x0861, 0x0000, 0x0000, 0x0000, 0x0000, 0x0000,
0x0000, 0x0000, 0x0000, 0x0000, 0x0000, 0x0000, 0x0000, 0x0000, 0x0000, 0x0000, 0x0000, 0x0000, 0x0000, 0x0000, 0x0000, 0x0000,
0x0000, 0x0000, 0x0000, 0x0000, 0x0000, 0x0000, 0x0000, 0x0000, 0x0000, 0x0841, 0x18C3, 0x528C, 0x7BD2, 0x632A, 0xCE2E, 0xFF0A,
0xEDE7, 0x9B87, 0x1861, 0x2061, 0xCD46, 0xFEC6, 0xF6C7, 0xDDC6, 0x4122, 0x0800, 0x30A2, 0xC486, 0xF687, 0xF669, 0x7285, 0x0820,
0x0800, 0x5A23, 0xFEC9, 0xFEA6, 0xF6E6, 0xF6A7, 0x7A64, 0x0800, 0x2081, 0xCD06, 0xFE44, 0xF5E6, 0x6A43, 0x0000, 0x3903, 0xEE0A,
0xFF48, 0x9C27, 0x1000, 0x1820, 0xA385, 0xFEA6, 0xEEE6, 0xFF88, 0x7B66, 0x3060, 0xE566, 0xFEA6, 0xE5E8, 0x2081, 0x82A4, 0xFDE5,
0xB487, 0x2881, 0x1821, 0xBC88, 0xF646, 0xF666, 0xFEA8, 0x8BA7, 0x0000, 0x1821, 0xBC86, 0xFF28, 0xFEE8, 0x9BA5, 0x0800, 0x30C2,
0xE5E7, 0xF607, 0x61E6, 0x0000, 0x59E3, 0xF5E6, 0xFEC6, 0xF6C6, 0xF6A5, 0xE669, 0x4183, 0x0800, 0x9386, 0xFEC6, 0xF706, 0xF6E7,
0xF6E5, 0xF6A6, 0x7284, 0x1020, 0x49A2, 0xFEA8, 0xFEE8, 0x6264, 0x7B47, 0xB4C8, 0xCD05, 0xFEE7, 0xF688, 0xEE49, 0xE62B, 0x9C6B,
0x734E, 0x5AAD, 0x0020, 0x0000, 0x0000, 0x0000, 0x0000, 0x0000, 0x0000, 0x0000, 0x0000, 0x0000, 0x0000, 0x0000, 0x0000, 0x0000,
0x0000, 0x0000, 0x0000, 0x0000, 0x0000, 0x0000, 0x0000, 0x0000, 0x0000, 0x0000, 0x0000, 0x0000, 0x0000, 0x0000, 0x0000, 0x0000,
0x18C3, 0x7391, 0x7392, 0x7B6A, 0xEE8C, 0xFECA, 0xD587, 0x6204, 0x0000, 0x1061, 0x1041, 0x4143, 0xDD68, 0xF6A6, 0xFEA6, 0xBCC9,
0x1882, 0x1020, 0x51A3, 0xEDC6, 0xF666, 0xC4E7, 0x2061, 0x1021, 0x2061, 0xCDA7, 0xF6E6, 0xEEC6, 0xF6C7, 0x8305, 0x0000, 0x3901,
0xDD06, 0xFEA7, 0xF625, 0xDD27, 0x5162, 0x0800, 0x72C5, 0xB50A, 0x4143, 0x82A5, 0x9B47, 0x8A43, 0xFE26, 0xF6A6, 0xF706, 0xD5E8,
0x82C2, 0xE585, 0xF6C5, 0xF687, 0x6243, 0xA3A3, 0xE545, 0x7A62, 0x7A62, 0x7243, 0x7222, 0xE5C5, 0xEE24, 0xABE5, 0x4104, 0x28A2,
0x1820, 0x4983, 0xDE4A, 0xC527, 0x4122, 0x0000, 0x28C2, 0xE629, 0xFE45, 0x7A42, 0x0001, 0x51C4, 0xEDA7, 0xFEA6, 0xF6C5, 0xF6A7,
0x8345, 0x1042, 0x2861, 0xC4C4, 0xFEC6, 0xEEE6, 0xF6C6, 0xF6E5, 0xF648, 0x4982, 0x0800, 0x4122, 0xEE07, 0xFEC6, 0xA447, 0x0800,
0x4943, 0xDDC6, 0xF6E6, 0xF6C9, 0xF6C9, 0xEE88, 0xF66B, 0xA4CB, 0x840F, 0x5ACC, 0x0000, 0x0000, 0x0000, 0x0000, 0x0000, 0x0000,
0x0000, 0x0000, 0x0000, 0x0000, 0x0000, 0x0000, 0x0000, 0x0000, 0x0000, 0x0000, 0x0000, 0x0000, 0x0000, 0x0000, 0x0000, 0x0000,
0x0000, 0x0000, 0x0000, 0x0000, 0x0000, 0x0000, 0x0000, 0x39A7, 0x7B91, 0x6B0A, 0xDE2C, 0xF688, 0xF668, 0xD4E6, 0x9B24, 0x8B46,
0x2881, 0x1861, 0x0801, 0x6A44, 0xF669, 0xF68A, 0x8B68, 0x1001, 0x1861, 0x0800, 0x8B65, 0xF647, 0xF625, 0x9BA6, 0x1021, 0x0000,
0x8BA5, 0xFF49, 0xF6C6, 0xFEE8, 0x7AC5, 0x0000, 0x7A63, 0xF5E6, 0xFEE7, 0xF6E7, 0xF645, 0xDD06, 0x9325, 0x71C4, 0x71E3, 0x9284,
0xE4A5, 0xF5A6, 0xCC43, 0xF5E5, 0xFF08, 0xFF07, 0xFF07, 0xFE88, 0xFE86, 0xFEC6, 0xFEC7, 0xE609, 0xF668, 0xFE68, 0xFE29, 0xFE67,
0xFE49, 0xF628, 0xF626, 0xEE05, 0xDD65, 0xCCE7, 0xCCC7, 0xBC45, 0x9324, 0xBC46, 0xB3E4, 0x8243, 0x6A23, 0x38C1, 0x6A24, 0xEDE5,
0xCCC6, 0x1021, 0x1000, 0xCC86, 0xFEC6, 0xF6A5, 0xDDA8, 0x30C2, 0x0000, 0x6A04, 0xF605, 0xF686, 0xF6C5, 0xF6C7, 0xF6E7, 0xFEC7,
0x6243, 0x0800, 0x30C2, 0xCD67, 0xFEE7, 0x8345, 0x1820, 0xB487, 0xFEE7, 0xF6A6, 0xF6A8, 0xEEC8, 0xF6C7, 0xF627, 0xEE2A, 0x9C6B,
0x6B0E, 0x526A, 0x0000, 0x0000, 0x0000, 0x0000, 0x0000, 0x0000, 0x0000, 0x0000, 0x0000, 0x0000, 0x0000, 0x0000, 0x0000, 0x0000,
0x0000, 0x0000, 0x0000, 0x0000, 0x0000, 0x0000, 0x0000, 0x0000, 0x0000, 0x0000, 0x0000, 0x0841, 0x20E4, 0x31A7, 0x6B4F, 0x736D,
0xC56B, 0xF688, 0xEE88, 0xF6CA, 0xFE69, 0xFE86, 0xFE86, 0x8B06, 0x2041, 0x1861, 0x1041, 0x7307, 0x5A65, 0x40E1, 0xABC8, 0x30E1,
0x0820, 0x20C1, 0xCD28, 0xFE44, 0xEDE6, 0x9B85, 0x51A3, 0x1841, 0x7325, 0xDE4C, 0xCDAB, 0x2881, 0x4122, 0xCCE6, 0xFE66, 0xF6C6,
0xF6C6, 0xFEC7, 0xFEA8, 0xFE88, 0xFE09, 0xFDE7, 0xFDE7, 0xFE88, 0xFF08, 0xEE69, 0xCD89, 0xB529, 0xAD0B, 0xBD2B, 0xC54B, 0xBD4A,
0xB4EB, 0xACEB, 0xA4AA, 0x8C0A, 0x944A, 0x942B, 0x8C2B, 0x9C8A, 0xA4CA, 0xC5AC, 0xC56D, 0xC52A, 0xEE29, 0xFE88, 0xFE88, 0xFECA,
0xFEAA, 0xFE46, 0xFE26, 0xF5C7, 0xD505, 0xBC04, 0xEDA4, 0xFE67, 0x82E6, 0x1000, 0xA386, 0xFE87, 0xFF29, 0x93A7, 0x1000, 0x1001,
0x9B65, 0xFE65, 0xF685, 0xFF05, 0xBCC7, 0xAC65, 0xFF47, 0x9BE6, 0x1000, 0x0801, 0x9363, 0xFE67, 0x5983, 0x9B84, 0xFE86, 0xFEA6,
0xFE87, 0xFE88, 0xF687, 0xF688, 0xF648, 0xEDC6, 0xDDAA, 0x7327, 0x734F, 0x4A09, 0x0000, 0x0000, 0x0000, 0x0000, 0x0000, 0x0000,
0x0000, 0x0000, 0x0000, 0x0000, 0x0000, 0x0000, 0x0000, 0x0000, 0x0000, 0x0000, 0x0000, 0x0000, 0x0000, 0x0000, 0x0000, 0x0000,
0x0000, 0x0861, 0x4208, 0x8433, 0x73D1, 0x52AA, 0x9429, 0xF66A, 0xF667, 0xFEAA, 0xF6CA, 0xFEEB, 0xF6E8, 0xFEC6, 0xEE07, 0xBCC7,
0x2081, 0x1061, 0x0000, 0x59C5, 0xE568, 0xFE47, 0xAC27, 0x1020, 0x0000, 0x6243, 0xF648, 0xF5E4, 0xFE03, 0xDD27, 0x5142, 0x1000,
0x3923, 0x4963, 0x59A3, 0xC4E4, 0xF665, 0xF6A9, 0xFF09, 0xFEEA, 0xDE4B, 0xBD8B, 0x9CCA, 0x944A, 0x9409, 0xA46A, 0x9C8A, 0x9C8B,
0x6B29, 0x632C, 0x9493, 0x7BB2, 0x8C33, 0x6B4F, 0x630E, 0x7BB1, 0x83F2, 0x8C74, 0x94B6, 0x9496, 0x7BF3, 0x7BF3, 0x73B1, 0x8411,
0x9472, 0xB576, 0xA4B3, 0x8C0E, 0xB52F, 0xACEC, 0xACC9, 0xB529, 0xC58A, 0xDDEB, 0xEE8D, 0xFF0C, 0xFEEB, 0xFE68, 0xFE65, 0xF5E7,
0x9B87, 0x7204, 0xBC48, 0x72C5, 0x2881, 0x0800, 0x2082, 0xCCE7, 0xFE86, 0xF6A4, 0xEE48, 0x4943, 0x9BC5, 0xFF08, 0xDD88, 0x2081,
0x0001, 0x8283, 0xFDE5, 0xC4C5, 0xF686, 0xFEC5, 0xFEC5, 0xFEC6, 0xFEA7, 0xFEA7, 0xFE87, 0xFE87, 0xF646, 0xEE27, 0xD5EA, 0x6B29,
0x524B, 0x0840, 0x0000, 0x0000, 0x0000, 0x0000, 0x0000, 0x0000, 0x0000, 0x0000, 0x0000, 0x0000, 0x0000, 0x0000, 0x0000, 0x0000,
0x0000, 0x0000, 0x0000, 0x0000, 0x0000, 0x0000, 0x0000, 0x0841, 0x18E3, 0x6B70, 0x94B5, 0x7BAC, 0xB4CB, 0xEE4A, 0xF648, 0xF689,
0xFECA, 0xFEAA, 0xF6CA, 0xF6E9, 0xFEE8, 0xFEC7, 0xF686, 0x7265, 0x0801, 0x1061, 0x51A4, 0xE5A6, 0xF5E3, 0xEDE6, 0x7AA4, 0x2082,
0x1021, 0x8366, 0xDD88, 0xED85, 0xF5A4, 0xE525, 0xC403, 0xBBE4, 0xD4C6, 0xE585, 0xFE26, 0xFEE9, 0xDE49, 0xACE9, 0x9CAD, 0x842F,
0x6B4F, 0x7391, 0x6B4F, 0x6B2E, 0x6ACD, 0x732F, 0x6AEE, 0x9CD6, 0xAD78, 0x9494, 0x634F, 0x632F, 0x528C, 0x4209, 0x526C, 0x5AAC,
0x630D, 0x6B4E, 0x526B, 0x526B, 0x52AB, 0x52AB, 0x5AAB, 0x3146, 0x2924, 0x736E, 0xBDB8, 0xC619, 0xA556, 0xA515, 0x94B2, 0x83D0,
0x734C, 0x83ED, 0x942C, 0xACCE, 0xC52C, 0xDDEA, 0xF688, 0xFEA8, 0xD506, 0xCC87, 0x7AA3, 0x5162, 0x20A2, 0x0000, 0x9366, 0xF646,
0xFEC5, 0x8B85, 0x2860, 0xDD86, 0xFF07, 0xEE48, 0x3942, 0x0000, 0x7244, 0xFE45, 0xFEC6, 0xFEC5, 0xFEC5, 0xFEE5, 0xFEE6, 0xF6A6,
0xF6A6, 0xFEA7, 0xFEA8, 0xF687, 0xEE26, 0xFEA9, 0xBD4C, 0x49C7, 0x18C3, 0x0000, 0x0000, 0x0000, 0x0000, 0x0000, 0x0000, 0x0000,
0x0000, 0x0000, 0x0000, 0x0000, 0x0000, 0x0000, 0x0000, 0x0000, 0x0000, 0x0000, 0x0000, 0x0000, 0x0000, 0x0000, 0x0861, 0x6B6F,
0x8C31, 0xA44A, 0xDE0B, 0xEE4A, 0xFE68, 0xF688, 0xF6A8, 0xFEC9, 0xFEAA, 0xFECA, 0xFEE9, 0xF6E7, 0xF6E8, 0xF686, 0xDDA6, 0x4922,
0x1000, 0x1020, 0x9BE6, 0xF626, 0xF5C5, 0xEE07, 0x49A3, 0x0000, 0x0800, 0x4122, 0x9B44, 0xE5A4, 0xFE64, 0xFE87, 0xFEA9, 0xE629,
0xD62A, 0xCDEB, 0x944B, 0x62EA, 0x7B90, 0x8C54, 0x7BD2, 0x6B6F, 0x7BF0, 0x62EC, 0x4229, 0x2925, 0x3145, 0x41E8, 0x524A, 0x2104,
0x1082, 0x0861, 0x0020, 0x0820, 0x0840, 0x0020, 0x0020, 0x0000, 0x0000, 0x0000, 0x0000, 0x0000, 0x0000, 0x0000, 0x0000, 0x0000,
0x0000, 0x2945, 0x5ACB, 0x7BAF, 0x8C32, 0x9473, 0x8C32, 0x83B0, 0x8BF2, 0x8C32, 0x8C11, 0x83CF, 0x83CE, 0x942C, 0xBD0B, 0xDE0B,
0xFE8A, 0xFE06, 0xED45, 0xD467, 0x82A4, 0x6183, 0xF5C8, 0xC4C9, 0x0800, 0x4982, 0xF646, 0xF6E6, 0xEEA7, 0x6244, 0x0000, 0x4121,
0xEE07, 0xFEC6, 0xFEC5, 0xFEC5, 0xFEC5, 0xFEC6, 0xF6A6, 0xF6A6, 0xFEA7, 0xF687, 0xF667, 0xEE46, 0xFEA7, 0xC568, 0x72E7, 0x62CA,
0x0861, 0x0000, 0x0000, 0x0000, 0x0000, 0x0000, 0x0000, 0x0000, 0x0000, 0x0000, 0x0000, 0x0000, 0x0000, 0x0000, 0x0000, 0x0000,
0x0000, 0x0000, 0x0000, 0x0000, 0x0000, 0x3187, 0x83F1, 0xA48B, 0xF68A, 0xF668, 0xF689, 0xF6AA, 0xF6A9, 0xFEC9, 0xFEC9, 0xF6A9,
0xF6A9, 0xFEC8, 0xF6C6, 0xFEC7, 0xFEA6, 0xF6A4, 0xC4C8, 0x2881, 0x1041, 0x1821, 0xA425, 0xFE86, 0xFE86, 0x6245, 0x2881, 0x8264,
0xB3A5, 0xED87, 0xF669, 0xDE0A, 0xBD4C, 0x83CA, 0x62EB, 0x6B4E, 0x738F, 0x632E, 0x6B91, 0x7390, 0x4209, 0x2125, 0x18E3, 0x0000,
0x0000, 0x0000, 0x0000, 0x0000, 0x0000, 0x0000, 0x0000, 0x0000, 0x0000, 0x0000, 0x0000, 0x0000, 0x0000, 0x0000, 0x0000, 0x0000,
0x0000, 0x0000, 0x0000, 0x0000, 0x0000, 0x0000, 0x0000, 0x0000, 0x0000, 0x0000, 0x0000, 0x0000, 0x0000, 0x0841, 0x20E3, 0x18A3,
0x39C7, 0x630C, 0x8C31, 0x8C11, 0x9433, 0x83AF, 0x7BAC, 0x93EB, 0xB489, 0xE5A9, 0xFE48, 0xFE06, 0xEDA6, 0xDD26, 0x5963, 0x4142,
0x4963, 0xEE88, 0xFEA4, 0xF647, 0x51C2, 0x0801, 0x4121, 0xEE26, 0xFEC6, 0xFEC4, 0xFEC5, 0xFEC5, 0xFEC6, 0xFEA7, 0xFEC8, 0xFEC8,
0xF6A8, 0xFEA8, 0xF667, 0xF645, 0xF6A9, 0xB508, 0x7B4A, 0x6AED, 0x0861, 0x0000, 0x0000, 0x0000, 0x0000, 0x0000, 0x0000, 0x0000,
0x0000, 0x0000, 0x0000, 0x0000, 0x0000, 0x0000, 0x0000, 0x0000, 0x0000, 0x0000, 0x0000, 0x10A3, 0x7B90, 0x7B48, 0xDE08, 0xF6A8,
0xFECA, 0xFECA, 0xFECA, 0xFEC9, 0xF6A9, 0xF6A9, 0xFEA9, 0xF688, 0xF6C7, 0xF6C6, 0xF6A6, 0xF6A7, 0xF687, 0xF647, 0xA3E6, 0x1821,
0x1021, 0x20C1, 0x93C7, 0xC4A7, 0x9B25, 0xC466, 0xFE06, 0xF649, 0xBD09, 0x8388, 0x6B2C, 0x8411, 0x94B4, 0x7C12, 0x62EE, 0x4A2B,
0x41E9, 0x31A7, 0x10A2, 0x0000, 0x0000, 0x0000, 0x0000, 0x0000, 0x0000, 0x0000, 0x0000, 0x0000, 0x0000, 0x0000, 0x0000, 0x0000,
0x0000, 0x0000, 0x0000, 0x0000, 0x0000, 0x0000, 0x0000, 0x0000, 0x0000, 0x0000, 0x0000, 0x0000, 0x0000, 0x0000, 0x0000, 0x0000,
0x0000, 0x0000, 0x0000, 0x0000, 0x0000, 0x0000, 0x0000, 0x0000, 0x0000, 0x0000, 0x0841, 0x2945, 0x4A29, 0x7BAF, 0x9473, 0x7B6F,
0x730B, 0x93CA, 0xBD29, 0xEE89, 0xEE06, 0xD4E5, 0xED87, 0x7224, 0x83C7, 0xE68A, 0x8B65, 0x0800, 0x1821, 0xB406, 0xFEA5, 0xFEA5,
0xF6A4, 0xFEC5, 0xFEC6, 0xFEA7, 0xFEA7, 0xFEC9, 0xFEC9, 0xFEA8, 0xFEA8, 0xFE88, 0xFE86, 0xF665, 0xF6C9, 0xA488, 0x6AEC, 0x62EC,
0x0020, 0x0000, 0x0000, 0x0000, 0x0000, 0x0000, 0x0000, 0x0000, 0x0000, 0x0000, 0x0000, 0x0000, 0x0000, 0x0000, 0x0000, 0x0000,
0x0000, 0x0020, 0x526B, 0x6B2C, 0xCDA9, 0xF688, 0xF6A9, 0xF6A9, 0xF6A8, 0xFECA, 0xFEEA, 0xF6C9, 0xF6A9, 0xFEA9, 0xFEC9, 0xFEC9,
0xFEE8, 0xFEC9, 0xFEC9, 0xFEE9, 0xFEA9, 0xEE07, 0x6AA3, 0x1041, 0x0801, 0x30C2, 0xB3C6, 0xF5A6, 0xFE49, 0xCD8A, 0x7B88, 0x736D,
0x9493, 0x738F, 0x6B2E, 0x6B4D, 0x2104, 0x0861, 0x0020, 0x0000, 0x0000, 0x0000, 0x0000, 0x0000, 0x0000, 0x0000, 0x0000, 0x0000,
0x0000, 0x0000, 0x0000, 0x0000, 0x0000, 0x0000, 0x0000, 0x0000, 0x0000, 0x0000, 0x0000, 0x0000, 0x0000, 0x0000, 0x0000, 0x0000,
0x0000, 0x0000, 0x0000, 0x0000, 0x0000, 0x0000, 0x0000, 0x0000, 0x0000, 0x0000, 0x0000, 0x0000, 0x0000, 0x0000, 0x0000, 0x0000,
0x0000, 0x0000, 0x0000, 0x0000, 0x0000, 0x20E4, 0x5AAB, 0x8C12, 0x7BB1, 0x62CC, 0x734A, 0xACCB, 0xF6AB, 0xFDE4, 0xD4A6, 0x6A43,
0x4963, 0x2860, 0x5182, 0xB486, 0xFEA7, 0xF6A4, 0xF6A5, 0xF664, 0xF685, 0xFEA6, 0xFEA8, 0xFEC8, 0xFEC8, 0xFEC8, 0xF687, 0xF688,
0xF687, 0xF686, 0xF646, 0xF626, 0xEE69, 0x83C8, 0x7B90, 0x2966, 0x0000, 0x0000, 0x0000, 0x0000, 0x0000, 0x0000, 0x0000, 0x0000,
0x0000, 0x0000, 0x0000, 0x0000, 0x0000, 0x0000, 0x0000, 0x0000, 0x31A6, 0x62ED, 0x9C2A, 0xF688, 0xF667, 0xFEA8, 0xF6A7, 0xF6A9,
0xF6EA, 0xF6C9, 0xF6A8, 0xEE67, 0xF668, 0xFECA, 0xFECA, 0xFECA, 0xFECB, 0xFECA, 0xF6C9, 0xF68A, 0xF647, 0xC507, 0x1001, 0x3962,
0xBC27, 0xF585, 0xEE09, 0xA48B, 0x736E, 0xA4F6, 0xA536, 0x4A6A, 0x0841, 0x0000, 0x0000, 0x0000, 0x0000, 0x0000, 0x0000, 0x0000,
0x0000, 0x0000, 0x0000, 0x0000, 0x0000, 0x0000, 0x0000, 0x0000, 0x0000, 0x0000, 0x0000, 0x0000, 0x0000, 0x0000, 0x0000, 0x0000,
0x0000, 0x0000, 0x0000, 0x0000, 0x0000, 0x0000, 0x0000, 0x0000, 0x0000, 0x0000, 0x0000, 0x0000, 0x0000, 0x0000, 0x0000, 0x0000,
0x0000, 0x0000, 0x0000, 0x0000, 0x0000, 0x0000, 0x0000, 0x0000, 0x0000, 0x0000, 0x0000, 0x0000, 0x0000, 0x0000, 0x0861, 0x526A,
0x734F, 0x8391, 0x62ED, 0x7369, 0xE5EA, 0xFE48, 0xE585, 0xD4E6, 0xD547, 0xF607, 0xFE85, 0xFE84, 0xFEA5, 0xF6A4, 0xF6A4, 0xF685,
0xF6A6, 0xFEA8, 0xF667, 0xF6A8, 0xF6C8, 0xF6C8, 0xF687, 0xF6A8, 0xF687, 0xF667, 0xFE46, 0xF626, 0xDE0A, 0x7B6C, 0x630D, 0x0020,
0x0000, 0x0000, 0x0000, 0x0000, 0x0000, 0x0000, 0x0000, 0x0000, 0x0000, 0x0000, 0x0000, 0x0000, 0x0000, 0x0000, 0x1082, 0x62EF,
0x7B4A, 0xDDE8, 0xEE46, 0xF669, 0xFE67, 0xFEC8, 0xF6A9, 0xEE89, 0xEE68, 0xEE67, 0xF688, 0xEE68, 0xFEA9, 0xF6A9, 0xFEAA, 0xFECB,
0xFEC9, 0xF6C9, 0xF689, 0xFE47, 0xA3A5, 0x59A4, 0xD507, 0xFDE7, 0xDD88, 0x9C2C, 0xA4D4, 0xA516, 0x52AA, 0x0841, 0x0000, 0x0000,
0x0000, 0x0000, 0x0000, 0x0000, 0x0000, 0x0000, 0x0000, 0x0000, 0x0000, 0x0000, 0x0000, 0x0000, 0x0000, 0x0000, 0x0000, 0x0000,
0x0000, 0x0000, 0x0000, 0x0000, 0x0000, 0x0000, 0x0000, 0x0000, 0x0000, 0x0000, 0x0000, 0x0000, 0x0000, 0x0000, 0x0000, 0x0000,
0x0000, 0x0000, 0x0000, 0x0000, 0x0000, 0x0000, 0x0000, 0x0000, 0x0000, 0x0000, 0x0000, 0x0000, 0x0000, 0x0000, 0x0000, 0x0000,
0x0000, 0x0000, 0x0000, 0x0000, 0x0000, 0x0000, 0x0000, 0x0841, 0x2104, 0x528B, 0x738F, 0x5A89, 0xBD0B, 0xFE88, 0xF666, 0xF6A7,
0xF6A5, 0xF684, 0xF685, 0xEE64, 0xF664, 0xF686, 0xF6A6, 0xF687, 0xF647, 0xF627, 0xF667, 0xF6A8, 0xF6A8, 0xF667, 0xFEC8, 0xF6A8,
0xF666, 0xF666, 0xF646, 0xF626, 0xB4C8, 0x7B6F, 0x41E9, 0x0000, 0x0000, 0x0000, 0x0000, 0x0000, 0x0000, 0x0000, 0x0000, 0x0000,
0x0000, 0x0000, 0x0000, 0x0000, 0x0000, 0x39A8, 0x62AC, 0xB469, 0xF607, 0xEE67, 0xEE47, 0xFE67, 0xFEA8, 0xFEAA, 0xFECA, 0xF6A9,
0xF688, 0xF689, 0xF6A8, 0xF688, 0xF6A8, 0xF6C9, 0xF6C9, 0xF6C8, 0xF6C8, 0xF688, 0xEDC5, 0xC404, 0xD4E7, 0xF5C7, 0xCCE8, 0x8388,
0x83EF, 0x526A, 0x18A3, 0x0000, 0x0000, 0x0000, 0x0000, 0x0000, 0x0000, 0x0000, 0x0000, 0x0000, 0x0000, 0x0000, 0x0000, 0x0000,
0x0000, 0x0000, 0x0000, 0x0000, 0x0000, 0x0000, 0x0000, 0x0000, 0x0000, 0x0000, 0x0000, 0x0000, 0x0000, 0x0000, 0x0000, 0x0000,
0x0000, 0x0000, 0x0000, 0x0000, 0x0000, 0x0000, 0x0000, 0x0000, 0x0000, 0x0000, 0x0000, 0x0000, 0x0000, 0x0000, 0x0000, 0x0000,
0x0000, 0x0000, 0x0000, 0x0000, 0x0000, 0x0000, 0x0000, 0x0000, 0x0000, 0x0000, 0x0000, 0x0000, 0x0000, 0x0000, 0x0000, 0x0000,
0x0000, 0x3186, 0x9473, 0x6AEA, 0xA429, 0xE5E9, 0xF667, 0xEE65, 0xF6C6, 0xF6C7, 0xF6A7, 0xF686, 0xF687, 0xF687, 0xF667, 0xF647,
0xF627, 0xF667, 0xF6A8, 0xFEA8, 0xF688, 0xF667, 0xF687, 0xF646, 0xFE87, 0xF626, 0xF5E4, 0xE5C6, 0x8BCC, 0x6B2F, 0x0861, 0x0000,
0x0000, 0x0000, 0x0000, 0x0000, 0x0000, 0x0000, 0x0000, 0x0000, 0x0000, 0x0000, 0x0000, 0x18C3, 0x732E, 0x8347, 0xDDA7, 0xFDE7,
0xF646, 0xEE66, 0xF686, 0xF668, 0xF649, 0xFECB, 0xFEAA, 0xF689, 0xF669, 0xF689, 0xF688, 0xEE88, 0xF6C8, 0xF6C8, 0xF6C8, 0xF6A8,
0xF667, 0xF625, 0xFDA5, 0xFDC6, 0xCD28, 0x7AE9, 0x734F, 0x2924, 0x0000, 0x0000, 0x0000, 0x0000, 0x0000, 0x0000, 0x0000, 0x0000,
0x0000, 0x0000, 0x0000, 0x0000, 0x0000, 0x0000, 0x0000, 0x0000, 0x0000, 0x0000, 0x0000, 0x0000, 0x0000, 0x0000, 0x0000, 0x0000,
0x0000, 0x0000, 0x0000, 0x0000, 0x0000, 0x0000, 0x0000, 0x0000, 0x0000, 0x0000, 0x0000, 0x0000, 0x0000, 0x0000, 0x0000, 0x0000,
0x0000, 0x0000, 0x0000, 0x0000, 0x0000, 0x0000, 0x0000, 0x0000, 0x0000, 0x0000, 0x0000, 0x0000, 0x0000, 0x0000, 0x0000, 0x0000,
0x0000, 0x0000, 0x0000, 0x0000, 0x0000, 0x0000, 0x0000, 0x0000, 0x0000, 0x3186, 0x7BF1, 0x6350, 0x5AA7, 0xCD29, 0xFE48, 0xF647,
0xF6A8, 0xF6A8, 0xF687, 0xF687, 0xEE46, 0xF667, 0xF647, 0xF627, 0xF647, 0xF687, 0xFEA8, 0xF667, 0xF646, 0xF626, 0xF646, 0xF665,
0xF625, 0xF5C5, 0xEDA5, 0xB489, 0x730D, 0x3186, 0x0000, 0x0000, 0x0000, 0x0000, 0x0000, 0x0000, 0x0000, 0x0000, 0x0000, 0x0000,
0x0000, 0x0000, 0x4209, 0x6AEC, 0xB467, 0xEE06, 0xF626, 0xF626, 0xEE45, 0xF666, 0xEE27, 0xF669, 0xFEAA, 0xF689, 0xF668, 0xF668,
0xEE48, 0xF668, 0xF668, 0xF6A8, 0xF6C9, 0xF6A8, 0xF687, 0xF647, 0xEDE6, 0xEE07, 0xD54B, 0x836A, 0x6B2C, 0x2946, 0x0000, 0x0000,
0x0000, 0x0000, 0x0000, 0x0000, 0x0000, 0x0000, 0x0000, 0x0000, 0x0000, 0x0000, 0x0000, 0x0000, 0x0000, 0x0000, 0x0000, 0x0000,
0x0000, 0x0000, 0x0000, 0x0000, 0x0000, 0x0000, 0x0000, 0x0000, 0x0000, 0x0000, 0x0000, 0x0000, 0x0000, 0x0000, 0x0000, 0x0000,
0x0000, 0x0000, 0x0000, 0x0000, 0x0000, 0x0000, 0x0000, 0x0000, 0x0000, 0x0000, 0x0000, 0x0000, 0x0000, 0x0000, 0x0000, 0x0000,
0x0000, 0x0000, 0x0000, 0x0000, 0x0000, 0x0000, 0x0000, 0x0000, 0x0000, 0x0000, 0x0000, 0x0000, 0x0000, 0x0000, 0x0000, 0x0000,
0x0000, 0x10C3, 0x632F, 0x6B30, 0x5A8A, 0xA46A, 0xEE4B, 0xF666, 0xF666, 0xF666, 0xF667, 0xF646, 0xF667, 0xF647, 0xFE67, 0xEE26,
0xEE46, 0xFE67, 0xF626, 0xF606, 0xF605, 0xF605, 0xF604, 0xF605, 0xF606, 0xF5E5, 0xD547, 0x7B2A, 0x5AAC, 0x0841, 0x0000, 0x0000,
0x0000, 0x0000, 0x0000, 0x0000, 0x0000, 0x0000, 0x0000, 0x0000, 0x1082, 0x5AAD, 0x730A, 0xDD48, 0xF605, 0xF646, 0xF646, 0xF606,
0xF646, 0xEE27, 0xF648, 0xF648, 0xF648, 0xF668, 0xF647, 0xEE47, 0xF668, 0xFEA8, 0xFEA8, 0xFE68, 0xF647, 0xF626, 0xEDE7, 0xEDA7,
0xCCE8, 0x838B, 0x7BB0, 0x2104, 0x0000, 0x0000, 0x0000, 0x0000, 0x0000, 0x0000, 0x0000, 0x0000, 0x0000, 0x0000, 0x0000, 0x0000,
0x0000, 0x0000, 0x0000, 0x0000, 0x0000, 0x0000, 0x0000, 0x0000, 0x0000, 0x0000, 0x0000, 0x0000, 0x0000, 0x0000, 0x0000, 0x0000,
0x0000, 0x0000, 0x0000, 0x0000, 0x0000, 0x0000, 0x0000, 0x0000, 0x0000, 0x0000, 0x0000, 0x0000, 0x0000, 0x0000, 0x0000, 0x0000,
0x0000, 0x0000, 0x0000, 0x0000, 0x0000, 0x0000, 0x0000, 0x0000, 0x0000, 0x0000, 0x0000, 0x0000, 0x0000, 0x0000, 0x0000, 0x0000,
0x0000, 0x0000, 0x0000, 0x0000, 0x0000, 0x0000, 0x0000, 0x0000, 0x0000, 0x0000, 0x39C7, 0x6B0E, 0x526B, 0x8BA9, 0xF66B, 0xF626,
0xF625, 0xF646, 0xF626, 0xF646, 0xF626, 0xF646, 0xEE26, 0xF606, 0xF5E6, 0xEDE5, 0xEDE5, 0xEDA4, 0xEDA4, 0xF5C5, 0xF5C5, 0xEE06,
0xEE05, 0xF5E7, 0x8B46, 0x526B, 0x2125, 0x0000, 0x0000, 0x0000, 0x0000, 0x0000, 0x0000, 0x0000, 0x0000, 0x0000, 0x0000, 0x39C7,
0x4A6B, 0x8BA9, 0xEDE7, 0xEE05, 0xF646, 0xFE46, 0xF606, 0xF627, 0xF627, 0xF647, 0xF648, 0xF627, 0xF627, 0xF626, 0xEE26, 0xF667,
0xFE88, 0xFE67, 0xF606, 0xF5E5, 0xEDA5, 0xED86, 0xC4C8, 0x7B09, 0x6B4D, 0x2124, 0x0000, 0x0000, 0x0000, 0x0000, 0x0000, 0x0000,
0x0000, 0x0000, 0x0000, 0x0000, 0x0000, 0x0000, 0x0000, 0x1081, 0x39C4, 0x39C5, 0x41C5, 0x2124, 0x0000, 0x0000, 0x0000, 0x0000,
0x0000, 0x0000, 0x0000, 0x0000, 0x0000, 0x0000, 0x0000, 0x0000, 0x0000, 0x0000, 0x0000, 0x0000, 0x0000, 0x0000, 0x0000, 0x0000,
0x0000, 0x0000, 0x0000, 0x0000, 0x0000, 0x0000, 0x0000, 0x0000, 0x0000, 0x0000, 0x0000, 0x0000, 0x0000, 0x0000, 0x10A2, 0x8C0B,
0xBD0B, 0xAC6A, 0x49C4, 0x0841, 0x0000, 0x0000, 0x0000, 0x0000, 0x0000, 0x0000, 0x0000, 0x0000, 0x0000, 0x0000, 0x0000, 0x0000,
0x0000, 0x0000, 0x20E3, 0x5A8B, 0x5ACD, 0x8BCA, 0xE60A, 0xF605, 0xF626, 0xF625, 0xF646, 0xF626, 0xF646, 0xF646, 0xEDE5, 0xEDC5,
0xEDA5, 0xEDC5, 0xEDC5, 0xEDC5, 0xEDC6, 0xF5E5, 0xEDE5, 0xEDC5, 0xF5C6, 0xB448, 0x4A29, 0x39E9, 0x0000, 0x0000, 0x0000, 0x0000,
0x0000, 0x0000, 0x0000, 0x0000, 0x0000, 0x0000, 0x4208, 0x4A4A, 0xB48B, 0xF606, 0xEE05, 0xF625, 0xF626, 0xFE46, 0xF606, 0xF627,
0xF647, 0xF667, 0xF647, 0xFE46, 0xF606, 0xF626, 0xF626, 0xF626, 0xF626, 0xF5E5, 0xF5A5, 0xF586, 0xDD0A, 0x8BCB, 0x734F, 0x18E4,
0x0000, 0x0000, 0x0000, 0x0000, 0x0000, 0x0000, 0x0000, 0x0000, 0x0000, 0x0000, 0x0000, 0x0000, 0x0000, 0x2103, 0xDE0E, 0xFEAC,
0xF68B, 0xEE0A, 0xD56B, 0x7329, 0x0021, 0x0000, 0x0000, 0x0000, 0x0000, 0x0000, 0x0000, 0x0000, 0x0000, 0x0000, 0x0000, 0x0000,
0x0000, 0x0000, 0x0000, 0x0000, 0x0000, 0x0000, 0x0000, 0x0000, 0x0000, 0x0000, 0x0000, 0x0000, 0x0000, 0x0000, 0x0000, 0x0000,
0x0000, 0x0000, 0x0000, 0x0000, 0x2103, 0xCDF1, 0xF5EA, 0xD444, 0xD404, 0xDC88, 0x7309, 0x0000, 0x0000, 0x0000, 0x0000, 0x0000,
0x0000, 0x0000, 0x0000, 0x0000, 0x0000, 0x0000, 0x0000, 0x0000, 0x0000, 0x0000, 0x1082, 0x526B, 0x5AAD, 0x9408, 0xF608, 0xEDE5,
0xEE25, 0xF645, 0xF626, 0xF606, 0xEDE5, 0xEDE4, 0xEDA4, 0xEDA4, 0xEDA5, 0xEDA5, 0xEDE6, 0xEE06, 0xF627, 0xEDC5, 0xEDA5, 0xED65,
0xDD69, 0x5A8A, 0x39C9, 0x0000, 0x0000, 0x0000, 0x0000, 0x0000, 0x0000, 0x0000, 0x0000, 0x0000, 0x0000, 0x4229, 0x5A8A, 0xC509,
0xF5C5, 0xF5E5, 0xF605, 0xF605, 0xF606, 0xF647, 0xF648, 0xFE68, 0xF667, 0xF646, 0xFE46, 0xFE06, 0xFE06, 0xF605, 0xF5E5, 0xF5E5,
0xF5C5, 0xF584, 0xE548, 0x93AA, 0x6B0D, 0x2925, 0x0000, 0x0000, 0x0000, 0x0000, 0x0000, 0x0000, 0x0000, 0x0000, 0x0000, 0x0000,
0x0000, 0x0000, 0x0000, 0x0000, 0xAC8E, 0xED8B, 0xCC86, 0xDCE7, 0xE4C5, 0xEC83, 0xED48, 0xA42B, 0x20E3, 0x0000, 0x0000, 0x0000,
0x0000, 0x0000, 0x0000, 0x0000, 0x0000, 0x0000, 0x0000, 0x0000, 0x0000, 0x0000, 0x0000, 0x0000, 0x0000, 0x0000, 0x0000, 0x0000,
0x0000, 0x0000, 0x0000, 0x0000, 0x0000, 0x0000, 0x0000, 0x0000, 0x0000, 0x0000, 0x1082, 0xDE10, 0xE548, 0xBBC5, 0xBBA6, 0x92E5,
0x7243, 0x8369, 0x0841, 0x0000, 0x0000, 0x0000, 0x0000, 0x0000, 0x0000, 0x0000, 0x0000, 0x0000, 0x0000, 0x0000, 0x0000, 0x0000,
0x0000, 0x0000, 0x0000, 0x5ACD, 0x526B, 0xBCA9, 0xF5E6, 0xEDE5, 0xF625, 0xEDE5, 0xEDA5, 0xE584, 0xED84, 0xED84, 0xED64, 0xEDC5,
0xEDC5, 0xEE27, 0xEE26, 0xEE06, 0xEDE6, 0xEDA5, 0xED64, 0xDD27, 0x6AA9, 0x2947, 0x0000, 0x0000, 0x0000, 0x0000, 0x0000, 0x0000,
0x0000, 0x0000, 0x0000, 0x0000, 0x41E9, 0x6289, 0xD548, 0xF5C4, 0xF5A5, 0xF5C6, 0xF606, 0xF626, 0xF647, 0xF647, 0xF648, 0xF647,
0xF647, 0xF606, 0xFDE6, 0xF5C5, 0xEDA5, 0xFE06, 0xF5C6, 0xF5A5, 0xF586, 0xA44A, 0x5AEC, 0x39A8, 0x0000, 0x0000, 0x0000, 0x0000,
0x0000, 0x0000, 0x0000, 0x0000, 0x0000, 0x0000, 0x0000, 0x0000, 0x0000, 0x0000, 0x1082, 0xAB28, 0x9182, 0x70C1, 0x7923, 0xAA44,
0xCB44, 0xDC44, 0xF547, 0xC50D, 0x1082, 0x0000, 0x0000, 0x0000, 0x0000, 0x0000, 0x0000, 0x0000, 0x0000, 0x0000, 0x0000, 0x0000,
0x0000, 0x0000, 0x0000, 0x0000, 0x0000, 0x0000, 0x0000, 0x0000, 0x0000, 0x0000, 0x0000, 0x0000, 0x0000, 0x0000, 0x0000, 0x0000,
0x1082, 0xC5AF, 0xD529, 0xAB85, 0x6A66, 0x3183, 0x1102, 0x08C0, 0x3142, 0x2923, 0x0000, 0x0000, 0x0000, 0x0000, 0x0000, 0x0000,
0x0000, 0x0000, 0x0000, 0x0000, 0x0000, 0x0000, 0x2945, 0x4206, 0x2923, 0x3144, 0x41C8, 0x4A2F, 0x6288, 0xD586, 0xE584, 0xEDA5,
0xEDA4, 0xEDA4, 0xE544, 0xDD04, 0xE524, 0xE544, 0xE564, 0xEDC5, 0xEE06, 0xEE06, 0xF606, 0xF5A6, 0xE544, 0xED65, 0xD4C6, 0x6A88,
0x2105, 0x0000, 0x0000, 0x0000, 0x0000, 0x0000, 0x0000, 0x0000, 0x0000, 0x0000, 0x0000, 0x41E9, 0x6AC8, 0xDD47, 0xF5A4, 0xEDA5,
0xF5C5, 0xF5C5, 0xEDC5, 0xEDC6, 0xEDE6, 0xF607, 0xF648, 0xEE07, 0xE5A5, 0xEDC5, 0xF5E5, 0xF5C5, 0xED85, 0xED85, 0xF565, 0xD4C8,
0x62AA, 0x424A, 0x3165, 0x6AA8, 0x6288, 0x39A5, 0x0861, 0x0000, 0x0000, 0x0000, 0x0000, 0x0000, 0x0000, 0x0000, 0x0000, 0x0000,
0x0000, 0x51C7, 0xA207, 0x90A1, 0x88C2, 0x7881, 0x88C2, 0x9903, 0xAA04, 0xDC66, 0xED48, 0x9C0B, 0x0000, 0x0000, 0x0000, 0x0000,
0x0000, 0x0000, 0x0000, 0x0000, 0x0000, 0x0000, 0x0000, 0x0000, 0x0000, 0x0000, 0x0000, 0x0000, 0x0000, 0x0000, 0x0000, 0x0000,
0x0000, 0x0000, 0x0000, 0x0000, 0x0020, 0x0000, 0x18E3, 0xBD2E, 0xDD49, 0x8B25, 0x3183, 0x29C3, 0x2203, 0x19C3, 0x19A2, 0x21C1,
0x52A6, 0x1082, 0x0000, 0x0000, 0x0000, 0x0000, 0x0000, 0x0000, 0x0000, 0x0000, 0x0000, 0x0020, 0x41C8, 0x62CA, 0xACED, 0xE60D,
0xE58B, 0x7AA4, 0x41C9, 0x420A, 0xB4A7, 0xF564, 0xED45, 0xE524, 0xED24, 0xE524, 0xDD04, 0xDCE4, 0xE505, 0xDCE4, 0xE525, 0xED86,
0xEDA6, 0xED45, 0xE504, 0xE525, 0xDD05, 0xCCA6, 0x7AE8, 0x41C7, 0x0000, 0x0000, 0x0000, 0x0000, 0x0000, 0x0000, 0x0000, 0x0000,
0x0000, 0x0000, 0x4228, 0x6AC7, 0xE567, 0xE523, 0xE544, 0xED84, 0xF5C5, 0xED64, 0xE565, 0xEDA5, 0xE5A5, 0xDD45, 0xE565, 0xEDC6,
0xE5C5, 0xF605, 0xF5E6, 0xE545, 0xE544, 0xED66, 0x9BA8, 0x49EB, 0x49A5, 0x9B46, 0xD446, 0xDCC6, 0xE58C, 0x8B8C, 0x18A3, 0x0000,
0x0000, 0x0000, 0x0000, 0x0000, 0x0000, 0x0000, 0x0000, 0x2924, 0xAB8D, 0x9964, 0xA923, 0x9923, 0x9103, 0xB0E3, 0xB903, 0xA903,
0xAA25, 0xDC45, 0xDD47, 0xB52E, 0x18E3, 0x0000, 0x0020, 0x0000, 0x0000, 0x0000, 0x0000, 0x0000, 0x0000, 0x0000, 0x0000, 0x0000,
0x0000, 0x0000, 0x0000, 0x0000, 0x0000, 0x0000, 0x0000, 0x0000, 0x0000, 0x0020, 0x0000, 0x0000, 0x4226, 0xDE50, 0xCCE8, 0x7AA4,
0x29A1, 0x2A63, 0x2A64, 0x1A22, 0x2243, 0x1A43, 0x2243, 0x3222, 0x5287, 0x18A2, 0x0000, 0x0000, 0x0000, 0x0000, 0x0000, 0x0000,
0x0000, 0x0000, 0x2104, 0x522A, 0x62C9, 0x730A, 0x83CA, 0xB4A9, 0xDD6B, 0x6225, 0x2968, 0x8389, 0xED86, 0xE503, 0xE525, 0xDCE4,
0xDCE3, 0xD483, 0xD465, 0xCC66, 0xD4A5, 0xD4C4, 0xDCE4, 0xE504, 0xE504, 0xD483, 0xCC42, 0xD463, 0xCC65, 0x8B48, 0x49E7, 0x0000,
0x0000, 0x0000, 0x0000, 0x0000, 0x0000, 0x0000, 0x0000, 0x0000, 0x0000, 0x49E8, 0x6A86, 0xDCC7, 0xE4A4, 0xE4C4, 0xED25, 0xED45,
0xE504, 0xE525, 0xD4E6, 0xD4E7, 0xCC66, 0xD4A6, 0xE567, 0xED86, 0xF5E6, 0xF5E6, 0xE525, 0xE505, 0xD4C6, 0x6267, 0x4988, 0x7A64,
0xBC24, 0xDD04, 0xDD68, 0xB4AD, 0x8BB0, 0x4A29, 0x0000, 0x0000, 0x0000, 0x0000, 0x0000, 0x0000, 0x0000, 0x39A6, 0xA3AE, 0x8123,
0x9102, 0xB184, 0xA143, 0xA923, 0xC144, 0xC964, 0xB924, 0xA923, 0xB204, 0xD425, 0xE587, 0xD5EE, 0x4206, 0x0000, 0x0000, 0x0000,
0x0000, 0x0000, 0x0000, 0x0000, 0x0000, 0x0000, 0x0000, 0x0000, 0x0000, 0x0000, 0x0000, 0x0020, 0x0000, 0x0000, 0x0000, 0x0000,
0x0000, 0x0000, 0x7369, 0xF6B0, 0xD54A, 0x6A83, 0x29C1, 0x32C4, 0x3283, 0x21E3, 0x2AA3, 0x2304, 0x22E4, 0x2263, 0x2222, 0x3243,
0x52C7, 0x18C2, 0x0000, 0x0000, 0x0000, 0x0000, 0x0000, 0x0000, 0x0000, 0x18E4, 0x6268, 0x9B67, 0x7A65, 0x6A68, 0x5A48, 0x834B,
0x8BAC, 0x2146, 0x5A88, 0xCCE6, 0xD4A3, 0xCCA5, 0xD484, 0xD484, 0xCCE8, 0x8B47, 0x59E5, 0xAC8C, 0xBC6A, 0xC488, 0xCC86, 0xBC46,
0xBC06, 0xCC06, 0xCC05, 0xBC08, 0x7268, 0x49E8, 0x0000, 0x0000, 0x0000, 0x0000, 0x0000, 0x0000, 0x0000, 0x0000, 0x0000, 0x0000,
0x5229, 0x59C4, 0xBC28, 0xD467, 0xCC04, 0xCC45, 0xDCC7, 0xDCE9, 0xC488, 0xB409, 0xA389, 0x7A46, 0x9B06, 0xD4A8, 0xED06, 0xE505,
0xE544, 0xED23, 0xED25, 0xCCA9, 0x5A07, 0x5186, 0xABE6, 0xE587, 0xE60B, 0xBD10, 0x8C73, 0x424C, 0x3187, 0x0000, 0x0000, 0x0000,
0x0000, 0x0000, 0x0000, 0x10A2, 0xA3EE, 0x8164, 0x88E2, 0xA964, 0xA123, 0xA964, 0xC164, 0xD1C5, 0xC9A4, 0xC9C6, 0xC1A4, 0xA944,
0xA204, 0xD446, 0xE5A7, 0xF6CE, 0x946C, 0x18C3, 0x0000, 0x0000, 0x0000, 0x0000, 0x0000, 0x0000, 0x0000, 0x0000, 0x0000, 0x0000,
0x0000, 0x0000, 0x0000, 0x0000, 0x0000, 0x0000, 0x10A2, 0x62E9, 0xB50D, 0xF64E, 0xD50A, 0x6A85, 0x31E2, 0x3B04, 0x3264, 0x3A45,
0x3AC6, 0x3B45, 0x32E4, 0x1A43, 0x1A43, 0x2263, 0x19E2, 0x31E1, 0x4205, 0x18C2, 0x0000, 0x0000, 0x0000, 0x0000, 0x0000, 0x0000,
0x18C4, 0x72C8, 0xBC06, 0xBBA4, 0x92A3, 0x6A25, 0x5A07, 0x5249, 0x2968, 0x4187, 0xB407, 0xCC24, 0xC447, 0xC466, 0xBC48, 0x93EC,
0x20E3, 0x0000, 0x18C3, 0x3985, 0x3943, 0x3102, 0x3103, 0x4163, 0x6245, 0x9349, 0x7AA9, 0x5A29, 0x3166, 0x0000, 0x0000, 0x0000,
0x0000, 0x0000, 0x0000, 0x0000, 0x0000, 0x0000, 0x0000, 0x39C7, 0x5207, 0x7B09, 0x6A46, 0x49A3, 0x49A3, 0x51E4, 0x4183, 0x3943,
0x3103, 0x3103, 0x20C3, 0x2903, 0x7AE8, 0xBC49, 0xD447, 0xDCA4, 0xE523, 0xDD07, 0x9389, 0x3965, 0x6206, 0xABE5, 0xCD49, 0xBD71,
0x9C54, 0x52AF, 0x39CB, 0x39E8, 0x0000, 0x0000, 0x0000, 0x0000, 0x0000, 0x0000, 0x30E3, 0x7103, 0x90E2, 0xA984, 0x9922, 0xA945,
0xB925, 0xC165, 0xA943, 0xB985, 0xC185, 0xC943, 0xC9A4, 0xB143, 0xB223, 0xD425, 0xDD45, 0xF6CB, 0xE68F, 0x946C, 0x5287, 0x31A5,
0x39C6, 0x2944, 0x0000, 0x0000, 0x0000, 0x0000, 0x0000, 0x0000, 0x3185, 0x6B09, 0x62C7, 0x6B09, 0xA4CD, 0xDE2E, 0xF66B, 0xF5A7,
0xC448, 0x6A67, 0x1963, 0x2A64, 0x2263, 0x2204, 0x3285, 0x3B65, 0x3305, 0x3225, 0x3224, 0x2AC4, 0x1AA3, 0x2263, 0x29E2, 0x2962,
0x2964, 0x10A2, 0x0000, 0x0000, 0x0000, 0x0020, 0x0000, 0x2925, 0x7329, 0xD547, 0xD482, 0xCC02, 0xB364, 0x8284, 0x59C5, 0x3127,
0x3168, 0x9BE9, 0xABA6, 0x9368, 0x7AC8, 0x4985, 0x1061, 0x0000, 0x0000, 0x0000, 0x0000, 0x0000, 0x0000, 0x0000, 0x0000, 0x0000,
0x18C3, 0x2904, 0x2925, 0x0020, 0x0000, 0x0000, 0x0000, 0x0000, 0x0000, 0x0000, 0x0000, 0x0000, 0x0000, 0x0000, 0x0000, 0x10A2,
0x10A2, 0x0000, 0x0000, 0x0000, 0x0000, 0x0000, 0x0000, 0x0000, 0x0000, 0x0000, 0x0000, 0x0000, 0x18A2, 0x51C5, 0x9328, 0xABA8,
0xB48B, 0x5A89, 0x3168, 0x72CA, 0x8B29, 0x838D, 0x736F, 0x5A4A, 0x5ACE, 0x6351, 0x2125, 0x0000, 0x0000, 0x0000, 0x0000, 0x0020,
0x38E3, 0x58A2, 0x78E3, 0xA144, 0x9902, 0xB144, 0xB905, 0xA125, 0xA286, 0xC3E9, 0xAAA5, 0xB122, 0xD184, 0xC123, 0xD1A4, 0xC182,
0xB162, 0xAA42, 0xCBE4, 0xDD06, 0xFE8B, 0xFF0E, 0xFF30, 0xFF2F, 0xEEAD, 0x9409, 0x0841, 0x0000, 0x0020, 0x0000, 0x4206, 0xF6CF,
0xF669, 0xFE69, 0xFDEA, 0xED87, 0xDD06, 0xB405, 0x7AE4, 0x3943, 0x18A3, 0x3A07, 0x634C, 0x7C30, 0x73CF, 0x52EB, 0x3227, 0x1983,
0x3A45, 0x3AE5, 0x3345, 0x2283, 0x2A43, 0x2A04, 0x10E0, 0x20E1, 0x7327, 0xA48B, 0x7348, 0x39C5, 0x0000, 0x0000, 0x3186, 0x628A,
0xAC67, 0xE5C5, 0xDD22, 0xDCC4, 0xD445, 0xA363, 0x82C4, 0x6223, 0x9364, 0xA343, 0x8B03, 0x5A05, 0x2925, 0x0000, 0x0020, 0x0000,
0x0000, 0x0000, 0x0000, 0x0000, 0x0000, 0x0000, 0x0000, 0x0000, 0x0000, 0x0000, 0x0000, 0x0000, 0x0000, 0x0000, 0x0000, 0x0000,
0x0000, 0x0000, 0x0000, 0x0000, 0x0000, 0x0000, 0x0000, 0x0000, 0x0000, 0x0000, 0x0000, 0x0000, 0x0000, 0x0000, 0x0000, 0x0000,
0x0000, 0x0000, 0x0000, 0x0000, 0x2104, 0x3944, 0x6203, 0x7AC5, 0x5AA8, 0x3187, 0x51E8, 0x4166, 0x49E8, 0x6227, 0x8B49, 0x8412,
0x634F, 0x0862, 0x0020, 0x39A5, 0x6AC8, 0x7B49, 0x7226, 0x7902, 0x78A2, 0x8104, 0x88E2, 0xA123, 0xB0C3, 0xC105, 0xC2C6, 0xCBE6,
0xBB66, 0xE52A, 0xC386, 0xA943, 0xD1E6, 0xC1A5, 0xC1A4, 0xC184, 0xA943, 0xA182, 0xAA23, 0xAAE3, 0xBBA4, 0xCC26, 0xD4A5, 0xE544,
0xF629, 0x7B69, 0x0000, 0x0000, 0x0841, 0xC590, 0xEE2A, 0xD504, 0xD4A4, 0xB383, 0xA345, 0x7263, 0x3101, 0x1062, 0x39E8, 0x9D34,
0xDF3C, 0xFFFF, 0xEF7E, 0xEF9E, 0xDEFB, 0xB5F8, 0x4ACA, 0x2A24, 0x3325, 0x2AC4, 0x3A63, 0x2A23, 0x1141, 0x52A5, 0xD64F, 0xF6AC,
0xFE48, 0xFE6B, 0xF6D0, 0x7B89, 0x0020, 0x1082, 0x7B6F, 0x72C8, 0xD5A7, 0xE5E3, 0xE582, 0xDCE4, 0xDC83, 0xD483, 0xD463, 0xD463,
0xDCA3, 0xDD05, 0xA3C6, 0x9C51, 0x18C3, 0x0000, 0x0000, 0x0000, 0x0000, 0x0000, 0x0000, 0x0000, 0x0000, 0x0821, 0x1082, 0x0000,
0x0000, 0x0000, 0x0000, 0x0000, 0x0000, 0x0000, 0x0000, 0x0000, 0x0000, 0x0000, 0x0000, 0x0000, 0x0000, 0x0000, 0x0000, 0x0000,
0x0000, 0x0000, 0x0000, 0x0000, 0x0000, 0x0000, 0x0000, 0x0000, 0x1081, 0x2104, 0x2945, 0x4A05, 0x93E6, 0xDD67, 0xC464, 0xA3C5,
0x8345, 0x72A4, 0x82A4, 0x9B23, 0xBC48, 0xBD12, 0x8412, 0x4209, 0x0841, 0xA48B, 0xF6CF, 0xF6CB, 0xFECB, 0xE589, 0xCC66, 0xA243,
0x9922, 0xA943, 0xA0C2, 0xB123, 0xA923, 0xCAC4, 0xD2E3, 0xA0E1, 0x9962, 0xD488, 0xB264, 0xC1A5, 0xA9A5, 0x9983, 0xBA24, 0xC245,
0xB1C3, 0xA9A2, 0x9961, 0xA182, 0xA921, 0x9122, 0xAA83, 0xDC63, 0xEE0A, 0x62E8, 0x39C6, 0xCDEF, 0xFE8C, 0xA3E7, 0x5204, 0x49C2,
0x3942, 0x20A2, 0x52AB, 0x636E, 0x9533, 0xE75C, 0xFFDF, 0xCE59, 0xADB7, 0x73CF, 0x634D, 0xAD55, 0xEF5D, 0xADB6, 0x3247, 0x1A63,
0x32E4, 0x3AA3, 0x1141, 0x73E8, 0xF730, 0xF66B, 0xED46, 0xECE4, 0xDC84, 0xC464, 0xEE0B, 0xACAC, 0x1061, 0x4A4A, 0x836E, 0x8B88,
0xEE09, 0xEDC3, 0xEDC3, 0xED83, 0xE523, 0xED63, 0xED63, 0xF5A4, 0xED84, 0xDD26, 0xBD0E, 0x8C0F, 0x3187, 0x0020, 0x0000, 0x0000,
0x0000, 0x0000, 0x39A5, 0x938A, 0x6205, 0x6AEB, 0x18E3, 0x0000, 0x0000, 0x0000, 0x0000, 0x0000, 0x0000, 0x0000, 0x0000, 0x0000,
0x0000, 0x0000, 0x0000, 0x0000, 0x0000, 0x0000, 0x0000, 0x49E8, 0x5A07, 0x6A86, 0x2923, 0x0000, 0x0000, 0x0000, 0x1082, 0x4A28,
0x5249, 0x5A88, 0xB4C9, 0xEDA6, 0xED84, 0xEDA4, 0xE524, 0xE544, 0xD544, 0xD4E5, 0xED25, 0xC488, 0x83D0, 0x632D, 0x10A3, 0x8BCA,
0xFE8B, 0xEDC6, 0xE5E6, 0xDD66, 0xF5C9, 0xFE68, 0xEDE8, 0xC346, 0x9942, 0xA943, 0xB123, 0xA964, 0xA9A2, 0xDAA5, 0xC9C4, 0xB0E3,
0xCB25, 0xC3A6, 0xB964, 0xB9E5, 0xA9E3, 0xCA63, 0xC202, 0xC243, 0xD2E4, 0xC283, 0xB962, 0xC0E4, 0xB103, 0xB183, 0xA183, 0xD3E3,
0xED08, 0xF60C, 0xFEAC, 0xAC49, 0x2922, 0x2163, 0x21A3, 0x1121, 0x8470, 0xFFFF, 0xD69A, 0xAD97, 0xD6BB, 0xCE7A, 0x4A8A, 0x1103,
0x1962, 0x1162, 0x2184, 0x7BEF, 0xBE38, 0x84B2, 0x19A3, 0x3B23, 0x2202, 0x5AE8, 0xF712, 0xE5A9, 0xD4A4, 0xDCC7, 0xB3A7, 0x8A86,
0x8265, 0x8A63, 0xBBC5, 0x8328, 0x0021, 0x6B0C, 0x8B8F, 0xA40B, 0xFE8B, 0xF665, 0xEE04, 0xF604, 0xF603, 0xF603, 0xF624, 0xF604,
0xFDE4, 0xE5C8, 0xB4CA, 0x83AC, 0x738E, 0x39C7, 0x0841, 0x0000, 0x62A9, 0xE5AC, 0xED26, 0xDD69, 0x7B48, 0x4209, 0x0841, 0x0000,
0x0000, 0x0000, 0x0000, 0x0000, 0x0000, 0x0000, 0x0000, 0x0000, 0x0000, 0x0000, 0x0000, 0x0000, 0x0000, 0x31A7, 0x7B4D, 0xA3E9,
0xE527, 0xA3C6, 0x2924, 0x0841, 0x18C2, 0x4A08, 0x5A28, 0x7B46, 0xC587, 0xF626, 0xEDE4, 0xEE24, 0xE604, 0xE584, 0xEDC4, 0xEE05,
0xEE69, 0xAC48, 0x72EC, 0x8472, 0x39C8, 0x2124, 0xDDCD, 0xDCC5, 0xA365, 0x6205, 0x30E1, 0x6204, 0xA3E5, 0xF608, 0xFE49, 0xC3C4,
0x9941, 0xB123, 0xB903, 0xA964, 0xB1E4, 0xCA64, 0xB102, 0xCAA5, 0xC3A6, 0xB984, 0xB9A4, 0xBA44, 0xDAA3, 0xDA83, 0xCAC1, 0xDC23,
0xED46, 0xCBE4, 0xA9C1, 0xC142, 0xC102, 0xA8E2, 0x9922, 0xD323, 0xE4C3, 0xC4A6, 0x4A24, 0x3204, 0x3A64, 0x29E4, 0x636C, 0xF7BE,
0xD6B9, 0x73AE, 0x8452, 0x7BD0, 0x3A27, 0x11C2, 0x3B46, 0x43A6, 0x3B86, 0x2244, 0x3A68, 0xC659, 0xA556, 0x29A5, 0x2A84, 0x19A2,
0xCE30, 0xEE2B, 0xCC65, 0x9B25, 0x6204, 0x2081, 0x1861, 0x28E2, 0x8267, 0xB302, 0xAB86, 0x0020, 0x0841, 0x734D, 0x8BF0, 0x9C4C,
0xCDAB, 0xF688, 0xF684, 0xF644, 0xF645, 0xF666, 0xF604, 0xF624, 0xF626, 0xE5A5, 0xC4A6, 0x9388, 0x6288, 0x2924, 0x6288, 0xDD4A,
0xE504, 0xEDC4, 0xF607, 0xBCEA, 0x41E8, 0x2104, 0x0000, 0x0000, 0x0000, 0x0000, 0x0000, 0x0000, 0x0000, 0x0000, 0x0000, 0x0000,
0x0000, 0x0000, 0x0000, 0x2965, 0x8C11, 0x942C, 0xDDC7, 0xF605, 0xE585, 0x8B66, 0x3923, 0x49C5, 0x6265, 0x9BE6, 0xDDE8, 0xF646,
0xF645, 0xFEA7, 0xFEC7, 0xF667, 0xF626, 0xF666, 0xF687, 0xDE2D, 0xACF2, 0x9495, 0x52AB, 0x0020, 0x4A27, 0xCC67, 0xA2E3, 0x5143,
0x30E4, 0x2903, 0x1081, 0x1861, 0x59E2, 0xD568, 0xFE49, 0xC3A4, 0xA122, 0xB123, 0xB124, 0xA964, 0xBA03, 0xA8E2, 0xD325, 0xD3C7,
0xB1A3, 0xA983, 0xD2E5, 0xDB02, 0xD282, 0xECC5, 0xEE26, 0xC525, 0xE629, 0xEDC6, 0xC324, 0xA903, 0xC923, 0x9081, 0xC365, 0xF585,
0x8B22, 0x29E2, 0x32A3, 0x32E3, 0x21C3, 0xBE18, 0xF79D, 0x738B, 0x840F, 0x73EE, 0x1123, 0x2204, 0x4BC8, 0x3B65, 0x2B44, 0x3364,
0x3305, 0x3A27, 0xC63A, 0xC639, 0x4268, 0x1163, 0x840A, 0xF68D, 0xC484, 0x9325, 0x38E3, 0x20A2, 0x3123, 0x4163, 0x4162, 0x5963,
0xDC84, 0xC466, 0x18E3, 0x0000, 0x0020, 0x5AAB, 0x732D, 0xA46E, 0xE66C, 0xFEC8, 0xF686, 0xF666, 0xFE87, 0xF665, 0xF624, 0xF645,
0xEDA4, 0xF584, 0xD4E5, 0x9BA5, 0x5A03, 0x8B44, 0xDD45, 0xF626, 0xEE67, 0xEE25, 0xEE4C, 0x6B2B, 0x39A8, 0x0020, 0x0000, 0x0000,
0x0000, 0x0000, 0x0000, 0x0000, 0x0000, 0x0000, 0x0000, 0x0000, 0x0000, 0x0000, 0x630C, 0xAD32, 0xC549, 0xFE66, 0xEE45, 0xF605,
0xE566, 0x82C3, 0x6A44, 0xB406, 0xDD65, 0xE604, 0xE604, 0xEE24, 0xF646, 0xF666, 0xF6A7, 0xF687, 0xF6A6, 0xEE2A, 0xAC6F, 0x8C13,
0x4208, 0x0000, 0x0000, 0x6AA7, 0xDC25, 0x92A3, 0x7226, 0x59E5, 0x5A25, 0x51E5, 0x3945, 0x1041, 0x3942, 0xDDCA, 0xF5E6, 0xAAC4,
0x8902, 0xB124, 0xC143, 0xC1E5, 0xA8E2, 0xDBE6, 0xCB65, 0xA183, 0x9962, 0xCA22, 0xE323, 0xD2A2, 0xECE5, 0xFEC6, 0xDDE5, 0xF686,
0xFF25, 0xEE69, 0x9224, 0xB124, 0xA0A1, 0xD467, 0xEDE6, 0x6242, 0x19E2, 0x3344, 0x2B25, 0x6C0D, 0xF7BE, 0x9CF3, 0x9CF2, 0x9D33,
0x1963, 0x2263, 0x43A6, 0x3245, 0x3224, 0x22A2, 0x3BC6, 0x22A4, 0x4248, 0xC659, 0x9533, 0x2185, 0x31A3, 0xEE8E, 0xE506, 0xA365,
0x38E2, 0x3103, 0x3964, 0x51A4, 0x69E4, 0x69C4, 0x8244, 0xED45, 0xB425, 0x1061, 0x0000, 0x0000, 0x0000, 0x4A08, 0xBD96, 0xACEC,
0xEE8A, 0xF6A7, 0xF646, 0xF665, 0xEE65, 0xF645, 0xF624, 0xEDE4, 0xE523, 0xCC23, 0xA342, 0xABC3, 0xE5E6, 0xF686, 0xF686, 0xEE46,
0xF666, 0xF6AA, 0xA48E, 0x83D2, 0x10A3, 0x0000, 0x0000, 0x0000, 0x0000, 0x0000, 0x0000, 0x0000, 0x0000, 0x0000, 0x0000, 0x0000,
0x0000, 0x39E8, 0x9C4B, 0xEE48, 0xF667, 0xF646, 0xF605, 0xEDC4, 0xDD25, 0xBC23, 0xB3E2, 0xDD04, 0xE5A4, 0xE5C3, 0xEE05, 0xEDE5,
0xF646, 0xEE87, 0xF646, 0xE648, 0x9C8B, 0xA4F4, 0x4209, 0x0000, 0x0000, 0x0000, 0x6A86, 0xF527, 0xB3C4, 0x8A86, 0x7A25, 0x61E4,
0x6A25, 0x51A4, 0x49A5, 0x1861, 0x5204, 0xEE0A, 0xDCA6, 0x8961, 0xA123, 0xC163, 0xB163, 0xA102, 0xDCA9, 0xC2A4, 0xC1C5, 0xA962,
0xDAE4, 0xE323, 0xCA62, 0xDC84, 0xF6A4, 0xF6A4, 0xEDC5, 0xBB83, 0xBB46, 0x99C4, 0xB9A4, 0xB902, 0xD445, 0xEE08, 0x6263, 0x2263,
0x3364, 0x22A5, 0x73EE, 0xA4F4, 0x94F3, 0x6BCE, 0x21C4, 0x2AC4, 0x3BC5, 0x2B24, 0x2202, 0x3AA4, 0x43A6, 0x2B25, 0x19E4, 0x9CF3,
0xCE9B, 0x6BCE, 0x10E3, 0x9C89, 0xFE48, 0xDC86, 0x61C5, 0x30E3, 0x51E4, 0x7246, 0x71E4, 0x8A65, 0x9AC6, 0xB364, 0xED88, 0x72A5,
0x0020, 0x0000, 0x0000, 0x0000, 0x0000, 0x5AEB, 0x840F, 0x8BC9, 0xDE0A, 0xFEA8, 0xF685, 0xEE45, 0xF646, 0xEE25, 0xDD43, 0xD484,
0xB3A4, 0xB3E3, 0xE565, 0xFE66, 0xF6A7, 0xF6A6, 0xF686, 0xF6A6, 0xFF09, 0xCDAF, 0x8BF2, 0x31A7, 0x0000, 0x0000, 0x0000, 0x0000,
0x0000, 0x0000, 0x0000, 0x0000, 0x0000, 0x0000, 0x0000, 0x10C3, 0x8C30, 0xCD4A, 0xFEC8, 0xF6A6, 0xFE86, 0xF664, 0xEE05, 0xF605,
0xF5A4, 0xD524, 0xC485, 0xDCE6, 0xE505, 0xF565, 0xE544, 0xEE06, 0xF668, 0xEDCA, 0x9C08, 0x9492, 0x4A8B, 0x0000, 0x0000, 0x0000,
0x0000, 0x49E5, 0xF547, 0xDCC4, 0xA305, 0x9AC7, 0x7A44, 0x6A06, 0x6A46, 0x6246, 0x5A27, 0x1841, 0xA427, 0xFE08, 0xA282, 0x90E2,
0xB143, 0xB123, 0xAA04, 0xCC28, 0xB1C4, 0xB183, 0xB182, 0xCAA4, 0xDAC2, 0xDB03, 0xCBE2, 0xF625, 0xF684, 0xDD66, 0xA284, 0xB1C4,
0xBA06, 0xC9C4, 0xB0E1, 0xDC45, 0xEE08, 0x5A62, 0x2A63, 0x3364, 0x3305, 0x0921, 0x29C5, 0x2204, 0x2224, 0x2AA4, 0x2B44, 0x33A4,
0x3385, 0x3B45, 0x32E4, 0x1A23, 0x42C9, 0xADB6, 0xEFBE, 0x94F3, 0x29A7, 0x4225, 0xEE8C, 0xE545, 0x9B25, 0x30A1, 0x7287, 0x8AA6,
0xA327, 0x9A86, 0xA286, 0xA2E3, 0xE546, 0xB448, 0x1081, 0x0000, 0x0000, 0x0000, 0x0000, 0x0000, 0x0000, 0x18C3, 0x736E, 0x942C,
0xBD09, 0xE648, 0xFE88, 0xFE88, 0xE5A5, 0xCCA5, 0x9B44, 0x7284, 0xB489, 0xF5C6, 0xF666, 0xF6C7, 0xFEC7, 0xF6C6, 0xF6C6, 0xFEC8,
0xDDCC, 0xAD13, 0x528B, 0x0000, 0x0000, 0x0000, 0x0000, 0x0000, 0x0000, 0x0000, 0x0000, 0x0000, 0x0000, 0x0000, 0x422A, 0xA4D1,
0xE62A, 0xF688, 0xF6A6, 0xFEA6, 0xFE86, 0xF624, 0xEDE4, 0xF606, 0xAC29, 0x4985, 0x6205, 0x9B25, 0xDD06, 0xDD24, 0xEDC7, 0xCD08,
0x8B2A, 0x730C, 0x526A, 0x0020, 0x0000, 0x0000, 0x0000, 0x0000, 0x1081, 0xB448, 0xF585, 0xCC24, 0xA285, 0xAB29, 0x8286, 0x6A26,
0x72A8, 0x6AA7, 0x3104, 0x5A44, 0xFEAA, 0xC3E4, 0x9142, 0xB123, 0xA103, 0xC347, 0xBB87, 0xB143, 0xA983, 0xC224, 0xC9E2, 0xDA82,
0xEBA4, 0xD382, 0xF4C5, 0xE465, 0xDC05, 0xDC08, 0xBAC6, 0xB1E5, 0xC984, 0xB0A1, 0xDC05, 0xEDC7, 0x6283, 0x2A42, 0x3323, 0x22C4,
0x2AA4, 0x3305, 0x4366, 0x3A84, 0x2A23, 0x2AC4, 0x3325, 0x2264, 0x2A25, 0x42A9, 0x8C92, 0xCE5A, 0xE6FC, 0x8C92, 0x4247, 0x10E3,
0x7BC6, 0xF668, 0xC404, 0x61C4, 0x51A5, 0x9B27, 0xAAC6, 0xA2A7, 0xA2C7, 0xA303, 0xD4A5, 0xEDC9, 0x49C3, 0x0000, 0x0000, 0x0000,
0x0000, 0x0000, 0x0000, 0x0000, 0x0000, 0x4A29, 0x9C92, 0x83AE, 0x8BAB, 0xBD0B, 0xC50A, 0xBC69, 0x8AE5, 0x4942, 0x3966, 0x5A68,
0xCD28, 0xF6C7, 0xF6A7, 0xFEC7, 0xF6A7, 0xF6C7, 0xFEC7, 0xEE29, 0xAD30, 0x5ACC, 0x0000, 0x0000, 0x0000, 0x0000, 0x0000, 0x0000,
0x0000, 0x0000, 0x0000, 0x0000, 0x0840, 0x7BB1, 0xAD10, 0xEEA8, 0xF686, 0xF6A7, 0xF6A6, 0xF666, 0xF624, 0xEE05, 0xBCE8, 0x6268,
0x39A8, 0x20C5, 0x4146, 0x7A87, 0xB44A, 0x7B07, 0x62CB, 0x6B0E, 0x41C9, 0x0020, 0x0000, 0x0000, 0x0000, 0x0000, 0x0000, 0x0000,
0x2903, 0xD4E8, 0xF5C6, 0xBBC3, 0x9243, 0xA306, 0xA327, 0x82A7, 0x72A8, 0x41A6, 0x3963, 0xE609, 0xDD05, 0x8961, 0xA103, 0x9963,
0xCC49, 0xA285, 0xD1E6, 0xA183, 0x99A2, 0xB9C2, 0xD242, 0xE363, 0xE363, 0xE323, 0xB9C2, 0xA141, 0xA143, 0xB945, 0xD1C6, 0xD984,
0xB0A1, 0xDC25, 0xEDE7, 0x6A82, 0x2A22, 0x2AC3, 0x1A63, 0x3B85, 0x3384, 0x2AC3, 0x29E3, 0x3A47, 0x19C4, 0x2A05, 0x8450, 0xD69A,
0xE75D, 0xCE7A, 0x9D15, 0x5AEC, 0x29A5, 0x29E4, 0x1983, 0xA4E6, 0xFE06, 0xABA4, 0x59C5, 0x7246, 0xAB27, 0xB306, 0xA2C4, 0x9AC3,
0xDD47, 0xFEAA, 0x7B27, 0x0000, 0x0000, 0x0000, 0x0000, 0x0000, 0x0000, 0x0000, 0x0000, 0x0000, 0x0000, 0x18E3, 0x524A, 0x626C,
0x5A29, 0x49A5, 0x49C5, 0x3124, 0x1061, 0x18E4, 0x4A2A, 0x7B89, 0xEEA9, 0xF6A7, 0xFEC8, 0xFE87, 0xF6A7, 0xFEC7, 0xF6A9, 0x9C8C,
0x630D, 0x0000, 0x0000, 0x0000, 0x0000, 0x0000, 0x0000, 0x0000, 0x0000, 0x0000, 0x0000, 0x0841, 0x7BB0, 0xB52E, 0xF6A8, 0xF6A6,
0xFEC7, 0xF6A6, 0xF645, 0xF605, 0xE5E9, 0x8BCC, 0x5A8B, 0x10A2, 0x0020, 0x2105, 0x3947, 0x3125, 0x39C9, 0x4A6C, 0x2965, 0x0020,
0x0000, 0x0000, 0x0000, 0x0000, 0x0000, 0x0000, 0x0000, 0x0000, 0x6266, 0xEDA8, 0xFE27, 0xC445, 0x9262, 0xAAA3, 0xAB47, 0x82AA,
0x49A5, 0x3903, 0xD549, 0xF5C6, 0x9A02, 0x88C2, 0x9A23, 0xCC88, 0x99E4, 0xC9A6, 0x9123, 0x9A44, 0xB283, 0xC222, 0xDAC3, 0xCA61,
0xDA83, 0xD263, 0xDAA4, 0xC244, 0xC984, 0xD144, 0xD164, 0xB0E2, 0xDC25, 0xF5E7, 0x6261, 0x29E2, 0x2242, 0x1A23, 0x2B03, 0x3344,
0x32A4, 0x21A4, 0x29A7, 0x94F4, 0xD6DB, 0xEF3C, 0xD67A, 0x94B3, 0x52EB, 0x3247, 0x21C3, 0x3264, 0x32A5, 0x21C3, 0xC5C8, 0xF585,
0xAB84, 0x61C3, 0x79E4, 0xA2A6, 0x9AA3, 0xBC44, 0xF5CA, 0xE5AC, 0x6AE7, 0x0000, 0x0000, 0x0000, 0x0000, 0x0000, 0x0000, 0x0000,
0x0000, 0x0000, 0x0000, 0x0000, 0x0000, 0x0000, 0x1061, 0x20E3, 0x1082, 0x1082, 0x0000, 0x0000, 0x0000, 0x2945, 0x5AAA, 0xDE0B,
0xF685, 0xF6A7, 0xFEA7, 0xF6A7, 0xF6C7, 0xF68A, 0x942C, 0x39C9, 0x0000, 0x0000, 0x0000, 0x0000, 0x0000, 0x0000, 0x0000, 0x0000,
0x0000, 0x0000, 0x0861, 0x9452, 0xB50C, 0xEE67, 0xEE86, 0xFEC6, 0xF686, 0xF646, 0xEDE6, 0xBCCB, 0x8C31, 0x2104, 0x0000, 0x0000,
0x0000, 0x0861, 0x10A2, 0x18E3, 0x0841, 0x0000, 0x0000, 0x0000, 0x0000, 0x0000, 0x0000, 0x0000, 0x0000, 0x0000, 0x0000, 0x0000,
0x6244, 0xD4C6, 0xFE69, 0xEDA6, 0xCC05, 0x9283, 0x7A47, 0x6248, 0x28A2, 0xB467, 0xFE27, 0xAA82, 0x80A1, 0xBB86, 0xAB65, 0x9922,
0xD9E6, 0xA984, 0xC407, 0xDD08, 0x9980, 0xD2A5, 0xB221, 0xB242, 0xBA23, 0xE2A3, 0xDB25, 0xB1C2, 0xD1A4, 0xD1A4, 0xA8C1, 0xD425,
0xF608, 0x6A82, 0x21E2, 0x1A22, 0x1A43, 0x22C2, 0x3B65, 0x2A24, 0x2A07, 0xAD96, 0xF7DF, 0xAD55, 0xC639, 0x73EF, 0x21A4, 0x2204,
0x2284, 0x3325, 0x3324, 0x2283, 0x3223, 0xD649, 0xED85, 0x8AC3, 0x5A05, 0x9286, 0x9265, 0xCC65, 0xFE8A, 0xC4A8, 0x4184, 0x0000,
0x0000, 0x0000, 0x0000, 0x0000, 0x0000, 0x0000, 0x0000, 0x0000, 0x0000, 0x0000, 0x0000, 0x0000, 0x0000, 0x0000, 0x0000, 0x0000,
0x0000, 0x0000, 0x0000, 0x0000, 0x0861, 0xA4B3, 0xC52B, 0xF646, 0xF666, 0xF645, 0xF686, 0xF686, 0xEE28, 0x8BEB, 0x3987, 0x0000,
0x0000, 0x0000, 0x0000, 0x0000, 0x0000, 0x0000, 0x0000, 0x0000, 0x0000, 0x1082, 0x734D, 0xBD4B, 0xEE26, 0xF666, 0xF686, 0xFE86,
0xF645, 0xDDC8, 0xB510, 0x5AEC, 0x0000, 0x0000, 0x0000, 0x0000, 0x0000, 0x0000, 0x0000, 0x0000, 0x0000, 0x0000, 0x0000, 0x0000,
0x0000, 0x0000, 0x0000, 0x0000, 0x0000, 0x0000, 0x0000, 0x0000, 0x20A1, 0x7B27, 0xBCC6, 0xEE07, 0xE546, 0x8AC5, 0x5185, 0x40C2,
0xABC5, 0xFE47, 0xBAE3, 0x88E1, 0xD488, 0x9A84, 0xC1E5, 0xD1E5, 0xAA02, 0xE5A7, 0xFEC8, 0xC405, 0xA1E2, 0xD404, 0xDD25, 0xC3E4,
0xC282, 0xC263, 0xC244, 0xC1A3, 0xB963, 0xA122, 0xD466, 0xE5C7, 0x5A22, 0x2203, 0x32C4, 0x32E5, 0x3345, 0x2AA4, 0x21C5, 0xA596,
0xDF3C, 0xBDF7, 0x7C31, 0x4289, 0x21E3, 0x32C5, 0x2B04, 0x2B64, 0x2B43, 0x2B03, 0x2AA3, 0x4243, 0xD5E8, 0xED45, 0x8305, 0x0862,
0x82E8, 0xBC04, 0xFE67, 0xB3C6, 0x3103, 0x0000, 0x0000, 0x0000, 0x0000, 0x0000, 0x0000, 0x0000, 0x0000, 0x0000, 0x0000, 0x0000,
0x0000, 0x0000, 0x0000, 0x0000, 0x0000, 0x0000, 0x0000, 0x0000, 0x0000, 0x0000, 0x0000, 0x0020, 0x8410, 0xC52E, 0xEE26, 0xF645,
0xF624, 0xF645, 0xF625, 0xE587, 0x8349, 0x41E8, 0x0000, 0x0000, 0x0000, 0x0000, 0x0000, 0x0000, 0x0000, 0x0000, 0x0000, 0x0000,
0x0861, 0x5AAA, 0xBD2B, 0xF5E5, 0xF5E5, 0xF625, 0xF626, 0xF5E6, 0xD54C, 0x9431, 0x2945, 0x0000, 0x0000, 0x0000, 0x0000, 0x0000,
0x0000, 0x0000, 0x0000, 0x0000, 0x0000, 0x0000, 0x0000, 0x0000, 0x0000, 0x0000, 0x0000, 0x0000, 0x0000, 0x0000, 0x0000, 0x0000,
0x0000, 0x72C8, 0xA384, 0xDCC5, 0xC407, 0x4944, 0x4123, 0xB406, 0xFE27, 0xC303, 0x9182, 0xD468, 0xAA04, 0xCA05, 0xA9A4, 0xAAE4,
0xFEAA, 0xEE44, 0xF646, 0xD463, 0xED63, 0xFEA5, 0xF625, 0xDC44, 0xB1C3, 0xB9C4, 0xB963, 0xB963, 0x98C0, 0xDC87, 0xEDC7, 0x5A63,
0x2A23, 0x2A03, 0x2A23, 0x32C5, 0x1943, 0x8411, 0xD6FB, 0x94D3, 0x4ACB, 0x1983, 0x2A43, 0x42C5, 0x3AC4, 0x2B03, 0x2B43, 0x2B23,
0x3304, 0x32C4, 0x4263, 0xD5C7, 0xED04, 0xA44A, 0x0000, 0x2104, 0xE56B, 0xC442, 0xC466, 0x83CB, 0x0000, 0x0000, 0x0000, 0x0000,
0x0000, 0x0000, 0x0000, 0x0000, 0x0000, 0x0000, 0x0000, 0x0000, 0x0000, 0x0000, 0x0000, 0x0000, 0x0000, 0x0000, 0x0000, 0x0000,
0x0000, 0x0000, 0x0000, 0x632D, 0xBD10, 0xEDE6, 0xF644, 0xF624, 0xF624, 0xF605, 0xD4A6, 0x6AA8, 0x2945, 0x0000, 0x0000, 0x0000,
0x0000, 0x0000, 0x0000, 0x0000, 0x0000, 0x0000, 0x0000, 0x0000, 0x41E7, 0xA48B, 0xEDC5, 0xED63, 0xE583, 0xEDC4, 0xF5C6, 0xC54E,
0x7BB0, 0x1062, 0x0000, 0x0000, 0x0000, 0x0000, 0x0000, 0x0000, 0x0000, 0x0000, 0x0000, 0x0000, 0x0000, 0x0000, 0x0000, 0x0000,
0x0000, 0x0000, 0x0000, 0x0000, 0x0000, 0x0000, 0x0000, 0x0000, 0xB4AC, 0xCC46, 0xB324, 0x9B27, 0x1041, 0x0000, 0xACCA, 0xFE48,
0xC303, 0x91A2, 0xCC07, 0xA963, 0xC1C5, 0x99A5, 0xDCA9, 0xF648, 0xEDE4, 0xE5A3, 0xCCC2, 0xE5A4, 0xF664, 0xEE24, 0xC382, 0xA923,
0xB124, 0xC185, 0xB123, 0x90A1, 0xD426, 0xEDE8, 0x5222, 0x3222, 0x2A03, 0x42C5, 0x29E3, 0x52AC, 0x9D35, 0x9D14, 0x8C93, 0x1124,
0x2A43, 0x32E4, 0x2202, 0x3262, 0x3304, 0x2AE4, 0x1A24, 0x19C4, 0x1963, 0x29A3, 0xCDA8, 0xF543, 0xA429, 0x0000, 0x0841, 0x8307,
0xB3A5, 0xFE6C, 0xACCC, 0x0000, 0x0000, 0x0000, 0x0000, 0x0000, 0x0000, 0x0000, 0x0000, 0x0000, 0x0000, 0x0000, 0x0000, 0x0000,
0x0000, 0x0000, 0x0000, 0x0000, 0x0000, 0x0000, 0x0000, 0x0000, 0x0000, 0x0000, 0x5AAC, 0xACAF, 0xE5E6, 0xF623, 0xF5C3, 0xF604,
0xF5C5, 0xABC6, 0x5207, 0x1082, 0x0000, 0x0000, 0x0000, 0x0000, 0x0000, 0x0000, 0x0000, 0x0000, 0x0000, 0x0000, 0x0000, 0x10A3,
0x6B09, 0xDD88, 0xF563, 0xE5A3, 0xEDC4, 0xED65, 0xACCE, 0x6B50, 0x3945, 0x0000, 0x0000, 0x0000, 0x0000, 0x0000, 0x0000, 0x0000,
0x0000, 0x0000, 0x0000, 0x0000, 0x0000, 0x0000, 0x0000, 0x0000, 0x0000, 0x0000, 0x0000, 0x0000, 0x0000, 0x0000, 0x1082, 0x940A,
0xD50A, 0x9B28, 0x4965, 0x0861, 0x0000, 0xBD6C, 0xFE48, 0xAA62, 0x8982, 0xCC48, 0x9184, 0x99A4, 0xAB26, 0xFE8A, 0xEDC4, 0xF5A4,
0xE564, 0xC404, 0xCC64, 0xF606, 0xFE65, 0xDCE3, 0xD3A4, 0xBA63, 0xA142, 0x98E2, 0x88A2, 0xD406, 0xE5A8, 0x41C1, 0x2A22, 0x32C4,
0x32A4, 0x2A06, 0x638F, 0x8CF4, 0x530E, 0x2967, 0x2963, 0x3203, 0x2243, 0x22A4, 0x3304, 0x2284, 0x2A46, 0x7C30, 0xA555, 0x9CF4,
0x5AEB, 0x9428, 0xEDC8, 0xB448, 0x0862, 0x0000, 0x0000, 0x3102, 0x41A4, 0x18C2, 0x0000, 0x0000, 0x0000, 0x0000, 0x0000, 0x0000,
0x0000, 0x0000, 0x0000, 0x0000, 0x0000, 0x0000, 0x0000, 0x0000, 0x0000, 0x0000, 0x0000, 0x0000, 0x0000, 0x0000, 0x0000, 0x4A26,
0x83A9, 0x4A08, 0x9C0B, 0xE5C6, 0xF623, 0xF5E4, 0xF5C4, 0xDD25, 0x82C5, 0x3185, 0x0000, 0x0000, 0x0000, 0x0000, 0x0000, 0x0000,
0x0000, 0x0000, 0x0000, 0x0000, 0x0000, 0x0000, 0x0000, 0x4207, 0xAC66, 0xED85, 0xED83, 0xEDA3, 0xE545, 0x8BEC, 0x5ACD, 0x7A86,
0x7307, 0x18A2, 0x0000, 0x0000, 0x0000, 0x0000, 0x0000, 0x0000, 0x0000, 0x0000, 0x0000, 0x0000, 0x0000, 0x0000, 0x0000, 0x0000,
0x0000, 0x0000, 0x0000, 0x0000, 0x0000, 0x0841, 0x18C3, 0x2903, 0x2924, 0x0841, 0x0000, 0x0841, 0xC5CC, 0xFDE6, 0xB243, 0x8902,
0xDCA8, 0x9244, 0x92A3, 0xE609, 0xF686, 0xEDA3, 0xF563, 0xFE06, 0xABA4, 0x9285, 0xAB45, 0xDD66, 0xEDC6, 0xFE66, 0xFE26, 0xED06,
0xDC67, 0x8123, 0xD406, 0xDD88, 0x4982, 0x3203, 0x2A02, 0x1982, 0x31C8, 0x634D, 0x5289, 0x52A6, 0x9427, 0xDE6D, 0x6AA5, 0x1943,
0x2AC4, 0x2244, 0x42C9, 0xCE9A, 0xF7BE, 0xF7BE, 0xF7BE, 0xDEFB, 0x6B4A, 0xB469, 0xBC67, 0x0840, 0x0000, 0x0000, 0x0000, 0x0000,
0x0000, 0x0000, 0x0000, 0x0000, 0x0000, 0x0000, 0x0000, 0x0000, 0x0000, 0x0000, 0x0000, 0x0000, 0x0000, 0x0000, 0x0000, 0x0000,
0x0000, 0x0000, 0x0000, 0x0000, 0x0000, 0x4A47, 0xFE6E, 0xEDEA, 0x5A87, 0x9BEB, 0xEDC5, 0xF643, 0xF5A3, 0xED43, 0xBC26, 0x6226,
0x20E3, 0x0000, 0x0000, 0x0000, 0x0000, 0x0000, 0x0000, 0x0000, 0x0000, 0x0000, 0x0000, 0x0000, 0x0000, 0x0000, 0x18E3, 0x72E6,
0xD486, 0xE503, 0xED84, 0xED85, 0x942B, 0x6ACC, 0x9326, 0xDD27, 0xC4A7, 0xA409, 0x9C0C, 0x4A06, 0x0000, 0x0000, 0x0000, 0x0000,
0x0000, 0x0000, 0x0000, 0x0000, 0x0000, 0x0000, 0x0000, 0x0000, 0x0000, 0x0000, 0x0000, 0x0000, 0x0000, 0x0000, 0x0000, 0x0000,
0x0000, 0x0000, 0x1082, 0xE64E, 0xFDC6, 0x99C2, 0x9102, 0xDCA7, 0xED47, 0xED88, 0xF646, 0xEDC4, 0xEDC3, 0xF5C5, 0xB404, 0xB488,
0xEE6E, 0xD52A, 0xBC25, 0xABC3, 0xABE4, 0xABC4, 0xBBC3, 0xE4E6, 0x8183, 0xBB45, 0xC4C6, 0x7284, 0x5A25, 0x4A44, 0x6B25, 0x8C2C,
0xBD70, 0xD64E, 0xDE6A, 0xEE06, 0xE543, 0xC465, 0x4983, 0x1964, 0x5B4C, 0xBDF8, 0xBE39, 0xA555, 0xAD95, 0xADB6, 0xE73D, 0x9CD4,
0x5A65, 0xD50A, 0x41A5, 0x0000, 0x0000, 0x0000, 0x0000, 0x0000, 0x0000, 0x0000, 0x0000, 0x0000, 0x0000, 0x0000, 0x0000, 0x0000,
0x0000, 0x0000, 0x0000, 0x0000, 0x0000, 0x0000, 0x0000, 0x0000, 0x0000, 0x0000, 0x0861, 0x2945, 0x942D, 0xF649, 0xE566, 0x5A45,
0xA429, 0xF5A5, 0xEDA3, 0xED22, 0xE505, 0x9325, 0x41A6, 0x0020, 0x0000, 0x0000, 0x0000, 0x0000, 0x0000, 0x0000, 0x0000, 0x0000,
0x0000, 0x0000, 0x0000, 0x0000, 0x0000, 0x0000, 0x3985, 0x7A87, 0xBC06, 0xDCA4, 0xED46, 0x93C9, 0x4A0A, 0xA3C8, 0xF5C7, 0xF627,
0xEE6B, 0xA42B, 0x6ACA, 0x3165, 0x0000, 0x0000, 0x0000, 0x0000, 0x0000, 0x0000, 0x0000, 0x0000, 0x0000, 0x0000, 0x0000, 0x0000,
0x0000, 0x0000, 0x0000, 0x0000, 0x0000, 0x0000, 0x0000, 0x0000, 0x0000, 0x2924, 0xF66D, 0xED66, 0x99A2, 0x9943, 0x9A43, 0xDCC5,
0xF605, 0xF5E4, 0xEDA4, 0xF5E4, 0xCC83, 0xA3E8, 0xFECC, 0xE646, 0xF6AA, 0xDDEA, 0xEE6D, 0xF66E, 0xE60B, 0xE64E, 0xC570, 0xC530,
0xDDCB, 0xDD88, 0xE5EB, 0xE66F, 0xD631, 0xEEEF, 0xF70C, 0xEEAD, 0xB52A, 0x9C47, 0xDD84, 0xE522, 0xF544, 0xA3C6, 0x39A5, 0x9D15,
0x8CB4, 0x5B4E, 0x3249, 0x21A6, 0x638E, 0xBDF9, 0xC619, 0x736C, 0xB46A, 0x6245, 0x0000, 0x0000, 0x0000, 0x0000, 0x0000, 0x0000,
0x0000, 0x0000, 0x0000, 0x0000, 0x0000, 0x0000, 0x0000, 0x0000, 0x0000, 0x0000, 0x0000, 0x0000, 0x0000, 0x0000, 0x0000, 0x0000,
0x1082, 0x5A49, 0x41C7, 0x39A6, 0xBCC8, 0xDD68, 0x5A03, 0xBCA6, 0xF564, 0xE4E2, 0xE4A3, 0xABC7, 0x5A66, 0x10A2, 0x0000, 0x0000,
0x0000, 0x0000, 0x0000, 0x0000, 0x0000, 0x0000, 0x0000, 0x0000, 0x0000, 0x0000, 0x0000, 0x0000, 0x0000, 0x0841, 0x49C7, 0x8328,
0xCCA7, 0xE4C6, 0xA409, 0x4A29, 0x8327, 0xE566, 0xF62A, 0xA48A, 0x6B0D, 0x7372, 0x526C, 0x0020, 0x0000, 0x0000, 0x0000, 0x0000,
0x0000, 0x0000, 0x0000, 0x0000, 0x0000, 0x0000, 0x0000, 0x0000, 0x0000, 0x0000, 0x0000, 0x0000, 0x0000, 0x0000, 0x0000, 0x0000,
0x5287, 0xFEEC, 0xD485, 0x8101, 0xA144, 0x9943, 0xC364, 0xF605, 0xFE45, 0xDD44, 0xD4E4, 0xB3E3, 0xB3C5, 0xDD46, 0xEDE5, 0xB4AA,
0x5A87, 0x3983, 0x8388, 0x9C87, 0x6B46, 0x2924, 0x39A4, 0xD626, 0xEDE4, 0xEE07, 0x83A6, 0x18A2, 0x39A3, 0x83C9, 0x4A04, 0x0000,
0x0001, 0x8387, 0xEE67, 0xED23, 0xB3E6, 0x41E4, 0x6B4E, 0x52ED, 0x21A7, 0x3A69, 0x4ACB, 0x3A29, 0x73D1, 0xA556, 0x634C, 0x9C08,
0x8B47, 0x0000, 0x0000, 0x0000, 0x0000, 0x0000, 0x0000, 0x0000, 0x0000, 0x0000, 0x0000, 0x0000, 0x0000, 0x0000, 0x0000, 0x0000,
0x0000, 0x0000, 0x0000, 0x0000, 0x0000, 0x0000, 0x0000, 0x4186, 0x49A4, 0xACEE, 0x5ACB, 0x8B89, 0xAC29, 0x6203, 0xBC44, 0xE524,
0xE526, 0xA345, 0x59E6, 0x18C3, 0x0000, 0x0000, 0x0000, 0x0000, 0x0000, 0x0000, 0x0000, 0x0000, 0x0000, 0x0000, 0x0000, 0x0000,
0x0000, 0x0000, 0x0000, 0x0000, 0x0000, 0x0861, 0x2944, 0x6286, 0xA3A7, 0xAC2A, 0x5249, 0x41E8, 0xB445, 0xCD07, 0x8BED, 0x9CD6,
0x524B, 0x4A29, 0x0000, 0x0000, 0x0000, 0x0000, 0x0000, 0x0000, 0x0000, 0x0000, 0x0000, 0x0000, 0x0000, 0x0000, 0x0000, 0x0000,
0x0000, 0x0000, 0x0000, 0x0000, 0x0000, 0x0020, 0x0000, 0x840B, 0xFEEA, 0xC3C5, 0x78E2, 0xA143, 0xB163, 0xB2C3, 0xF605, 0xF645,
0xDD23, 0xA382, 0xCCA6, 0xBBA5, 0xB343, 0xE565, 0xA427, 0xE6F1, 0x6308, 0x0000, 0x1083, 0x18C4, 0x9CCD, 0x62C6, 0xD5E6, 0xF605,
0xEDC6, 0xACC9, 0xCDF1, 0x2102, 0x1062, 0x10A4, 0x3163, 0xB56F, 0x28E2, 0xD5A8, 0xF524, 0x8243, 0x2986, 0x426A, 0x52CC, 0xB5D7,
0xCE9A, 0xD6FB, 0xADB6, 0x424A, 0x52CD, 0x31E7, 0xAC88, 0xABE7, 0x0000, 0x0000, 0x0000, 0x0000, 0x0000, 0x0000, 0x0000, 0x0000,
0x0000, 0x0000, 0x0000, 0x0000, 0x0000, 0x0000, 0x0000, 0x0000, 0x0000, 0x0000, 0x0000, 0x0000, 0x0000, 0x0861, 0x7AC6, 0xDD6A,
0xC54B, 0x940F, 0x836C, 0x72C6, 0x51A1, 0xBC48, 0xA3C7, 0x5204, 0x28E2, 0x0841, 0x0000, 0x0000, 0x0000, 0x0000, 0x0000, 0x0000,
0x0000, 0x0000, 0x0000, 0x0000, 0x0000, 0x0000, 0x0000, 0x0000, 0x0000, 0x0000, 0x0000, 0x0000, 0x0000, 0x0000, 0x0000, 0x18A2,
0x51E5, 0x4A28, 0x3989, 0x72E6, 0xBCAA, 0xA472, 0x730D, 0x6285, 0x6266, 0x0000, 0x0000, 0x0000, 0x0000, 0x0000, 0x0000, 0x0000,
0x0000, 0x0000, 0x0000, 0x0000, 0x0000, 0x0000, 0x0000, 0x0000, 0x0000, 0x0000, 0x0000, 0x0000, 0x0000, 0x0000, 0xACEC, 0xFE88,
0xB344, 0x70E3, 0x9963, 0xA9E1, 0xD464, 0xF665, 0xF643, 0xF5C4, 0xBC04, 0xED67, 0xBBA6, 0x9B07, 0xE546, 0xEE27, 0xF6E9, 0xD60D,
0x0020, 0x4A69, 0x8C50, 0xCE0D, 0xD609, 0xEE67, 0xF665, 0xF685, 0xEE88, 0xFF4C, 0x5A64, 0x39C8, 0x630D, 0x8428, 0xF6CC, 0xBCA8,
0xEDC6, 0xCC44, 0x4942, 0x2186, 0x3A29, 0xD69B, 0xA535, 0x52EC, 0x636E, 0xCE9A, 0x8472, 0x52AC, 0x4206, 0xCD27, 0xCCE8, 0x18C2,
0x0000, 0x0000, 0x0000, 0x0000, 0x0000, 0x0000, 0x0000, 0x0000, 0x0000, 0x0000, 0x0000, 0x0000, 0x0000, 0x0000, 0x0000, 0x0000,
0x0000, 0x0020, 0x20E3, 0x2924, 0xACCC, 0xFE8D, 0xC488, 0x51A2, 0x51E7, 0x6247, 0x59C3, 0x7286, 0x93AC, 0x1082, 0x0000, 0x0000,
0x0000, 0x0000, 0x0000, 0x0000, 0x0000, 0x0000, 0x0000, 0x0000, 0x0000, 0x0000, 0x0000, 0x0000, 0x0000, 0x0000, 0x0000, 0x0000,
0x0000, 0x0000, 0x0000, 0x0000, 0x0000, 0x0000, 0x0000, 0x0020, 0x2104, 0x3169, 0x41C7, 0x6248, 0x9473, 0x62AA, 0xB4EC, 0xD5AF,
0x3983, 0x0861, 0x3985, 0x41C6, 0x0000, 0x0000, 0x0000, 0x0000, 0x0000, 0x0000, 0x0000, 0x0000, 0x0000, 0x0000, 0x0000, 0x0000,
0x0000, 0x0000, 0x0000, 0x0000, 0x1082, 0xDE4D, 0xFDE7, 0x9A83, 0x6102, 0xAAE4, 0xD463, 0xFE65, 0xF644, 0xF5E4, 0xD464, 0xC423,
0xDCA5, 0x8942, 0x8A47, 0xDD48, 0xEDA5, 0xF666, 0xE66D, 0x18A1, 0x52AB, 0x736B, 0xDE6B, 0xF687, 0xEE26, 0xEE67, 0xE665, 0xE667,
0xF709, 0x7305, 0x2987, 0x630C, 0xA4C8, 0xF646, 0xF5C5, 0xEDA6, 0x82C4, 0x2104, 0x1925, 0x73CF, 0xBE39, 0x3227, 0x21E5, 0x1983,
0x8CB1, 0xEF9E, 0x94D4, 0x2902, 0xBC84, 0xEDA7, 0x6265, 0x0000, 0x0000, 0x0000, 0x0000, 0x0000, 0x0000, 0x0000, 0x0000, 0x0000,
0x0000, 0x0000, 0x0000, 0x0000, 0x0000, 0x0000, 0x0000, 0x0000, 0x3164, 0xE60E, 0xE5AA, 0xF5EE, 0x9388, 0x3903, 0x49A6, 0x72EA,
0x7288, 0x51C5, 0x72EA, 0x18E3, 0x0000, 0x0000, 0x0000, 0x0000, 0x0000, 0x0000, 0x0000, 0x0000, 0x0000, 0x0000, 0x0000, 0x0000,
0x0000, 0x0000, 0x0000, 0x0000, 0x0000, 0x0000, 0x0000, 0x0000, 0x0000, 0x0000, 0x0000, 0x0000, 0x0000, 0x0000, 0x0000, 0x0000,
0x10A3, 0x39A8, 0x1863, 0x526B, 0x6B0D, 0x3101, 0x9C2A, 0xD5CD, 0xD62D, 0xFF52, 0x9C4E, 0x0000, 0x0000, 0x0000, 0x0000, 0x0000,
0x0000, 0x0000, 0x0000, 0x0000, 0x0000, 0x0000, 0x0000, 0x0000, 0x0000, 0x0000, 0x0000, 0x41E6, 0xF6CC, 0xED46, 0x81C2, 0x71A2,
0xE568, 0xF5E5, 0xEDA6, 0xDC85, 0xC384, 0xB303, 0xE506, 0xAAC3, 0xB144, 0x9163, 0xCCA7, 0xEDA5, 0xF666, 0xEE8B, 0x2901, 0x52CB,
0x6309, 0xDE29, 0xEE25, 0xEE45, 0xFEEB, 0xEE69, 0xF668, 0xF6E9, 0x8BE7, 0x29A6, 0x634D, 0xACE8, 0xF686, 0xF604, 0xD465, 0x4102,
0x20E5, 0x1904, 0x7C52, 0x9D36, 0x21C5, 0x3AA6, 0x21A4, 0xA576, 0xEF9E, 0x632C, 0x18C2, 0x82E2, 0xF5C7, 0xAC48, 0x0841, 0x0000,
0x0000, 0x0000, 0x0000, 0x0000, 0x0000, 0x0000, 0x0000, 0x0000, 0x0000, 0x0000, 0x0000, 0x0000, 0x0000, 0x0000, 0x0000, 0x1082,
0x8327, 0x8325, 0x41A3, 0x0020, 0x0000, 0x3185, 0x62A9, 0x3985, 0x41E7, 0x18C3, 0x0000, 0x0000, 0x0000, 0x0000, 0x0000, 0x0000,
0x0000, 0x0000, 0x0000, 0x0000, 0x0000, 0x0000, 0x0000, 0x0000, 0x0000, 0x0000, 0x0000, 0x0000, 0x0000, 0x0000, 0x0000, 0x0000,
0x0000, 0x0000, 0x0000, 0x0000, 0x0000, 0x0000, 0x0000, 0x0000, 0x2124, 0x39A7, 0x28E5, 0x3125, 0x20C3, 0x1061, 0x41E4, 0x6B28,
0x62E7, 0x18C2, 0x0000, 0x0000, 0x0000, 0x0000, 0x0000, 0x0000, 0x0000, 0x0000, 0x0000, 0x0000, 0x0000, 0x0000, 0x0000, 0x0000,
0x0000, 0x0000, 0x8C2B, 0xFEA8, 0xCC24, 0x7122, 0x7981, 0xDD06, 0xE4C5, 0xA223, 0x9962, 0x9102, 0xC306, 0xF568, 0xA223, 0xB103,
0x80C3, 0xC469, 0xE5C5, 0xF625, 0xEECA, 0x2902, 0x52AC, 0x6B09, 0xDE29, 0xEEC8, 0xD64A, 0x83A7, 0xDE4D, 0xF688, 0xFEA9, 0x9407,
0x31A7, 0x52EC, 0xA4A8, 0x9C27, 0xC54A, 0xB408, 0x20C1, 0x2A26, 0x21A4, 0x4289, 0xCE7A, 0x94F3, 0x5B8C, 0x4AAB, 0x4A8B, 0xCE7A,
0x5B8B, 0x21E3, 0x5202, 0xD4E6, 0xE567, 0x41C4, 0x0000, 0x0000, 0x0000, 0x0000, 0x0000, 0x0000, 0x0000, 0x0000, 0x0000, 0x0000,
0x0000, 0x0000, 0x0000, 0x0000, 0x0000, 0x0000, 0x0000, 0x0000, 0x0000, 0x0000, 0x0000, 0x0000, 0x0000, 0x0000, 0x0000, 0x0000,
0x0000, 0x0000, 0x0000, 0x0000, 0x0000, 0x0000, 0x0000, 0x0000, 0x0000, 0x0000, 0x0000, 0x0000, 0x0000, 0x0000, 0x0000, 0x0000,
0x0000, 0x0000, 0x0000, 0x0000, 0x0000, 0x0000, 0x0000, 0x0000, 0x0000, 0x0000, 0x0000, 0x0000, 0x0000, 0x0000, 0x0000, 0x0000,
0x18E4, 0x3986, 0x18A2, 0x0000, 0x0000, 0x0000, 0x0000, 0x0000, 0x0000, 0x0000, 0x0000, 0x0000, 0x0000, 0x0000, 0x0000, 0x0000,
0x0000, 0x0000, 0x0000, 0x0000, 0x0000, 0x0000, 0x0000, 0x0000, 0x0021, 0xCDCC, 0xFE06, 0xB2E4, 0x7903, 0x7102, 0xCC26, 0xCBE4,
0x8101, 0xA143, 0xB983, 0xA1A2, 0xCBE5, 0xF527, 0xBB43, 0x7142, 0xB449, 0xEE26, 0xEDE3, 0xF6EA, 0x41E4, 0x5AEC, 0x632B, 0xA4ED,
0x83EA, 0x7BED, 0x5ACB, 0x5AC7, 0xE66C, 0xFF6C, 0x9448, 0x3187, 0x528C, 0x9C68, 0xC5AE, 0x4985, 0x9389, 0x10C1, 0x3285, 0x2224,
0x21A5, 0x426A, 0x94F4, 0xA597, 0x5B6F, 0x1946, 0x9D15, 0x42C8, 0x19E1, 0x39C2, 0x8B03, 0xF586, 0xAC49, 0x0841, 0x0000, 0x0000,
0x0000, 0x0000, 0x0000, 0x0000, 0x0000, 0x0000, 0x0000, 0x0000, 0x0000, 0x0000, 0x0000, 0x0000, 0x0000, 0x0000, 0x0000, 0x0000,
0x0000, 0x0000, 0x0000, 0x0000, 0x0000, 0x0000, 0x0000, 0x0000, 0x0000, 0x0000, 0x0000, 0x0000, 0x0000, 0x0000, 0x0000, 0x0000,
0x0000, 0x0000, 0x0000, 0x0000, 0x0000, 0x0000, 0x0000, 0x0000, 0x0000, 0x0000, 0x0000, 0x0000, 0x0000, 0x0000, 0x0000, 0x0000,
0x0000, 0x0000, 0x0000, 0x0000, 0x0000, 0x0000, 0x0000, 0x0000, 0x0000, 0x0000, 0x0000, 0x0000, 0x0000, 0x0000, 0x0000, 0x0000,
0x0000, 0x0000, 0x0000, 0x0000, 0x0000, 0x0000, 0x0000, 0x0000, 0x0000, 0x0000, 0x0000, 0x0000, 0x0000, 0x0020, 0x0000, 0x5AA8,
0xFEED, 0xED45, 0x89C2, 0x70E2, 0x6060, 0x8A62, 0xEDA7, 0xC3E6, 0xAA43, 0x9922, 0xA123, 0xAA23, 0xD484, 0xF5C5, 0xD4A5, 0xC4A5,
0xEE46, 0xEDE3, 0xF6EA, 0x4A25, 0x2125, 0x18E3, 0x0020, 0x2125, 0x3186, 0x738E, 0x73CE, 0x5268, 0x840A, 0x7369, 0x3186, 0x4A6A,
0x738A, 0x7BCB, 0x3942, 0x9388, 0x3142, 0x1901, 0x31E4, 0x3A25, 0x4247, 0x4267, 0x4A88, 0x4246, 0x4246, 0x73AD, 0x52E7, 0x5305,
0x5A84, 0x9BA5, 0xE546, 0xEDA9, 0x41E5, 0x0000, 0x0000, 0x0000, 0x0000, 0x0000, 0x0000, 0x0000, 0x0000, 0x0000, 0x0000, 0x0000,
0x0000, 0x0000, 0x0000, 0x0000, 0x0000, 0x0000, 0x0000, 0x0000, 0x0000, 0x0000, 0x0000, 0x0000, 0x0000, 0x0000, 0x0000, 0x0000,
0x0000, 0x0000, 0x0000, 0x0000, 0x0000, 0x0000, 0x0000, 0x0000, 0x0000, 0x0000, 0x0000, 0x0000, 0x0000, 0x0000, 0x0000, 0x0000,
0x0000, 0x0000, 0x0000, 0x0000, 0x0000, 0x0000, 0x0000, 0x0000, 0x0000, 0x0000, 0x0000, 0x0000, 0x0000, 0x0000, 0x0000, 0x0000,
0x0000, 0x0000, 0x0000, 0x0000, 0x0000, 0x0000, 0x0000, 0x0000, 0x0000, 0x0000, 0x0000, 0x0000, 0x0000, 0x0000, 0x0000, 0x0000,
0x0000, 0x0000, 0x0000, 0x0000, 0x0000, 0x0000, 0x83CA, 0xFEE9, 0xE4E4, 0xB364, 0xC406, 0xAB87, 0xA3C7, 0xD5A6, 0xBCA5, 0xBC07,
0x81A2, 0x8143, 0x7942, 0x8A42, 0xCC64, 0xBBE2, 0xC484, 0xEE25, 0xF686, 0xC5A9, 0x18A1, 0x0000, 0x0040, 0x0820, 0x0000, 0x0000,
0x0000, 0x2125, 0x10A3, 0x0000, 0x0820, 0x0842, 0x0881, 0x10A2, 0x3162, 0xB52A, 0x8B46, 0x8B06, 0xB487, 0xE66E, 0xE6AF, 0xF6F0,
0xF6D0, 0xEE90, 0xF6AE, 0xEEB0, 0x8387, 0xDE2B, 0xF6EC, 0xF6CB, 0xEE08, 0xDCE6, 0xED66, 0xB48A, 0x0000, 0x0000, 0x0000, 0x0000,
0x0000, 0x0000, 0x0000, 0x0000, 0x0000, 0x0000, 0x0000, 0x0000, 0x0000, 0x0000, 0x0000, 0x0000, 0x0000, 0x0000, 0x0000, 0x0000,
0x0000, 0x0000, 0x0000, 0x0000, 0x0000, 0x0000, 0x0000, 0x0000, 0x0000, 0x0000, 0x0000, 0x0000, 0x0000, 0x0000, 0x0000, 0x0000,
0x0000, 0x0000, 0x0000, 0x0000, 0x0000, 0x0000, 0x0000, 0x0000, 0x0000, 0x0000, 0x0000, 0x0000, 0x0000, 0x0000, 0x0000, 0x0000,
0x0000, 0x0000, 0x0000, 0x0000, 0x0000, 0x0000, 0x0000, 0x0000, 0x0000, 0x0000, 0x0000, 0x0000, 0x0000, 0x0000, 0x0000, 0x0000,
0x0000, 0x0000, 0x0000, 0x0000, 0x0000, 0x0000, 0x0000, 0x0000, 0x0000, 0x0000, 0x0000, 0x0000, 0x2104, 0xDE2E, 0xF5E5, 0xDCE3,
0xE525, 0xFDE7, 0xFE6B, 0xFECD, 0xF689, 0xEE49, 0xEE2A, 0xEE2B, 0xEE2B, 0xDDCA, 0xDDA9, 0xE5A8, 0xD4E6, 0xC4C7, 0xE668, 0xA468,
0x5A88, 0x2944, 0x4A8A, 0x2145, 0xA4EF, 0xBD8E, 0x7349, 0x0841, 0x2943, 0x8C2B, 0xC5EE, 0x946C, 0x2105, 0x6B6E, 0x7369, 0xF70C,
0xEE06, 0x8A82, 0xB3A6, 0xDCA5, 0xCCC6, 0xC4C6, 0xBC65, 0xABE5, 0xA406, 0xA405, 0x8344, 0x7326, 0x9BC7, 0x9323, 0x8B65, 0x7AC4,
0x82C4, 0xBC04, 0xF5C9, 0x6AE8, 0x0000, 0x0000, 0x0000, 0x0000, 0x0000, 0x0000, 0x0000, 0x0000, 0x0000, 0x0000, 0x0000, 0x0000,
0x0000, 0x0000, 0x0000, 0x0000, 0x0000, 0x0000, 0x0000, 0x0000, 0x0000, 0x0000, 0x0000, 0x0000, 0x0000, 0x0000, 0x0000, 0x0000,
0x0000, 0x0000, 0x0000, 0x0000, 0x0000, 0x0000, 0x0000, 0x0000, 0x0000, 0x0000, 0x0000, 0x0000, 0x0000, 0x0000, 0x0000, 0x0000,
0x0000, 0x0000, 0x0000, 0x0000, 0x0000, 0x0000, 0x0000, 0x0000, 0x0000, 0x0000, 0x0000, 0x0000, 0x0000, 0x0000, 0x0000, 0x0000,
0x0000, 0x0000, 0x0000, 0x0000, 0x0000, 0x0000, 0x0000, 0x0000, 0x0000, 0x0000, 0x0000, 0x0000, 0x0000, 0x0000, 0x0000, 0x0000,
0x0000, 0x0020, 0x0000, 0x6B29, 0xFF0B, 0xDD04, 0xBB82, 0xAAE1, 0xAAE2, 0xAB22, 0xAB02, 0xAB23, 0xB363, 0xBBA4, 0xCC05, 0xD485,
0xDCE4, 0xDD05, 0xEDA5, 0xE526, 0xB469, 0xDE2C, 0xA44A, 0xEF13, 0x736A, 0x424A, 0x2945, 0xC5EF, 0xFF4B, 0xF70C, 0xB52A, 0xE6CE,
0xF6CC, 0xFEEB, 0xB52B, 0x2105, 0x4A8D, 0x738A, 0xF72A, 0xE5A4, 0x92E3, 0x59E4, 0x4A25, 0x49C5, 0x41A4, 0x4183, 0x39A6, 0x29E8,
0x29C9, 0x21CA, 0x21EA, 0x21A9, 0x218A, 0x2944, 0x6A64, 0x6204, 0x5982, 0xD4E6, 0xE5AA, 0x2924, 0x0000, 0x0000, 0x0000, 0x0000,
0x0000, 0x0000, 0x0000, 0x0000, 0x0000, 0x0000, 0x0000, 0x0000, 0x0000, 0x0000, 0x0000, 0x0000, 0x0000, 0x0000, 0x0000, 0x0000,
0x0000, 0x0000, 0x0000, 0x0000, 0x0000, 0x0000, 0x0000, 0x0000, 0x0000, 0x0000, 0x0000, 0x0000, 0x0000, 0x0000, 0x0000, 0x0000,
0x0000, 0x0000, 0x0000, 0x0000, 0x0000, 0x0000, 0x0000, 0x0000, 0x0000, 0x0000, 0x0000, 0x0000, 0x0000, 0x0000, 0x0000, 0x0000,
0x0000, 0x0000, 0x0000, 0x0000, 0x0000, 0x0000, 0x0000, 0x0000, 0x0000, 0x0000, 0x0000, 0x0000, 0x0000, 0x0000, 0x0000, 0x0000,
0x0000, 0x0000, 0x0000, 0x0000, 0x0000, 0x0000, 0x0000, 0x0000, 0x0000, 0x0841, 0xBD4C, 0xFE26, 0xC3E4, 0xAAA4, 0xCB64, 0xBAE3,
0xC324, 0xBAE4, 0xBB04, 0xBB85, 0xB365, 0xBB44, 0xC3A5, 0xC323, 0xC303, 0xCBA3, 0xC382, 0xB428, 0xEE8C, 0xF6C9, 0xFF2C, 0x62C8,
0x422A, 0x31A6, 0xC5AD, 0xF6AA, 0xEE47, 0xFEE9, 0xF668, 0xEDE6, 0xFE68, 0xB4C9, 0x18E4, 0x422B, 0x7349, 0xFECA, 0xED65, 0x7A84,
0x528B, 0x5370, 0x52CB, 0x62C8, 0x72CB, 0x422A, 0x19EC, 0x1A32, 0x1A33, 0x1211, 0x1A72, 0x11CF, 0x7B49, 0xED27, 0xED09, 0xB348,
0x8A83, 0xDD07, 0xA44B, 0x0020, 0x0000, 0x0000, 0x0000, 0x0000, 0x0000, 0x0000, 0x0000, 0x0000, 0x0000, 0x0000, 0x0000, 0x0000,
0x0000, 0x0000, 0x0000, 0x0000, 0x0000, 0x0000, 0x0000, 0x0000, 0x0000, 0x0000, 0x0000, 0x0000, 0x0000, 0x0000, 0x0000, 0x0000,
0x0000, 0x0000, 0x0000, 0x0000, 0x0000, 0x0000, 0x0000, 0x0000, 0x0000, 0x0000, 0x0000, 0x0000, 0x0000, 0x0000, 0x0000, 0x0000,
0x0000, 0x0000, 0x0000, 0x0000, 0x0000, 0x0000, 0x0000, 0x0000, 0x0000, 0x0000, 0x0000, 0x0000, 0x0000, 0x0000, 0x0000, 0x0000,
0x0000, 0x0000, 0x0000, 0x0000, 0x0000, 0x0000, 0x0000, 0x0000, 0x0000, 0x0000, 0x0000, 0x0000, 0x0000, 0x0000, 0x0000, 0x0000,
0x6B29, 0xFEEB, 0xE506, 0xAB04, 0xCB85, 0xEC63, 0xE463, 0xDC23, 0xDC86, 0xCC68, 0x9B69, 0x8B6A, 0x7AE6, 0x9346, 0xDCE9, 0xDC24,
0xD3C4, 0xCB43, 0xC425, 0xEE07, 0xE625, 0xFF4D, 0x6AE7, 0x4A8B, 0x39E7, 0xC5CA, 0xF6C9, 0xFEA9, 0xEE67, 0xEE66, 0xEE26, 0xF668,
0xB4CA, 0x18E4, 0x39E9, 0x6B28, 0xFF0C, 0xCCE6, 0xDE53, 0xF779, 0xFF76, 0xE672, 0xBD0D, 0x9B8A, 0x8B88, 0x6307, 0x19ED, 0x1A95,
0x1235, 0x1A74, 0x09D0, 0x7308, 0xD465, 0xBB24, 0xD448, 0xCCC9, 0x9B06, 0xE58A, 0x6B07, 0x0000, 0x0000, 0x0000, 0x0000, 0x0000,
0x0000, 0x0000, 0x0000, 0x0000, 0x0000, 0x0000, 0x0000, 0x0000, 0x0000, 0x0000, 0x0000, 0x0000, 0x0000, 0x0000, 0x0000, 0x0000,
0x0000, 0x0000, 0x0000, 0x0000, 0x0000, 0x0000, 0x0000, 0x0000, 0x0000, 0x0000, 0x0000, 0x0000, 0x0000, 0x0000, 0x0000, 0x0000,
0x0000, 0x0000, 0x0000, 0x0000, 0x0000, 0x0000, 0x0000, 0x0000, 0x0000, 0x0000, 0x0000, 0x0000, 0x0000, 0x0000, 0x0000, 0x0000,
0x0000, 0x0000, 0x0000, 0x0000, 0x0000, 0x0000, 0x0000, 0x0000, 0x0000, 0x0000, 0x0000, 0x0000, 0x0000, 0x0000, 0x0000, 0x0000,
0x0000, 0x0000, 0x0000, 0x0000, 0x0000, 0x0000, 0x1082, 0xE64E, 0xF5C6, 0xC3C5, 0xB2E4, 0xE465, 0xDC83, 0xED44, 0xEDC8, 0xBCEB,
0x5225, 0x734D, 0xCE7A, 0xD6DB, 0x6B2B, 0x6A85, 0xEDE8, 0xED03, 0xDBA4, 0xCC24, 0xEE06, 0xEE26, 0xFF4C, 0x6AE7, 0x630D, 0x39C7,
0xC5A9, 0xF6A6, 0xF646, 0xF687, 0xF666, 0xEE04, 0xFE68, 0xAC89, 0x10A4, 0x2967, 0x5A86, 0xF6ED, 0xB488, 0xBD8E, 0xB56B, 0xBD6B,
0xE631, 0xA386, 0xD54C, 0xE60A, 0xDDC9, 0x6AE6, 0x19AC, 0x22B6, 0x1254, 0x11F1, 0x6AA8, 0xA345, 0x5901, 0x6980, 0xB3E5, 0xC4AA,
0x92C3, 0xDD8B, 0x4A06, 0x0000, 0x0000, 0x0000, 0x0000, 0x0000, 0x0000, 0x0000, 0x0000, 0x0000, 0x0000, 0x0000, 0x0000, 0x0000,
0x0000, 0x0000, 0x0000, 0x0000, 0x0000, 0x0000, 0x0000, 0x0000, 0x0000, 0x0000, 0x0000, 0x0000, 0x0000, 0x0000, 0x0000, 0x0000,
0x0000, 0x0000, 0x0000, 0x0000, 0x0000, 0x0000, 0x0000, 0x0000, 0x0000, 0x0000, 0x0000, 0x0000, 0x0000, 0x0000, 0x0000, 0x0000,
0x0000, 0x0000, 0x0000, 0x0000, 0x0000, 0x0000, 0x0000, 0x0000, 0x0000, 0x0000, 0x0000, 0x0000, 0x0000, 0x0000, 0x0000, 0x0000,
0x0000, 0x0000, 0x0000, 0x0000, 0x0000, 0x0000, 0x0000, 0x0000, 0x0000, 0x0000, 0x0000, 0x0000, 0x0000, 0x8C4B, 0xFEAA, 0xDC65,
0xA282, 0xD3E4, 0xDC43, 0xDCC3, 0xE5C4, 0xC58A, 0x3143, 0x5AEB, 0x9CF3, 0x94B2, 0xAD75, 0xEF5C, 0x9C92, 0x8BE8, 0xED87, 0xD3E3,
0xD4C6, 0xEE26, 0xEE27, 0xFF4C, 0x6AE6, 0x52AD, 0x3187, 0xBD69, 0xF666, 0xF626, 0xF625, 0xF625, 0xF605, 0xFE46, 0xB4AA, 0x0883,
0x3A0A, 0x5A86, 0xF6CC, 0x9324, 0x7285, 0x2944, 0x31CA, 0x4986, 0x9AE4, 0xCD07, 0xFF2F, 0xEE4A, 0xE588, 0x6286, 0x1A0F, 0x22D5,
0x11D0, 0x49C6, 0x9AA4, 0xA2E3, 0xD485, 0xCC23, 0xD506, 0xABE7, 0xB3E5, 0xE58D, 0x18E3, 0x0000, 0x0000, 0x0000, 0x0000, 0x0000,
0x0000, 0x0000, 0x0000, 0x0000, 0x0000, 0x0000, 0x0000, 0x0000, 0x0000, 0x0000, 0x0000, 0x0000, 0x0000, 0x0000, 0x0000, 0x0000,
0x0000, 0x0000, 0x0000, 0x0000, 0x0000, 0x0000, 0x0000, 0x0000, 0x0000, 0x0000, 0x0000, 0x0000, 0x0000, 0x0000, 0x0000, 0x0000,
0x0000, 0x0000, 0x0000, 0x0000, 0x0000, 0x0000, 0x0000, 0x0000, 0x0000, 0x0000, 0x0000, 0x0000, 0x0000, 0x0000, 0x0000, 0x0000,
0x0000, 0x0000, 0x0000, 0x0000, 0x0000, 0x0000, 0x0000, 0x0000, 0x0000, 0x0000, 0x0000, 0x0000, 0x0000, 0x0000, 0x0000, 0x0000,
0x0000, 0x0000, 0x0000, 0x52A7, 0xFF0C, 0xE566, 0xA2A2, 0xC304, 0xECC4, 0xED45, 0xF5E4, 0xEE69, 0x49E4, 0x18C3, 0x31C6, 0x6B4D,
0x0000, 0x5289, 0x842F, 0xEF5D, 0x8C70, 0x8B46, 0xDC65, 0xD547, 0xEE46, 0xEE26, 0xFF09, 0x7306, 0x422A, 0x3187, 0xBD29, 0xFE46,
0xF604, 0xF605, 0xF604, 0xEDC3, 0xFE46, 0xB469, 0x08A3, 0x3A09, 0x39A4, 0xEEAA, 0xF606, 0xC486, 0x2986, 0x2A51, 0x198C, 0x6A65,
0xC424, 0xE62C, 0xEEAD, 0xF5E5, 0xCCA6, 0x3986, 0x21EC, 0x1967, 0x8306, 0xA344, 0xDCE5, 0xF585, 0xE504, 0xD4E3, 0xD549, 0x9305,
0xED89, 0xB50C, 0x0000, 0x0000, 0x0000, 0x0000, 0x0000, 0x0000, 0x0000, 0x0000, 0x0000, 0x0000, 0x0000, 0x0000, 0x0000, 0x0000,
0x0000, 0x0000, 0x0000, 0x0000, 0x0000, 0x0000, 0x0000, 0x0000, 0x0000, 0x0000, 0x0000, 0x0000, 0x0000, 0x0000, 0x0000, 0x0000,
0x0000, 0x0000, 0x0000, 0x0000, 0x0000, 0x0000, 0x0000, 0x0000, 0x0000, 0x0000, 0x0000, 0x0000, 0x0000, 0x0000, 0x0000, 0x0000,
0x0000, 0x0000, 0x0000, 0x0000, 0x0000, 0x0000, 0x0000, 0x0000, 0x0000, 0x0000, 0x0000, 0x0000, 0x0000, 0x0000, 0x0000, 0x0000,
0x0000, 0x0000, 0x0000, 0x0000, 0x0000, 0x0000, 0x0000, 0x0000, 0x0000, 0x0841, 0xCDEE, 0xF646, 0xBC24, 0xA2A3, 0xE3E3, 0xDCA3,
0xCD03, 0xE5C5, 0x8BC7, 0x18C5, 0x1904, 0x8CB1, 0xBDF7, 0x632C, 0x4A89, 0x2144, 0x4A48, 0x528B, 0x4122, 0xCC65, 0xD588, 0xEE46,
0xEDE5, 0xFEE9, 0x7306, 0x4209, 0x41C7, 0xBD4B, 0xF645, 0xF644, 0xF5C4, 0xF5C2, 0xEDA3, 0xFE88, 0x8346, 0x18C3, 0x52AB, 0x2903,
0xEE8C, 0xEDC3, 0xE546, 0x6AA5, 0x1A0F, 0x2294, 0x2923, 0xC405, 0xFE6C, 0xEE6C, 0xF5E6, 0xE4A4, 0x7A23, 0x51A3, 0xAC66, 0xED68,
0xA321, 0xDD25, 0xF5C5, 0xED44, 0xCC82, 0xDD47, 0xA3A7, 0xBC25, 0xFEA9, 0x5287, 0x0000, 0x0020, 0x0000, 0x0000, 0x0000, 0x0000,
0x0000, 0x0000, 0x0000, 0x0000, 0x0000, 0x0000, 0x0000, 0x0000, 0x0000, 0x0000, 0x20E4, 0x4A49, 0x0000, 0x0020, 0x0000, 0x2124,
0x2945, 0x0000, 0x0000, 0x0000, 0x0000, 0x0000, 0x0000, 0x0000, 0x0000, 0x0000, 0x0000, 0x0000, 0x0000, 0x0000, 0x0000, 0x0000,
0x0000, 0x0000, 0x0000, 0x0000, 0x0000, 0x0000, 0x0000, 0x0000, 0x0000, 0x0000, 0x0000, 0x0000, 0x0000, 0x0000, 0x0000, 0x0000,
0x0000, 0x0000, 0x0000, 0x0000, 0x0000, 0x0000, 0x0000, 0x0000, 0x0000, 0x0000, 0x0000, 0x0000, 0x0000, 0x0000, 0x0020, 0x0000,
0x9CEC, 0xFE89, 0xE546, 0x6A43, 0xAB45, 0xECA2, 0xF584, 0xEE03, 0xDE09, 0x4226, 0x52EC, 0x73CF, 0x8430, 0xC638, 0xF77D, 0xCE59,
0xBDD6, 0xB574, 0x6B09, 0x9B66, 0xCC25, 0xDDA9, 0xEE05, 0xFE27, 0xFEED, 0x3983, 0x2987, 0x4229, 0x9CA9, 0xF6EA, 0xD546, 0xED44,
0xF5C4, 0xAC06, 0xBD4D, 0x41C4, 0x0000, 0x0821, 0x0000, 0xC5CC, 0xCD69, 0xBC64, 0xA3E5, 0x29CA, 0x21AE, 0x61E4, 0xF5C7, 0xFE89,
0xF66A, 0xF5E7, 0xCC24, 0x8A41, 0xC3C7, 0xF586, 0xD4A3, 0xD4A4, 0xE544, 0xE544, 0xED85, 0xDCC3, 0xDCE5, 0xABE7, 0x8223, 0xED85,
0xE62C, 0x2103, 0x0000, 0x0000, 0x0000, 0x0000, 0x0000, 0x0000, 0x0000, 0x0000, 0x0000, 0x0000, 0x0000, 0x0000, 0x0000, 0x0000,
0x0000, 0x5AAA, 0x8BCF, 0x0000, 0x0000, 0x0000, 0x5249, 0x20E4, 0x0000, 0x0000, 0x0000, 0x0000, 0x0000, 0x0000, 0x0000, 0x0000,
0x0000, 0x0000, 0x0000, 0x0000, 0x0000, 0x0000, 0x0000, 0x0000, 0x0000, 0x0000, 0x0000, 0x0000, 0x0000, 0x0000, 0x0000, 0x0000,
0x0000, 0x0000, 0x0000, 0x0000, 0x0000, 0x2124, 0x0000, 0x0000, 0x0000, 0x0000, 0x0000, 0x0000, 0x0000, 0x0000, 0x0000, 0x0000,
0x0000, 0x0000, 0x0000, 0x0000, 0x0000, 0x0000, 0x6B2A, 0xFEEC, 0xE544, 0x9305, 0x3144, 0xB4AA, 0xE585, 0xEE05, 0xF688, 0x8C28,
0x5B4D, 0xB5D8, 0x94F5, 0x4A6C, 0x73D0, 0x5289, 0x8C4D, 0xA4AB, 0x8344, 0xBD07, 0xD4C5, 0xBBC4, 0xE649, 0xEE45, 0xDD88, 0x940C,
0x0000, 0x18A2, 0x18C2, 0x20E1, 0x5A86, 0xAC28, 0xEDA5, 0xF5C5, 0xB4C8, 0x3984, 0x0820, 0x5A66, 0xB4CD, 0x3143, 0x2924, 0x6AE8,
0xD589, 0xD506, 0x49E6, 0x4186, 0x9AA4, 0xE505, 0xDD86, 0xF5C9, 0xDD05, 0xBBE3, 0xA302, 0xA2C2, 0xBB62, 0xD482, 0xFDE6, 0xDD23,
0xDD23, 0xED65, 0xD482, 0xCCA4, 0x9384, 0x4124, 0xA3A4, 0xEDC7, 0xDE2E, 0x2124, 0x0000, 0x0000, 0x0000, 0x0000, 0x0000, 0x0000,
0x0000, 0x0000, 0x0000, 0x0000, 0x0000, 0x0000, 0x0000, 0x0020, 0x942E, 0xDE11, 0x7BAC, 0x2104, 0x3185, 0xA4B2, 0x1082, 0x0000,
0x0000, 0x0000, 0x0000, 0x0000, 0x0000, 0x0000, 0x0000, 0x0000, 0x0000, 0x0000, 0x0000, 0x0000, 0x0000, 0x0000, 0x0000, 0x0000,
0x0000, 0x0000, 0x0000, 0x0000, 0x0000, 0x0000, 0x0000, 0x0000, 0x0000, 0x0000, 0x0000, 0x2104, 0x6B2C, 0x0000, 0x0000, 0x0000,
0x0000, 0x0000, 0x0000, 0x0000, 0x0000, 0x0000, 0x0000, 0x0000, 0x0000, 0x0000, 0x0020, 0x0000, 0x4206, 0xF6CF, 0xED66, 0xBBA5,
0x51C5, 0x10E3, 0x7B89, 0xC52B, 0xD5E8, 0xA4C8, 0x6B6B, 0xCE5A, 0x94D5, 0x52EF, 0x7C33, 0x6BD1, 0x4208, 0x5247, 0xB52C, 0xE62A,
0xF687, 0xDD24, 0xBC26, 0xE5E8, 0xE624, 0xAC47, 0x49A4, 0x8428, 0xD5CA, 0xDDEA, 0xA4A9, 0xA408, 0xF609, 0xF5A5, 0xE584, 0xEE28,
0xCD8A, 0xBCA9, 0xDCE9, 0xDCA6, 0xC4A8, 0x8B26, 0xC4C7, 0xFE67, 0xCC87, 0x5144, 0x59A2, 0xB384, 0xCC03, 0xB383, 0xBBE3, 0xB3E3,
0xD485, 0xDC63, 0xAAE2, 0xB322, 0xCC02, 0xDCC4, 0xED85, 0xE524, 0xE4E4, 0xDCA2, 0xCC84, 0xAC67, 0x2944, 0x72C7, 0xCBE4, 0xFE27,
0xBD6C, 0x18C3, 0x0000, 0x0000, 0x0000, 0x0000, 0x0000, 0x0000, 0x0000, 0x0000, 0x0000, 0x0000, 0x0000, 0x0000, 0x0000, 0x838B,
0xFF0E, 0xD5EC, 0x836A, 0xCDF0, 0xB530, 0x1062, 0x0000, 0x0000, 0x0000, 0x0000, 0x0000, 0x0000, 0x0000, 0x0000, 0x0000, 0x0000,
0x0000, 0x0000, 0x0000, 0x0000, 0x0000, 0x0000, 0x0000, 0x0000, 0x0000, 0x0000, 0x0000, 0x0000, 0x0000, 0x0020, 0x2965, 0x0000,
0x0841, 0x18C3, 0x8C2F, 0xA4D3, 0x0000, 0x0000, 0x0000, 0x0000, 0x0000, 0x0000, 0x0000, 0x0000, 0x0000, 0x0000, 0x0000, 0x0000,
0x0020, 0x0000, 0x3185, 0xF6F0, 0xEDE7, 0xC405, 0x9B06, 0x7AE8, 0x0000, 0x6B6D, 0x8C70, 0xA531, 0x52CB, 0x7431, 0xA576, 0x530E,
0x8494, 0x8CD5, 0x7C53, 0x8CD5, 0x6B6F, 0x4208, 0x5A67, 0xA467, 0xDD05, 0xC3A3, 0xC445, 0xE585, 0xEDC6, 0xE5C8, 0xDD47, 0xCC64,
0xC3E4, 0xAB86, 0xAB67, 0xA2E2, 0x9B03, 0x9AE3, 0x82E5, 0x6AA5, 0x6AC4, 0x51E3, 0x5961, 0x8265, 0xA346, 0xC446, 0xCC87, 0x61C4,
0x4901, 0xB3C4, 0xF587, 0xD506, 0xE56B, 0xCCC8, 0xE5EC, 0xF609, 0xECE4, 0x9A61, 0xA2A2, 0xD443, 0xCC42, 0xE524, 0xDC82, 0xD462,
0xED44, 0xCCA4, 0xAC26, 0x29A6, 0x1968, 0x8AE9, 0xCC44, 0xF5C6, 0xCD8C, 0x2944, 0x0000, 0x0000, 0x0000, 0x0000, 0x0000, 0x0000,
0x0000, 0x0000, 0x0000, 0x0000, 0x0000, 0x0000, 0x8BEB, 0xFEEC, 0xE689, 0xDE2A, 0xEECC, 0x940A, 0x1082, 0x0000, 0x0000, 0x0000,
0x0000, 0x0000, 0x0000, 0x0000, 0x0000, 0x0000, 0x0000, 0x0000, 0x0000, 0x0000, 0x0000, 0x0000, 0x0000, 0x0000, 0x0000, 0x0000,
0x0000, 0x0000, 0x0000, 0x0000, 0x0000, 0x840F, 0x7BCE, 0x3165, 0x838A, 0xE671, 0xC571, 0x1082, 0x0000, 0x0000, 0x0000, 0x0000,
0x0000, 0x0000, 0x0000, 0x0000, 0x0000, 0x0000, 0x0020, 0x0000, 0x4A67, 0xE690, 0xEE07, 0xDCE7, 0x9A83, 0xD466, 0xBC67, 0x20C2,
0x0000, 0x29A5, 0x6BAE, 0x0883, 0x638F, 0x5B4E, 0x7411, 0x8CF5, 0x7412, 0x7C73, 0x8CF5, 0xB5D8, 0x94D4, 0x6370, 0x31E7, 0xB4A9,
0xF526, 0xBB62, 0xC3A3, 0xC3A2, 0xAAE1, 0xB2E1, 0xC342, 0xCB83, 0xC364, 0xCB85, 0xDBA4, 0xCC04, 0xC404, 0x93AA, 0x21A6, 0x2208,
0x19C8, 0x62C7, 0xCC29, 0x9A44, 0x69A4, 0x5984, 0x6183, 0x9B04, 0xD464, 0xED65, 0xF62B, 0xF64F, 0xF691, 0xF68E, 0xF649, 0xE504,
0xBB43, 0x8A22, 0xD464, 0xE4E3, 0xD4A2, 0xE4E3, 0xED24, 0xED43, 0xD4C4, 0xAC26, 0x31E8, 0x096D, 0x29CB, 0x9BA9, 0xD423, 0xF564,
0xBCE8, 0x3984, 0x0000, 0x0000, 0x0000, 0x0000, 0x0000, 0x0000, 0x0000, 0x0000, 0x0000, 0x0000, 0x1082, 0xAD0C, 0xF6EA, 0xEE87,
0xE6A7, 0xEEC9, 0xA48B, 0x10A3, 0x0000, 0x0000, 0x0000, 0x0000, 0x0000, 0x0000, 0x0000, 0x0000, 0x0000, 0x0000, 0x0000, 0x0000,
0x0000, 0x0000, 0x0000, 0x0000, 0x0000, 0x0000, 0x0000, 0x0000, 0x0000, 0x0000, 0x0000, 0x0000, 0x7BAC, 0xDE93, 0x8387, 0xDDEC,
0xEE89, 0xDE0F, 0x39C6, 0x0000, 0x0000, 0x0000, 0x0000, 0x0000, 0x0000, 0x0000, 0x0000, 0x0000, 0x0000, 0x0000, 0x2124, 0xE68E,
0xF646, 0xE546, 0xA324, 0xC3C5, 0xE4A4, 0xF5A5, 0xCDE9, 0x49E4, 0x0000, 0x0000, 0x4A26, 0x4227, 0x0862, 0x8C92, 0xADB7, 0x7432,
0x63B0, 0x6BB1, 0x6390, 0x8CD4, 0x84D4, 0x63B0, 0x4A47, 0xB4A8, 0xED68, 0xCBE3, 0xBB23, 0xD3C4, 0xE462, 0xECC3, 0xF4E3, 0xECE3,
0xF4C3, 0xE3C1, 0xDC84, 0xE566, 0x6A43, 0x1128, 0x1A2F, 0x19EB, 0xA44A, 0xECE7, 0xB2E2, 0xAB04, 0xA2E4, 0xAAC4, 0x81E2, 0xCC44,
0xED24, 0xEDC9, 0xE62E, 0xEE30, 0xEE2B, 0xEDC6, 0xE4E3, 0xD405, 0x81E2, 0xB364, 0xE4C4, 0xE503, 0xE523, 0xDCE3, 0xE544, 0xC443,
0x9BC5, 0x320A, 0x1231, 0x09AC, 0x3A29, 0x9B89, 0xC403, 0xED03, 0xD52A, 0x41E6, 0x0000, 0x0000, 0x0000, 0x0000, 0x0000, 0x0000,
0x0000, 0x0000, 0x0000, 0x5287, 0xEF11, 0xFF0B, 0xF686, 0xE686, 0xEE88, 0xCDAF, 0x10A3, 0x0000, 0x0000, 0x0000, 0x0000, 0x0000,
0x0000, 0x0000, 0x0000, 0x0000, 0x0000, 0x0000, 0x0000, 0x0000, 0x0000, 0x0000, 0x0000, 0x0000, 0x0000, 0x0000, 0x0000, 0x0000,
0x0000, 0x0000, 0x0000, 0x6309, 0xE66E, 0xEE8A, 0xF6AA, 0xF6AA, 0xEE6E, 0x5AC8, 0x0000, 0x0000, 0x0000, 0x0000, 0x0000, 0x0000,
0x0000, 0x0000, 0x0000, 0x0000, 0x39C6, 0xDE6F, 0xF646, 0xE545, 0xAB24, 0xBB64, 0xDCC4, 0xED03, 0xF5A4, 0xEE65, 0xE62A, 0x7306,
0x51E3, 0xEEEF, 0x6B27, 0x1905, 0xCE9A, 0x8492, 0x428B, 0x4ACD, 0x4ACE, 0x5330, 0x63D1, 0x63B1, 0x7432, 0x94F3, 0x6B8B, 0x49C4,
0x9B87, 0xE5A7, 0xE543, 0xE4E2, 0xDD03, 0xD4C2, 0xE523, 0xF4E3, 0xEC22, 0xDCE4, 0xFE68, 0x72C3, 0x092A, 0x1A53, 0x11AE, 0x9C49,
0xF587, 0xC403, 0xCBE3, 0xD3E5, 0xA2A3, 0x7182, 0xCC23, 0xED23, 0xE587, 0xF62D, 0xEE0E, 0xEE29, 0xEDC5, 0xE4E3, 0xC3E3, 0x6182,
0x8244, 0xC3C3, 0xDC62, 0xDCA3, 0xCC42, 0xDCE3, 0xC402, 0x9BC5, 0x31EB, 0x1212, 0x1252, 0x11AD, 0x4208, 0xA364, 0xD381, 0xF4E3,
0x9C0B, 0x0000, 0x0000, 0x0000, 0x0000, 0x0000, 0x0000, 0x0000, 0x0000, 0x0861, 0x944E, 0xCDEE, 0xC589, 0xF72B, 0xEF0A, 0xEE6A,
0xBCED, 0x1082, 0x0000, 0x0000, 0x0000, 0x0000, 0x0000, 0x0000, 0x0000, 0x0000, 0x0000, 0x0000, 0x0000, 0x0000, 0x0000, 0x0000,
0x0000, 0x0000, 0x0000, 0x0000, 0x0000, 0x0000, 0x0000, 0x0000, 0x0000, 0x0000, 0x5A88, 0xDE2C, 0xF6AA, 0x93C5, 0x9BE5, 0xF6CD,
0x83CB, 0x0862, 0x0000, 0x0000, 0x0000, 0x0000, 0x0000, 0x0000, 0x0000, 0x0000, 0x2123, 0xE68E, 0xF626, 0xDD25, 0xAB65, 0xB324,
0xEC85, 0xED03, 0xF5A3, 0xEDC3, 0xE5E3, 0xDDE4, 0xEE87, 0xDDE6, 0xE668, 0x6B26, 0x52CC, 0xD71C, 0x5B4E, 0x29C9, 0x21A9, 0x3A4B,
0x29E9, 0x3A6C, 0x5B30, 0x52EE, 0x73F1, 0xB5F9, 0x8CD4, 0x3A09, 0x5AA6, 0xD589, 0xF625, 0xEDC3, 0xE583, 0xFE04, 0xED02, 0xE401,
0xD4E5, 0xFE47, 0x93A7, 0x092A, 0x2273, 0x11EF, 0x8C0A, 0xFE4A, 0xED67, 0xD403, 0xD3E5, 0x7A44, 0x5941, 0xD424, 0xED64, 0xE586,
0xE5AB, 0xF60D, 0xEE08, 0xF5C5, 0xE4E3, 0xC404, 0x5941, 0x5943, 0xBB44, 0xD403, 0xD422, 0xD422, 0xDCA3, 0xBBC3, 0xAC27, 0x3A4C,
0x1213, 0x1A13, 0x094B, 0x4AA8, 0xDDC9, 0xED64, 0xD548, 0x3184, 0x0000, 0x0000, 0x0000, 0x0000, 0x0000, 0x0000, 0x0000, 0x0000,
0x0861, 0x2945, 0x41E5, 0x836B, 0x6AC8, 0x5224, 0xCD6C, 0xB4AE, 0x1061, 0x0000, 0x0000, 0x0000, 0x0000, 0x0000, 0x0000, 0x0000,
0x0000, 0x0000, 0x0000, 0x0000, 0x0000, 0x0000, 0x0000, 0x0000, 0x0000, 0x0000, 0x0000, 0x0000, 0x0000, 0x0000, 0x0000, 0x0000,
0x0000, 0x3164, 0xDE2C, 0xF6EB, 0x5A44, 0x6AA4, 0xFF4B, 0xBD6E, 0x18C3, 0x0000, 0x0000, 0x0000, 0x0000, 0x0000, 0x0000, 0x0000,
0x0000, 0x31A4, 0xF6AA, 0xF5E6, 0xDD66, 0xB3E5, 0xDC05, 0xEC24, 0xECE3, 0xED84, 0xE5C3, 0xEE03, 0xF644, 0xF644, 0xEE23, 0xD5E9,
0x41C7, 0x94D5, 0x4ACB, 0x1105, 0x3209, 0x322A, 0x2187, 0x1946, 0x1966, 0x29C8, 0x42AC, 0x428C, 0x4AEC, 0x9D34, 0xA596, 0x636F,
0x2903, 0xC548, 0xEE63, 0xD503, 0xE562, 0xED22, 0xE462, 0xD526, 0xF628, 0x8325, 0x114A, 0x1A73, 0x1211, 0x840C, 0xFE8C, 0xE567,
0xD403, 0xCC25, 0x59A2, 0x5141, 0xD485, 0xED44, 0xEDA6, 0xEDEA, 0xF62C, 0xF608, 0xEDC4, 0xE504, 0xBBA3, 0x61E3, 0x4102, 0xA304,
0xCBA3, 0xCBE2, 0xCC02, 0xDC84, 0xBB83, 0xAC68, 0x428D, 0x1234, 0x11D1, 0x19A8, 0xBDAE, 0xF627, 0xDD88, 0x4205, 0x0000, 0x0000,
0x0000, 0x0000, 0x0000, 0x0000, 0x0000, 0x0000, 0x0000, 0x0000, 0x946E, 0x940D, 0x5207, 0x62A5, 0x9C6B, 0x8B8C, 0x83AB, 0x0000,
0x0000, 0x0000, 0x0000, 0x0000, 0x0000, 0x0000, 0x0000, 0x0000, 0x0000, 0x0000, 0x0000, 0x0000, 0x0000, 0x0000, 0x0000, 0x0000,
0x0000, 0x0000, 0x0000, 0x0000, 0x0000, 0x0000, 0x0000, 0x0000, 0x39A6, 0xCD8F, 0xE62C, 0xACA9, 0xDE2A, 0xFF27, 0xE68D, 0x2944,
0x0000, 0x0000, 0x0000, 0x0000, 0x0000, 0x0000, 0x0000, 0x0000, 0x0000, 0x5A87, 0xDE0B, 0xEE25, 0xF607, 0xC3E3, 0xCBA2, 0xECA5,
0xE504, 0xDD43, 0xE5A4, 0xE5A4, 0xE5C4, 0xEE67, 0x83C6, 0x4229, 0x6BF0, 0x532D, 0x1925, 0x5B2D, 0x4A8B, 0x0883, 0x1925, 0x10E4,
0x29A7, 0x29A8, 0x29E9, 0x3229, 0x52ED, 0x8C93, 0xA576, 0x4AAC, 0x2923, 0xD60A, 0xE5E5, 0xFE24, 0xF583, 0xE4C3, 0xCD26, 0xFE48,
0x9365, 0x114A, 0x1A52, 0x0A11, 0x73EB, 0xF6ED, 0xD527, 0xCBE3, 0xA322, 0x5961, 0x59A2, 0xBBE3, 0xF544, 0xF585, 0xF5E9, 0xEDEA,
0xF607, 0xED84, 0xD463, 0x92C2, 0x5225, 0x2905, 0x6A24, 0xB344, 0xC384, 0xC382, 0xD462, 0xC3C3, 0xC4C9, 0x42AB, 0x09F0, 0x198C,
0xB5D2, 0xF66A, 0xCD08, 0x39A5, 0x0000, 0x0000, 0x0000, 0x0000, 0x0000, 0x0000, 0x0000, 0x0000, 0x0000, 0x0000, 0x3185, 0xBD51,
0x6266, 0x9C49, 0xDE2D, 0x6AA6, 0x940C, 0x5AAA, 0x0000, 0x0000, 0x0000, 0x0000, 0x0000, 0x0000, 0x0000, 0x0000, 0x0000, 0x0000,
0x0000, 0x0000, 0x0000, 0x0000, 0x0000, 0x0000, 0x0000, 0x0000, 0x0000, 0x0000, 0x0000, 0x0000, 0x0000, 0x0000, 0x0000, 0x0020,
0x9C6E, 0xCDAE, 0x4962, 0xD5C9, 0xE669, 0xD5EB, 0x6B49, 0x0000, 0x0000, 0x0000, 0x0000, 0x0000, 0x0000, 0x0000, 0x0000, 0x0000,
0x0000, 0x39A4, 0xDDEB, 0xF605, 0xEDE7, 0xBC04, 0xB384, 0xE529, 0xEDC6, 0xEDC4, 0xF605, 0xFEA6, 0xC548, 0x736D, 0x52EB, 0x2165,
0x29A7, 0x0041, 0x2124, 0x9D14, 0x31A7, 0x10C4, 0x1104, 0x10C4, 0x1926, 0x2187, 0x2A09, 0x52ED, 0x8432, 0xA534, 0x7C31, 0x2168,
0x4A05, 0xD5A7, 0xEDA3, 0xED83, 0xE4A3, 0xD526, 0xFE48, 0x9324, 0x094B, 0x1A52, 0x11F1, 0x5308, 0xF6ED, 0xE588, 0xC3C4, 0xA324,
0x7A24, 0x71C4, 0xBBC4, 0xF523, 0xED04, 0xE547, 0xEDC9, 0xF5E7, 0xE544, 0xC3E3, 0x7222, 0x4A48, 0x21AB, 0x49A5, 0x9264, 0xBB24,
0xBAE3, 0xC3C2, 0xBB64, 0xBC07, 0x52CA, 0x0149, 0x9D33, 0xF6EF, 0xDD86, 0x7348, 0x0000, 0x0000, 0x0000, 0x0000, 0x0000, 0x0000,
0x0000, 0x0000, 0x0000, 0x0020, 0x0000, 0x7B6A, 0xC54D, 0xC58E, 0xB50A, 0x93C6, 0xCD8E, 0xBD2F, 0x3165, 0x0000, 0x0000, 0x0000,
0x0000, 0x0000, 0x0000, 0x0000, 0x0000, 0x0000, 0x0000, 0x0000, 0x0000, 0x0000, 0x0000, 0x0000, 0x0000, 0x0000, 0x0000, 0x0000,
0x0000, 0x0000, 0x0000, 0x0000, 0x0000, 0x0000, 0x0020, 0x734B, 0xB52E, 0x7AEA, 0xC50B, 0x72E4, 0x5A24, 0xAD2D, 0x0000, 0x0000,
0x0000, 0x0000, 0x0000, 0x0000, 0x0000, 0x0000, 0x0000, 0x0020, 0x0000, 0x5247, 0xDE0C, 0xEE05, 0xF628, 0x9BE5, 0x3902, 0xB448,
0xDDA8, 0xCD28, 0x9405, 0x6B28, 0x39E8, 0x10C3, 0x0021, 0x0000, 0x5246, 0x2943, 0x31E8, 0x5B2C, 0x08A2, 0x0041, 0x0882, 0x18E4,
0x10C4, 0x6BAE, 0x73D0, 0x5B0D, 0x8431, 0x8493, 0x7C53, 0x39C8, 0x8BC7, 0xF666, 0xEDA2, 0xE482, 0xD506, 0xF608, 0x9B46, 0x118B,
0x1AB3, 0x1A53, 0x3AC9, 0xEEAD, 0xEDC8, 0xC3A3, 0xAB23, 0x9283, 0x9264, 0xA323, 0xE4C3, 0xE524, 0xE587, 0xEDE9, 0xED86, 0xE4E3,
0xB383, 0x59C2, 0x29C9, 0x1A10, 0x39EA, 0x7265, 0x9B05, 0x9A83, 0xBB23, 0xBB05, 0xB429, 0x5A87, 0x5B49, 0xF6CD, 0xE5A7, 0x9C2A,
0x0000, 0x0000, 0x0000, 0x0000, 0x0000, 0x0000, 0x0000, 0x0000, 0x0000, 0x0000, 0x0000, 0x1081, 0xBD50, 0x49A4, 0x6B09, 0xC5AD,
0xB4ED, 0x8BAA, 0xA4AF, 0x2104, 0x0000, 0x0000, 0x0000, 0x0000, 0x0000, 0x0000, 0x0000, 0x0000, 0x0000, 0x0000, 0x0000, 0x0000,
0x0000, 0x0000, 0x0000, 0x0000, 0x0000, 0x0000, 0x0000, 0x0000, 0x0000, 0x0000, 0x0000, 0x0000, 0x0000, 0x0000, 0x18E3, 0xACCF,
0x93A9, 0xCD69, 0xC509, 0xB4AA, 0xDE4E, 0x2943, 0x0000, 0x0000, 0x0000, 0x0000, 0x0000, 0x0000, 0x0000, 0x0000, 0x0000, 0x0000,
0x0000, 0x3185, 0xC56D, 0xEDE5, 0xFEC8, 0x7B45, 0x1860, 0x3963, 0x1881, 0x0841, 0x1041, 0x2902, 0x4A04, 0x8BE8, 0xB4E7, 0xEE69,
0xB4E8, 0x0841, 0x2947, 0x39E8, 0x1082, 0x0861, 0x39C7, 0x6B8E, 0xC638, 0xA535, 0x52CC, 0x5B6E, 0x7431, 0x7C71, 0x4AAB, 0x5267,
0xEE89, 0xEDE3, 0xDC62, 0xCD27, 0xF628, 0x9B66, 0x116A, 0x1251, 0x1A52, 0x224B, 0xCE0D, 0xEDC7, 0xC3C3, 0xBB64, 0xA2A3, 0xAB24,
0x9263, 0xD444, 0xED25, 0xED67, 0xE566, 0xED25, 0xDC43, 0x92A3, 0x3123, 0x1A0D, 0x1A72, 0x21ED, 0x2965, 0x3963, 0x6245, 0x92C3,
0xB324, 0x9B46, 0x8B87, 0xDDEA, 0xEDE6, 0xBCEA, 0x1082, 0x0000, 0x0000, 0x0000, 0x0000, 0x0000, 0x0000, 0x0000, 0x0000, 0x0000,
0x0000, 0x0020, 0xACEE, 0xCDCE, 0x6B09, 0x62E7, 0x3942, 0x30E2, 0xA4AD, 0xAD12, 0x1082, 0x0000, 0x0000, 0x0000, 0x0000, 0x0000,
0x0000, 0x0000, 0x0000, 0x0000, 0x0000, 0x0000, 0x0000, 0x0000, 0x0000, 0x0000, 0x0000, 0x0000, 0x0000, 0x0000, 0x0000, 0x0000,
0x0000, 0x0000, 0x0000, 0x0000, 0x0000, 0x0000, 0x9C6C, 0xCDAA, 0xE62A, 0xF6AA, 0x7AA3, 0xBCEA, 0x7348, 0x0000, 0x0000, 0x0000,
0x0000, 0x0000, 0x0000, 0x0000, 0x0000, 0x0000, 0x0000, 0x0000, 0x0000, 0x10A3, 0xC56C, 0xF605, 0xEE68, 0x62C4, 0x38E1, 0x82C5,
0x9BA7, 0xB468, 0xE62A, 0xFEA9, 0xFEC7, 0xF624, 0xF623, 0xF666, 0xB528, 0x5244, 0x39E8, 0x31A8, 0x0021, 0x31A7, 0xBDD7, 0x94D3,
0x6BAF, 0x6BD1, 0x4B0E, 0x5B6F, 0x634F, 0x4A8A, 0x2965, 0xC528, 0xE544, 0xDC83, 0xD546, 0xF628, 0x9B45, 0x114A, 0x1A52, 0x1A73,
0x120D, 0xC58D, 0xEDC8, 0xCC03, 0xB385, 0x9283, 0xAB65, 0x7A23, 0xC3A3, 0xE484, 0xED05, 0xED24, 0xECE5, 0xBBA4, 0x61A2, 0x18E5,
0x2273, 0x1253, 0x11D0, 0x094A, 0x116B, 0x1929, 0x4983, 0xB3A5, 0x8242, 0x8303, 0xE586, 0xE5EB, 0x31A5, 0x0000, 0x0000, 0x0000,
0x0000, 0x0000, 0x0000, 0x0000, 0x0000, 0x0000, 0x0000, 0x0861, 0x8BEC, 0xFF51, 0x8388, 0x4A26, 0x62E7, 0xC5AC, 0xC586, 0xE66E,
0x7B8C, 0x0020, 0x0000, 0x0000, 0x0000, 0x0000, 0x0000, 0x0000, 0x0000, 0x0000, 0x0000, 0x0000, 0x0000, 0x0000, 0x0000, 0x0000,
0x0000, 0x0000, 0x0000, 0x0000, 0x0000, 0x0000, 0x0000, 0x0000, 0x0000, 0x0000, 0x0000, 0x0000, 0x0000, 0x83C9, 0xFF4D, 0x6A82,
0xA448, 0xAC68, 0x7AE6, 0x9C2C, 0x1062, 0x0000, 0x0000, 0x0000, 0x0000, 0x0000, 0x0000, 0x0000, 0x0000, 0x0000, 0x0000, 0x0000,
0x0000, 0x2124, 0xD5CD, 0xEE05, 0xDDA9, 0xA3A7, 0xED07, 0xD464, 0xCC64, 0xCC83, 0xDD02, 0xDD01, 0xDD01, 0xE5A3, 0xE5A2, 0xEE65,
0xF6C9, 0x6AC5, 0x1905, 0x08A2, 0x736E, 0xCE7A, 0x634D, 0x52EC, 0x5B8F, 0x5BB0, 0x324A, 0x4AAC, 0x4AAA, 0x2125, 0xB4C9, 0xFDE5,
0xDC42, 0xDD68, 0xF607, 0x9324, 0x094A, 0x1A74, 0x2295, 0x1A4F, 0xB50C, 0xF5E8, 0xCC23, 0xB345, 0x6983, 0x7286, 0x51A4, 0x9AC3,
0xD3A4, 0xDC85, 0xDC84, 0xD3E4, 0x9283, 0x2082, 0x196B, 0x19F1, 0x19F1, 0x2209, 0x634B, 0x21A8, 0x198D, 0x1908, 0x7B07, 0x82A7,
0x9B44, 0xDD68, 0x5A86, 0x0000, 0x0000, 0x0000, 0x0000, 0x0000, 0x0000, 0x0000, 0x0000, 0x0000, 0x0000, 0x0861, 0x2945, 0xEED4,
0x8BC9, 0x49E7, 0xCE54, 0x83CC, 0x5A43, 0xFF4A, 0xC54C, 0x3986, 0x0000, 0x0000, 0x0000, 0x0000, 0x0000, 0x0000, 0x0000, 0x0000,
0x0000, 0x0000, 0x0000, 0x0000, 0x0000, 0x0000, 0x0000, 0x0000, 0x0000, 0x0000, 0x0000, 0x0000, 0x0000, 0x0000, 0x0000, 0x0000,
0x0000, 0x0000, 0x0000, 0x0000, 0x4A06, 0xF70E, 0xB4C7, 0xC56A, 0xE66B, 0x7AE6, 0xC54B, 0x83CA, 0x18C2, 0x0000, 0x0000, 0x0000,
0x0000, 0x0000, 0x0000, 0x0000, 0x0000, 0x0000, 0x0000, 0x0000, 0x0000, 0x3185, 0xDDEB, 0xEDE6, 0xCCC7, 0xC383, 0xEC64, 0xEC64,
0xEC84, 0xDC64, 0xDC63, 0xE4C3, 0xED83, 0xEE24, 0xEE02, 0xFE44, 0xCD89, 0x3984, 0x0002, 0x2145, 0x8451, 0x84B2, 0x4AAB, 0x3A4B,
0x5B4F, 0x320A, 0x29A7, 0x1924, 0x18A3, 0x93C6, 0xFDE5, 0xDC63, 0xE5A8, 0xF628, 0x82E3, 0x094A, 0x1234, 0x1A75, 0x1210, 0x83EA,
0xEDE9, 0xCC23, 0xAB24, 0x5164, 0x4A2C, 0x424A, 0x8A84, 0xC323, 0xC3A4, 0xA301, 0xAAC3, 0x6182, 0x1907, 0x2A0F, 0x2A0C, 0x1108,
0xA4CA, 0xFE6A, 0x9405, 0x29E8, 0x116B, 0x4247, 0x6225, 0xD488, 0x9C0A, 0x0000, 0x0000, 0x0000, 0x0000, 0x0000, 0x0000, 0x0000,
0x0000, 0x0000, 0x0000, 0x0861, 0x2125, 0x9CAD, 0xB50E, 0x62A6, 0x62E6, 0x20C1, 0x946F, 0x6AE8, 0xDE30, 0xA46D, 0x2904, 0x0000,
0x0000, 0x0000, 0x0000, 0x0000, 0x0000, 0x0000, 0x0000, 0x0000, 0x0000, 0x0000, 0x0000, 0x0000, 0x0000, 0x0000, 0x0000, 0x0000,
0x0000, 0x0000, 0x0000, 0x0000, 0x0000, 0x0000, 0x0000, 0x0000, 0x0000, 0x0000, 0x0000, 0x10A1, 0xD64F, 0xBCEB, 0x72C8, 0xEEED,
0xA4A7, 0xCDCC, 0xFF71, 0x8C2B, 0x1082, 0x0000, 0x0000, 0x0000, 0x0000, 0x0000, 0x0000, 0x0000, 0x0000, 0x0000, 0x0000, 0x0000,
0x0000, 0x39C6, 0xCD69, 0xE524, 0xB323, 0xDBA4, 0xDC03, 0xC3A3, 0xCC84, 0xCC24, 0xDC43, 0xF543, 0xEDA4, 0xF604, 0xFE23, 0xEE46,
0xD5CA, 0x3143, 0x0800, 0x39E7, 0x63AF, 0x2166, 0x10C4, 0x10A4, 0x31E8, 0x424B, 0x0061, 0x0000, 0xBD0A, 0xF5C3, 0xDC82, 0xE5A8,
0xF608, 0x7AA3, 0x094B, 0x1A74, 0x1A75, 0x0A11, 0x634B, 0xDD69, 0xBBC4, 0x92C5, 0x62CA, 0x4B53, 0x32AF, 0x61E3, 0xB2E3, 0xA2E3,
0x7A22, 0x7A43, 0x5205, 0x19A8, 0x52EC, 0xB591, 0x7B46, 0xEE28, 0xF584, 0xE584, 0x8BA5, 0x41E5, 0xB52C, 0x9B85, 0xC4A9, 0x3184,
0x0000, 0x0000, 0x0000, 0x0000, 0x0000, 0x0000, 0x0000, 0x0000, 0x0000, 0x0000, 0x4A08, 0xB52F, 0xFF91, 0x9449, 0x8BEB, 0xDE8F,
0xCDED, 0x3963, 0x8BC9, 0xE692, 0x62A9, 0x0861, 0x0000, 0x0000, 0x0000, 0x0000, 0x0000, 0x0000, 0x0000, 0x0000, 0x0000, 0x0000,
0x0000, 0x0000, 0x0000, 0x0000, 0x0000, 0x0000, 0x0000, 0x0000, 0x0000, 0x0000, 0x0000, 0x0000, 0x0000, 0x0000, 0x0000, 0x0000,
0x0000, 0x0000, 0x0000, 0x8C2C, 0xDE92, 0x5A48, 0x9C89, 0xE6AC, 0x8BA7, 0xEEAC, 0xF6EF, 0x944B, 0x18A2, 0x0000, 0x0000, 0x0000,
0x0000, 0x0000, 0x0000, 0x0000, 0x0000, 0x0000, 0x0000, 0x0020, 0x0000, 0x4A47, 0xEDC9, 0xCBE3, 0xAAE4, 0xBB63, 0xDD27, 0xF607,
0xE545, 0xD442, 0xECC3, 0xECE3, 0xE502, 0xEDC3, 0xD562, 0xE5C4, 0xBCA8, 0x59E3, 0x3164, 0x52EC, 0x29A7, 0x10C3, 0x0862, 0x0041,
0x1905, 0x2987, 0x1903, 0xBD0C, 0xFE46, 0xDC82, 0xE588, 0xF5E7, 0x8B46, 0x092A, 0x1A53, 0x1253, 0x1232, 0x4ACC, 0xC4A9, 0xBB84,
0x69A2, 0x29A7, 0x22F4, 0x3291, 0x6A86, 0xAB04, 0x8A64, 0x5122, 0x4101, 0x62C9, 0x4268, 0x9CB0, 0x9C08, 0xCD87, 0xEE06, 0xBC04,
0xE4E3, 0xED44, 0xBC03, 0xEDA7, 0xE506, 0x6265, 0x0000, 0x0000, 0x0000, 0x0000, 0x0000, 0x0000, 0x0000, 0x0000, 0x0000, 0x0000,
0x944E, 0xDE12, 0xDE10, 0x9C2A, 0xB52F, 0x9C6F, 0x49A6, 0x8BE9, 0xA468, 0xDE30, 0xB4F1, 0x2904, 0x0000, 0x0000, 0x0000, 0x0000,
0x0000, 0x0000, 0x0000, 0x0000, 0x0000, 0x0000, 0x0000, 0x0000, 0x0000, 0x0000, 0x0000, 0x0000, 0x0000, 0x0000, 0x0000, 0x0000,
0x0000, 0x0000, 0x0000, 0x0000, 0x0000, 0x0000, 0x0000, 0x0000, 0x0000, 0x0000, 0x2923, 0xD694, 0x9C8F, 0xACEA, 0xFF4A, 0xE66B,
0xEECA, 0xDE6B, 0xDE8F, 0xAD0D, 0x2903, 0x0000, 0x0000, 0x0000, 0x0000, 0x0000, 0x0000, 0x0000, 0x0000, 0x0000, 0x0000, 0x0000,
0x0000, 0xB4AC, 0xED05, 0xBC23, 0xE5C7, 0xFE87, 0xE544, 0xE503, 0xF585, 0xC422, 0xE4C4, 0xFD83, 0xF604, 0xE604, 0xF643, 0xEE24,
0xF6CA, 0x83C9, 0x52CC, 0x29A6, 0x0882, 0x0841, 0x0000, 0x3185, 0x4228, 0x3A29, 0x3985, 0xB4A7, 0xDCA3, 0xDD47, 0xF608, 0x8B66,
0x094B, 0x1A32, 0x1A74, 0x2294, 0x32AE, 0xA42A, 0xAB24, 0x59E4, 0x2A8E, 0x22B5, 0x29EA, 0xB469, 0xC406, 0x6A24, 0x30C2, 0x3924,
0xACEB, 0xB50F, 0x93C9, 0xD589, 0xDDA5, 0xA407, 0x28C2, 0x8306, 0xED06, 0xED23, 0xED44, 0xB3A5, 0x2903, 0x0000, 0x0000, 0x0000,
0x0000, 0x0000, 0x0000, 0x0000, 0x0000, 0x0020, 0x9450, 0xF6F0, 0xF72D, 0xB50A, 0x72E6, 0x28A1, 0x7329, 0x83A7, 0x8346, 0xD60A,
0xE672, 0x5A89, 0x0000, 0x0000, 0x0000, 0x0000, 0x0000, 0x0000, 0x0000, 0x0000, 0x0000, 0x0000, 0x0000, 0x0000, 0x0000, 0x0000,
0x0000, 0x0000, 0x0000, 0x0000, 0x0000, 0x0000, 0x0000, 0x0000, 0x0000, 0x0000, 0x0000, 0x0000, 0x0000, 0x0000, 0x0000, 0x0000,
0x0000, 0x0000, 0x4A07, 0xBD93, 0xBD4B, 0xF6EA, 0xEECA, 0xFF6B, 0xC5EC, 0x3123, 0xCE0D, 0xC5AD, 0x49E6, 0x0841, 0x0000, 0x0000,
0x0000, 0x0000, 0x0000, 0x0000, 0x0000, 0x0000, 0x0000, 0x0000, 0x39A5, 0xDD48, 0xF5E4, 0xFEA8, 0xC4E8, 0x8B88, 0xBCA7, 0xED83,
0xE565, 0xB363, 0xE4C4, 0xF583, 0xE542, 0xED83, 0xEDC3, 0xF666, 0x7346, 0x52CC, 0x1903, 0x0000, 0x0841, 0x0000, 0x83EB, 0x8C4A,
0x2145, 0x2947, 0x6244, 0xE4E5, 0xDD67, 0xEDE8, 0x7B05, 0x092B, 0x1A32, 0x1A53, 0x1A54, 0x2270, 0x838B, 0x9326, 0x4207, 0x1AB2,
0x1A32, 0x4A47, 0xBC68, 0xA365, 0x3102, 0x2126, 0x7BEB, 0xCE33, 0xA4D0, 0xCD89, 0xF646, 0xBC29, 0x1882, 0x0000, 0x0041, 0x6A45,
0xCBE5, 0xDC87, 0x51C4, 0x0000, 0x0000, 0x0000, 0x0000, 0x0000, 0x0000, 0x0000, 0x0000, 0x0021, 0x9C4E, 0xF6D0, 0xE64C, 0x6285,
0xAD0A, 0xFFF3, 0xCDAE, 0x9C4D, 0xACEB, 0xE6AB, 0xDE8D, 0x7B8B, 0x0841, 0x0000, 0x0000, 0x0000, 0x0000, 0x0000, 0x0000, 0x0000,
0x0000, 0x0000, 0x0000, 0x0000, 0x0000, 0x0000, 0x0000, 0x0000, 0x0000, 0x0000, 0x0000, 0x0000, 0x0000, 0x0000, 0x0000, 0x0000,
0x0000, 0x0000, 0x0000, 0x0000, 0x0000, 0x0000, 0x0000, 0x0000, 0x0000, 0x1081, 0x83ED, 0xEED2, 0xF68B, 0xFF0B, 0xEF2F, 0x2942,
0x83EB, 0x6286, 0xCDAA, 0xE66F, 0x732B, 0x0021, 0x0000, 0x0000, 0x0000, 0x0000, 0x0000, 0x0000, 0x0000, 0x0000, 0x0000, 0x0000,
0x93C9, 0xF5C9, 0xBCA9, 0x20E2, 0x0000, 0x3185, 0xD528, 0xF583, 0xE565, 0xC3C2, 0xDC83, 0xED23, 0xED45, 0xE567, 0xD529, 0x7349,
0x428B, 0x1082, 0x31A5, 0x18E3, 0x0861, 0x5AC5, 0xDE6C, 0x28E2, 0x0862, 0x5A03, 0xDCA5, 0xE587, 0xEDE6, 0x72E4, 0x094C, 0x1232,
0x1232, 0x1233, 0x1210, 0x5249, 0x5A24, 0x220A, 0x1AB4, 0x19CD, 0x7B49, 0xA428, 0x6A43, 0x2925, 0x5B0E, 0xCE32, 0x8BC7, 0xAC6A,
0xE5E6, 0xBC66, 0x3104, 0x0000, 0x0000, 0x0000, 0x0000, 0x4985, 0x59E6, 0x0000, 0x0000, 0x0000, 0x0000, 0x0000, 0x0000, 0x0000,
0x0020, 0x31A6, 0x83AB, 0xF68F, 0xE608, 0x8BA6, 0x5A27, 0x49E6, 0x5246, 0xC5CE, 0x9C6D, 0x6265, 0xEE92, 0x942F, 0x18E3, 0x0000,
0x0000, 0x0000, 0x0000, 0x0000, 0x0000, 0x0000, 0x0000, 0x0000, 0x0000, 0x0000, 0x0000, 0x0000, 0x0000, 0x0000, 0x0000, 0x0000,
0x0000, 0x0000, 0x0000, 0x0000, 0x0000, 0x0000, 0x0000, 0x0000, 0x0000, 0x0000, 0x0000, 0x0000, 0x0000, 0x0000, 0x0000, 0x0000,
0x0000, 0x2104, 0xA4D0, 0xF6CF, 0xBD49, 0x3984, 0x83E9, 0xBDCF, 0x1860, 0x9C0A, 0x9C2A, 0xD654, 0x3164, 0x0000, 0x0000, 0x0000,
0x0000, 0x0000, 0x0000, 0x0000, 0x0000, 0x0000, 0x0000, 0x20E3, 0x6AA7, 0x18A1, 0x0000, 0x0000, 0x0000, 0x62A7, 0xE5A8, 0xF5C4,
0xF5A8, 0xBBE3, 0xBBE4, 0x7AE5, 0x72C6, 0x7309, 0x9CF2, 0x2988, 0x0000, 0x9C90, 0x4207, 0x0040, 0x4204, 0xEEEC, 0x8365, 0x0000,
0x5A04, 0xDCA5, 0xDD48, 0xEDC7, 0x72C4, 0x11AE, 0x1A74, 0x1274, 0x1AB5, 0x1A32, 0x4A2A, 0x2943, 0x222F, 0x22B5, 0x2A2D, 0x72A6,
0x8B48, 0x51E5, 0x18A3, 0x7C51, 0xC5AE, 0xE5E7, 0xE525, 0xD507, 0x4183, 0x0000, 0x0000, 0x0000, 0x0000, 0x0000, 0x0000, 0x0000,
0x0000, 0x0000, 0x0000, 0x0000, 0x0000, 0x0000, 0x0000, 0x18E4, 0xBD6F, 0xD5EC, 0xC549, 0xEEAA, 0xF6EC, 0x93AA, 0x62A7, 0x948B,
0x2081, 0x6285, 0xEEF1, 0x8C0B, 0x2905, 0x0000, 0x0000, 0x0000, 0x0000, 0x0000, 0x0000, 0x0000, 0x0000, 0x0000, 0x0000, 0x0000,
0x0000, 0x0000, 0x0000, 0x0000, 0x0000, 0x0000, 0x0000, 0x0000, 0x0000, 0x0000, 0x0000, 0x0000, 0x0000, 0x0000, 0x0000, 0x0000,
0x0000, 0x0000, 0x0000, 0x0000, 0x0000, 0x0000, 0x0000, 0x0000, 0x0000, 0x3165, 0xB570, 0xD652, 0x5246, 0x83EC, 0x3143, 0x8C0B,
0x5A67, 0x5247, 0x9C6E, 0xBD71, 0x4A05, 0x0000, 0x0000, 0x0000, 0x0000, 0x0000, 0x0000, 0x0000, 0x0000, 0x0000, 0x0000, 0x0000,
0x0000, 0x0000, 0x0000, 0x0000, 0x0000, 0x6B08, 0xE608, 0xEE04, 0xF626, 0xA3C6, 0x2081, 0x0000, 0x2965, 0x4207, 0x3143, 0x5224,
0xD62D, 0x7B88, 0x0000, 0x1062, 0x8386, 0xEEEA, 0x5A24, 0x6A44, 0xE4C5, 0xDD28, 0xEDC7, 0x72E5, 0x098E, 0x1A54, 0x0A53, 0x0A34,
0x1213, 0x39EC, 0x2166, 0x2272, 0x11AF, 0x3A07, 0xAC08, 0xB48C, 0xAC8B, 0x7B85, 0xAD4B, 0xEE27, 0xF543, 0xD485, 0x59C4, 0x0000,
0x0000, 0x0000, 0x0000, 0x0000, 0x0000, 0x0000, 0x0000, 0x0000, 0x0000, 0x0000, 0x0000, 0x0000, 0x0000, 0x2123, 0x8C0A, 0xE60D,
0x7B04, 0x28A4, 0xEF0F, 0xEECB, 0xA469, 0x7B69, 0xBD4D, 0xACAB, 0xDE71, 0x83EA, 0x18A2, 0x0000, 0x0000, 0x0000, 0x0000, 0x0000,
0x0000, 0x0000, 0x0000, 0x0000, 0x0000, 0x0000, 0x0000, 0x0000, 0x0000, 0x0000, 0x0000, 0x0000, 0x0000, 0x0000, 0x0000, 0x0000,
0x0000, 0x0000, 0x0000, 0x0000, 0x0000, 0x0000, 0x0000, 0x0000, 0x0000, 0x0000, 0x0000, 0x0000, 0x0000, 0x0000, 0x0000, 0x0000,
0x0000, 0x3186, 0xCDF3, 0xF715, 0xACCC, 0xD68F, 0x8C0B, 0x39C5, 0xCE15, 0x28A1, 0xC5AE, 0xDE72, 0x8C4F, 0x0861, 0x0000, 0x0000,
0x0000, 0x0000, 0x0000, 0x0000, 0x0000, 0x0000, 0x0000, 0x0000, 0x0000, 0x0000, 0x0000, 0x0000, 0x0000, 0x6308, 0xCDA9, 0xEE26,
0xFEA8, 0xCDAA, 0x5A64, 0x2060, 0x7243, 0xEDCA, 0xDDAC, 0xCE0C, 0x5AC5, 0x0821, 0x0841, 0x51E3, 0xE5E8, 0xDDA6, 0xCC84, 0xDC82,
0xDD67, 0xF606, 0x6AC4, 0x094E, 0x1A54, 0x1254, 0x1A96, 0x1A95, 0x216C, 0x1928, 0x1A0C, 0x5B6D, 0xB4A8, 0xB44A, 0x6A66, 0xAC47,
0xFE47, 0xF606, 0xED04, 0xBB65, 0x51A4, 0x0021, 0x0000, 0x0000, 0x0000, 0x0000, 0x0000, 0x0000, 0x0000, 0x0000, 0x0000, 0x0000,
0x0000, 0x0000, 0x0000, 0x39A4, 0xDE2E, 0xCDAD, 0xACC7, 0xF70C, 0x62A4, 0x41A4, 0xF731, 0xA4AC, 0x83AC, 0x7307, 0xEEB2, 0x940D,
0x3165, 0x0000, 0x0000, 0x0000, 0x0000, 0x0000, 0x0000, 0x0000, 0x0000, 0x0000, 0x0000, 0x0000, 0x0000, 0x0000, 0x0000, 0x0000,
0x0000, 0x0000, 0x0000, 0x0000, 0x0000, 0x0000, 0x0000, 0x0000, 0x0000, 0x0000, 0x0000, 0x0000, 0x0000, 0x0000, 0x0000, 0x0000,
0x0000, 0x0000, 0x0000, 0x0000, 0x0000, 0x0000, 0x0000, 0x0000, 0x0000, 0x4A48, 0xAD0F, 0xFF92, 0x9C67, 0x3102, 0x7309, 0x5A65,
0xB50C, 0xA489, 0x3103, 0xAD10, 0xA4EB, 0x20E2, 0x0000, 0x0000, 0x0000, 0x0000, 0x0000, 0x0000, 0x0000, 0x0000, 0x0000, 0x0000,
0x0000, 0x0000, 0x0000, 0x0000, 0x0000, 0x10A2, 0x93E8, 0xDD87, 0xFE87, 0xFEAA, 0xDDC7, 0xD504, 0xCC85, 0x4963, 0x0800, 0x0821,
0x1022, 0x7B06, 0xE5E8, 0xED85, 0xE563, 0xE523, 0xDC42, 0xE587, 0xEDE6, 0x72E5, 0x014D, 0x1A53, 0x1233, 0x1234, 0x1233, 0x198D,
0x3188, 0x9450, 0x8BAC, 0xAC27, 0xBCC6, 0xEDE8, 0xFE26, 0xED45, 0xCC45, 0x8243, 0x4144, 0x0841, 0x0000, 0x0000, 0x0000, 0x0000,
0x0000, 0x0000, 0x0000, 0x0000, 0x0000, 0x0000, 0x0000, 0x0000, 0x0820, 0x736A, 0xDE30, 0xDE0C, 0x6264, 0x5224, 0xFF6E, 0xE66B,
0x41A4, 0x5246, 0x7328, 0x83CB, 0xD653, 0x732A, 0x3186, 0x0000, 0x0000, 0x0000, 0x0000, 0x0000, 0x0000, 0x0000, 0x0000, 0x0000,
0x0000, 0x0000, 0x0000, 0x0000, 0x0000, 0x0000, 0x0000, 0x0000, 0x0000, 0x0000, 0x0000, 0x0000, 0x0000, 0x0000, 0x0000, 0x0000,
0x0000, 0x0000, 0x0000, 0x0000, 0x0000, 0x0000, 0x0000, 0x0000, 0x0000, 0x0000, 0x0000, 0x0000, 0x0000, 0x0000, 0x0000, 0x0000,
0x0000, 0x39A6, 0xA4CE, 0xDE8F, 0xACCD, 0x6AA9, 0xEF10, 0x8BA7, 0x6AA9, 0x4964, 0xB509, 0xFF4F, 0xDE50, 0x5A87, 0x0000, 0x0000,
0x0000, 0x0000, 0x0000, 0x0000, 0x0000, 0x0000, 0x0000, 0x0000, 0x0000, 0x0000, 0x0000, 0x0000, 0x0000, 0x0000, 0x3164, 0x8B26,
0xC487, 0xEDA6, 0xFE26, 0xFE47, 0xD5CA, 0xA489, 0x72E5, 0x8283, 0xE4E6, 0xED22, 0xF563, 0xED44, 0xE4C2, 0xE422, 0xED87, 0xEDA6,
0x6AA5, 0x09AE, 0x1253, 0x1234, 0x1234, 0x1A12, 0x19CC, 0x842E, 0x8B88, 0xAC08, 0xED88, 0xF5C4, 0xE525, 0xB3A5, 0x6A24, 0x30E2,
0x0000, 0x0000, 0x0000, 0x0000, 0x0000, 0x0000, 0x0000, 0x0000, 0x0000, 0x0000, 0x0000, 0x0000, 0x0000, 0x0000, 0x41C4, 0xBD0C,
0xDE2E, 0x4A06, 0x5A65, 0xFFD1, 0x5A45, 0x62A6, 0xB52D, 0xAC8D, 0x6245, 0xD5D0, 0xC5B2, 0x4A07, 0x1081, 0x0000, 0x0000, 0x0000,
0x0000, 0x0000, 0x0000, 0x0000, 0x0000, 0x0000, 0x0000, 0x0000, 0x0000, 0x0000, 0x0000, 0x0000, 0x0000, 0x0000, 0x0000, 0x0000,
0x0000, 0x0000, 0x0000, 0x0000, 0x0000, 0x0000, 0x0000, 0x0000, 0x0000, 0x0000, 0x0000, 0x0000, 0x0000, 0x0000, 0x0000, 0x0000,
0x0000, 0x0000, 0x0000, 0x0000, 0x0000, 0x0000, 0x0000, 0x0000, 0x0000, 0x2104, 0xACEF, 0xE6D4, 0x8369, 0x6A84, 0x8B88, 0x6287,
0x6AE5, 0xEF0F, 0x4182, 0x72E7, 0xD610, 0x83AA, 0x0000, 0x0000, 0x0000, 0x0000, 0x0000, 0x0000, 0x0000, 0x0000, 0x0000, 0x0000,
0x0000, 0x0000, 0x0000, 0x0000, 0x0000, 0x0000, 0x0000, 0x20C2, 0x6245, 0x9365, 0xD547, 0xFE27, 0xFE87, 0xFEC8, 0xF5E6, 0xE4C3,
0xDC42, 0xE461, 0xDC41, 0xE482, 0xEC42, 0xF5C7, 0xEDC6, 0x5A65, 0x098E, 0x1A53, 0x1252, 0x11EE, 0x19A9, 0x6B8A, 0xCD2A, 0xE546,
0xFD67, 0xDC45, 0x9AE6, 0x59E6, 0x1041, 0x0000, 0x0000, 0x0000, 0x0000, 0x0000, 0x0000, 0x0000, 0x0000, 0x0000, 0x0000, 0x0000,
0x0000, 0x0000, 0x0000, 0x0000, 0x6AE9, 0xF72F, 0xD5CE, 0x51C3, 0x942C, 0x3943, 0x7B67, 0xFFF1, 0x6285, 0x49A5, 0x9C08, 0xFEF0,
0xA48C, 0x39A6, 0x18A3, 0x0000, 0x0000, 0x0000, 0x0000, 0x0000, 0x0000, 0x0000, 0x0000, 0x0000, 0x0000, 0x0000, 0x0000, 0x0000,
0x0000, 0x0000, 0x0000, 0x0000, 0x0000, 0x0000, 0x0000, 0x0000, 0x0000, 0x0000, 0x0000, 0x0000, 0x0000, 0x0000, 0x0000, 0x0000,
0x0000, 0x0000, 0x0000, 0x0000, 0x0000, 0x0000, 0x0000, 0x0000, 0x0000, 0x0000, 0x0000, 0x0000, 0x0000, 0x0000, 0x0000, 0x0000,
0x0000, 0x2925, 0x8BEE, 0xDE34, 0xB48B, 0xDE6B, 0x5223, 0x948C, 0x4A45, 0x4185, 0xBD2E, 0x5204, 0xC56B, 0x9C8C, 0x18C3, 0x0000,
0x0000, 0x0000, 0x0000, 0x0000, 0x0000, 0x0000, 0x0000, 0x0000, 0x0000, 0x0000, 0x0000, 0x0000, 0x0000, 0x0000, 0x0000, 0x0000,
0x0021, 0x3143, 0x6286, 0xB407, 0xCCA5, 0xF5A6, 0xFDE5, 0xED65, 0xDC43, 0xDC01, 0xECA3, 0xE442, 0xEDE7, 0xEDE6, 0x5A65, 0x096D,
0x1A10, 0x19CB, 0x6349, 0xBD8A, 0xF5E8, 0xED07, 0xC427, 0x8285, 0x4943, 0x1061, 0x0000, 0x0000, 0x0000, 0x0000, 0x0000, 0x0000,
0x0000, 0x0000, 0x0000, 0x0000, 0x0000, 0x0000, 0x0000, 0x0000, 0x0000, 0x0000, 0x8BA9, 0xD58D, 0x93C8, 0x28E2, 0x83AC, 0xDE6E,
0xD5EB, 0x20A1, 0x6B07, 0xAC8A, 0xC52C, 0xE651, 0x8BEA, 0x41A6, 0x1082, 0x0000, 0x0000, 0x0000, 0x0000, 0x0000, 0x0000, 0x0000,
0x0000, 0x0000, 0x0000, 0x0000, 0x0000, 0x0000, 0x0000, 0x0000, 0x0000, 0x0000, 0x0000, 0x0000, 0x0000, 0x0000, 0x0000, 0x0000,
0x0000, 0x0000, 0x0000, 0x0000, 0x0000, 0x0000, 0x0000, 0x0000, 0x0000, 0x0000, 0x0000, 0x0000, 0x0000, 0x0000, 0x0000, 0x0000,
0x0000, 0x0000, 0x0000, 0x0000, 0x0000, 0x0000, 0x0000, 0x0000, 0x0000, 0x1082, 0x7B6D, 0xEEB3, 0xE66C, 0x8B47, 0x93EA, 0x51E7,
0xF731, 0xDE2E, 0x9C6B, 0xAD2C, 0x7B6A, 0x8C2F, 0x3165, 0x0000, 0x0000, 0x0000, 0x0000, 0x0000, 0x0000, 0x0000, 0x0000, 0x0000,
0x0000, 0x0000, 0x0000, 0x0000, 0x0000, 0x0000, 0x0000, 0x0000, 0x0000, 0x0000, 0x0841, 0x20E2, 0x7B07, 0xD529, 0xF5A5, 0xF564,
0xDC84, 0xDBE2, 0xDC02, 0xEDA5, 0xEDE6, 0x62A6, 0x094B, 0x21CA, 0x9469, 0xFE69, 0xF5C8, 0xABC5, 0x5A24, 0x18A2, 0x0000, 0x0000,
0x0000, 0x0000, 0x0000, 0x0000, 0x0000, 0x0000, 0x0000, 0x0000, 0x0000, 0x0000, 0x0000, 0x0000, 0x0000, 0x0000, 0x0000, 0x20C2,
0xAC8B, 0xE64D, 0x9C4A, 0x72E9, 0x9C8B, 0x3143, 0x9408, 0xFFEC, 0xB529, 0x51C4, 0xCDCE, 0xBD4E, 0x836C, 0x4A48, 0x1082, 0x0000,
0x0000, 0x0000, 0x0000, 0x0000, 0x0000, 0x0000, 0x0000, 0x0000, 0x0000, 0x0000, 0x0000, 0x0000, 0x0000, 0x0000, 0x0000, 0x0000,
0x0000, 0x0000, 0x0000, 0x0000, 0x0000, 0x0000, 0x0000, 0x0000, 0x0000, 0x0000, 0x0000, 0x0000, 0x0000, 0x0000, 0x0000, 0x0000,
0x0000, 0x0000, 0x0000, 0x0000, 0x0000, 0x0000, 0x0000, 0x0000, 0x0000, 0x0000, 0x0000, 0x0000, 0x0000, 0x0000, 0x0000, 0x0000,
0x0000, 0x0000, 0x62CA, 0xC590, 0xF6B1, 0xC56B, 0x72E9, 0x9C4B, 0xD60D, 0x7328, 0x20C1, 0x83C9, 0x7B6B, 0xC5B1, 0x5A67, 0x0020,
0x0000, 0x0000, 0x0000, 0x0000, 0x0000, 0x0000, 0x0000, 0x0000, 0x0000, 0x0000, 0x0000, 0x0000, 0x0000, 0x0000, 0x0000, 0x0000,
0x0000, 0x0000, 0x0000, 0x0000, 0x39C6, 0xAC69, 0xED45, 0xFD85, 0xCC23, 0xD3E2, 0xF5E7, 0xE5A6, 0x6A65, 0x1905, 0x9449, 0xF6AA,
0xE567, 0x72C6, 0x18C2, 0x0000, 0x0000, 0x0000, 0x0000, 0x0000, 0x0000, 0x0000, 0x0000, 0x0000, 0x0000, 0x0000, 0x0000, 0x0000,
0x0000, 0x0000, 0x0000, 0x0000, 0x0000, 0x39A4, 0xCDAC, 0xB4A9, 0x8B87, 0x3103, 0xCDF0, 0xFFCC, 0xD60C, 0x3922, 0x5A45, 0xBD0B,
0xE651, 0xC593, 0x5A89, 0x3186, 0x0041, 0x0000, 0x0000, 0x0000, 0x0000, 0x0000, 0x0000, 0x0000, 0x0000, 0x0000, 0x0000, 0x0000,
0x0000, 0x0000, 0x0000, 0x0000, 0x0000, 0x0000, 0x0000, 0x0000, 0x0000, 0x0000, 0x0000, 0x0000, 0x0000, 0x0000, 0x0000, 0x0000,
0x0000, 0x0000, 0x0000, 0x0000, 0x0000, 0x0000, 0x0000, 0x0000, 0x0000, 0x0000, 0x0000, 0x0000, 0x0000, 0x0000, 0x0000, 0x0000,
0x0000, 0x0000, 0x0000, 0x0000, 0x0000, 0x0000, 0x0000, 0x0000, 0x0000, 0x0000, 0x2945, 0x8BED, 0xCDD2, 0xCDD2, 0xC58B, 0x9BE7,
0x1861, 0xD68D, 0xF76F, 0x4184, 0xDE6F, 0xE6AF, 0x940B, 0x2923, 0x0000, 0x0000, 0x0000, 0x0000, 0x0000, 0x0000, 0x0000, 0x0000,
0x0000, 0x0000, 0x0000, 0x0000, 0x0000, 0x0000, 0x0000, 0x0000, 0x0000, 0x0000, 0x0000, 0x0000, 0x0841, 0x5A66, 0xC467, 0xF526,
0xD422, 0xEDE6, 0xE526, 0x7202, 0x9426, 0xFEC9, 0xCD48, 0x41C5, 0x0000, 0x0000, 0x0000, 0x0000, 0x0000, 0x0000, 0x0000, 0x0000,
0x0000, 0x0000, 0x0000, 0x0000, 0x0000, 0x0000, 0x0000, 0x0000, 0x0000, 0x0000, 0x0000, 0x62A8, 0xEE4E, 0x93E8, 0x6289, 0xE68D,
0x9C27, 0x4964, 0x93A6, 0xEE4A, 0xB4EB, 0xBD52, 0xC551, 0x6A8A, 0x3165, 0x0861, 0x0000, 0x0000, 0x0000, 0x0000, 0x0000, 0x0000,
0x0000, 0x0000, 0x0000, 0x0000, 0x0000, 0x0000, 0x0000, 0x0000, 0x0000, 0x0000, 0x0000, 0x0000, 0x0000, 0x0000, 0x0000, 0x0000,
0x0000, 0x0000, 0x0000, 0x0000, 0x0000, 0x0000, 0x0000, 0x0000, 0x0000, 0x0000, 0x0000, 0x0000, 0x0000, 0x0000, 0x0000, 0x0000,
0x0000, 0x0000, 0x0000, 0x0000, 0x0000, 0x0000, 0x0000, 0x0000, 0x0000, 0x0000, 0x0000, 0x0000, 0x0000, 0x0000, 0x0000, 0x0000,
0x0000, 0x0000, 0x0020, 0x4A28, 0x942D, 0xFF32, 0xBCED, 0x6AC7, 0xC60D, 0x4183, 0x5A44, 0xFF2D, 0xE66B, 0xEECD, 0xC58E, 0x5A88,
0x0020, 0x0000, 0x0000, 0x0000, 0x0000, 0x0000, 0x0000, 0x0000, 0x0000, 0x0000, 0x0000, 0x0000, 0x0000, 0x0000, 0x0000, 0x0000,
0x0000, 0x0000, 0x0000, 0x0000, 0x0000, 0x4185, 0xCC26, 0xECE3, 0xF5E5, 0xDCA4, 0xB3C4, 0xF6A9, 0xE5A7, 0x3983, 0x0000, 0x0000,
0x0000, 0x0000, 0x0000, 0x0000, 0x0000, 0x0000, 0x0000, 0x0000, 0x0000, 0x0000, 0x0000, 0x0000, 0x0000, 0x0000, 0x0000, 0x0000,
0x0020, 0x630A, 0xE631, 0x9367, 0x3924, 0x3143, 0xACEA, 0xFFEE, 0x8B86, 0x38E4, 0xBD2D, 0xC58F, 0x838C, 0x3965, 0x1082, 0x0000,
0x0000, 0x0000, 0x0000, 0x0000, 0x0000, 0x0000, 0x0000, 0x0000, 0x0000, 0x0000, 0x0000, 0x0000, 0x0000, 0x0000, 0x0000, 0x0000,
0x0000, 0x0000, 0x0000, 0x0000, 0x0000, 0x0000, 0x0000, 0x0000, 0x0000, 0x0000, 0x0000, 0x0000, 0x0000, 0x0000, 0x0000, 0x0000,
0x0000, 0x0000, 0x0000, 0x0000, 0x0000, 0x0000, 0x0000, 0x0000, 0x0000, 0x0000, 0x0000, 0x0000, 0x0000, 0x0000, 0x0000, 0x0000,
0x0000, 0x0000, 0x0000, 0x0000, 0x0000, 0x0000, 0x0000, 0x0000, 0x0000, 0x0000, 0x0000, 0x1082, 0x62A9, 0xD636, 0x9C4D, 0x5A44,
0x72E4, 0xE64B, 0xF6E9, 0xF6CC, 0xE66B, 0xEE4B, 0xCD8E, 0x734B, 0x18E3, 0x0000, 0x0000, 0x0000, 0x0000, 0x0000, 0x0000, 0x0000,
0x0000, 0x0000, 0x0000, 0x0000, 0x0000, 0x0000, 0x0000, 0x0000, 0x0000, 0x0000, 0x0000, 0x0000, 0x0000, 0x5226, 0xDCC6, 0xED43,
0xDCE3, 0xF5E5, 0xF607, 0x8306, 0x0000, 0x0000, 0x0000, 0x0000, 0x0000, 0x0000, 0x0000, 0x0000, 0x0000, 0x0000, 0x0000, 0x0000,
0x0000, 0x0000, 0x0000, 0x0000, 0x0000, 0x0000, 0x0000, 0x18C3, 0x7BAB, 0xD62E, 0xA428, 0xBD4D, 0x9449, 0x1881, 0x72E6, 0xB50B,
0xC5F3, 0x8C0F, 0x4A06, 0x20E3, 0x0020, 0x0000, 0x0000, 0x0000, 0x0000, 0x0000, 0x0000, 0x0000, 0x0000, 0x0000, 0x0000, 0x0000,
0x0000, 0x0000, 0x0000, 0x0000, 0x0000, 0x0000, 0x0000, 0x0000, 0x0000, 0x0000, 0x0000, 0x0000, 0x0000, 0x0000, 0x0000, 0x0000,
0x0000, 0x0000, 0x0000, 0x0000, 0x0000, 0x0000, 0x0000, 0x0000, 0x0000, 0x0000, 0x0000, 0x0000, 0x0000, 0x0000, 0x0000, 0x0000,
0x0000, 0x0000, 0x0000, 0x0000, 0x0000, 0x0000, 0x0000, 0x0000, 0x0000, 0x0000, 0x0000, 0x0000, 0x0000, 0x0000, 0x0000, 0x0000,
0x0000, 0x0000, 0x0000, 0x0000, 0x39A5, 0xACEF, 0xE691, 0xF6EC, 0xEE68, 0xEEAA, 0xEECC, 0xEEAC, 0xE60A, 0xDDEE, 0xC5D5, 0x39C7,
0x0000, 0x0000, 0x0000, 0x0000, 0x0000, 0x0000, 0x0000, 0x0000, 0x0000, 0x0000, 0x0000, 0x0000, 0x0000, 0x0000, 0x0000, 0x0000,
0x0000, 0x0000, 0x0000, 0x0000, 0x0020, 0xA428, 0xE4E3, 0xED65, 0xF585, 0xBC05, 0x20C2, 0x0000, 0x0000, 0x0000, 0x0000, 0x0000,
0x0000, 0x0000, 0x0000, 0x0000, 0x0000, 0x0000, 0x0000, 0x0000, 0x0000, 0x0000, 0x0000, 0x0000, 0x0000, 0x0000, 0x0000, 0x0861,
0xAD0E, 0xDE6D, 0xD5C9, 0xF6CB, 0x93C8, 0x62A8, 0xB593, 0x730E, 0x5A4B, 0x0861, 0x0000, 0x0000, 0x0000, 0x0000, 0x0000, 0x0000,
0x0000, 0x0000, 0x0000, 0x0000, 0x0000, 0x0000, 0x0000, 0x0000, 0x0000, 0x0000, 0x0000, 0x0000, 0x0000, 0x0000, 0x0000, 0x0000,
0x0000, 0x0000, 0x0000, 0x0000, 0x0000, 0x0000, 0x0000, 0x0000, 0x0000, 0x0000, 0x0000, 0x0000, 0x0000, 0x0000, 0x0000, 0x0000,
0x0000, 0x0000, 0x0000, 0x0000, 0x0000, 0x0000, 0x0000, 0x0000, 0x0000, 0x0000, 0x0000, 0x0000, 0x0000, 0x0000, 0x0000, 0x0000,
0x0000, 0x0000, 0x0000, 0x0000, 0x0000, 0x0000, 0x0000, 0x0000, 0x0000, 0x0000, 0x0000, 0x0000, 0x3985, 0x83AD, 0xC5D1, 0xDE4C,
0xE66A, 0xE68A, 0xDE4C, 0xDE2F, 0xDE74, 0x6B6C, 0x0841, 0x0000, 0x0000, 0x0000, 0x0000, 0x0000, 0x0000, 0x0000, 0x0000, 0x0000,
0x0000, 0x0000, 0x0000, 0x0000, 0x0000, 0x0000, 0x0000, 0x0000, 0x0000, 0x0000, 0x0000, 0x0000, 0x5AA6, 0xFDE8, 0xE523, 0xE4C5,
0x7286, 0x0000, 0x0000, 0x0000, 0x0000, 0x0000, 0x0000, 0x0000, 0x0000, 0x0000, 0x0000, 0x0000, 0x0000, 0x0000, 0x0000, 0x0000,
0x0000, 0x0000, 0x0000, 0x0000, 0x0000, 0x0000, 0x0000, 0x2944, 0xB52D, 0xCDCE, 0xCDAC, 0xCD8E, 0xB532, 0x5A8B, 0x5A29, 0x2904,
0x0000, 0x0000, 0x0000, 0x0000, 0x0000, 0x0000, 0x0000, 0x0000, 0x0000, 0x0000, 0x0000, 0x0000, 0x0000, 0x0000, 0x0000, 0x0000,
0x0000, 0x0000, 0x0000, 0x0000, 0x0000, 0x0000, 0x0000, 0x0000, 0x0000, 0x0000, 0x0000, 0x0000, 0x0000, 0x0000, 0x0000, 0x0000,
0x0000, 0x0000, 0x0000, 0x0000, 0x0000, 0x0000, 0x0000, 0x0000, 0x0000, 0x0000, 0x0000, 0x0000, 0x0000, 0x0000, 0x0000, 0x0000,
0x0000, 0x0000, 0x0000, 0x0000, 0x0000, 0x0000, 0x0000, 0x0000, 0x0000, 0x0000, 0x0000, 0x0000, 0x0000, 0x0000, 0x0000, 0x0000,
0x0000, 0x0000, 0x0000, 0x3166, 0x83AF, 0x62AA, 0xBD30, 0xE66F, 0xD60B, 0xD60D, 0xCDAF, 0x6B0A, 0x0020, 0x0000, 0x0000, 0x0000,
0x0000, 0x0000, 0x0000, 0x0000, 0x0000, 0x0000, 0x0000, 0x0000, 0x0000, 0x0000, 0x0000, 0x0000, 0x0000, 0x0000, 0x0000, 0x0000,
0x0000, 0x0000, 0x0000, 0x2944, 0xEDEB, 0xE4C1, 0xCC88, 0x2924, 0x0000, 0x0000, 0x0000, 0x0000, 0x0000, 0x0000, 0x0000, 0x0000,
0x0000, 0x0000, 0x0000, 0x0000, 0x0000, 0x0000, 0x0000, 0x0000, 0x0000, 0x0000, 0x0000, 0x0000, 0x0000, 0x0000, 0x0000, 0x41C6,
0x940D, 0xC591, 0xB512, 0x524B, 0x83D0, 0x838E, 0x5ACC, 0x4A2B, 0x3186, 0x0000, 0x0000, 0x0000, 0x0000, 0x0000, 0x0000, 0x0000,
0x0000, 0x0000, 0x0000, 0x0000, 0x0000, 0x0000, 0x0000, 0x0000, 0x0000, 0x0000, 0x0000, 0x0000, 0x0000, 0x0000, 0x0000, 0x0000,
0x0000, 0x0000, 0x0000, 0x0000, 0x0000, 0x0000, 0x0000, 0x0000, 0x0000, 0x0000, 0x0000, 0x0000, 0x0000, 0x0000, 0x0000, 0x0000,
0x0000, 0x0000, 0x0000, 0x0000, 0x0000, 0x0000, 0x0000, 0x0000, 0x0000, 0x0000, 0x0000, 0x0000, 0x0000, 0x0000, 0x0000, 0x0000,
0x0000, 0x0000, 0x0000, 0x0000, 0x0000, 0x0000, 0x0000, 0x0000, 0x1082, 0x3165, 0x2945, 0x5A8A, 0x8BEF, 0x5A49, 0xAD12, 0xD611,
0xC50B, 0xBCEC, 0x4A06, 0x0000, 0x0000, 0x0000, 0x0000, 0x0000, 0x0000, 0x0000, 0x0000, 0x0000, 0x0000, 0x0000, 0x0000, 0x0000,
0x0000, 0x0000, 0x0000, 0x0000, 0x0000, 0x0000, 0x0000, 0x0000, 0x0000, 0x0000, 0x0000, 0x838A, 0xE58D, 0x6AA7, 0x0000, 0x0000,
0x0000, 0x0000, 0x0000, 0x0000, 0x0000, 0x0000, 0x0000, 0x0000, 0x0000, 0x0000, 0x0000, 0x0000, 0x0000, 0x0000, 0x0000, 0x0000,
0x0000, 0x0000, 0x0000, 0x0000, 0x0861, 0x3964, 0x8BAA, 0xB4EE, 0xACCC, 0xA4AF, 0x39A6, 0x8431, 0x732E, 0x5ACC, 0x528C, 0x39A7,
0x0020, 0x0000, 0x0000, 0x0000, 0x0000, 0x0000, 0x0000, 0x0000, 0x0000, 0x0000, 0x0000, 0x0000, 0x0000, 0x0000, 0x0000, 0x0000,
0x0000, 0x0000, 0x0000, 0x0000, 0x0000, 0x0000, 0x0000, 0x0000, 0x0000, 0x0000, 0x0000, 0x0000, 0x0000, 0x0000, 0x0000, 0x0000,
0x0000, 0x0000, 0x0000, 0x0000, 0x0000, 0x0000, 0x0000, 0x0000, 0x0000, 0x0000, 0x0000, 0x0000, 0x0000, 0x0000, 0x0000, 0x0000,
0x0000, 0x0000, 0x0000, 0x0000, 0x0000, 0x0000, 0x0000, 0x0000, 0x0000, 0x0000, 0x0000, 0x0000, 0x0000, 0x0000, 0x0000, 0x41C7,
0x7B90, 0x8413, 0x630E, 0x8C52, 0x83D1, 0x62EB, 0xD5B0, 0xAC46, 0xB449, 0xBD6F, 0x4A25, 0x0861, 0x0000, 0x0000, 0x0000, 0x0000,
0x0000, 0x0000, 0x0000, 0x0000, 0x0000, 0x0000, 0x0000, 0x0000, 0x0000, 0x0000, 0x0000, 0x0000, 0x0000, 0x0000, 0x0000, 0x0000,
0x0000, 0x0000, 0x0000, 0x2124, 0x0000, 0x0000, 0x0000, 0x0000, 0x0000, 0x0000, 0x0000, 0x0000, 0x0000, 0x0000, 0x0000, 0x0000,
0x0000, 0x0000, 0x0000, 0x0000, 0x0000, 0x0000, 0x0000, 0x0000, 0x0000, 0x0020, 0x4208, 0x9C90, 0xB4EF, 0xD56B, 0xD569, 0xC549,
0xC56A, 0xACCB, 0x83C9, 0x944C, 0xA4CE, 0x8BED, 0x3166, 0x0000, 0x0000, 0x0000, 0x0000, 0x0000, 0x0000, 0x0000, 0x0000, 0x0000,
0x0000, 0x0000, 0x0000, 0x0000, 0x0000, 0x0000, 0x0000, 0x0000, 0x0000, 0x0000, 0x0000, 0x0000, 0x0000, 0x0000, 0x0000, 0x0000,
0x0000, 0x0000, 0x0000, 0x0000, 0x0000, 0x0000, 0x0000, 0x0000, 0x0000, 0x0000, 0x0000, 0x0000, 0x0000, 0x0000, 0x0000, 0x0000,
0x0000, 0x0000, 0x0000, 0x0000, 0x0000, 0x0000, 0x0000, 0x0000, 0x0000, 0x0000, 0x0000, 0x0000, 0x0000, 0x0000, 0x0000, 0x0000,
0x0000, 0x0000, 0x0000, 0x0000, 0x0000, 0x0000, 0x0821, 0x3147, 0x39CA, 0x6B2D, 0x6B0B, 0x5A69, 0x7B49, 0xCD48, 0xEE09, 0x6203,
0x7B26, 0xE5ED, 0x9C09, 0x41C6, 0x0841, 0x0000, 0x0000, 0x0000, 0x0000, 0x0000, 0x0000, 0x0000, 0x0000, 0x0000, 0x0000, 0x0000,
0x0000, 0x0000, 0x0000, 0x0000, 0x0000, 0x0000, 0x0000, 0x0000, 0x0000, 0x0000, 0x0000, 0x0000, 0x0000, 0x0000, 0x0000, 0x0000,
0x0000, 0x0000, 0x0000, 0x0000, 0x0000, 0x0000, 0x0000, 0x0000, 0x0000, 0x0000, 0x0000, 0x0000, 0x0000, 0x0000, 0x0000, 0x0841,
0x6B0A, 0xDE50, 0xC58D, 0x49A4, 0xCDA9, 0xE628, 0xDDC8, 0xDDE7, 0xDE29, 0xDE4A, 0xDE2D, 0xCDB1, 0x6ACB, 0x20E4, 0x0000, 0x0000,
0x0000, 0x0000, 0x0000, 0x0000, 0x0000, 0x0000, 0x0000, 0x0000, 0x0000, 0x0000, 0x0000, 0x0000, 0x0000, 0x0000, 0x0000, 0x0000,
0x0000, 0x0000, 0x0000, 0x0000, 0x0000, 0x0000, 0x0000, 0x0000, 0x0000, 0x0000, 0x0000, 0x0000, 0x0000, 0x0000, 0x0000, 0x0000,
0x0000, 0x0000, 0x0000, 0x0000, 0x0000, 0x0000, 0x0000, 0x0000, 0x0000, 0x0000, 0x0000, 0x0000, 0x0000, 0x0000, 0x0000, 0x0000,
0x0000, 0x0000, 0x0000, 0x0000, 0x0000, 0x0000, 0x0000, 0x0000, 0x0000, 0x0000, 0x0000, 0x0000, 0x0000, 0x0000, 0x0841, 0x4209,
0xAD31, 0xC5CF, 0xCDAD, 0xD589, 0xE606, 0xD5CA, 0x3102, 0x5A67, 0xAC06, 0xFEAB, 0xDDED, 0x8BAB, 0x2924, 0x0000, 0x0000, 0x0000,
0x0000, 0x0000, 0x0000, 0x0000, 0x0000, 0x0000, 0x0000, 0x0000, 0x0000, 0x0000, 0x0000, 0x0000, 0x0000, 0x0000, 0x0000, 0x0000,
0x0000, 0x0000, 0x0000, 0x0000, 0x0000, 0x0000, 0x0000, 0x0000, 0x0000, 0x0000, 0x0000, 0x0000, 0x0000, 0x0000, 0x0000, 0x0000,
0x0000, 0x0000, 0x0000, 0x0000, 0x1082, 0x39A5, 0x836A, 0xA46B, 0xC5AA, 0xEEAF, 0x2081, 0x6264, 0xF6EB, 0xEE67, 0xE626, 0xDE06,
0xCE08, 0xD5CF, 0x7B0B, 0x20C3, 0x0000, 0x0000, 0x0000, 0x0000, 0x0000, 0x0000, 0x0000, 0x0000, 0x0000, 0x0000, 0x0000, 0x0000,
0x0000, 0x0000, 0x0000, 0x0000, 0x0000, 0x0000, 0x0000, 0x0000, 0x0000, 0x0000, 0x0000, 0x0000, 0x0000, 0x0000, 0x0000, 0x0000,
0x0000, 0x0000, 0x0000, 0x0000, 0x0000, 0x0000, 0x0000, 0x0000, 0x0000, 0x0000, 0x0000, 0x0000, 0x0000, 0x0000, 0x0000, 0x0000,
0x0000, 0x0000, 0x0000, 0x0000, 0x0000, 0x0000, 0x0000, 0x0000, 0x0000, 0x0000, 0x0000, 0x0000, 0x0000, 0x0000, 0x0000, 0x0000,
0x0000, 0x0000, 0x0000, 0x0000, 0x0000, 0x0000, 0x0841, 0x62CA, 0xC590, 0xD5EA, 0xE5C7, 0xEE2A, 0x6244, 0x7B69, 0x8C0C, 0x72E6,
0xD5CA, 0x93A6, 0xDE0F, 0xCDB0, 0x5247, 0x0841, 0x0000, 0x0000, 0x0000, 0x0000, 0x0000, 0x0000, 0x0000, 0x0000, 0x0000, 0x0000,
0x0000, 0x0000, 0x0000, 0x0000, 0x0000, 0x0000, 0x0000, 0x0000, 0x0000, 0x0000, 0x0000, 0x0000, 0x0000, 0x0000, 0x0000, 0x0000,
0x0000, 0x0000, 0x0000, 0x0000, 0x0000, 0x0000, 0x0000, 0x0000, 0x0000, 0x0000, 0x2943, 0xA4AE, 0xE673, 0xCDCC, 0x72C8, 0x2081,
0x8BEB, 0x7B2A, 0x3944, 0x8366, 0xCD68, 0xE607, 0xDE4B, 0xBD8D, 0x6288, 0x20E4, 0x0020, 0x0000, 0x0000, 0x0000, 0x0000, 0x0000,
0x0000, 0x0000, 0x0000, 0x0000, 0x0000, 0x0000, 0x0000, 0x0000, 0x0000, 0x0000, 0x0000, 0x0000, 0x0000, 0x0000, 0x0000, 0x0000,
0x0000, 0x0000, 0x0000, 0x0000, 0x0000, 0x0000, 0x0000, 0x0000, 0x0000, 0x0000, 0x0000, 0x0000, 0x0000, 0x0000, 0x0000, 0x0000,
0x0000, 0x0000, 0x0000, 0x0000, 0x0000, 0x0000, 0x0000, 0x0000, 0x0000, 0x0000, 0x0000, 0x0000, 0x0000, 0x0000, 0x0000, 0x0000,
0x0000, 0x0000, 0x0000, 0x0000, 0x0000, 0x0000, 0x0000, 0x0000, 0x0000, 0x0000, 0x0000, 0x0000, 0x0000, 0x0000, 0x0861, 0x62A9,
0xC56D, 0xDDEA, 0x93A7, 0x30E2, 0x83CD, 0x3163, 0x83CC, 0x4183, 0xA4F0, 0x72E6, 0xBD0A, 0xC58F, 0x8C0E, 0x2924, 0x0000, 0x0000,
0x0000, 0x0000, 0x0000, 0x0000, 0x0000, 0x0000, 0x0000, 0x0000, 0x0000, 0x0000, 0x0000, 0x0000, 0x0000, 0x0000, 0x0000, 0x0000,
0x0000, 0x0000, 0x0000, 0x0000, 0x0000, 0x0000, 0x0000, 0x0000, 0x0000, 0x0000, 0x0000, 0x0000, 0x0000, 0x0841, 0x0841, 0x39A5,
0xAD0F, 0xDE70, 0xAD0D, 0x3944, 0x7B25, 0xFF30, 0x5AA7, 0x5AA9, 0x41A4, 0x7B2A, 0x30C2, 0xBCEC, 0xE62E, 0xB4AD, 0x41A5, 0x1082,
0x0000, 0x0000, 0x0000, 0x0000, 0x0000, 0x0000, 0x0000, 0x0000, 0x0000, 0x0000, 0x0000, 0x0000, 0x0000, 0x0000, 0x0000, 0x0000,
0x0000, 0x0000, 0x0000, 0x0000, 0x0000, 0x0000, 0x0000, 0x0000, 0x0000, 0x0000, 0x0000, 0x0000, 0x0000, 0x0000, 0x0000, 0x0000,
0x0000, 0x0000, 0x0000, 0x0000, 0x0000, 0x0000, 0x0000, 0x0000, 0x0000, 0x0000, 0x0000, 0x0000, 0x0000, 0x0000, 0x0000, 0x0000,
0x0000, 0x0000, 0x0000, 0x0000, 0x0000, 0x0000, 0x0000, 0x0000, 0x0000, 0x0000, 0x0000, 0x0000, 0x0000, 0x0000, 0x0000, 0x0000,
0x0000, 0x0000, 0x0000, 0x0000, 0x0000, 0x0000, 0x0000, 0x6B0B, 0xCDB2, 0xD631, 0xB52F, 0x5225, 0x946A, 0x4A05, 0x9C29, 0xDE2E,
0x49C5, 0x7328, 0x49A5, 0xBD30, 0xCD90, 0xB511, 0x5AA8, 0x1082, 0x0000, 0x0000, 0x0000, 0x0000, 0x0000, 0x0000, 0x0000, 0x0000,
0x0000, 0x0000, 0x0000, 0x0000, 0x0000, 0x0000, 0x0000, 0x0000, 0x0000, 0x0000, 0x0000, 0x0000, 0x0000, 0x0000, 0x0000, 0x0000,
0x0000, 0x0000, 0x0000, 0x18A2, 0x5AA7, 0xBD6D, 0xEEB2, 0xBD0E, 0x5A44, 0xB54E, 0x41C7, 0x1840, 0xBD4B, 0xCE10, 0x9C8E, 0xBD8F,
0x93E7, 0xDDEE, 0xDDF0, 0x836B, 0x3104, 0x0841, 0x0000, 0x0000, 0x0000, 0x0000, 0x0000, 0x0000, 0x0000, 0x0000, 0x0000, 0x0000,
0x0000, 0x0000, 0x0000, 0x0000, 0x0000, 0x0000, 0x0000, 0x0000, 0x0000, 0x0000, 0x0000, 0x0000, 0x0000, 0x0000, 0x0000, 0x0000,
0x0000, 0x0000, 0x0000, 0x0000, 0x0000, 0x0000, 0x0000, 0x0000, 0x0000, 0x0000, 0x0000, 0x0000, 0x0000, 0x0000, 0x0000, 0x0000,
0x0000, 0x0000, 0x0000, 0x0000, 0x0000, 0x0000, 0x0000, 0x0000, 0x0000, 0x0000, 0x0000, 0x0000, 0x0000, 0x0000, 0x0000, 0x0000,
0x0000, 0x0000, 0x0000, 0x0000, 0x0000, 0x0000, 0x0000, 0x0000, 0x0000, 0x0000, 0x0000, 0x0000, 0x0000, 0x0000, 0x0861, 0x630C,
0x7BED, 0x9C6C, 0xEEAD, 0xEECB, 0x5A24, 0xACEB, 0x3100, 0x734A, 0x49E5, 0xB550, 0x49E5, 0x5A67, 0x8389, 0xF6EF, 0xD611, 0x946D,
0x4A27, 0x0841, 0x0000, 0x0000, 0x0000, 0x0000, 0x0000, 0x0000, 0x0000, 0x0000, 0x0000, 0x0000, 0x0000, 0x0000, 0x0000, 0x0000,
0x0000, 0x0000, 0x0000, 0x0000, 0x0000, 0x0000, 0x0000, 0x0000, 0x2923, 0x8C0C, 0xD610, 0xEEF1, 0xD64F, 0x3943, 0xA46B, 0x83A9,
0xAD10, 0x4A47, 0x630A, 0x3123, 0x942C, 0x4184, 0xB4CB, 0xEEB2, 0xAC8F, 0x6AEA, 0x2924, 0x0020, 0x0000, 0x0000, 0x0000, 0x0000,
0x0000, 0x0000, 0x0000, 0x0000, 0x0000, 0x0000, 0x0000, 0x0000, 0x0000, 0x0000, 0x0000, 0x0000, 0x0000, 0x0000, 0x0000, 0x0000,
0x0000, 0x0000, 0x0000, 0x0000, 0x0000, 0x0000, 0x0000, 0x0000, 0x0000, 0x0000, 0x0000, 0x0000, 0x0000, 0x0000, 0x0000, 0x0000,
0x0000, 0x0000, 0x0000, 0x0000, 0x0000, 0x0000, 0x0000, 0x0000, 0x0000, 0x0000, 0x0000, 0x0000, 0x0000, 0x0000, 0x0000, 0x0000,
0x0000, 0x0000, 0x0000, 0x0000, 0x0000, 0x0000, 0x0000, 0x0000, 0x0000, 0x0000, 0x0000, 0x0000, 0x0000, 0x0000, 0x0000, 0x0000,
0x0000, 0x0000, 0x0000, 0x0000, 0x0000, 0x0000, 0x0000, 0x0861, 0x2103, 0x83A9, 0xDE30, 0xB4CF, 0x51E5, 0x7B6A, 0x83AA, 0x5248,
0x5A87, 0x83EA, 0x41E6, 0x72E5, 0xD60B, 0x6A65, 0xD5F0, 0xF736, 0xCDF2, 0x9CCF, 0x7B8B, 0x3986, 0x0821, 0x0000, 0x0000, 0x0000,
0x0000, 0x0000, 0x0000, 0x0000, 0x0000, 0x0000, 0x0000, 0x0000, 0x0000, 0x0000, 0x0000, 0x0020, 0x0841, 0x5268, 0xAD30, 0xCDEF,
0xDE50, 0x8BCA, 0x62A7, 0x8BED, 0x4A07, 0x8BC7, 0xCDEF, 0x6B2A, 0x5AA9, 0xE6D3, 0x7B47, 0x6266, 0xE670, 0xBD2F, 0x732C, 0x4A28,
0x10A2, 0x0000, 0x0000, 0x0000, 0x0000, 0x0000, 0x0000, 0x0000, 0x0000, 0x0000, 0x0000, 0x0000, 0x0000, 0x0000, 0x0000, 0x0000,
0x0000, 0x0000, 0x0000, 0x0000, 0x0000, 0x0000, 0x0000, 0x0000, 0x0000, 0x0000, 0x0000, 0x0000, 0x0000, 0x0000, 0x0000, 0x0000,
0x0000, 0x0000, 0x0000, 0x0000, 0x0000, 0x0000, 0x0000, 0x0000, 0x0000, 0x0000, 0x0000, 0x0000, 0x0000, 0x0000, 0x0000, 0x0000,
0x0000, 0x0000, 0x0000, 0x0000, 0x0000, 0x0000, 0x0000, 0x0000, 0x0000, 0x0000, 0x0000, 0x0000, 0x0000, 0x0000, 0x0000, 0x0000,
0x0000, 0x0000, 0x0000, 0x0000, 0x0000, 0x0000, 0x0000, 0x0000, 0x0000, 0x0000, 0x0000, 0x0000, 0x0000, 0x0000, 0x0000, 0x0000,
0x10A3, 0x7BAC, 0xCDF2, 0xE691, 0xDE0C, 0x4163, 0x83AE, 0x838A, 0xD66E, 0x62A8, 0x5A46, 0x72E6, 0x4164, 0x8C09, 0x5A66, 0x8C0B,
0xB551, 0xCDD2, 0xD632, 0xB550, 0x630B, 0x3186, 0x0861, 0x0020, 0x0000, 0x0000, 0x0000, 0x0000, 0x0000, 0x1061, 0x2963, 0x6B29,
0x7BAC, 0x41E6, 0x3185, 0x942E, 0xF754, 0xBD6D, 0x6A86, 0x83AB, 0x7B8A, 0xE6D3, 0x28C1, 0x732B, 0x49C3, 0xC5F1, 0x7B8A, 0x4A05,
0x9C49, 0xEEB1, 0xD5F1, 0x9C4D, 0x49C6, 0x20E4, 0x0020, 0x0000, 0x0000, 0x0000, 0x0000, 0x0000, 0x0000, 0x0000, 0x0000, 0x0000,
0x0000, 0x0000, 0x0000, 0x0000, 0x0000, 0x0000, 0x0000, 0x0000, 0x0000, 0x0000, 0x0000, 0x0000, 0x0000, 0x0000, 0x0000, 0x0000,
0x0000, 0x0000, 0x0000, 0x0000, 0x0000, 0x0000, 0x0000, 0x0000, 0x0000, 0x0000, 0x0000, 0x0000, 0x0000, 0x0000, 0x0000, 0x0000,
0x0000, 0x0000, 0x0000, 0x0000, 0x0000, 0x0000, 0x0000, 0x0000, 0x0000, 0x0000, 0x0000, 0x0000, 0x0000, 0x0000, 0x0000, 0x0000,
0x0000, 0x0000, 0x0000, 0x0000, 0x0000, 0x0000, 0x0000, 0x0000, 0x0000, 0x0000, 0x0000, 0x0000, 0x0000, 0x0000, 0x0000, 0x0000,
0x0000, 0x0000, 0x0000, 0x0000, 0x0000, 0x0000, 0x0000, 0x0000, 0x0861, 0x4206, 0x7B8A, 0xC5AE, 0xD650, 0xCDCF, 0x8368, 0x6AA5,
0x732A, 0x6B09, 0x730A, 0xA4CC, 0x7327, 0x6AE8, 0x5A47, 0x6269, 0x6288, 0x7309, 0xA4AC, 0xB54F, 0x944E, 0xB553, 0xAD32, 0x9470,
0x840E, 0x8C2D, 0x946C, 0xAD2E, 0xBD90, 0xCE11, 0xD650, 0xD5F1, 0x942A, 0x49C6, 0x62CA, 0x39C3, 0xD66F, 0xACED, 0x838D, 0x4181,
0xFFF5, 0x5207, 0x8BC9, 0x8389, 0x7328, 0xBD2D, 0xD5F1, 0xBD71, 0x7349, 0x41C5, 0x1883, 0x0841, 0x0000, 0x0000, 0x0000, 0x0000,
0x0000, 0x0000, 0x0000, 0x0000, 0x0000, 0x0000, 0x0000, 0x0000, 0x0000, 0x0000, 0x0000, 0x0000, 0x0000, 0x0000, 0x0000, 0x0000,
0x0000, 0x0000, 0x0000, 0x0000, 0x0000, 0x0000, 0x0000, 0x0000, 0x0000, 0x0000, 0x0000, 0x0000, 0x0000, 0x0000, 0x0000, 0x0000,
0x0000, 0x0000, 0x0000, 0x0000, 0x0000, 0x0000, 0x0000, 0x0000, 0x0000, 0x0000, 0x0000, 0x0000, 0x0000, 0x0000, 0x0000, 0x0000,
0x0000, 0x0000, 0x0000, 0x0000, 0x0000, 0x0000, 0x0000, 0x0000, 0x0000, 0x0000, 0x0000, 0x0000, 0x0000, 0x0000, 0x0000, 0x0000,
0x0000, 0x0000, 0x0000, 0x0000, 0x0000, 0x0000, 0x0000, 0x0000, 0x0000, 0x0000, 0x0000, 0x0000, 0x0000, 0x0000, 0x0000, 0x0000,
0x0000, 0x0841, 0x39C6, 0x83AB, 0xBD4D, 0xC58F, 0xCDAC, 0xBD6A, 0x944C, 0x2081, 0xCE10, 0x3963, 0xB52D, 0x49C4, 0x51E5, 0xCE11,
0x41A6, 0x49C5, 0x9C6D, 0x28C2, 0x944F, 0x7BAB, 0x940D, 0xFFD8, 0xEF15, 0x8389, 0xAD2E, 0xC5CE, 0x5206, 0x8BEC, 0x2060, 0xD60E,
0x940A, 0xA4CF, 0x3144, 0x3143, 0x8C0B, 0xACCF, 0x3964, 0x6AE8, 0x4165, 0xBD8B, 0xF72E, 0xE66E, 0xD5EF, 0x7B29, 0x2904, 0x0861,
0x0000, 0x0000, 0x0000, 0x0000, 0x0000, 0x0000, 0x0000, 0x0000, 0x0000, 0x0000, 0x0000, 0x0000, 0x0000, 0x0000, 0x0000, 0x0000,
0x0000, 0x0000, 0x0000, 0x0000, 0x0000, 0x0000, 0x0000, 0x0000, 0x0000, 0x0000, 0x0000, 0x0000, 0x0000, 0x0000, 0x0000, 0x0000,
0x0000, 0x0000, 0x0000, 0x0000, 0x0000, 0x0000, 0x0000, 0x0000, 0x0000, 0x0000, 0x0000, 0x0000, 0x0000, 0x0000, 0x0000, 0x0000,
0x0000, 0x0000, 0x0000, 0x0000, 0x0000, 0x0000, 0x0000, 0x0000, 0x0000, 0x0000, 0x0000, 0x0000, 0x0000, 0x0000, 0x0000, 0x0000,
0x0000, 0x0000, 0x0000, 0x0000, 0x0000, 0x0000, 0x0000, 0x0000, 0x0000, 0x0000, 0x0000, 0x0000, 0x0000, 0x0000, 0x0000, 0x0000,
0x0000, 0x0000, 0x0000, 0x0000, 0x0000, 0x0000, 0x0000, 0x0000, 0x0000, 0x0000, 0x0861, 0x3984, 0x836A, 0xB4CD, 0xDE6E, 0xCDCD,
0x93E9, 0x838A, 0x3983, 0xAD0E, 0x4A07, 0xAD2E, 0xC5AE, 0x7B6C, 0x5226, 0x8BA9, 0x6A87, 0x3943, 0xACEF, 0x9C69, 0xEECF, 0xF70F,
0x8BC8, 0x0800, 0xAD2F, 0x9C8E, 0xD614, 0x2041, 0xD62D, 0xB52B, 0x8BE9, 0xACCB, 0xA4CC, 0x1061, 0x5A87, 0x9CCF, 0x9C6A, 0x8BCA,
0xA4AB, 0xCDD0, 0x942D, 0x3984, 0x0840, 0x0000, 0x0000, 0x0000, 0x0000, 0x0000, 0x0000, 0x0000, 0x0000, 0x0000, 0x0000, 0x0000,
0x0000, 0x0000, 0x0000, 0x0000, 0x0000, 0x0000, 0x0000, 0x0000, 0x0000, 0x0000, 0x0000, 0x0000, 0x0000, 0x0000, 0x0000, 0x0000,
0x0000, 0x0000, 0x0000, 0x0000, 0x0000, 0x0000, 0x0000, 0x0000, 0x0000, 0x0000, 0x0000, 0x0000, 0x0000, 0x0000, 0x0000, 0x0000,
0x0000, 0x0000, 0x0000, 0x0000, 0x0000, 0x0000, 0x0000, 0x0000, 0x0000, 0x0000, 0x0000, 0x0000, 0x0000, 0x0000, 0x0000, 0x0000,
0x0000, 0x0000, 0x0000, 0x0000, 0x0000, 0x0000, 0x0000, 0x0000, 0x0000, 0x0000, 0x0000, 0x0000, 0x0000, 0x0000, 0x0000, 0x0000,
0x0000, 0x0000, 0x0000, 0x0000, 0x0000, 0x0000, 0x0000, 0x0000, 0x0000, 0x0000, 0x0000, 0x0000, 0x0000, 0x0000, 0x0000, 0x0000,
0x0000, 0x0000, 0x0000, 0x1062, 0x20C4, 0x4A26, 0x944D, 0xCDD1, 0xC5B2, 0xBDCF, 0x940A, 0x62A9, 0x7B6A, 0x7309, 0xB50F, 0x7348,
0x4183, 0xDE71, 0x83A8, 0x3122, 0xD62D, 0xF6EE, 0xFF0E, 0xC54B, 0x7B6A, 0x2903, 0x8C2B, 0xEEF2, 0x30A1, 0xA4AA, 0xBD4D, 0x72A5,
0x4981, 0xE6CD, 0xDE4D, 0x9C2C, 0xB4ED, 0xDE6F, 0xC58F, 0x732A, 0x41E6, 0x18C3, 0x0000, 0x0000, 0x0000, 0x0000, 0x0000, 0x0000,
0x0000, 0x0000, 0x0000, 0x0000, 0x0000, 0x0000, 0x0000, 0x0000, 0x0000, 0x0000, 0x0000, 0x0000, 0x0000, 0x0000, 0x0000, 0x0000,
0x0000, 0x0000, 0x0000, 0x0000, 0x0000, 0x0000, 0x0000, 0x0000, 0x0000, 0x0000, 0x0000, 0x0000, 0x0000, 0x0000, 0x0000, 0x0000,
0x0000, 0x0000, 0x0000, 0x0000, 0x0000, 0x0000, 0x0000, 0x0000, 0x0000, 0x0000, 0x0000, 0x0000, 0x0000, 0x0000, 0x0000, 0x0000,
0x0000, 0x0000, 0x0000, 0x0000, 0x0000, 0x0000, 0x0000, 0x0000, 0x0000, 0x0000, 0x0000, 0x0000, 0x0000, 0x0000, 0x0000, 0x0000,
0x0000, 0x0000, 0x0000, 0x0000, 0x0000, 0x0000, 0x0000, 0x0000, 0x0000, 0x0000, 0x0000, 0x0000, 0x0000, 0x0000, 0x0000, 0x0000,
0x0000, 0x0000, 0x0000, 0x0000, 0x0000, 0x0000, 0x0000, 0x0000, 0x0000, 0x0000, 0x0000, 0x0000, 0x0000, 0x20E4, 0x4A08, 0x7B8C,
0xA4EF, 0xBD72, 0xDE98, 0xB54F, 0x7B6B, 0xA4AB, 0xC5AD, 0x5A47, 0x944B, 0xCE0E, 0x7348, 0x8385, 0xFF4D, 0xFF2E, 0xA4AA, 0xCDEE,
0x9449, 0x1820, 0xEF12, 0x7B87, 0x49E4, 0x8B87, 0xDDCD, 0xBD0C, 0xDE4D, 0xDE6F, 0xD5F3, 0x7B4A, 0x2903, 0x20E3, 0x0000, 0x0000,
0x0000, 0x0000, 0x0000, 0x0000, 0x0000, 0x0000, 0x0000, 0x0000, 0x0000, 0x0000, 0x0000, 0x0000, 0x0000, 0x0000, 0x0000, 0x0000,
0x0000, 0x0000, 0x0000, 0x0000, 0x0000, 0x0000, 0x0000, 0x0000, 0x0000, 0x0000, 0x0000, 0x0000, 0x0000, 0x0000, 0x0000, 0x0000,
0x0000, 0x0000, 0x0000, 0x0000, 0x0000, 0x0000, 0x0000, 0x0000, 0x0000, 0x0000, 0x0000, 0x0000, 0x0000, 0x0000, 0x0000, 0x0000,
0x0000, 0x0000, 0x0000, 0x0000, 0x0000, 0x0000, 0x0000, 0x0000, 0x0000, 0x0000, 0x0000, 0x0000, 0x0000, 0x0000, 0x0000, 0x0000,
0x0000, 0x0000, 0x0000, 0x0000, 0x0000, 0x0000, 0x0000, 0x0000, 0x0000, 0x0000, 0x0000, 0x0000, 0x0000, 0x0000, 0x0000, 0x0000,
0x0000, 0x0000, 0x0000, 0x0000, 0x0000, 0x0000, 0x0000, 0x0000, 0x0000, 0x0000, 0x0000, 0x0000, 0x0000, 0x0000, 0x0000, 0x0000,
0x0000, 0x0000, 0x0000, 0x0000, 0x0000, 0x0000, 0x0840, 0x2924, 0x3166, 0x6B0B, 0xB532, 0xB513, 0xA48F, 0xDE33, 0xC593, 0x8C0D,
0x6B09, 0x83EB, 0xD5EA, 0xF6C9, 0xFF2C, 0x8BE7, 0x7B25, 0xFF70, 0x942B, 0x944C, 0xFF72, 0xD62F, 0xD610, 0xCDAE, 0xB4EF, 0x7B29,
0x49E6, 0x2904, 0x18A2, 0x0020, 0x0000, 0x0000, 0x0000, 0x0000, 0x0000, 0x0000, 0x0000, 0x0000, 0x0000, 0x0000, 0x0000, 0x0000,
0x0000, 0x0000, 0x0000, 0x0000, 0x0000, 0x0000, 0x0000, 0x0000, 0x0000, 0x0000, 0x0000, 0x0000, 0x0000, 0x0000, 0x0000, 0x0000,
0x0000, 0x0000, 0x0000, 0x0000, 0x0000, 0x0000, 0x0000, 0x0000, 0x0000, 0x0000, 0x0000, 0x0000, 0x0000, 0x0000, 0x0000, 0x0000,
0x0000, 0x0000, 0x0000, 0x0000, 0x0000, 0x0000, 0x0000, 0x0000, 0x0000, 0x0000, 0x0000, 0x0000, 0x0000, 0x0000, 0x0000, 0x0000,
0x0000, 0x0000, 0x0000, 0x0000, 0x0000, 0x0000, 0x0000, 0x0000, 0x0000, 0x0000, 0x0000, 0x0000, 0x0000, 0x0000, 0x0000, 0x0000,
0x0000, 0x0000, 0x0000, 0x0000, 0x0000, 0x0000, 0x0000, 0x0000, 0x0000, 0x0000, 0x0000, 0x0000, 0x0000, 0x0000, 0x0000, 0x0000,
0x0000, 0x0000, 0x0000, 0x0000, 0x0000, 0x0000, 0x0000, 0x0000, 0x0000, 0x0000, 0x0000, 0x0000, 0x0000, 0x0000, 0x0000, 0x0000,
0x0000, 0x0841, 0x1882, 0x3145, 0x3986, 0x838C, 0xA490, 0xB4F1, 0xB510, 0xC54E, 0xBD2C, 0xC56E, 0xBD52, 0xBD12, 0xCDAE, 0xC5D0,
0xA4AF, 0x8BED, 0x730A, 0x49E7, 0x18A2, 0x0841, 0x0821, 0x0000, 0x0000, 0x0000, 0x0000, 0x0000, 0x0000, 0x0000, 0x0000, 0x0000,
0x0000, 0x0000, 0x0000, 0x0000, 0x0000, 0x0000, 0x0000, 0x0000, 0x0000, 0x0000, 0x0000, 0x0000, 0x0000, 0x0000, 0x0000, 0x0000,
0x0000, 0x0000, 0x0000, 0x0000, 0x0000, 0x0000, 0x0000, 0x0000, 0x0000, 0x0000, 0x0000, 0x0000, 0x0000, 0x0000, 0x0000, 0x0000,
0x0000, 0x0000, 0x0000, 0x0000, 0x0000, 0x0000, 0x0000, 0x0000, 0x0000, 0x0000, 0x0000, 0x0000, 0x0000, 0x0000, 0x0000, 0x0000,
0x0000, 0x0000, 0x0000, 0x0000, 0x0000, 0x0000, 0x0000, 0x0000, 0x0000, 0x0000, 0x0000, 0x0000, 0x0000, 0x0000, 0x0000, 0x0000,
0x0000, 0x0000, 0x0000, 0x0000, 0x0000, 0x0000, 0x0000, 0x0000, 0x0000, 0x0000, 0x0000, 0x0000, 0x0000, 0x0000, 0x0000, 0x0000,
0x0000, 0x0000, 0x0000, 0x0000, 0x0000, 0x0000, 0x0000, 0x0000, 0x0000, 0x0000, 0x0000, 0x0000, 0x0000, 0x0000, 0x0000, 0x0000,
0x0000, 0x0000, 0x0000, 0x0000, 0x0000, 0x0000, 0x0000, 0x0000, 0x0000, 0x0000, 0x0000, 0x0000, 0x0000, 0x1061, 0x28E3, 0x41A5,
0x3985, 0x6ACB, 0x6AEB, 0x6ACB, 0x6AEA, 0x62A9, 0x5A69, 0x2924, 0x1082, 0x0000, 0x0000, 0x0000, 0x0000, 0x0000, 0x0000, 0x0000,
0x0000, 0x0000, 0x0000, 0x0000, 0x0000, 0x0000, 0x0000, 0x0000, 0x0000, 0x0000, 0x0000, 0x0000, 0x0000, 0x0000, 0x0000, 0x0000,
0x0000, 0x0000, 0x0000, 0x0000, 0x0000, 0x0000, 0x0000, 0x0000, 0x0000, 0x0000, 0x0000, 0x0000, 0x0000, 0x0000, 0x0000, 0x0000,
0x0000, 0x0000, 0x0000, 0x0000, 0x0000, 0x0000, 0x0000, 0x0000, 0x0000, 0x0000, 0x0000, 0x0000, 0x0000, 0x0000, 0x0000, 0x0000,
0x0000, 0x0000, 0x0000, 0x0000, 0x0000, 0x0000, 0x0000, 0x0000, 0x0000, 0x0000, 0x0000, 0x0000, 0x0000, 0x0000, 0x0000, 0x0000,
0x0000, 0x0000, 0x0000, 0x0000, 0x0000, 0x0000, 0x0000, 0x0000, 0x0000, 0x0000, 0x0000, 0x0000, 0x0000, 0x0000, 0x0000, 0x0000,
0x0000, 0x0000, 0x0000, 0x0000, 0x0000, 0x0000, 0x0000, 0x0000, 0x0000, 0x0000, 0x0000, 0x0000, 0x0000, 0x0000, 0x0000, 0x0000,
0x0000, 0x0000, 0x0000, 0x0000, 0x0000, 0x0000, 0x0000, 0x0000, 0x0000, 0x0000, 0x0000, 0x0000, 0x0000, 0x0000, 0x0000, 0x0000,
0x0000, 0x0000, 0x0000, 0x0000, 0x0000, 0x0000, 0x0000, 0x0000, 0x0000, 0x0000, 0x0000, 0x0000, 0x0000, 0x0000, 0x0000, 0x0000,
0x0000, 0x0000, 0x0000, 0x0000, 0x0000, 0x0000, 0x0000, 0x0000, 0x0000, 0x0000, 0x0000, 0x0000, 0x0000, 0x0000, 0x0000, 0x0000,
0x0000, 0x0000, 0x0000, 0x0000, 0x0000, 0x0000, 0x0000, 0x0000, 0x0000, 0x0000, 0x0000, 0x0000, 0x0000, 0x0000, 0x0000, 0x0000,
0x0000, 0x0000, 0x0000, 0x0000, 0x0000, 0x0000, 0x0000, 0x0000, 0x0000, 0x0000, 0x0000, 0x0000, 0x0000, 0x0000, 0x0000, 0x0000,
0x0000, 0x0000, 0x0000, 0x0000, 0x0000, 0x0000, 0x0000, 0x0000, 0x0000, 0x0000, 0x0000, 0x0000, 0x0000, 0x0000, 0x0000, 0x0000,
0x0000, 0x0000, 0x0000, 0x0000, 0x0000, 0x0000, 0x0000, 0x0000, 0x0000, 0x0000, 0x0000, 0x0000, 0x0000, 0x0000, 0x0000, 0x0000,
0x0000, 0x0000, 0x0000, 0x0000, 0x0000, 0x0000, 0x0000, 0x0000, 0x0000, 0x0000, 0x0000, 0x0000, 0x0000, 0x0000, 0x0000, 0x0000,
0x0000, 0x0000, 0x0000, 0x0000, 0x0000, 0x0000, 0x0000, 0x0000, 0x0000, 0x0000, 0x0000, 0x0000, 0x0000, 0x0000, 0x0000, 0x0000,
0x0000, 0x0000, 0x0000, 0x0000, 0x0000, 0x0000, 0x0000, 0x0000, 0x0000, 0x0000, 0x0000, 0x0000, 0x0000, 0x0000, 0x0000, 0x0000,
0x0000, 0x0000, 0x0000, 0x0000, 0x0000, 0x0000, 0x0000, 0x0000, 0x0000, 0x0000, 0x0000, 0x0000, 0x0000, 0x0000, 0x0000, 0x0000,
0x0000, 0x0000, 0x0000, 0x0000, 0x0000, 0x0000, 0x0000, 0x0000, 0x0000, 0x0000, 0x0000, 0x0000, 0x0000, 0x0000, 0x0000, 0x0000,
0x0000, 0x0000, 0x0000, 0x0000, 0x0000, 0x0000, 0x0000, 0x0000, 0x0000, 0x0000, 0x0000, 0x0000, 0x0000, 0x0000, 0x0000, 0x0000,
0x0000, 0x0000, 0x0000, 0x0000, 0x0000, 0x0000, 0x0000, 0x0000, 0x0000, 0x0000, 0x0000, 0x0000, 0x0000, 0x0000, 0x0000, 0x0000,
0x0000, 0x0000, 0x0000, 0x0000, 0x0000, 0x0000, 0x0000, 0x0000, 0x0000, 0x0000, 0x0000, 0x0000, 0x0000, 0x0000, 0x0000, 0x0000,
0x0000, 0x0000, 0x0000, 0x0000, 0x0000, 0x0000, 0x0000, 0x0000, 0x0000, 0x0000, 0x0000, 0x0000, 0x0000, 0x0000, 0x0000, 0x0000,
0x0000, 0x0000, 0x0000, 0x0000, 0x0000, 0x0000, 0x0000, 0x0000, 0x0000, 0x0000, 0x0000, 0x0000, 0x0000, 0x0000, 0x0000, 0x0000,
0x0000, 0x0000, 0x0000, 0x0000, 0x0000, 0x0000, 0x0000, 0x0000, 0x0000, 0x0000, 0x0000, 0x0000, 0x0000, 0x0000, 0x0000, 0x0000,
0x0000, 0x0000, 0x0000, 0x0000, 0x0000, 0x0000, 0x0000, 0x0000, 0x0000, 0x0000, 0x0000, 0x0000, 0x0000, 0x0000, 0x0000, 0x0000,
0x0000, 0x0000, 0x0000, 0x0000, 0x0000, 0x0000, 0x0000, 0x0000, 0x0000, 0x0000, 0x0000, 0x0000, 0x0000, 0x0000, 0x0000, 0x0000,
0x0000, 0x0000, 0x0000, 0x0000, 0x0000, 0x0000, 0x0000, 0x0000, 0x0000, 0x0000, 0x0000, 0x0000, 0x0000, 0x0000, 0x0000, 0x0000,
0x0000, 0x0000, 0x0000, 0x0000, 0x0000, 0x0000, 0x0000, 0x0000, 0x0000, 0x0000, 0x0000, 0x0000, 0x0000, 0x0000, 0x0000, 0x0000,
0x0000, 0x0000, 0x0000, 0x0000, 0x0000, 0x0000, 0x0000, 0x0000, 0x0000, 0x0000, 0x0000, 0x0000, 0x0000, 0x0000, 0x0000, 0x0000,
0x0000, 0x0000, 0x0000, 0x0000, 0x0000, 0x0000, 0x0000, 0x0000, 0x0000, 0x0000, 0x0000, 0x0000, 0x0000, 0x0000, 0x0000, 0x0000,
0x0000, 0x0000, 0x0000, 0x0000, 0x0000, 0x0000, 0x0000, 0x0000, 0x0000, 0x0000, 0x0000, 0x0000, 0x0000, 0x0000, 0x0000, 0x0000,
0x0000, 0x0000, 0x0000, 0x0000, 0x0000, 0x0000, 0x0000, 0x0000, 0x0000, 0x0000, 0x0000, 0x0000, 0x0000, 0x0000, 0x0000, 0x0000,
0x0000, 0x0000, 0x0000, 0x0000, 0x0000, 0x0000, 0x0000, 0x0000, 0x0000, 0x0000, 0x0000, 0x0000, 0x0000, 0x0000, 0x0000, 0x0000,
0x0000, 0x0000, 0x0000, 0x0000, 0x0000, 0x0000, 0x0000, 0x0000, 0x0000, 0x0000, 0x0000, 0x0000, 0x0000, 0x0000, 0x0000, 0x0000,
0x0000, 0x0000, 0x0000, 0x0000, 0x0000, 0x0000, 0x0000, 0x0000, 0x0000, 0x0000, 0x0000, 0x0000, 0x0000, 0x0000, 0x0000, 0x0000,
0x0000, 0x0000, 0x0000, 0x0000, 0x0000, 0x0000, 0x0000, 0x0000, 0x0000, 0x0000, 0x0000, 0x0000, 0x0000, 0x0000, 0x0000, 0x0000,
0x0000, 0x0000, 0x0000, 0x0000, 0x0000, 0x0000, 0x0000, 0x0000, 0x0000, 0x0000, 0x0000, 0x0000, 0x0000, 0x0000, 0x0000, 0x0000,
0x0000, 0x0000, 0x0000, 0x0000, 0x0000, 0x0000, 0x0000, 0x0000, 0x0000, 0x0000, 0x0000, 0x0000, 0x0000, 0x0000, 0x0000, 0x0000,
0x0000, 0x0000, 0x0000, 0x0000, 0x0000, 0x0000, 0x0000, 0x0000, 0x0000, 0x0000, 0x0000, 0x0000, 0x0000, 0x0000, 0x0000, 0x0000,
0x0000, 0x0000, 0x0000, 0x0000, 0x0000, 0x0000, 0x0000, 0x0000, 0x0000, 0x0000, 0x0000, 0x0000, 0x0000, 0x0000, 0x0000, 0x0000,
0x0000, 0x0000, 0x0000, 0x0000, 0x0000, 0x0000, 0x0000, 0x0000, 0x0000, 0x0000, 0x0000, 0x0000, 0x0000, 0x0000, 0x0000, 0x0000,
0x0000, 0x0000, 0x0000, 0x0000, 0x0000, 0x0000, 0x0000, 0x0000, 0x0000, 0x0000, 0x0000, 0x0000, 0x0000, 0x0000, 0x0000, 0x0000,
0x0000, 0x0000, 0x0000, 0x0000, 0x0000, 0x0000, 0x0000, 0x0000, 0x0000, 0x0000, 0x0000, 0x0000, 0x0000, 0x0000, 0x0000, 0x0000,
0x0000, 0x0000, 0x0000, 0x0000, 0x0000, 0x0000, 0x0000, 0x0000, 0x0000, 0x0000, 0x0000, 0x0000, 0x0000, 0x0000, 0x0000, 0x0000,
0x0000, 0x0000, 0x0000, 0x0000, 0x0000, 0x0000, 0x0000, 0x0000, 0x0000, 0x0000, 0x0000, 0x0000, 0x0000, 0x0000, 0x0000, 0x0000,
0x0000, 0x0000, 0x0000, 0x0000, 0x0000, 0x0000, 0x0000, 0x0000, 0x0000, 0x0000, 0x0000, 0x0000, 0x0000, 0x0000, 0x0000, 0x0000,
0x0000, 0x0000, 0x0000, 0x0000, 0x0000, 0x0000, 0x0000, 0x0000, 0x0000, 0x0000, 0x0000, 0x0000, 0x0000, 0x0000, 0x0000, 0x0000,
0x0000, 0x0000, 0x0000, 0x0000, 0x0000, 0x0000, 0x0000, 0x0000, 0x0000, 0x0000, 0x0000, 0x0000, 0x0000, 0x0000, 0x0000, 0x0000,
0x0000, 0x0000, 0x0000, 0x0000, 0x0000, 0x0000, 0x0000, 0x0000, 0x0000, 0x0000, 0x0000, 0x0000, 0x0000, 0x0000, 0x0000, 0x0000,
0x0000, 0x0000, 0x0000, 0x0000, 0x0000, 0x0000, 0x0000, 0x0000, 0x0000, 0x0000, 0x0000, 0x0000, 0x0000, 0x0000, 0x0000, 0x0000,
0x0000, 0x0000, 0x0000, 0x0000, 0x0000, 0x0000, 0x0000, 0x0000, 0x0000, 0x0000, 0x0000, 0x0000, 0x0000, 0x0000, 0x0000, 0x0000,
0x0000, 0x0000, 0x0000, 0x0000, 0x0000, 0x0000, 0x0000, 0x0000, 0x0000, 0x0000, 0x0000, 0x0000, 0x0000, 0x0000, 0x0000, 0x0000,
0x0000, 0x0000, 0x0000, 0x0000, 0x0000, 0x0000, 0x0000, 0x0000, 0x0000, 0x0000, 0x0000, 0x0000, 0x0000, 0x0000, 0x0000, 0x0000,
0x0000, 0x0000, 0x0000, 0x0000, 0x0000, 0x0000, 0x0000, 0x0000, 0x0000, 0x0000, 0x0000, 0x0000, 0x0000, 0x0000, 0x0000, 0x0000,
0x0000, 0x0000, 0x0000, 0x0000, 0x0000, 0x0000, 0x0000, 0x0000, 0x0000, 0x0000, 0x0000, 0x0000, 0x0000, 0x0000, 0x0000, 0x0000,
0x0000, 0x0000, 0x0000, 0x0000, 0x0000, 0x0000, 0x0000, 0x0000, 0x0000, 0x0000, 0x0000, 0x0000, 0x0000, 0x0000, 0x0000, 0x0000,
0x0000, 0x0000, 0x0000, 0x0000, 0x0000, 0x0000, 0x0000, 0x0000, 0x0000, 0x0000, 0x0000, 0x0000, 0x0000, 0x0000, 0x0000, 0x0000,
0x0000, 0x0000, 0x0000, 0x0000, 0x0000, 0x0000, 0x0000, 0x0000, 0x0000, 0x0000, 0x0000, 0x0000, 0x0000, 0x0000, 0x0000, 0x0000,
0x0000, 0x0000, 0x0000, 0x0000, 0x0000, 0x0000, 0x0000, 0x0000, 0x0000, 0x0000, 0x0000, 0x0000, 0x0000, 0x0000, 0x0000, 0x0000,
0x0000, 0x0000, 0x0000, 0x0000, 0x0000, 0x0000, 0x0000, 0x0000, 0x0000, 0x0000, 0x0000, 0x0000, 0x0000, 0x0000, 0x0000, 0x0000,
0x0000, 0x0000, 0x0000, 0x0000, 0x0000, 0x0000, 0x0000, 0x0000, 0x0000, 0x0000, 0x0000, 0x0000, 0x0000, 0x0000, 0x0000, 0x0000,
0x0000, 0x0000, 0x0000, 0x0000, 0x0000, 0x0000, 0x0000, 0x0000, 0x0000, 0x0000, 0x0000, 0x0000, 0x0000, 0x0000, 0x0000, 0x0000,
0x0000, 0x0000, 0x0000, 0x0000, 0x0000, 0x0000, 0x0000, 0x0000, 0x0000, 0x0000, 0x0000, 0x0000, 0x0000, 0x0000, 0x0000, 0x0000,
0x0000, 0x0000, 0x0000, 0x0000, 0x0000, 0x0000, 0x0000, 0x0000, 0x0000, 0x0000, 0x0000, 0x0000, 0x0000, 0x0000, 0x0000, 0x0000,
0x0000, 0x0000, 0x0000, 0x0000, 0x0000, 0x0000, 0x0000, 0x0000, 0x0000, 0x0000, 0x0000, 0x0000, 0x0000, 0x0000, 0x0000, 0x0000,
0x0000, 0x0000, 0x0000, 0x0000, 0x0000, 0x0000, 0x0000, 0x0000, 0x0000, 0x0000, 0x0000, 0x0000, 0x0000, 0x0000, 0x0000, 0x0000,
0x0000, 0x0000, 0x0000, 0x0000, 0x0000, 0x0000, 0x0000, 0x0000, 0x0000, 0x0000, 0x0000, 0x0000, 0x0000, 0x0000, 0x0000, 0x0000,
0x0000, 0x0000, 0x0000, 0x0000, 0x0000, 0x0000, 0x0000, 0x0000, 0x0000, 0x0000, 0x0000, 0x0000, 0x0000, 0x0000, 0x0000, 0x0000,
0x0000, 0x0000, 0x0000, 0x0000, 0x0000, 0x0000, 0x0000, 0x0000, 0x0000, 0x0000, 0x0000, 0x0000, 0x0000, 0x0000, 0x0000, 0x0000,
0x0000, 0x0000, 0x0000, 0x0000, 0x0000, 0x0000, 0x0000, 0x0000, 0x0000, 0x0000, 0x0000, 0x0000, 0x0000, 0x0000, 0x0000, 0x0000,
0x0000, 0x0000, 0x0000, 0x0000, 0x0000, 0x0000, 0x0000, 0x0000, 0x0000, 0x0000, 0x0000, 0x0000, 0x0000, 0x0000, 0x0000, 0x0000,
0x0000, 0x0000, 0x0000, 0x0000, 0x0000, 0x0000, 0x0000, 0x0000, 0x0000, 0x0000, 0x0000, 0x0000, 0x0000, 0x0000, 0x0000, 0x0000,
0x0000, 0x0000, 0x0000, 0x0000, 0x0000, 0x0000, 0x0000, 0x0000, 0x0000, 0x0000, 0x0000, 0x0000, 0x0000, 0x0000, 0x0000, 0x0000,
0x0000, 0x0000, 0x0000, 0x0000, 0x0000, 0x0000, 0x0000, 0x0000, 0x0000, 0x0000, 0x0000, 0x0000, 0x0000, 0x0000, 0x0000, 0x0000,
0x0000, 0x0000, 0x0000, 0x0000, 0x0000, 0x0000, 0x0000, 0x0000, 0x0000, 0x0000, 0x0000, 0x0000, 0x0000, 0x0000, 0x0000, 0x0000,
0x0000, 0x0000, 0x0000, 0x0000, 0x0000, 0x0000, 0x0000, 0x0000, 0x0000, 0x0000, 0x0000, 0x0000, 0x0000, 0x0000, 0x0000, 0x0000,
0x0000, 0x0000, 0x0000, 0x0000, 0x0000, 0x0000, 0x0000, 0x0000, 0x0000, 0x0000, 0x0000, 0x0000, 0x0000, 0x0000, 0x0000, 0x0000,
0x0000, 0x0000, 0x0000, 0x0000, 0x0000, 0x0000, 0x0000, 0x0000, 0x0000, 0x0000, 0x0000, 0x0000, 0x0000, 0x0000, 0x0000, 0x0000,
0x0000, 0x0000, 0x0000, 0x0000, 0x0000, 0x0000, 0x0000, 0x0000, 0x0000, 0x0000, 0x0000, 0x0000, 0x0000, 0x0000, 0x0000, 0x0000,
0x0000, 0x0000, 0x0000, 0x0000, 0x0000, 0x0000, 0x0000, 0x0000, 0x0000, 0x0000, 0x0000, 0x0000, 0x0000, 0x0000, 0x0000, 0x0000,
0x0000, 0x0000, 0x0000, 0x0000, 0x0000, 0x0000, 0x0000, 0x0000, 0x0000, 0x0000, 0x0000, 0x0000, 0x0000, 0x0000, 0x0000, 0x0000,
0x0000, 0x0000, 0x0000, 0x0000, 0x0000, 0x0000, 0x0000, 0x0000, 0x0000, 0x0000, 0x0000, 0x0000, 0x0000, 0x0000, 0x0000, 0x0000,
0x0000, 0x0000, 0x0000, 0x0000, 0x0000, 0x0000, 0x0000, 0x0000, 0x0000, 0x0000, 0x0000, 0x0000, 0x0000, 0x0000, 0x0000, 0x0000,
0x0000, 0x0000, 0x0000, 0x0000, 0x0000, 0x0000, 0x0000, 0x0000, 0x0000, 0x0000, 0x0000, 0x0000, 0x0000, 0x0000, 0x0000, 0x0000,
0x0000, 0x0000, 0x0000, 0x0000, 0x0000, 0x0000, 0x0000, 0x0000, 0x0000, 0x0000, 0x0000, 0x0000, 0x0000, 0x0000, 0x0000, 0x0000,
0x0000, 0x0000, 0x0000, 0x0000, 0x0000, 0x0000, 0x0000, 0x0000, 0x0000, 0x0000, 0x0000, 0x0000, 0x0000, 0x0000, 0x0000, 0x0000,
0x0000, 0x0000, 0x0000, 0x0000, 0x0000, 0x0000, 0x0000, 0x0000, 0x0000, 0x0000, 0x0000, 0x0000, 0x0000, 0x0000, 0x0000, 0x0000,
0x0000, 0x0000, 0x0000, 0x0000, 0x0000, 0x0000, 0x0000, 0x0000, 0x0000, 0x0000, 0x0000, 0x0000, 0x0000, 0x0000, 0x0000, 0x0000,
0x0000, 0x0000, 0x0000, 0x0000, 0x0000, 0x0000, 0x0000, 0x0000, 0x0000, 0x0000, 0x0000, 0x0000, 0x0000, 0x0000, 0x0000, 0x0000,
0x0000, 0x0000, 0x0000, 0x0000, 0x0000, 0x0000, 0x0000, 0x0000, 0x0000, 0x0000, 0x0000, 0x0000, 0x0000, 0x0000, 0x0000, 0x0000,
0x0000, 0x0000, 0x0000, 0x0000, 0x0000, 0x0000, 0x0000, 0x0000, 0x0000, 0x0000, 0x0000, 0x0000, 0x0000, 0x0000, 0x0000, 0x0000,
0x0000, 0x0000, 0x0000, 0x0000, 0x0000, 0x0000, 0x0000, 0x0000, 0x0000, 0x0000, 0x0000, 0x0000, 0x0000, 0x0000, 0x0000, 0x0000,
0x0000, 0x0000, 0x0000, 0x0000, 0x0000, 0x0000, 0x0000, 0x0000, 0x0000, 0x0000, 0x0000, 0x0000, 0x0000, 0x0000, 0x0000, 0x0000,
0x0000, 0x0000, 0x0000, 0x0000, 0x0000, 0x0000, 0x0000, 0x0000, 0x0000, 0x0000, 0x0000, 0x0000, 0x0000, 0x0000, 0x0000, 0x0000,
0x0000, 0x0000, 0x0000, 0x0000, 0x0000, 0x0000, 0x0000, 0x0000, 0x0000, 0x0000, 0x0000, 0x0000, 0x0000, 0x0000, 0x0000, 0x0000,
0x0000, 0x0000, 0x0000, 0x0000, 0x0000, 0x0000, 0x0000, 0x0000, 0x0000, 0x0000, 0x0000, 0x0000, 0x0000, 0x0000, 0x0000, 0x0000,
0x0000, 0x0000, 0x0000, 0x0000, 0x0000, 0x0000, 0x0000, 0x0000, 0x0000, 0x0000, 0x0000, 0x0000, 0x0000, 0x0000, 0x0000, 0x0000,
0x0000, 0x0000, 0x0000, 0x0000, 0x0000, 0x0000, 0x0000, 0x0000, 0x0000, 0x0000, 0x0000, 0x0000, 0x0000, 0x0000, 0x0000, 0x0000,
0x0000, 0x0000, 0x0000, 0x0000, 0x0000, 0x0000, 0x0000, 0x0000, 0x0000, 0x0000, 0x0000, 0x0000, 0x0000, 0x0000, 0x0000, 0x0000,
0x0000, 0x0000, 0x0000, 0x0000, 0x0000, 0x0000, 0x0000, 0x0000, 0x0000, 0x0000, 0x0000, 0x0000, 0x0000, 0x0000, 0x0000, 0x0000,
0x0000, 0x0000, 0x0000, 0x0000, 0x0000, 0x0000, 0x0000, 0x0000, 0x0000, 0x0000, 0x0000, 0x0000, 0x0000, 0x0000, 0x0000, 0x0000,
0x0000, 0x0000, 0x0000, 0x0000, 0x0000, 0x0000, 0x0000, 0x0000, 0x0000, 0x0000, 0x0000, 0x0000, 0x0000, 0x0000, 0x0000, 0x0000,
0x0000, 0x0000, 0x0000, 0x0000, 0x0000, 0x0000, 0x0000, 0x0000, 0x0000, 0x0000, 0x0000, 0x0000, 0x0000, 0x0000, 0x0000, 0x0000,
0x0000, 0x0000, 0x0000, 0x0000, 0x0000, 0x0000, 0x0000, 0x0000, 0x0000, 0x0000, 0x0000, 0x0000, 0x0000, 0x0000, 0x0000, 0x0000,
0x0000, 0x0000, 0x0000, 0x0000, 0x0000, 0x0000, 0x0000, 0x0000, 0x0000, 0x0000, 0x0000, 0x0000, 0x0000, 0x0000, 0x0000, 0x0000,
0x0000, 0x0000, 0x0000, 0x0000, 0x0000, 0x0000, 0x0000, 0x0000, 0x0000, 0x0000, 0x0000, 0x0000, 0x0000, 0x0000, 0x0000, 0x0000,
0x0000, 0x0000, 0x0000, 0x0000, 0x0000, 0x0000, 0x0000, 0x0000, 0x0000, 0x0000, 0x0000, 0x0000, 0x0000, 0x0000, 0x0000, 0x0000,
0x0000, 0x0000, 0x0000, 0x0000, 0x0000, 0x0000, 0x0000, 0x0000, 0x0000, 0x0000, 0x0000, 0x0000, 0x0000, 0x0000, 0x0000, 0x0000,
0x0000, 0x0000, 0x0000, 0x0000, 0x0000, 0x0000, 0x0000, 0x0000, 0x0000, 0x0000, 0x0000, 0x0000, 0x0000, 0x0000, 0x0000, 0x0000,
0x0000, 0x0000, 0x0000, 0x0000, 0x0000, 0x0000, 0x0000, 0x0000, 0x0000, 0x0000, 0x0000, 0x0000, 0x0000, 0x0000, 0x0000, 0x0000,
0x0000, 0x0000, 0x0000, 0x0000, 0x0000, 0x0000, 0x0000, 0x0000, 0x0000, 0x0000, 0x0000, 0x0000, 0x0000, 0x0000, 0x0000, 0x0000,
0x0000, 0x0000, 0x0000, 0x0000, 0x0000, 0x0000, 0x0000, 0x0000, 0x0000, 0x0000, 0x0000, 0x0000, 0x0000, 0x0000, 0x0000, 0x0000,
0x0000, 0x0000, 0x0000, 0x0000, 0x0000, 0x0000, 0x0000, 0x0000, 0x0000, 0x0000, 0x0000, 0x0000, 0x0000, 0x0000, 0x0000, 0x0000,
0x0000, 0x0000, 0x0000, 0x0000, 0x0000, 0x0000, 0x0000, 0x0000, 0x0000, 0x0000, 0x0000, 0x0000, 0x0000, 0x0000, 0x0000, 0x0000,
0x0000, 0x0000, 0x0000, 0x0000, 0x0000, 0x0000, 0x0000, 0x0000, 0x0000, 0x0000, 0x0000, 0x0000, 0x0000, 0x0000, 0x0000, 0x0000,
0x0000, 0x0000, 0x0000, 0x0000, 0x0000, 0x0000, 0x0000, 0x0000, 0x0000, 0x0000, 0x0000, 0x0000, 0x0000, 0x0000, 0x0000, 0x0000,
0x0000, 0x0000, 0x0000, 0x0000, 0x0000, 0x0000, 0x0000, 0x0000, 0x0000, 0x0000, 0x0000, 0x0000, 0x0000, 0x0000, 0x0000, 0x0000,
0x0000, 0x0000, 0x0000, 0x0000, 0x0000, 0x0000, 0x0000, 0x0000, 0x0000, 0x0000, 0x0000, 0x0000, 0x0000, 0x0000, 0x0000, 0x0000,
0x0000, 0x0000, 0x0000, 0x0000, 0x0000, 0x0000, 0x0000, 0x0000, 0x0000, 0x0000, 0x0000, 0x0000, 0x0000, 0x0000, 0x0000, 0x0000,
0x0000, 0x0000, 0x0000, 0x0000, 0x0000, 0x0000, 0x0000, 0x0000, 0x0000, 0x0000, 0x0000, 0x0000, 0x0000, 0x0000, 0x0000, 0x0000,
0x0000, 0x0000, 0x0000, 0x0000, 0x0000, 0x0000, 0x0000, 0x0000, 0x0000, 0x0000, 0x0000, 0x0000, 0x0000, 0x0000, 0x0000, 0x0000,
0x0000, 0x0000, 0x0000, 0x0000, 0x0000, 0x0000, 0x0000, 0x0000, 0x0000, 0x0000, 0x0000, 0x0000, 0x0000, 0x0000, 0x0000, 0x0000,
0x0000, 0x0000, 0x0000, 0x0000, 0x0000, 0x0000, 0x0000, 0x0000, 0x0000, 0x0000, 0x0000, 0x0000, 0x0000, 0x0000, 0x0000, 0x0000,
0x0000, 0x0000, 0x0000, 0x0000, 0x0000, 0x0000, 0x0000, 0x0000, 0x0000, 0x0000, 0x0000, 0x0000, 0x0000, 0x0000, 0x0000, 0x0000,
0x0000, 0x0000, 0x0000, 0x0000, 0x0000, 0x0000, 0x0000, 0x0000, 0x0000, 0x0000, 0x0000, 0x0000, 0x0000, 0x0000, 0x0000, 0x0000,
0x0000, 0x0000, 0x0000, 0x0000, 0x0000, 0x0000, 0x0000, 0x0000, 0x0000, 0x0000, 0x0000, 0x0000, 0x0000, 0x0000, 0x0000, 0x0000,
0x0000, 0x0000, 0x0000, 0x0000, 0x0000, 0x0000, 0x0000, 0x0000, 0x0000, 0x0000, 0x0000, 0x0000, 0x0000, 0x0000, 0x0000, 0x0000,
0x0000, 0x0000, 0x0000, 0x0000, 0x0000, 0x0000, 0x0000, 0x0000, 0x0000, 0x0000, 0x0000, 0x0000, 0x0000, 0x0000, 0x0000, 0x0000,
0x0000, 0x0000, 0x0000, 0x0000, 0x0000, 0x0000, 0x0000, 0x0000, 0x0000, 0x0000, 0x0000, 0x0000, 0x0000, 0x0000, 0x0000, 0x0000,
0x0000, 0x0000, 0x0000, 0x0000, 0x0000, 0x0000, 0x0000, 0x0000, 0x0000, 0x0000, 0x0000, 0x0000, 0x0000, 0x0000, 0x0000, 0x0000,
0x0000, 0x0000, 0x0000, 0x0000, 0x0000, 0x0000, 0x0000, 0x0000, 0x0000, 0x0000, 0x0000, 0x0000, 0x0000, 0x0000, 0x0000, 0x0000,
0x0000, 0x0000, 0x0000, 0x0000, 0x0000, 0x0000, 0x0000, 0x0000, 0x0000, 0x0000, 0x0000, 0x0000, 0x0000, 0x0000, 0x0000, 0x0000,
0x0000, 0x0000, 0x0000, 0x0000, 0x0000, 0x0000, 0x0000, 0x0000, 0x0000, 0x0000, 0x0000, 0x0000, 0x0000, 0x0000, 0x0000, 0x0000,
0x0000, 0x0000, 0x0000, 0x0000, 0x0000, 0x0000, 0x0000, 0x0000, 0x0000, 0x0000, 0x0000, 0x0000, 0x0000, 0x0000, 0x0000, 0x0000,
0x0000, 0x0000, 0x0000, 0x0000, 0x0000, 0x0000, 0x0000, 0x0000, 0x0000, 0x0000, 0x0000, 0x0000, 0x0000, 0x0000, 0x0000, 0x0000,
0x0000, 0x0000, 0x0000, 0x0000, 0x0000, 0x0000, 0x0000, 0x0000, 0x0000, 0x0000, 0x0000, 0x0000, 0x0000, 0x0000, 0x0000, 0x0000,
0x0000, 0x0000, 0x0000, 0x0000, 0x0000, 0x0000, 0x0000, 0x0000, 0x0000, 0x0000, 0x0000, 0x0000, 0x0000, 0x0000, 0x0000, 0x0000,
0x0000, 0x0000, 0x0000, 0x0000, 0x0000, 0x0000, 0x0000, 0x0000, 0x0000, 0x0000, 0x0000, 0x0000, 0x0000, 0x0000, 0x0000, 0x0000,
0x0000, 0x0000, 0x0000, 0x0000, 0x0000, 0x0000, 0x0000, 0x0000, 0x0000, 0x0000, 0x0000, 0x0000, 0x0000, 0x0000, 0x0000, 0x0000,
0x0000, 0x0000, 0x0000, 0x0000, 0x0000, 0x0000, 0x0000, 0x0000, 0x0000, 0x0000, 0x0000, 0x0000, 0x0000, 0x0000, 0x0000, 0x0000,
0x0000, 0x0000, 0x0000, 0x0000, 0x0000, 0x0000, 0x0000, 0x0000, 0x0000, 0x0000, 0x0000, 0x0000, 0x0000, 0x0000, 0x0000, 0x0000,
0x0000, 0x0000, 0x0000, 0x0000, 0x0000, 0x0000, 0x0000, 0x0000, 0x0000, 0x0000, 0x0000, 0x0000, 0x0000, 0x0000, 0x0000, 0x0000,
0x0000, 0x0000, 0x0000, 0x0000, 0x0000, 0x0000, 0x0000, 0x0000, 0x0000, 0x0000, 0x0000, 0x0000, 0x0000, 0x0000, 0x0000, 0x0000,
0x0000, 0x0000, 0x0000, 0x0000, 0x0000, 0x0000, 0x0000, 0x0000, 0x0000, 0x0000, 0x0000, 0x0000, 0x0000, 0x0000, 0x0000, 0x0000,
0x0000, 0x0000, 0x0000, 0x0000, 0x0000, 0x0000, 0x0000, 0x0000, 0x0000, 0x0000, 0x0000, 0x0000, 0x0000, 0x0000, 0x0000, 0x0000,
0x0000, 0x0000, 0x0000, 0x0000, 0x0000, 0x0000, 0x0000, 0x0000, 0x0000, 0x0000, 0x0000, 0x0000, 0x0000, 0x0000, 0x0000, 0x0000,
0x0000, 0x0000, 0x0000, 0x0000, 0x0000, 0x0000, 0x0000, 0x0000, 0x0000, 0x0000, 0x0000, 0x0000, 0x0000, 0x0000, 0x0000, 0x0000,
0x0000, 0x0000, 0x0000, 0x0000, 0x0000, 0x0000, 0x0000, 0x0000, 0x0000, 0x0000, 0x0000, 0x0000, 0x0000, 0x0000, 0x0000, 0x0000,
0x0000, 0x0000, 0x0000, 0x0000, 0x0000, 0x0000, 0x0000, 0x0000, 0x0000, 0x0000, 0x0000, 0x0000, 0x0000, 0x0000, 0x0000, 0x0000,
0x0000, 0x0000, 0x0000, 0x0000, 0x0000, 0x0000, 0x0000, 0x0000, 0x0000, 0x0000, 0x0000, 0x0000, 0x0000, 0x0000, 0x0000, 0x0000,
0x0000, 0x0000, 0x0000, 0x0000, 0x0000, 0x0000, 0x0000, 0x0000, 0x0000, 0x0000, 0x0000, 0x0000, 0x0000, 0x0000, 0x0000, 0x0000,
0x0000, 0x0000, 0x0000, 0x0000, 0x0000, 0x0000, 0x0000, 0x0000, 0x0000, 0x0000, 0x0000, 0x0000, 0x0000, 0x0000, 0x0000, 0x0000,
0x0000, 0x0000, 0x0000, 0x0000, 0x0000, 0x0000, 0x0000, 0x0000, 0x0000, 0x0000, 0x0000, 0x0000, 0x0000, 0x0000, 0x0000, 0x0000,
0x0000, 0x0000, 0x0000, 0x0000, 0x0000, 0x0000, 0x0000, 0x0000, 0x0000, 0x0000, 0x0000, 0x0000, 0x0000, 0x0000, 0x0000, 0x0000,
0x0000, 0x0000, 0x0000, 0x0000, 0x0000, 0x0000, 0x0000, 0x0000, 0x0000, 0x0000, 0x0000, 0x0000, 0x0000, 0x0000, 0x0000, 0x0000,
0x0000, 0x0000, 0x0000, 0x0000, 0x0000, 0x0000, 0x0000, 0x0000, 0x0000, 0x0000, 0x0000, 0x0000, 0x0000, 0x0000, 0x0000, 0x0000,
0x0000, 0x0000, 0x0000, 0x0000, 0x0000, 0x0000, 0x0000, 0x0000, 0x0000, 0x0000, 0x0000, 0x0000, 0x0000, 0x0000, 0x0000, 0x0000,
0x0000, 0x0000, 0x0000, 0x0000, 0x0000, 0x0000, 0x0000, 0x0000, 0x0000, 0x0000, 0x0000, 0x0000, 0x0000, 0x0000, 0x0000, 0x0000,
0x0000, 0x0000, 0x0000, 0x0000, 0x0000, 0x0000, 0x0000, 0x0000, 0x0000, 0x0000, 0x0000, 0x0000, 0x0000, 0x0000, 0x0000, 0x0000,
0x0000, 0x0000, 0x0000, 0x0000, 0x0000, 0x0000, 0x0000, 0x0000, 0x0000, 0x0000, 0x0000, 0x0000, 0x0000, 0x0000, 0x0000, 0x0000,
0x0000, 0x0000, 0x0000, 0x0000, 0x0000, 0x0000, 0x0000, 0x0000, 0x0000, 0x0000, 0x0000, 0x0000, 0x0000, 0x0000, 0x0000, 0x0000,
0x0000, 0x0000, 0x0000, 0x0000, 0x0000, 0x0000, 0x0000, 0x0000, 0x0000, 0x0000, 0x0000, 0x0000, 0x0000, 0x0000, 0x0000, 0x0000,
0x0000, 0x0000, 0x0000, 0x0000, 0x0000, 0x0000, 0x0000, 0x0000, 0x0000, 0x0000, 0x0000, 0x0000, 0x0000, 0x0000, 0x0000, 0x0000,
0x0000, 0x0000, 0x0000, 0x0000, 0x0000, 0x0000, 0x0000, 0x0000, 0x0000, 0x0000, 0x0000, 0x0000, 0x0000, 0x0000, 0x0000, 0x0000,
0x0000, 0x0000, 0x0000, 0x0000, 0x0000, 0x0000, 0x0000, 0x0000, 0x0000, 0x0000, 0x0000, 0x0000, 0x0000, 0x0000, 0x0000, 0x0000,
0x0000, 0x0000, 0x0000, 0x0000, 0x0000, 0x0000, 0x0000, 0x0000, 0x0000, 0x0000, 0x0000, 0x0000, 0x0000, 0x0000, 0x0000, 0x0000,
0x0000, 0x0000, 0x0000, 0x0000, 0x0000, 0x0000, 0x0000, 0x0000, 0x0000, 0x0000, 0x0000, 0x0000, 0x0000, 0x0000, 0x0000, 0x0000,
0x0000, 0x0000, 0x0000, 0x0000, 0x0000, 0x0000, 0x0000, 0x0000, 0x0000, 0x0000, 0x0000, 0x0000, 0x0000, 0x0000, 0x0000, 0x0000,
0x0000, 0x0000, 0x0000, 0x0000, 0x0000, 0x0000, 0x0000, 0x0000, 0x0000, 0x0000, 0x0000, 0x0000, 0x0000, 0x0000, 0x0000, 0x0000,
0x0000, 0x0000, 0x0000, 0x0000, 0x0000, 0x0000, 0x0000, 0x0000, 0x0000, 0x0000, 0x0000, 0x0000, 0x0000, 0x0000, 0x0000, 0x0000,
0x0000, 0x0000, 0x0000, 0x0000, 0x0000, 0x0000, 0x0000, 0x0000, 0x0000, 0x0000, 0x0000, 0x0000, 0x0000, 0x0000, 0x0000, 0x0000,
0x0000, 0x0000, 0x0000, 0x0000, 0x0000, 0x0000, 0x0000, 0x0000, 0x0000, 0x0000, 0x0000, 0x0000, 0x0000, 0x0000, 0x0000, 0x0000,
0x0000, 0x0000, 0x0000, 0x0000, 0x0000, 0x0000, 0x0000, 0x0000, 0x0000, 0x0000, 0x0000, 0x0000, 0x0000, 0x0000, 0x0000, 0x0000,
0x0000, 0x0000, 0x0000, 0x0000, 0x0000, 0x0000, 0x0000, 0x0000, 0x0000, 0x0000, 0x0000, 0x0000, 0x0000, 0x0000, 0x0000, 0x0000,
0x0000, 0x0000, 0x0000, 0x0000, 0x0000, 0x0000, 0x0000, 0x0000, 0x0000, 0x0000, 0x0000, 0x0000, 0x0000, 0x0000, 0x0000, 0x0000,
0x0000, 0x0000, 0x0000, 0x0000, 0x0000, 0x0000, 0x0000, 0x0000, 0x0000, 0x0000, 0x0000, 0x0000, 0x0000, 0x0000, 0x0000, 0x0000,
0x0000, 0x0000, 0x0000, 0x0000, 0x0000, 0x0000, 0x0000, 0x0000, 0x0000, 0x0000, 0x0000, 0x0000, 0x0000, 0x0000, 0x0000, 0x0000,
0x0000, 0x0000, 0x0000, 0x0000, 0x0000, 0x0000, 0x0000, 0x0000, 0x0000, 0x0000, 0x0000, 0x0000, 0x0000, 0x0000, 0x0000, 0x0000,
0x0000, 0x0000, 0x0000, 0x0000, 0x0000, 0x0000, 0x0000, 0x0000, 0x0000, 0x0000, 0x0000, 0x0000, 0x0000, 0x0000, 0x0000, 0x0000,
0x0000, 0x0000, 0x0000, 0x0000, 0x0000, 0x0000, 0x0000, 0x0000, 0x0000, 0x0000, 0x0000, 0x0000, 0x0000, 0x0000, 0x0000, 0x0000,
0x0000, 0x0000, 0x0000, 0x0000, 0x0000, 0x0000, 0x0000, 0x0000, 0x0000, 0x0000, 0x0000, 0x0000, 0x0000, 0x0000, 0x0000, 0x0000,
0x0000, 0x0000, 0x0000, 0x0000, 0x0000, 0x0000, 0x0000, 0x0000, 0x0000, 0x0000, 0x0000, 0x0000, 0x0000, 0x0000, 0x0000, 0x0000,
0x0000, 0x0000, 0x0000, 0x0000, 0x0000, 0x0000, 0x0000, 0x0000, 0x0000, 0x0000, 0x0000, 0x0000, 0x0000, 0x0000, 0x0000, 0x0000,
0x0000, 0x0000, 0x0000, 0x0000, 0x0000, 0x0000, 0x0000, 0x0000, 0x0000, 0x0000, 0x0000, 0x0000, 0x0000, 0x0000, 0x0000, 0x0000,
0x0000, 0x0000, 0x0000, 0x0000, 0x0000, 0x0000, 0x0000, 0x0000, 0x0000, 0x0000, 0x0000, 0x0000, 0x0000, 0x0000, 0x0000, 0x0000,
0x0000, 0x0000, 0x0000, 0x0000, 0x0000, 0x0000, 0x0000, 0x0000, 0x0000, 0x0000, 0x0000, 0x0000, 0x0000, 0x0000, 0x0000, 0x0000,
0x0000, 0x0000, 0x0000, 0x0000, 0x0000, 0x0000, 0x0000, 0x0000, 0x0000, 0x0000, 0x0000, 0x0000, 0x0000, 0x0000, 0x0000, 0x0000,
0x0000, 0x0000, 0x0000, 0x0000, 0x0000, 0x0000, 0x0000, 0x0000, 0x0000, 0x0000, 0x0000, 0x0000, 0x0000, 0x0000, 0x0000, 0x0000,
0x0000, 0x0000, 0x0000, 0x0000, 0x0000, 0x0000, 0x0000, 0x0000, 0x0000, 0x0000, 0x0000, 0x0000, 0x0000, 0x0000, 0x0000, 0x0000,
0x0000, 0x0000, 0x0000, 0x0000, 0x0000, 0x0000, 0x0000, 0x0000, 0x0000, 0x0000, 0x0000, 0x0000, 0x0000, 0x0000, 0x0000, 0x0000,
0x0000, 0x0000, 0x0000, 0x0000, 0x0000, 0x0000, 0x0000, 0x0000, 0x0000, 0x0000, 0x0000, 0x0000, 0x0000, 0x0000, 0x0000, 0x0000,
0x0000, 0x0000, 0x0000, 0x0000, 0x0000, 0x0000, 0x0000, 0x0000, 0x0000, 0x0000, 0x0000, 0x0000, 0x0000, 0x0000, 0x0000, 0x0000,
0x0000, 0x0000, 0x0000, 0x0000, 0x0000, 0x0000, 0x0000, 0x0000, 0x0000, 0x0000, 0x0000, 0x0000, 0x0000, 0x0000, 0x0000, 0x0000,
0x0000, 0x0000, 0x0000, 0x0000, 0x0000, 0x0000, 0x0000, 0x0000, 0x0000, 0x0000, 0x0000, 0x0000, 0x0000, 0x0000, 0x0000, 0x0000,
0x0000, 0x0000, 0x0000, 0x0000, 0x0000, 0x0000, 0x0000, 0x0000, 0x0000, 0x0000, 0x0000, 0x0000, 0x0000, 0x0000, 0x0000, 0x0000,
0x0000, 0x0000, 0x0000, 0x0000, 0x0000, 0x0000, 0x0000, 0x0000, 0x0000, 0x0000, 0x0000, 0x0000, 0x0000, 0x0000, 0x0000, 0x0000,
0x0000, 0x0000, 0x0000, 0x0000, 0x0000, 0x0000, 0x0000, 0x0000, 0x0000, 0x0000, 0x0000, 0x0000, 0x0000, 0x0000, 0x0000, 0x0000,
0x0000, 0x0000, 0x0000, 0x0000, 0x0000, 0x0000, 0x0000, 0x0000, 0x0000, 0x0000, 0x0000, 0x0000, 0x0000, 0x0000, 0x0000, 0x0000,
0x0000, 0x0000, 0x0000, 0x0000, 0x0000, 0x0000, 0x0000, 0x0000, 0x0000, 0x0000, 0x0000, 0x0000, 0x0000, 0x0000, 0x0000, 0x0000,
0x0000, 0x0000, 0x0000, 0x0000, 0x0000, 0x0000, 0x0000, 0x0000, 0x0000, 0x0000, 0x0000, 0x0000, 0x0000, 0x0000, 0x0000, 0x0000,
0x0000, 0x0000, 0x0000, 0x0000, 0x0000, 0x0000, 0x0000, 0x0000, 0x0000, 0x0000, 0x0000, 0x0000, 0x0000, 0x0000, 0x0000, 0x0000,
0x0000, 0x0000, 0x0000, 0x0000, 0x0000, 0x0000, 0x0000, 0x0000, 0x0000, 0x0000, 0x0000, 0x0000, 0x0000, 0x0000, 0x0000, 0x0000,
0x0000, 0x0000, 0x0000, 0x0000, 0x0000, 0x0000, 0x0000, 0x0000, 0x0000, 0x0000, 0x0000, 0x0000, 0x0000, 0x0000, 0x0000, 0x0000,
0x0000, 0x0000, 0x0000, 0x0000, 0x0000, 0x0000, 0x0000, 0x0000, 0x0000, 0x0000, 0x0000, 0x0000, 0x0000, 0x0000, 0x0000, 0x0000,
0x0000, 0x0000, 0x0000, 0x0000, 0x0000, 0x0000, 0x0000, 0x0000, 0x0000, 0x0000, 0x0000, 0x0000, 0x0000, 0x0000, 0x0000, 0x0000,
0x0000, 0x0000, 0x0000, 0x0000, 0x0000, 0x0000, 0x0000, 0x0000, 0x0000, 0x0000, 0x0000, 0x0000, 0x0000, 0x0000, 0x0000, 0x0000,
0x0000, 0x0000, 0x0000, 0x0000, 0x0000, 0x0000, 0x0000, 0x0000, 0x0000, 0x0000, 0x0000, 0x0000, 0x0000, 0x0000, 0x0000, 0x0000,
0x0000, 0x0000, 0x0000, 0x0000, 0x0000, 0x0000, 0x0000, 0x0000, 0x0000, 0x0000, 0x0000, 0x0000, 0x0000, 0x0000, 0x0000, 0x0000,
0x0000, 0x0000, 0x0000, 0x0000, 0x0000, 0x0000, 0x0000, 0x0000, 0x0000, 0x0000, 0x0000, 0x0000, 0x0000, 0x0000, 0x0000, 0x0000,
0x0000, 0x0000, 0x0000, 0x0000, 0x0000, 0x0000, 0x0000, 0x0000, 0x0000, 0x0000, 0x0000, 0x0000, 0x0000, 0x0000, 0x0000, 0x0000,
0x0000, 0x0000, 0x0000, 0x0000, 0x0000, 0x0000, 0x0000, 0x0000, 0x0000, 0x0000, 0x0000, 0x0000, 0x0000, 0x0000, 0x0000, 0x0000,
0x0000, 0x0000, 0x0000, 0x0000, 0x0000, 0x0000, 0x0000, 0x0000, 0x0000, 0x0000, 0x0000, 0x0000, 0x0000, 0x0000, 0x0000, 0x0000,
0x0000, 0x0000, 0x0000, 0x0000, 0x0000, 0x0000, 0x0000, 0x0000, 0x0000, 0x0000, 0x0000, 0x0000, 0x0000, 0x0000, 0x0000, 0x0000,
0x0000, 0x0000, 0x0000, 0x0000, 0x0000, 0x0000, 0x0000, 0x0000, 0x0000, 0x0000, 0x0000, 0x0000, 0x0000, 0x0000, 0x0000, 0x0000,
0x0000, 0x0000, 0x0000, 0x0000, 0x0000, 0x0000, 0x0000, 0x0000, 0x0000, 0x0000, 0x0000, 0x0000, 0x0000, 0x0000, 0x0000, 0x0000,
0x0000, 0x0000, 0x0000, 0x0000, 0x0000, 0x0000, 0x0000, 0x0000, 0x0000, 0x0000, 0x0000, 0x0000, 0x0000, 0x0000, 0x0000, 0x0000,
0x0000, 0x0000, 0x0000, 0x0000, 0x0000, 0x0000, 0x0000, 0x0000, 0x0000, 0x0000, 0x0000, 0x0000, 0x0000, 0x0000, 0x0000, 0x0000,
0x0000, 0x0000, 0x0000, 0x0000, 0x0000, 0x0000, 0x0000, 0x0000, 0x0000, 0x0000, 0x0000, 0x0000, 0x0000, 0x0000, 0x0000, 0x0000,
0x0000, 0x0000, 0x0000, 0x0000, 0x0000, 0x0000, 0x0000, 0x0000, 0x0000, 0x0000, 0x0000, 0x0000, 0x0000, 0x0000, 0x0000, 0x0000,
0x0000, 0x0000, 0x0000, 0x0000, 0x0000, 0x0000, 0x0000, 0x0000, 0x0000, 0x0000, 0x0000, 0x0000, 0x0000, 0x0000, 0x0000, 0x0000,
0x0000, 0x0000, 0x0000, 0x0000, 0x0000, 0x0000, 0x0000, 0x0000, 0x0000, 0x0000, 0x0000, 0x0000, 0x0000, 0x0000, 0x0000, 0x0000,
0x0000, 0x0000, 0x0000, 0x0000, 0x0000, 0x0000, 0x0000, 0x0000, 0x0000, 0x0000, 0x0000, 0x0000, 0x0000, 0x0000, 0x0000, 0x0000,
0x0000, 0x0000, 0x0000, 0x0000, 0x0000, 0x0000, 0x0000, 0x0000, 0x0000, 0x0000, 0x0000, 0x0000, 0x0000, 0x0000, 0x0000, 0x0000,
0x0000, 0x0000, 0x0000, 0x0000, 0x0000, 0x0000, 0x0000, 0x0000, 0x0000, 0x0000, 0x0000, 0x0000, 0x0000, 0x0000, 0x0000, 0x0000,
0x0000, 0x0000, 0x0000, 0x0000, 0x0000, 0x0000, 0x0000, 0x0000, 0x0000, 0x0000, 0x0000, 0x0000, 0x0000, 0x0000, 0x0000, 0x0000,
0x0000, 0x0000, 0x0000, 0x0000, 0x0000, 0x0000, 0x0000, 0x0000, 0x0000, 0x0000, 0x0000, 0x0000, 0x0000, 0x0000, 0x0000, 0x0000,
0x0000, 0x0000, 0x0000, 0x0000, 0x0000, 0x0000, 0x0000, 0x0000, 0x0000, 0x0000, 0x0000, 0x0000, 0x0000, 0x0000, 0x0000, 0x0000,
0x0000, 0x0000, 0x0000, 0x0000, 0x0000, 0x0000, 0x0000, 0x0000, 0x0000, 0x0000, 0x0000, 0x0000, 0x0000, 0x0000, 0x0000, 0x0000,
0x0000, 0x0000, 0x0000, 0x0000, 0x0000, 0x0000, 0x0000, 0x0000, 0x0000, 0x0000, 0x0000, 0x0000, 0x0000, 0x0000, 0x0000, 0x0000,
0x0000, 0x0000, 0x0000, 0x0000, 0x0000, 0x0000, 0x0000, 0x0000, 0x0000, 0x0000, 0x0000, 0x0000, 0x0000, 0x0000, 0x0000, 0x0000,
0x0000, 0x0000, 0x0000, 0x0000, 0x0000, 0x0000, 0x0000, 0x0000, 0x0000, 0x0000, 0x0000, 0x0000, 0x0000, 0x0000, 0x0000, 0x0000,
0x0000, 0x0000, 0x0000, 0x0000, 0x0000, 0x0000, 0x0000, 0x0000, 0x0000, 0x0000, 0x0000, 0x0000, 0x0000, 0x0000, 0x0000, 0x0000,
0x0000, 0x0000, 0x0000, 0x0000, 0x0000, 0x0000, 0x0000, 0x0000, 0x0000, 0x0000, 0x0000, 0x0000, 0x0000, 0x0000, 0x0000, 0x0000,
0x0000, 0x0000, 0x0000, 0x0000, 0x0000, 0x0000, 0x0000, 0x0000, 0x0000, 0x0000, 0x0000, 0x0000, 0x0000, 0x0000, 0x0000, 0x0000,
0x0000, 0x0000, 0x0000, 0x0000, 0x0000, 0x0000, 0x0000, 0x0000, 0x0000, 0x0000, 0x0000, 0x0000, 0x0000, 0x0000, 0x0000, 0x0000,
0x0000, 0x0000, 0x0000, 0x0000, 0x0000, 0x0000, 0x0000, 0x0000, 0x0000, 0x0000, 0x0000, 0x0000, 0x0000, 0x0000, 0x0000, 0x0000,
0x0000, 0x0000, 0x0000, 0x0000, 0x0000, 0x0000, 0x0000, 0x0000, 0x0000, 0x0000, 0x0000, 0x0000, 0x0000, 0x0000, 0x0000, 0x0000,
0x0000, 0x0000, 0x0000, 0x0000, 0x0000, 0x0000, 0x0000, 0x0000, 0x0000, 0x0000, 0x0000, 0x0000, 0x0000, 0x0000, 0x0000, 0x0000,
0x0000, 0x0000, 0x0000, 0x0000, 0x0000, 0x0000, 0x0000, 0x0000, 0x0000, 0x0000, 0x0000, 0x0000, 0x0000, 0x0000, 0x0000, 0x0000,
0x0000, 0x0000, 0x0000, 0x0000, 0x0000, 0x0000, 0x0000, 0x0000, 0x0000, 0x0000, 0x0000, 0x0000, 0x0000, 0x0000, 0x0000, 0x0000,
0x0000, 0x0000, 0x0000, 0x0000, 0x0000, 0x0000, 0x0000, 0x0000, 0x0000, 0x0000, 0x0000, 0x0000, 0x0000, 0x0000, 0x0000, 0x0000,
0x0000, 0x0000, 0x0000, 0x0000, 0x0000, 0x0000, 0x0000, 0x0000, 0x0000, 0x0000, 0x0000, 0x0000, 0x0000, 0x0000, 0x0000, 0x0000,
0x0000, 0x0000, 0x0000, 0x0000, 0x0000, 0x0000, 0x0000, 0x0000, 0x0000, 0x0000, 0x0000, 0x0000, 0x0000, 0x0000, 0x0000, 0x0000,
0x0000, 0x0000, 0x0000, 0x0000, 0x0000, 0x0000, 0x0000, 0x0000, 0x0000, 0x0000, 0x0000, 0x0000, 0x0000, 0x0000, 0x0000, 0x0000,
0x0000, 0x0000, 0x0000, 0x0000, 0x0000, 0x0000, 0x0000, 0x0000, 0x0000, 0x0000, 0x0000, 0x0000, 0x0000, 0x0000, 0x0000, 0x0000,
0x0000, 0x0000, 0x0000, 0x0000, 0x0000, 0x0000, 0x0000, 0x0000, 0x0000, 0x0000, 0x0000, 0x0000, 0x0000, 0x0000, 0x0000, 0x0000,
0x0000, 0x0000, 0x0000, 0x0000, 0x0000, 0x0000, 0x0000, 0x0000, 0x0000, 0x0000, 0x0000, 0x0000, 0x0000, 0x0000, 0x0000, 0x0000,
0x0000, 0x0000, 0x0000, 0x0000, 0x0000, 0x0000, 0x0000, 0x0000, 0x0000, 0x0000, 0x0000, 0x0000, 0x0000, 0x0000, 0x0000, 0x0000,
0x0000, 0x0000, 0x0000, 0x0000, 0x0000, 0x0000, 0x0000, 0x0000, 0x0000, 0x0000, 0x0000, 0x0000, 0x0000, 0x0000, 0x0000, 0x0000,
0x0000, 0x0000, 0x0000, 0x0000, 0x0000, 0x0000, 0x0000, 0x0000, 0x0000, 0x0000, 0x0000, 0x0000, 0x0000, 0x0000, 0x0000, 0x0000,
0x0000, 0x0000, 0x0000, 0x0000, 0x0000, 0x0000, 0x0000, 0x0000, 0x0000, 0x0000, 0x0000, 0x0000, 0x0000, 0x0000, 0x0000, 0x0000,
0x0000, 0x0000, 0x0000, 0x0000, 0x0000, 0x0000, 0x0000, 0x0000, 0x0000, 0x0000, 0x0000, 0x0000, 0x0000, 0x0000, 0x0000, 0x0000,
0x0000, 0x0000, 0x0000, 0x0000, 0x0000, 0x0000, 0x0000, 0x0000, 0x0000, 0x0000, 0x0000, 0x0000, 0x0000, 0x0000, 0x0000, 0x0000,
0x0000, 0x0000, 0x0000, 0x0000, 0x0000, 0x0000, 0x0000, 0x0000, 0x0000, 0x0000, 0x0000, 0x0000, 0x0000, 0x0000, 0x0000, 0x0000,
0x0000, 0x0000, 0x0000, 0x0000, 0x0000, 0x0000, 0x0000, 0x0000, 0x0000, 0x0000, 0x0000, 0x0000, 0x0000, 0x0000, 0x0000, 0x0000,
0x0000, 0x0000, 0x0000, 0x0000, 0x0000, 0x0000, 0x0000, 0x0000, 0x0000, 0x0000, 0x0000, 0x0000, 0x0000, 0x0000, 0x0000, 0x0000,
0x0000, 0x0000, 0x0000, 0x0000, 0x0000, 0x0000, 0x0000, 0x0000, 0x0000, 0x0000, 0x0000, 0x0000, 0x0000, 0x0000, 0x0000, 0x0000,
0x0000, 0x0000, 0x0000, 0x0000, 0x0000, 0x0000, 0x0000, 0x0000, 0x0000, 0x0000, 0x0000, 0x0000, 0x0000, 0x0000, 0x0000, 0x0000,
0x0000, 0x0000, 0x0000, 0x0000, 0x0000, 0x0000, 0x0000, 0x0000, 0x0000, 0x0000, 0x0000, 0x0000, 0x0000, 0x0000, 0x0000, 0x0000,
0x0000, 0x0000, 0x0000, 0x0000, 0x0000, 0x0000, 0x0000, 0x0000, 0x0000, 0x0000, 0x0000, 0x0000, 0x0000, 0x0000, 0x0000, 0x0000,
0x0000, 0x0000, 0x0000, 0x0000, 0x0000, 0x0000, 0x0000, 0x0000, 0x0000, 0x0000, 0x0000, 0x0000, 0x0000, 0x0000, 0x0000, 0x0000,
0x0000, 0x0000, 0x0000, 0x0000, 0x0000, 0x0000, 0x0000, 0x0000, 0x0000, 0x0000, 0x0000, 0x0000, 0x0000, 0x0000, 0x0000, 0x0000,
0x0000, 0x0000, 0x0000, 0x0000, 0x0000, 0x0000, 0x0000, 0x0000, 0x0000, 0x0000, 0x0000, 0x0000, 0x0000, 0x0000, 0x0000, 0x0000,
0x0000, 0x0000, 0x0000, 0x0000, 0x0000, 0x0000, 0x0000, 0x0000, 0x0000, 0x0000, 0x0000, 0x0000, 0x0000, 0x0000, 0x0000, 0x0000,
0x0000, 0x0000, 0x0000, 0x0000, 0x0000, 0x0000, 0x0000, 0x0000, 0x0000, 0x0000, 0x0000, 0x0000, 0x0000, 0x0000, 0x0000, 0x0000,
0x0000, 0x0000, 0x0000, 0x0000, 0x0000, 0x0000, 0x0000, 0x0000, 0x0000, 0x0000, 0x0000, 0x0000, 0x0000, 0x0000, 0x0000, 0x0000,
0x0000, 0x0000, 0x0000, 0x0000, 0x0000, 0x0000, 0x0000, 0x0000, 0x0000, 0x0000, 0x0000, 0x0000, 0x0000, 0x0000, 0x0000, 0x0000,
0x0000, 0x0000, 0x0000, 0x0000, 0x0000, 0x0000, 0x0000, 0x0000, 0x0000, 0x0000, 0x0000, 0x0000, 0x0000, 0x0000, 0x0000, 0x0000,
0x0000, 0x0000, 0x0000, 0x0000, 0x0000, 0x0000, 0x0000, 0x0000, 0x0000, 0x0000, 0x0000, 0x0000, 0x0000, 0x0000, 0x0000, 0x0000,
0x0000, 0x0000, 0x0000, 0x0000, 0x0000, 0x0000, 0x0000, 0x0000, 0x0000, 0x0000, 0x0000, 0x0000, 0x0000, 0x0000, 0x0000, 0x0000,
0x0000, 0x0000, 0x0000, 0x0000, 0x0000, 0x0000, 0x0000, 0x0000, 0x0000, 0x0000, 0x0000, 0x0000, 0x0000, 0x0000, 0x0000, 0x0000,
0x0000, 0x0000, 0x0000, 0x0000, 0x0000, 0x0000, 0x0000, 0x0000, 0x0000, 0x0000, 0x0000, 0x0000, 0x0000, 0x0000, 0x0000, 0x0000,
0x0000, 0x0000, 0x0000, 0x0000, 0x0000, 0x0000, 0x0000, 0x0000, 0x0000, 0x0000, 0x0000, 0x0000, 0x0000, 0x0000, 0x0000, 0x0000,
0x0000, 0x0000, 0x0000, 0x0000, 0x0000, 0x0000, 0x0000, 0x0000, 0x0000, 0x0000, 0x0000, 0x0000, 0x0000, 0x0000, 0x0000, 0x0000,
0x0000, 0x0000, 0x0000, 0x0000, 0x0000, 0x0000, 0x0000, 0x0000, 0x0000, 0x0000, 0x0000, 0x0000, 0x0000, 0x0000, 0x0000, 0x0000,
0x0000, 0x0000, 0x0000, 0x0000, 0x0000, 0x0000, 0x0000, 0x0000, 0x0000, 0x0000, 0x0000, 0x0000, 0x0000, 0x0000, 0x0000, 0x0000,
0x0000, 0x0000, 0x0000, 0x0000, 0x0000, 0x0000, 0x0000, 0x0000, 0x0000, 0x0000, 0x0000, 0x0000, 0x0000, 0x0000, 0x0000, 0x0000,
0x0000, 0x0000, 0x0000, 0x0000, 0x0000, 0x0000, 0x0000, 0x0000, 0x0000, 0x0000, 0x0000, 0x0000, 0x0000, 0x0000, 0x0000, 0x0000,
0x0000, 0x0000, 0x0000, 0x0000, 0x0000, 0x0000, 0x0000, 0x0000, 0x0000, 0x0000, 0x0000, 0x0000, 0x0000, 0x0000, 0x0000, 0x0000,
0x0000, 0x0000, 0x0000, 0x0000, 0x0000, 0x0000, 0x0000, 0x0000, 0x0000, 0x0000, 0x0000, 0x0000, 0x0000, 0x0000, 0x0000, 0x0000,
0x0000, 0x0000, 0x0000, 0x0000, 0x0000, 0x0000, 0x0000, 0x0000, 0x0000, 0x0000, 0x0000, 0x0000, 0x0000, 0x0000, 0x0000, 0x0000,
0x0000, 0x0000, 0x0000, 0x0000, 0x0000, 0x0000, 0x0000, 0x0000, 0x0000, 0x0000, 0x0000, 0x0000, 0x0000, 0x0000, 0x0000, 0x0000,
0x0000, 0x0000, 0x0000, 0x0000, 0x0000, 0x0000, 0x0000, 0x0000, 0x0000, 0x0000, 0x0000, 0x0000, 0x0000, 0x0000, 0x0000, 0x0000,
0x0000, 0x0000, 0x0000, 0x0000, 0x0000, 0x0000, 0x0000, 0x0000, 0x0000, 0x0000, 0x0000, 0x0000, 0x0000, 0x0000, 0x0000, 0x0000,
0x0000, 0x0000, 0x0000, 0x0000, 0x0000, 0x0000, 0x0000, 0x0000, 0x0000, 0x0000, 0x0000, 0x0000, 0x0000, 0x0000, 0x0000, 0x0000,
0x0000, 0x0000, 0x0000, 0x0000, 0x0000, 0x0000, 0x0000, 0x0000, 0x0000, 0x0000, 0x0000, 0x0000, 0x0000, 0x0000, 0x0000, 0x0000,
0x0000, 0x0000, 0x0000, 0x0000, 0x0000, 0x0000, 0x0000, 0x0000, 0x0000, 0x0000, 0x0000, 0x0000, 0x0000, 0x0000, 0x0000, 0x0000,
0x0000, 0x0000, 0x0000, 0x0000, 0x0000, 0x0000, 0x0000, 0x0000, 0x0000, 0x0000, 0x0000, 0x0000, 0x0000, 0x0000, 0x0000, 0x0000,
0x0000, 0x0000, 0x0000, 0x0000, 0x0000, 0x0000, 0x0000, 0x0000, 0x0000, 0x0000, 0x0000, 0x0000, 0x0000, 0x0000, 0x0000, 0x0000,
0x0000, 0x0000, 0x0000, 0x0000, 0x0000, 0x0000, 0x0000, 0x0000, 0x0000, 0x0000, 0x0000, 0x0000, 0x0000, 0x0000, 0x0000, 0x0000,
0x0000, 0x0000, 0x0000, 0x0000, 0x0000, 0x0000, 0x0000, 0x0000, 0x0000, 0x0000, 0x0000, 0x0000, 0x0000, 0x0000, 0x0000, 0x0000,
0x0000, 0x0000, 0x0000, 0x0000, 0x0000, 0x0000, 0x0000, 0x0000, 0x0000, 0x0000, 0x0000, 0x0000, 0x0000, 0x0000, 0x0000, 0x0000,
0x0000, 0x0000, 0x0000, 0x0000, 0x0000, 0x0000, 0x0000, 0x0000, 0x0000, 0x0000, 0x0000, 0x0000, 0x0000, 0x0000, 0x0000, 0x0000,
0x0000, 0x0000, 0x0000, 0x0000, 0x0000, 0x0000, 0x0000, 0x0000, 0x0000, 0x0000, 0x0000, 0x0000, 0x0000, 0x0000, 0x0000, 0x0000,
0x0000, 0x0000, 0x0000, 0x0000, 0x0000, 0x0000, 0x0000, 0x0000, 0x0000, 0x0000, 0x0000, 0x0000, 0x0000, 0x0000, 0x0000, 0x0000,
0x0000, 0x0000, 0x0000, 0x0000, 0x0000, 0x0000, 0x0000, 0x0000, 0x0000, 0x0000, 0x0000, 0x0000, 0x0000, 0x0000, 0x0000, 0x0000,
0x0000, 0x0000, 0x0000, 0x0000, 0x0000, 0x0000, 0x0000, 0x0000, 0x0000, 0x0000, 0x0000, 0x0000, 0x0000, 0x0000, 0x0000, 0x0000,
0x0000, 0x0000, 0x0000, 0x0000, 0x0000, 0x0000, 0x0000, 0x0000, 0x0000, 0x0000, 0x0000, 0x0000, 0x0000, 0x0000, 0x0000, 0x0000,
0x0000, 0x0000, 0x0000, 0x0000, 0x0000, 0x0000, 0x0000, 0x0000, 0x0000, 0x0000, 0x0000, 0x0000, 0x0000, 0x0000, 0x0000, 0x0000,
0x0000, 0x0000, 0x0000, 0x0000, 0x0000, 0x0000, 0x0000, 0x0000, 0x0000, 0x0000, 0x0000, 0x0000, 0x0000, 0x0000, 0x0000, 0x0000,
0x0000, 0x0000, 0x0000, 0x0000, 0x0000, 0x0000, 0x0000, 0x0000, 0x0000, 0x0000, 0x0000, 0x0000, 0x0000, 0x0000, 0x0000, 0x0000,
0x0000, 0x0000, 0x0000, 0x0000, 0x0000, 0x0000, 0x0000, 0x0000, 0x0000, 0x0000, 0x0000, 0x0000, 0x0000, 0x0000, 0x0000, 0x0000,
0x0000, 0x0000, 0x0000, 0x0000, 0x0000, 0x0000, 0x0000, 0x0000, 0x0000, 0x0000, 0x0000, 0x0000, 0x0000, 0x0000, 0x0000, 0x0000,
0x0000, 0x0000, 0x0000, 0x0000, 0x0000, 0x0000, 0x0000, 0x0000, 0x0000, 0x0000, 0x0000, 0x0000, 0x0000, 0x0000, 0x0000, 0x0000,
0x0000, 0x0000, 0x0000, 0x0000, 0x0000, 0x0000, 0x0000, 0x0000, 0x0000, 0x0000, 0x0000, 0x0000, 0x0000, 0x0000, 0x0000, 0x0000,
0x0000, 0x0000, 0x0000, 0x0000, 0x0000, 0x0000, 0x0000, 0x0000, 0x0000, 0x0000, 0x0000, 0x0000, 0x0000, 0x0000, 0x0000, 0x0000,
0x0000, 0x0000, 0x0000, 0x0000, 0x0000, 0x0000, 0x0000, 0x0000, 0x0000, 0x0000, 0x0000, 0x0000, 0x0000, 0x0000, 0x0000, 0x0000,
0x0000, 0x0000, 0x0000, 0x0000, 0x0000, 0x0000, 0x0000, 0x0000, 0x0000, 0x0000, 0x0000, 0x0000, 0x0000, 0x0000, 0x0000, 0x0000,
0x0000, 0x0000, 0x0000, 0x0000, 0x0000, 0x0000, 0x0000, 0x0000, 0x0000, 0x0000, 0x0000, 0x0000, 0x0000, 0x0000, 0x0000, 0x0000,
0x0000, 0x0000, 0x0000, 0x0000, 0x0000, 0x0000, 0x0000, 0x0000, 0x0000, 0x0000, 0x0000, 0x0000, 0x0000, 0x0000, 0x0000, 0x0000,
0x0000, 0x0000, 0x0000, 0x0000, 0x0000, 0x0000, 0x0000, 0x0000, 0x0000, 0x0000, 0x0000, 0x0000, 0x0000, 0x0000, 0x0000, 0x0000,
0x0000, 0x0000, 0x0000, 0x0000, 0x0000, 0x0000, 0x0000, 0x0000, 0x0000, 0x0000, 0x0000, 0x0000, 0x0000, 0x0000, 0x0000, 0x0000,
0x0000, 0x0000, 0x0000, 0x0000, 0x0000, 0x0000, 0x0000, 0x0000, 0x0000, 0x0000, 0x0000, 0x0000, 0x0000, 0x0000, 0x0000, 0x0000,
0x0000, 0x0000, 0x0000, 0x0000, 0x0000, 0x0000, 0x0000, 0x0000, 0x0000, 0x0000, 0x0000, 0x0000, 0x0000, 0x0000, 0x0000, 0x0000,
0x0000, 0x0000, 0x0000, 0x0000, 0x0000, 0x0000, 0x0000, 0x0000, 0x0000, 0x0000, 0x0000, 0x0000, 0x0000, 0x0000, 0x0000, 0x0000,
0x0000, 0x0000, 0x0000, 0x0000, 0x0000, 0x0000, 0x0000, 0x0000, 0x0000, 0x0000, 0x0000, 0x0000, 0x0000, 0x0000, 0x0000, 0x0000,
0x0000, 0x0000, 0x0000, 0x0000, 0x0000, 0x0000, 0x0000, 0x0000, 0x0000, 0x0000, 0x0000, 0x0000, 0x0000, 0x0000, 0x0000, 0x0000,
0x0000, 0x0000, 0x0000, 0x0000, 0x0000, 0x0000, 0x0000, 0x0000, 0x0000, 0x0000, 0x0000, 0x0000, 0x0000, 0x0000, 0x0000, 0x0000,
0x0000, 0x0000, 0x0000, 0x0000, 0x0000, 0x0000, 0x0000, 0x0000, 0x0000, 0x0000, 0x0000, 0x0000, 0x0000, 0x0000, 0x0000, 0x0000,
0x0000, 0x0000, 0x0000, 0x0000, 0x0000, 0x0000, 0x0000, 0x0000, 0x0000, 0x0000, 0x0000, 0x0000, 0x0000, 0x0000, 0x0000, 0x0000,
0x0000, 0x0000, 0x0000, 0x0000, 0x0000, 0x0000, 0x0000, 0x0000, 0x0000, 0x0000, 0x0000, 0x0000, 0x0000, 0x0000, 0x0000, 0x0000,
0x0000, 0x0000, 0x0000, 0x0000, 0x0000, 0x0000, 0x0000, 0x0000, 0x0000, 0x0000, 0x0000, 0x0000, 0x0000, 0x0000, 0x0000, 0x0000,
0x0000, 0x0000, 0x0000, 0x0000, 0x0000, 0x0000, 0x0000, 0x0000, 0x0000, 0x0000, 0x0000, 0x0000, 0x0000, 0x0000, 0x0000, 0x0000,
0x0000, 0x0000, 0x0000, 0x0000, 0x0000, 0x0000, 0x0000, 0x0000, 0x0000, 0x0000, 0x0000, 0x0000, 0x0000, 0x0000, 0x0000, 0x0000,
0x0000, 0x0000, 0x0000, 0x0000, 0x0000, 0x0000, 0x0000, 0x0000, 0x0000, 0x0000, 0x0000, 0x0000, 0x0000, 0x0000, 0x0000, 0x0000,
0x0000, 0x0000, 0x0000, 0x0000, 0x0000, 0x0000, 0x0000, 0x0000, 0x0000, 0x0000, 0x0000, 0x0000, 0x0000, 0x0000, 0x0000, 0x0000,
0x0000, 0x0000, 0x0000, 0x0000, 0x0000, 0x0000, 0x0000, 0x0000, 0x0000, 0x0000, 0x0000, 0x0000, 0x0000, 0x0000, 0x0000, 0x0000,
0x0000, 0x0000, 0x0000, 0x0000, 0x0000, 0x0000, 0x0000, 0x0000, 0x0000, 0x0000, 0x0000, 0x0000, 0x0000, 0x0000, 0x0000, 0x0000,
0x0000, 0x0000, 0x0000, 0x0000, 0x0000, 0x0000, 0x0000, 0x0000, 0x0000, 0x0000, 0x0000, 0x0000, 0x0000, 0x0000, 0x0000, 0x0000,
0x0000, 0x0000, 0x0000, 0x0000, 0x0000, 0x0000, 0x0000, 0x0000, 0x0000, 0x0000, 0x0000, 0x0000, 0x0000, 0x0000, 0x0000, 0x0000,
0x0000, 0x0000, 0x0000, 0x0000, 0x0000, 0x0000, 0x0000, 0x0000, 0x0000, 0x0000, 0x0000, 0x0000, 0x0000, 0x0000, 0x0000, 0x0000,
0x0000, 0x0000, 0x0000, 0x0000, 0x0000, 0x0000, 0x0000, 0x0000, 0x0000, 0x0000, 0x0000, 0x0000, 0x0000, 0x0000, 0x0000, 0x0000,
0x0000, 0x0000, 0x0000, 0x0000, 0x0000, 0x0000, 0x0000, 0x0000, 0x0000, 0x0000, 0x0000, 0x0000, 0x0000, 0x0000, 0x0000, 0x0000,
0x0000, 0x0000, 0x0000, 0x0000, 0x0000, 0x0000, 0x0000, 0x0000, 0x0000, 0x0000, 0x0000, 0x0000, 0x0000, 0x0000, 0x0000, 0x0000,
0x0000, 0x0000, 0x0000, 0x0000, 0x0000, 0x0000, 0x0000, 0x0000, 0x0000, 0x0000, 0x0000, 0x0000, 0x0000, 0x0000, 0x0000, 0x0000,
0x0000, 0x0000, 0x0000, 0x0000, 0x0000, 0x0000, 0x0000, 0x0000, 0x0000, 0x0000, 0x0000, 0x0000, 0x0000, 0x0000, 0x0000, 0x0000,
0x0000, 0x0000, 0x0000, 0x0000, 0x0000, 0x0000, 0x0000, 0x0000, 0x0000, 0x0000, 0x0000, 0x0000, 0x0000, 0x0000, 0x0000, 0x0000,
0x0000, 0x0000, 0x0000, 0x0000, 0x0000, 0x0000, 0x0000, 0x0000, 0x0000, 0x0000, 0x0000, 0x0000, 0x0000, 0x0000, 0x0000, 0x0000,
0x0000, 0x0000, 0x0000, 0x0000, 0x0000, 0x0000, 0x0000, 0x0000, 0x0000, 0x0000, 0x0000, 0x0000, 0x0000, 0x0000, 0x0000, 0x0000,
0x0000, 0x0000, 0x0000, 0x0000, 0x0000, 0x0000, 0x0000, 0x0000, 0x0000, 0x0000, 0x0000, 0x0000, 0x0000, 0x0000, 0x0000, 0x0000,
0x0000, 0x0000, 0x0000, 0x0000, 0x0000, 0x0000, 0x0000, 0x0000, 0x0000, 0x0000, 0x0000, 0x0000, 0x0000, 0x0000, 0x0000, 0x0000,
0x0000, 0x0000, 0x0000, 0x0000, 0x0000, 0x0000, 0x0000, 0x0000, 0x0000, 0x0000, 0x0000, 0x0000, 0x0000, 0x0000, 0x0000, 0x0000,
0x0000, 0x0000, 0x0000, 0x0000, 0x0000, 0x0000, 0x0000, 0x0000, 0x0000, 0x0000, 0x0000, 0x0000, 0x0000, 0x0000, 0x0000, 0x0000,
0x0000, 0x0000, 0x0000, 0x0000, 0x0000, 0x0000, 0x0000, 0x0000, 0x0000, 0x0000, 0x0000, 0x0000, 0x0000, 0x0000, 0x0000, 0x0000,
0x0000, 0x0000, 0x0000, 0x0000, 0x0000, 0x0000, 0x0000, 0x0000, 0x0000, 0x0000, 0x0000, 0x0000, 0x0000, 0x0000, 0x0000, 0x0000,
0x0000, 0x0000, 0x0000, 0x0000, 0x0000, 0x0000, 0x0000, 0x0000, 0x0000, 0x0000, 0x0000, 0x0000, 0x0000, 0x0000, 0x0000, 0x0000,
0x0000, 0x0000, 0x0000, 0x0000, 0x0000, 0x0000, 0x0000, 0x0000, 0x0000, 0x0000, 0x0000, 0x0000, 0x0000, 0x0000, 0x0000, 0x0000,
0x0000, 0x0000, 0x0000, 0x0000, 0x0000, 0x0000, 0x0000, 0x0000, 0x0000, 0x0000, 0x0000, 0x0000, 0x0000, 0x0000, 0x0000, 0x0000,
0x0000, 0x0000, 0x0000, 0x0000, 0x0000, 0x0000, 0x0000, 0x0000, 0x0000, 0x0000, 0x0000, 0x0000, 0x0000, 0x0000, 0x0000, 0x0000,
0x0000, 0x0000, 0x0000, 0x0000, 0x0000, 0x0000, 0x0000, 0x0000, 0x0000, 0x0000, 0x0000, 0x0000, 0x0000, 0x0000, 0x0000, 0x0000,
0x0000, 0x0000, 0x0000, 0x0000, 0x0000, 0x0000, 0x0000, 0x0000, 0x0000, 0x0000, 0x0000, 0x0000, 0x0000, 0x0000, 0x0000, 0x0000,
0x0000, 0x0000, 0x0000, 0x0000, 0x0000, 0x0000, 0x0000, 0x0000, 0x0000, 0x0000, 0x0000, 0x0000, 0x0000, 0x0000, 0x0000, 0x0000,
0x0000, 0x0000, 0x0000, 0x0000, 0x0000, 0x0000, 0x0000, 0x0000, 0x0000, 0x0000, 0x0000, 0x0000, 0x0000, 0x0000, 0x0000, 0x0000,
0x0000, 0x0000, 0x0000, 0x0000, 0x0000, 0x0000, 0x0000, 0x0000, 0x0000, 0x0000, 0x0000, 0x0000, 0x0000, 0x0000, 0x0000, 0x0000,
0x0000, 0x0000, 0x0000, 0x0000, 0x0000, 0x0000, 0x0000, 0x0000, 0x0000, 0x0000, 0x0000, 0x0000, 0x0000, 0x0000, 0x0000, 0x0000,
0x0000, 0x0000, 0x0000, 0x0000, 0x0000, 0x0000, 0x0000, 0x0000, 0x0000, 0x0000, 0x0000, 0x0000, 0x0000, 0x0000, 0x0000, 0x0000,
0x0000, 0x0000, 0x0000, 0x0000, 0x0000, 0x0000, 0x0000, 0x0000, 0x0000, 0x0000, 0x0000, 0x0000, 0x0000, 0x0000, 0x0000, 0x0000,
0x0000, 0x0000, 0x0000, 0x0000, 0x0000, 0x0000, 0x0000, 0x0000, 0x0000, 0x0000, 0x0000, 0x0000, 0x0000, 0x0000, 0x0000, 0x0000,
0x0000, 0x0000, 0x0000, 0x0000, 0x0000, 0x0000, 0x0000, 0x0000, 0x0000, 0x0000, 0x0000, 0x0000, 0x0000, 0x0000, 0x0000, 0x0000,
0x0000, 0x0000, 0x0000, 0x0000, 0x0000, 0x0000, 0x0000, 0x0000, 0x0000, 0x0000, 0x0000, 0x0000, 0x0000, 0x0000, 0x0000, 0x0000,
0x0000, 0x0000, 0x0000, 0x0000, 0x0000, 0x0000, 0x0000, 0x0000, 0x0000, 0x0000, 0x0000, 0x0000, 0x0000, 0x0000, 0x0000, 0x0000,
0x0000, 0x0000, 0x0000, 0x0000, 0x0000, 0x0000, 0x0000, 0x0000, 0x0000, 0x0000, 0x0000, 0x0000, 0x0000, 0x0000, 0x0000, 0x0000,
0x0000, 0x0000, 0x0000, 0x0000, 0x0000, 0x0000, 0x0000, 0x0000, 0x0000, 0x0000, 0x0000, 0x0000, 0x0000, 0x0000, 0x0000, 0x0000,
0x0000, 0x0000, 0x0000, 0x0000, 0x0000, 0x0000, 0x0000, 0x0000, 0x0000, 0x0000, 0x0000, 0x0000, 0x0000, 0x0000, 0x0000, 0x0000,
0x0000, 0x0000, 0x0000, 0x0000, 0x0000, 0x0000, 0x0000, 0x0000, 0x0000, 0x0000, 0x0000, 0x0000, 0x0000, 0x0000, 0x0000, 0x0000,
0x0000, 0x0000, 0x0000, 0x0000, 0x0000, 0x0000, 0x0000, 0x0000, 0x0000, 0x0000, 0x0000, 0x0000, 0x0000, 0x0000, 0x0000, 0x0000,
0x0000, 0x0000, 0x0000, 0x0000, 0x0000, 0x0000, 0x0000, 0x0000, 0x0000, 0x0000, 0x0000, 0x0000, 0x0000, 0x0000, 0x0000, 0x0000,
0x0000, 0x0000, 0x0000, 0x0000, 0x0000, 0x0000, 0x0000, 0x0000, 0x0000, 0x0000, 0x0000, 0x0000, 0x0000, 0x0000, 0x0000, 0x0000,
0x0000, 0x0000, 0x0000, 0x0000, 0x0000, 0x0000, 0x0000, 0x0000, 0x0000, 0x0000, 0x0000, 0x0000, 0x0000, 0x0000, 0x0000, 0x0000,
0x0000, 0x0000, 0x0000, 0x0000, 0x0000, 0x0000, 0x0000, 0x0000, 0x0000, 0x0000, 0x0000, 0x0000, 0x0000, 0x0000, 0x0000, 0x0000,
0x0000, 0x0000, 0x0000, 0x0000, 0x0000, 0x0000, 0x0000, 0x0000, 0x0000, 0x0000, 0x0000, 0x0000, 0x0000, 0x0000, 0x0000, 0x0000,
0x0000, 0x0000, 0x0000, 0x0000, 0x0000, 0x0000, 0x0000, 0x0000, 0x0000, 0x0000, 0x0000, 0x0000, 0x0000, 0x0000, 0x0000, 0x0000,
0x0000, 0x0000, 0x0000, 0x0000, 0x0000, 0x0000, 0x0000, 0x0000, 0x0000, 0x0000, 0x0000, 0x0000, 0x0000, 0x0000, 0x0000, 0x0000,
0x0000, 0x0000, 0x0000, 0x0000, 0x0000, 0x0000, 0x0000, 0x0000, 0x0000, 0x0000, 0x0000, 0x0000, 0x0000, 0x0000, 0x0000, 0x0000,
0x0000, 0x0000, 0x0000, 0x0000, 0x0000, 0x0000, 0x0000, 0x0000, 0x0000, 0x0000, 0x0000, 0x0000, 0x0000, 0x0000, 0x0000, 0x0000,
0x0000, 0x0000, 0x0000, 0x0000, 0x0000, 0x0000, 0x0000, 0x0000, 0x0000, 0x0000, 0x0000, 0x0000, 0x0000, 0x0000, 0x0000, 0x0000,
0x0000, 0x0000, 0x0000, 0x0000, 0x0000, 0x0000, 0x0000, 0x0000, 0x0000, 0x0000, 0x0000, 0x0000, 0x0000, 0x0000, 0x0000, 0x0000,
0x0000, 0x0000, 0x0000, 0x0000, 0x0000, 0x0000, 0x0000, 0x0000, 0x0000, 0x0000, 0x0000, 0x0000, 0x0000, 0x0000, 0x0000, 0x0000,
0x0000, 0x0000, 0x0000, 0x0000, 0x0000, 0x0000, 0x0000, 0x0000, 0x0000, 0x0000, 0x0000, 0x0000, 0x0000, 0x0000, 0x0000, 0x0000,
0x0000, 0x0000, 0x0000, 0x0000, 0x0000, 0x0000, 0x0000, 0x0000, 0x0000, 0x0000, 0x0000, 0x0000, 0x0000, 0x0000, 0x0000, 0x0000,
0x0000, 0x0000, 0x0000, 0x0000, 0x0000, 0x0000, 0x0000, 0x0000, 0x0000, 0x0000, 0x0000, 0x0000, 0x0000, 0x0000, 0x0000, 0x0000,
0x0000, 0x0000, 0x0000, 0x0000, 0x0000, 0x0000, 0x0000, 0x0000, 0x0000, 0x0000, 0x0000, 0x0000, 0x0000, 0x0000, 0x0000, 0x0000,
0x0000, 0x0000, 0x0000, 0x0000, 0x0000, 0x0000, 0x0000, 0x0000, 0x0000, 0x0000, 0x0000, 0x0000, 0x0000, 0x0000, 0x0000, 0x0000,
0x0000, 0x0000, 0x0000, 0x0000, 0x0000, 0x0000, 0x0000, 0x0000, 0x0000, 0x0000, 0x0000, 0x0000, 0x0000, 0x0000, 0x0000, 0x0000,
0x0000, 0x0000, 0x0000, 0x0000, 0x0000, 0x0000, 0x0000, 0x0000, 0x0000, 0x0000, 0x0000, 0x0000, 0x0000, 0x0000, 0x0000, 0x0000,
0x0000, 0x0000, 0x0000, 0x0000, 0x0000, 0x0000, 0x0000, 0x0000, 0x0000, 0x0000, 0x0000, 0x0000, 0x0000, 0x0000, 0x0000, 0x0000,
0x0000, 0x0000, 0x0000, 0x0000, 0x0000, 0x0000, 0x0000, 0x0000, 0x0000, 0x0000, 0x0000, 0x0000, 0x0000, 0x0000, 0x0000, 0x0000,
0x0000, 0x0000, 0x0000, 0x0000, 0x0000, 0x0000, 0x0000, 0x0000, 0x0000, 0x0000, 0x0000, 0x0000, 0x0000, 0x0000, 0x0000, 0x0000,
0x0000, 0x0000, 0x0000, 0x0000, 0x0000, 0x0000, 0x0000, 0x0000, 0x0000, 0x0000, 0x0000, 0x0000, 0x0000, 0x0000, 0x0000, 0x0000,
0x0000, 0x0000, 0x0000, 0x0000, 0x0000, 0x0000, 0x0000, 0x0000, 0x0000, 0x0000, 0x0000, 0x0000, 0x0000, 0x0000, 0x0000, 0x0000,
0x0000, 0x0000, 0x0000, 0x0000, 0x0000, 0x0000, 0x0000, 0x0000, 0x0000, 0x0000, 0x0000, 0x0000, 0x0000, 0x0000, 0x0000, 0x0000,
0x0000, 0x0000, 0x0000, 0x0000, 0x0000, 0x0000, 0x0000, 0x0000, 0x0000, 0x0000, 0x0000, 0x0000, 0x0000, 0x0000, 0x0000, 0x0000,
0x0000, 0x0000, 0x0000, 0x0000, 0x0000, 0x0000, 0x0000, 0x0000, 0x0000, 0x0000, 0x0000, 0x0000, 0x0000, 0x0000, 0x0000, 0x0000,
0x0000, 0x0000, 0x0000, 0x0000, 0x0000, 0x0000, 0x0000, 0x0000, 0x0000, 0x0000, 0x0000, 0x0000, 0x0000, 0x0000, 0x0000, 0x0000,
0x0000, 0x0000, 0x0000, 0x0000, 0x0000, 0x0000, 0x0000, 0x0000, 0x0000, 0x0000, 0x0000, 0x0000, 0x0000, 0x0000, 0x0000, 0x0000,
0x0000, 0x0000, 0x0000, 0x0000, 0x0000, 0x0000, 0x0000, 0x0000, 0x0000, 0x0000, 0x0000, 0x0000, 0x0000, 0x0000, 0x0000, 0x0000,
0x0000, 0x0000, 0x0000, 0x0000, 0x0000, 0x0000, 0x0000, 0x0000, 0x0000, 0x0000, 0x0000, 0x0000, 0x0000, 0x0000, 0x0000, 0x0000,
0x0000, 0x0000, 0x0000, 0x0000, 0x0000, 0x0000, 0x0000, 0x0000, 0x0000, 0x0000, 0x0000, 0x0000, 0x0000, 0x0000, 0x0000, 0x0000,
0x0000, 0x0000, 0x0000, 0x0000, 0x0000, 0x0000, 0x0000, 0x0000, 0x0000, 0x0000, 0x0000, 0x0000, 0x0000, 0x0000, 0x0000, 0x0000,
0x0000, 0x0000, 0x0000, 0x0000, 0x0000, 0x0000, 0x0000, 0x0000, 0x0000, 0x0000, 0x0000, 0x0000, 0x0000, 0x0000, 0x0000, 0x0000,
0x0000, 0x0000, 0x0000, 0x0000, 0x0000, 0x0000, 0x0000, 0x0000, 0x0000, 0x0000, 0x0000, 0x0000, 0x0000, 0x0000, 0x0000, 0x0000,
0x0000, 0x0000, 0x0000, 0x0000, 0x0000, 0x0000, 0x0000, 0x0000, 0x0000, 0x0000, 0x0000, 0x0000, 0x0000, 0x0000, 0x0000, 0x0000,
0x0000, 0x0000, 0x0000, 0x0000, 0x0000, 0x0000, 0x0000, 0x0000, 0x0000, 0x0000, 0x0000, 0x0000, 0x0000, 0x0000, 0x0000, 0x0000,
0x0000, 0x0000, 0x0000, 0x0000, 0x0000, 0x0000, 0x0000, 0x0000, 0x0000, 0x0000, 0x0000, 0x0000, 0x0000, 0x0000, 0x0000, 0x0000,
0x0000, 0x0000, 0x0000, 0x0000, 0x0000, 0x0000, 0x0000, 0x0000, 0x0000, 0x0000, 0x0000, 0x0000, 0x0000, 0x0000, 0x0000, 0x0000,
0x0000, 0x0000, 0x0000, 0x0000, 0x0000, 0x0000, 0x0000, 0x0000, 0x0000, 0x0000, 0x0000, 0x0000, 0x0000, 0x0000, 0x0000, 0x0000,
0x0000, 0x0000, 0x0000, 0x0000, 0x0000, 0x0000, 0x0000, 0x0000, 0x0000, 0x0000, 0x0000, 0x0000, 0x0000, 0x0000, 0x0000, 0x0000,
0x0000, 0x0000, 0x0000, 0x0000, 0x0000, 0x0000, 0x0000, 0x0000, 0x0000, 0x0000, 0x0000, 0x0000, 0x0000, 0x0000, 0x0000, 0x0000,
0x0000, 0x0000, 0x0000, 0x0000, 0x0000, 0x0000, 0x0000, 0x0000, 0x0000, 0x0000, 0x0000, 0x0000, 0x0000, 0x0000, 0x0000, 0x0000,
0x0000, 0x0000, 0x0000, 0x0000, 0x0000, 0x0000, 0x0000, 0x0000, 0x0000, 0x0000, 0x0000, 0x0000, 0x0000, 0x0000, 0x0000, 0x0000,
0x0000, 0x0000, 0x0000, 0x0000, 0x0000, 0x0000, 0x0000, 0x0000, 0x0000, 0x0000, 0x0000, 0x0000, 0x0000, 0x0000, 0x0000, 0x0000,
0x0000, 0x0000, 0x0000, 0x0000, 0x0000, 0x0000, 0x0000, 0x0000, 0x0000, 0x0000, 0x0000, 0x0000, 0x0000, 0x0000, 0x0000, 0x0000,
0x0000, 0x0000, 0x0000, 0x0000, 0x0000, 0x0000, 0x0000, 0x0000, 0x0000, 0x0000, 0x0000, 0x0000, 0x0000, 0x0000, 0x0000, 0x0000,
0x0000, 0x0000, 0x0000, 0x0000, 0x0000, 0x0000, 0x0000, 0x0000, 0x0000, 0x0000, 0x0000, 0x0000, 0x0000, 0x0000, 0x0000, 0x0000,
0x0000, 0x0000, 0x0000, 0x0000, 0x0000, 0x0000, 0x0000, 0x0000, 0x0000, 0x0000, 0x0000, 0x0000, 0x0000, 0x0000, 0x0000, 0x0000,
0x0000, 0x0000, 0x0000, 0x0000, 0x0000, 0x0000, 0x0000, 0x0000, 0x0000, 0x0000, 0x0000, 0x0000, 0x0000, 0x0000, 0x0000, 0x0000,
0x0000, 0x0000, 0x0000, 0x0000, 0x0000, 0x0000, 0x0000, 0x0000, 0x0000, 0x0000, 0x0000, 0x0000, 0x0000, 0x0000, 0x0000, 0x0000,
0x0000, 0x0000, 0x0000, 0x0000, 0x0000, 0x0000, 0x0000, 0x0000, 0x0000, 0x0000, 0x0000, 0x0000, 0x0000, 0x0000, 0x0000, 0x0000,
0x0000, 0x0000, 0x0000, 0x0000, 0x0000, 0x0000, 0x0000, 0x0000, 0x0000, 0x0000, 0x0000, 0x0000, 0x0000, 0x0000, 0x0000, 0x0000,
0x0000, 0x0000, 0x0000, 0x0000, 0x0000, 0x0000, 0x0000, 0x0000, 0x0000, 0x0000, 0x0000, 0x0000, 0x0000, 0x0000, 0x0000, 0x0000,
0x0000, 0x0000, 0x0000, 0x0000, 0x0000, 0x0000, 0x0000, 0x0000, 0x0000, 0x0000, 0x0000, 0x0000, 0x0000, 0x0000, 0x0000, 0x0000,
0x0000, 0x0000, 0x0000, 0x0000, 0x0000, 0x0000, 0x0000, 0x0000, 0x0000, 0x0000, 0x0000, 0x0000, 0x0000, 0x0000, 0x0000, 0x0000,
0x0000, 0x0000, 0x0000, 0x0000, 0x0000, 0x0000, 0x0000, 0x0000, 0x0000, 0x0000, 0x0000, 0x0000, 0x0000, 0x0000, 0x0000, 0x0000,
0x0000, 0x0000, 0x0000, 0x0000, 0x0000, 0x0000, 0x0000, 0x0000, 0x0000, 0x0000, 0x0000, 0x0000, 0x0000, 0x0000, 0x0000, 0x0000,
0x0000, 0x0000, 0x0000, 0x0000, 0x0000, 0x0000, 0x0000, 0x0000, 0x0000, 0x0000, 0x0000, 0x0000, 0x0000, 0x0000, 0x0000, 0x0000,
0x0000, 0x0000, 0x0000, 0x0000, 0x0000, 0x0000, 0x0000, 0x0000, 0x0000, 0x0000, 0x0000, 0x0000, 0x0000, 0x0000, 0x0000, 0x0000,
0x0000, 0x0000, 0x0000, 0x0000, 0x0000, 0x0000, 0x0000, 0x0000, 0x0000, 0x0000, 0x0000, 0x0000, 0x0000, 0x0000, 0x0000, 0x0000,
0x0000, 0x0000, 0x0000, 0x0000, 0x0000, 0x0000, 0x0000, 0x0000, 0x0000, 0x0000, 0x0000, 0x0000, 0x0000, 0x0000, 0x0000, 0x0000,
0x0000, 0x0000, 0x0000, 0x0000, 0x0000, 0x0000, 0x0000, 0x0000, 0x0000, 0x0000, 0x0000, 0x0000, 0x0000, 0x0000, 0x0000, 0x0000,
0x0000, 0x0000, 0x0000, 0x0000, 0x0000, 0x0000, 0x0000, 0x0000, 0x0000, 0x0000, 0x0000, 0x0000, 0x0000, 0x0000, 0x0000, 0x0000,
0x0000, 0x0000, 0x0000, 0x0000, 0x0000, 0x0000, 0x0000, 0x0000, 0x0000, 0x0000, 0x0000, 0x0000, 0x0000, 0x0000, 0x0000, 0x0000,
0x0000, 0x0000, 0x0000, 0x0000, 0x0000, 0x0000, 0x0000, 0x0000, 0x0000, 0x0000, 0x0000, 0x0000, 0x0000, 0x0000, 0x0000, 0x0000,
0x0000, 0x0000, 0x0000, 0x0000, 0x0000, 0x0000, 0x0000, 0x0000, 0x0000, 0x0000, 0x0000, 0x0000, 0x0000, 0x0000, 0x0000, 0x0000,
0x0000, 0x0000, 0x0000, 0x0000, 0x0000, 0x0000, 0x0000, 0x0000, 0x0000, 0x0000, 0x0000, 0x0000, 0x0000, 0x0000, 0x0000, 0x0000,
0x0000, 0x0000, 0x0000, 0x0000, 0x0000, 0x0000, 0x0000, 0x0000, 0x0000, 0x0000, 0x0000, 0x0000, 0x0000, 0x0000, 0x0000, 0x0000,
0x0000, 0x0000, 0x0000, 0x0000, 0x0000, 0x0000, 0x0000, 0x0000, 0x0000, 0x0000, 0x0000, 0x0000, 0x0000, 0x0000, 0x0000, 0x0000,
0x0000, 0x0000, 0x0000, 0x0000, 0x0000, 0x0000, 0x0000, 0x0000, 0x0000, 0x0000, 0x0000, 0x0000, 0x0000, 0x0000, 0x0000, 0x0000,
0x0000, 0x0000, 0x0000, 0x0000, 0x0000, 0x0000, 0x0000, 0x0000, 0x0000, 0x0000, 0x0000, 0x0000, 0x0000, 0x0000, 0x0000, 0x0000,
0x0000, 0x0000, 0x0000, 0x0000, 0x0000, 0x0000, 0x0000, 0x0000, 0x0000, 0x0000, 0x0000, 0x0000, 0x0000, 0x0000, 0x0000, 0x0000,
0x0000, 0x0000, 0x0000, 0x0000, 0x0000, 0x0000, 0x0000, 0x0000, 0x0000, 0x0000, 0x0000, 0x0000, 0x0000, 0x0000, 0x0000, 0x0000,
0x0000, 0x0000, 0x0000, 0x0000, 0x0000, 0x0000, 0x0000, 0x0000, 0x0000, 0x0000, 0x0000, 0x0000, 0x0000, 0x0000, 0x0000, 0x0000,
0x0000, 0x0000, 0x0000, 0x0000, 0x0000, 0x0000, 0x0000, 0x0000, 0x0000, 0x0000, 0x0000, 0x0000, 0x0000, 0x0000, 0x0000, 0x0000,
0x0000, 0x0000, 0x0000, 0x0000, 0x0000, 0x0000, 0x0000, 0x0000, 0x0000, 0x0000, 0x0000, 0x0000, 0x0000, 0x0000, 0x0000, 0x0000,
0x0000, 0x0000, 0x0000, 0x0000, 0x0000, 0x0000, 0x0000, 0x0000, 0x0000, 0x0000, 0x0000, 0x0000, 0x0000, 0x0000, 0x0000, 0x0000,
0x0000, 0x0000, 0x0000, 0x0000, 0x0000, 0x0000, 0x0000, 0x0000, 0x0000, 0x0000, 0x0000, 0x0000, 0x0000, 0x0000, 0x0000, 0x0000,
0x0000, 0x0000, 0x0000, 0x0000, 0x0000, 0x0000, 0x0000, 0x0000, 0x0000, 0x0000, 0x0000, 0x0000, 0x0000, 0x0000, 0x0000, 0x0000,
0x0000, 0x0000, 0x0000, 0x0000, 0x0000, 0x0000, 0x0000, 0x0000, 0x0000, 0x0000, 0x0000, 0x0000, 0x0000, 0x0000, 0x0000, 0x0000,
0x0000, 0x0000, 0x0000, 0x0000, 0x0000, 0x0000, 0x0000, 0x0000, 0x0000, 0x0000, 0x0000, 0x0000, 0x0000, 0x0000, 0x0000, 0x0000,
0x0000, 0x0000, 0x0000, 0x0000, 0x0000, 0x0000, 0x0000, 0x0000, 0x0000, 0x0000, 0x0000, 0x0000, 0x0000, 0x0000, 0x0000, 0x0000,
0x0000, 0x0000, 0x0000, 0x0000, 0x0000, 0x0000, 0x0000, 0x0000, 0x0000, 0x0000, 0x0000, 0x0000, 0x0000, 0x0000, 0x0000, 0x0000,
0x0000, 0x0000, 0x0000, 0x0000, 0x0000, 0x0000, 0x0000, 0x0000, 0x0000, 0x0000, 0x0000, 0x0000, 0x0000, 0x0000, 0x0000, 0x0000,
0x0000, 0x0000, 0x0000, 0x0000, 0x0000, 0x0000, 0x0000, 0x0000, 0x0000, 0x0000, 0x0000, 0x0000, 0x0000, 0x0000, 0x0000, 0x0000,
0x0000, 0x0000, 0x0000, 0x0000, 0x0000, 0x0000, 0x0000, 0x0000, 0x0000, 0x0000, 0x0000, 0x0000, 0x0000, 0x0000, 0x0000, 0x0000,
0x0000, 0x0000, 0x0000, 0x0000, 0x0000, 0x0000, 0x0000, 0x0000, 0x0000, 0x0000, 0x0000, 0x0000, 0x0000, 0x0000, 0x0000, 0x0000,
0x0000, 0x0000, 0x0000, 0x0000, 0x0000, 0x0000, 0x0000, 0x0000, 0x0000, 0x0000, 0x0000, 0x0000, 0x0000, 0x0000, 0x0000, 0x0000,
0x0000, 0x0000, 0x0000, 0x0000, 0x0000, 0x0000, 0x0000, 0x0000, 0x0000, 0x0000, 0x0000, 0x0000, 0x0000, 0x0000, 0x0000, 0x0000,
0x0000, 0x0000, 0x0000, 0x0000, 0x0000, 0x0000, 0x0000, 0x0000, 0x0000, 0x0000, 0x0000, 0x0000, 0x0000, 0x0000, 0x0000, 0x0000,
0x0000, 0x0000, 0x0000, 0x0000, 0x0000, 0x0000, 0x0000, 0x0000, 0x0000, 0x0000, 0x0000, 0x0000, 0x0000, 0x0000, 0x0000, 0x0000,
0x0000, 0x0000, 0x0000, 0x0000, 0x0000, 0x0000, 0x0000, 0x0000, 0x0000, 0x0000, 0x0000, 0x0000, 0x0000, 0x0000, 0x0000, 0x0000
};

const uint16_t slytherinWake[135 * 240] PROGMEM = {
0x0000, 0x0000, 0x0000, 0x0000, 0x0000, 0x0000, 0x0000, 0x0000, 0x0000, 0x0000, 0x0000, 0x0000, 0x0000, 0x0000, 0x0000, 0x0000,
0x0000, 0x0000, 0x0000, 0x0000, 0x0000, 0x0000, 0x0000, 0x0000, 0x0000, 0x0000, 0x0000, 0x0000, 0x0000, 0x0000, 0x0000, 0x0000,
0x0000, 0x0000, 0x0000, 0x0000, 0x0000, 0x0000, 0x0000, 0x0000, 0x0000, 0x0000, 0x0000, 0x0000, 0x0000, 0x0000, 0x0000, 0x0000,
0x0000, 0x0000, 0x0000, 0x0000, 0x0000, 0x0000, 0x0000, 0x0000, 0x0000, 0x0000, 0x0000, 0x0000, 0x0000, 0x0000, 0x0000, 0x0000,
0x0000, 0x0000, 0x0000, 0x0000, 0x0000, 0x0000, 0x0000, 0x0000, 0x0000, 0x0000, 0x0000, 0x0000, 0x0000, 0x0000, 0x0000, 0x0000,
0x0000, 0x0000, 0x0000, 0x0000, 0x0000, 0x0000, 0x0000, 0x0000, 0x0000, 0x0000, 0x0000, 0x0000, 0x0000, 0x0000, 0x0000, 0x0000,
0x0000, 0x0000, 0x0000, 0x0000, 0x0000, 0x0000, 0x0000, 0x0000, 0x0000, 0x0000, 0x0000, 0x0000, 0x0000, 0x0000, 0x0000, 0x0000,
0x0000, 0x0000, 0x0000, 0x0000, 0x0000, 0x0000, 0x0000, 0x0000, 0x0000, 0x0000, 0x0000, 0x0000, 0x0000, 0x0000, 0x0000, 0x0000,
0x0000, 0x0000, 0x0000, 0x0000, 0x0000, 0x0000, 0x0000, 0x0000, 0x0000, 0x0000, 0x0000, 0x0000, 0x0000, 0x0000, 0x0000, 0x0000,
0x0000, 0x0000, 0x0000, 0x0000, 0x0000, 0x0000, 0x0000, 0x0000, 0x0000, 0x0000, 0x0000, 0x0000, 0x0000, 0x0000, 0x0000, 0x0000,
0x0000, 0x0000, 0x0000, 0x0000, 0x0000, 0x0000, 0x0000, 0x0000, 0x0000, 0x0000, 0x0000, 0x0000, 0x0000, 0x0000, 0x0000, 0x0000,
0x0000, 0x0000, 0x0000, 0x0000, 0x0000, 0x0000, 0x0000, 0x0000, 0x0000, 0x0000, 0x0000, 0x0000, 0x0000, 0x0000, 0x0000, 0x0000,
0x0000, 0x0000, 0x0000, 0x0000, 0x0000, 0x0000, 0x0000, 0x0000, 0x0000, 0x0000, 0x0000, 0x0000, 0x0000, 0x0000, 0x0000, 0x0000,
0x0000, 0x0000, 0x0000, 0x0000, 0x0000, 0x0000, 0x0000, 0x0000, 0x0000, 0x0000, 0x0000, 0x0000, 0x0000, 0x0000, 0x0000, 0x0000,
0x0000, 0x0000, 0x0000, 0x0000, 0x0000, 0x0000, 0x0000, 0x0000, 0x0000, 0x0000, 0x0000, 0x0000, 0x0000, 0x0000, 0x0000, 0x0000,
0x0000, 0x0000, 0x0000, 0x0000, 0x0000, 0x0000, 0x0000, 0x0000, 0x0000, 0x0000, 0x0000, 0x0000, 0x0000, 0x0000, 0x0000, 0x0000,
0x0000, 0x0000, 0x0000, 0x0000, 0x0000, 0x0000, 0x0000, 0x0000, 0x0000, 0x0000, 0x0000, 0x0000, 0x0000, 0x0000, 0x0000, 0x0000,
0x0000, 0x0000, 0x0000, 0x0000, 0x0000, 0x0000, 0x0000, 0x0000, 0x0000, 0x0000, 0x0000, 0x0000, 0x0000, 0x0000, 0x0000, 0x0000,
0x0000, 0x0000, 0x0000, 0x0000, 0x0000, 0x0000, 0x0000, 0x0000, 0x0000, 0x0000, 0x0000, 0x0000, 0x0000, 0x0000, 0x0000, 0x0000,
0x0000, 0x0000, 0x0000, 0x0000, 0x0000, 0x0000, 0x0000, 0x0000, 0x0000, 0x0000, 0x0000, 0x0000, 0x0000, 0x0000, 0x0000, 0x0000,
0x0000, 0x0000, 0x0000, 0x0000, 0x0000, 0x0000, 0x0000, 0x0000, 0x0000, 0x0000, 0x0000, 0x0000, 0x0000, 0x0000, 0x0000, 0x0000,
0x0000, 0x0000, 0x0000, 0x0000, 0x0000, 0x0000, 0x0000, 0x0000, 0x0000, 0x0000, 0x0000, 0x0000, 0x0000, 0x0000, 0x0000, 0x0000,
0x0000, 0x0000, 0x0000, 0x0000, 0x0000, 0x0000, 0x0000, 0x0000, 0x0000, 0x0000, 0x0000, 0x0000, 0x0000, 0x0000, 0x0000, 0x0000,
0x0000, 0x0000, 0x0000, 0x0000, 0x0000, 0x0000, 0x0000, 0x0000, 0x0000, 0x0000, 0x0000, 0x0000, 0x0000, 0x0000, 0x0000, 0x0000,
0x0000, 0x0000, 0x0000, 0x0000, 0x0000, 0x0000, 0x0000, 0x0000, 0x0000, 0x0000, 0x0000, 0x0000, 0x0000, 0x0000, 0x0000, 0x0000,
0x0000, 0x0000, 0x0000, 0x0000, 0x0000, 0x0000, 0x0000, 0x0000, 0x0000, 0x0000, 0x0000, 0x0000, 0x0000, 0x0000, 0x0000, 0x0000,
0x0000, 0x0000, 0x0000, 0x0000, 0x0000, 0x0000, 0x0000, 0x0000, 0x0000, 0x0000, 0x0000, 0x0000, 0x0000, 0x0000, 0x0000, 0x0000,
0x0000, 0x0000, 0x0000, 0x0000, 0x0000, 0x0000, 0x0000, 0x0000, 0x0000, 0x0000, 0x0000, 0x0000, 0x0000, 0x0000, 0x0000, 0x0000,
0x0000, 0x0000, 0x0000, 0x0000, 0x0000, 0x0000, 0x0000, 0x0000, 0x0000, 0x0000, 0x0000, 0x0000, 0x0000, 0x0000, 0x0000, 0x0000,
0x0000, 0x0000, 0x0000, 0x0000, 0x0000, 0x0000, 0x0000, 0x0000, 0x0000, 0x0000, 0x0000, 0x0000, 0x0000, 0x0000, 0x0000, 0x0000,
0x0000, 0x0000, 0x0000, 0x0000, 0x0000, 0x0000, 0x0000, 0x0000, 0x0000, 0x0000, 0x0000, 0x0000, 0x0000, 0x0000, 0x0000, 0x0000,
0x0000, 0x0000, 0x0000, 0x0000, 0x0000, 0x0000, 0x0000, 0x0000, 0x0000, 0x0000, 0x0000, 0x0000, 0x0000, 0x0000, 0x0000, 0x0000,
0x0000, 0x0000, 0x0000, 0x0000, 0x0000, 0x0000, 0x0000, 0x0000, 0x0000, 0x0000, 0x0000, 0x0000, 0x0000, 0x0000, 0x0000, 0x0000,
0x0000, 0x0000, 0x0000, 0x0000, 0x0000, 0x0000, 0x0000, 0x0000, 0x0000, 0x0000, 0x0000, 0x0000, 0x0000, 0x0000, 0x0000, 0x0000,
0x0000, 0x0000, 0x0000, 0x0000, 0x0000, 0x0000, 0x0000, 0x0000, 0x0000, 0x0000, 0x0000, 0x0000, 0x0000, 0x0000, 0x0000, 0x0000,
0x0000, 0x0000, 0x0000, 0x0000, 0x0000, 0x0000, 0x0000, 0x0000, 0x0000, 0x0000, 0x0000, 0x0000, 0x0000, 0x0000, 0x0000, 0x0000,
0x0000, 0x0000, 0x0000, 0x0000, 0x0000, 0x0000, 0x0000, 0x0000, 0x0000, 0x0000, 0x0000, 0x0000, 0x0000, 0x0000, 0x0000, 0x0000,
0x0000, 0x0000, 0x0000, 0x0000, 0x0000, 0x0000, 0x0000, 0x0000, 0x0000, 0x0000, 0x0000, 0x0000, 0x0000, 0x0000, 0x0000, 0x0000,
0x0000, 0x0000, 0x0000, 0x0000, 0x0000, 0x0000, 0x0000, 0x0000, 0x0000, 0x0000, 0x0000, 0x0000, 0x0000, 0x0000, 0x0000, 0x0000,
0x0000, 0x0000, 0x0000, 0x0000, 0x0000, 0x0000, 0x0000, 0x0000, 0x0000, 0x0000, 0x0000, 0x0000, 0x0000, 0x0000, 0x0000, 0x0000,
0x0000, 0x0000, 0x0000, 0x0000, 0x0000, 0x0000, 0x0000, 0x0000, 0x0000, 0x0000, 0x0000, 0x0000, 0x0000, 0x0000, 0x0000, 0x0000,
0x0000, 0x0000, 0x0000, 0x0000, 0x0000, 0x0000, 0x0000, 0x0000, 0x0000, 0x0000, 0x0000, 0x0000, 0x0000, 0x0000, 0x0000, 0x0000,
0x0000, 0x0000, 0x0000, 0x0000, 0x0000, 0x0000, 0x0000, 0x0000, 0x0000, 0x0000, 0x0000, 0x0000, 0x0000, 0x0000, 0x0000, 0x0000,
0x0000, 0x0000, 0x0000, 0x0000, 0x0000, 0x0000, 0x0000, 0x0000, 0x0000, 0x0000, 0x0000, 0x0000, 0x0000, 0x0000, 0x0000, 0x0000,
0x0000, 0x0000, 0x0000, 0x0000, 0x0000, 0x0000, 0x0000, 0x0000, 0x0000, 0x0000, 0x0000, 0x0000, 0x0000, 0x0000, 0x0000, 0x0000,
0x0000, 0x0000, 0x0000, 0x0000, 0x0000, 0x0000, 0x0000, 0x0000, 0x0000, 0x0000, 0x0000, 0x0000, 0x0000, 0x0000, 0x0000, 0x0000,
0x0000, 0x0000, 0x0000, 0x0000, 0x0000, 0x0000, 0x0000, 0x0000, 0x0000, 0x0000, 0x0000, 0x0000, 0x0000, 0x0000, 0x0000, 0x0000,
0x0000, 0x0000, 0x0000, 0x0000, 0x0000, 0x0000, 0x0000, 0x0000, 0x0000, 0x0000, 0x0000, 0x0000, 0x0000, 0x0000, 0x0000, 0x0000,
0x0000, 0x0000, 0x0000, 0x0000, 0x0000, 0x0000, 0x0000, 0x0000, 0x0000, 0x0000, 0x0000, 0x0000, 0x0000, 0x0000, 0x0000, 0x0000,
0x0000, 0x0000, 0x0000, 0x0000, 0x0000, 0x0000, 0x0000, 0x0000, 0x0000, 0x0000, 0x0000, 0x0000, 0x0000, 0x0000, 0x0000, 0x0000,
0x0000, 0x0000, 0x0000, 0x0000, 0x0000, 0x0000, 0x0000, 0x0000, 0x0000, 0x0000, 0x0000, 0x0000, 0x0000, 0x0000, 0x0000, 0x0000,
0x0000, 0x0000, 0x0000, 0x0000, 0x0000, 0x0000, 0x0000, 0x0000, 0x0000, 0x0000, 0x0000, 0x0000, 0x0000, 0x0000, 0x0000, 0x0000,
0x0000, 0x0000, 0x0000, 0x0000, 0x0000, 0x0000, 0x0000, 0x0000, 0x0000, 0x0000, 0x0000, 0x0000, 0x0000, 0x0000, 0x0000, 0x0000,
0x0000, 0x0000, 0x0000, 0x0000, 0x0000, 0x0000, 0x0000, 0x0000, 0x0000, 0x0000, 0x0000, 0x0000, 0x0000, 0x0000, 0x0000, 0x0000,
0x0000, 0x0000, 0x0000, 0x0000, 0x0000, 0x0000, 0x0000, 0x0000, 0x0000, 0x0000, 0x0000, 0x0000, 0x0000, 0x0000, 0x0000, 0x0000,
0x0000, 0x0000, 0x0000, 0x0000, 0x0000, 0x0000, 0x0000, 0x0000, 0x0000, 0x0000, 0x0000, 0x0000, 0x0000, 0x0000, 0x0000, 0x0000,
0x0000, 0x0000, 0x0000, 0x0000, 0x0000, 0x0000, 0x0000, 0x0000, 0x0000, 0x0000, 0x0000, 0x0000, 0x0000, 0x0000, 0x0000, 0x0000,
0x0000, 0x0000, 0x0000, 0x0000, 0x0000, 0x0000, 0x0000, 0x0000, 0x0000, 0x0000, 0x0000, 0x0000, 0x0000, 0x0000, 0x0000, 0x0000,
0x0000, 0x0000, 0x0000, 0x0000, 0x0000, 0x0000, 0x0000, 0x0000, 0x0000, 0x0000, 0x0000, 0x0000, 0x0000, 0x0000, 0x0000, 0x0000,
0x0000, 0x0000, 0x0000, 0x0000, 0x0000, 0x0000, 0x0000, 0x0000, 0x0000, 0x0000, 0x0000, 0x0000, 0x0000, 0x0000, 0x0000, 0x0000,
0x0000, 0x0000, 0x0000, 0x0000, 0x0000, 0x0000, 0x0000, 0x0000, 0x0000, 0x0000, 0x0000, 0x0000, 0x0000, 0x0000, 0x0000, 0x0000,
0x0000, 0x0000, 0x0000, 0x0000, 0x0000, 0x0000, 0x0000, 0x0000, 0x0000, 0x0000, 0x0000, 0x0000, 0x0000, 0x0000, 0x0000, 0x0000,
0x0000, 0x0000, 0x0000, 0x0000, 0x0000, 0x0000, 0x0000, 0x0000, 0x0000, 0x0000, 0x0000, 0x0000, 0x0000, 0x0000, 0x0000, 0x0000,
0x0000, 0x0000, 0x0000, 0x0000, 0x0000, 0x0000, 0x0000, 0x0000, 0x0000, 0x0000, 0x0000, 0x0000, 0x0000, 0x0000, 0x0000, 0x0000,
0x0000, 0x0000, 0x0000, 0x0000, 0x0000, 0x0000, 0x0000, 0x0000, 0x0000, 0x0000, 0x0000, 0x0000, 0x0000, 0x0000, 0x0000, 0x0000,
0x0000, 0x0000, 0x0000, 0x0000, 0x0000, 0x0000, 0x0000, 0x0000, 0x0000, 0x0000, 0x0000, 0x0000, 0x0000, 0x0000, 0x0000, 0x0000,
0x0000, 0x0000, 0x0000, 0x0000, 0x0000, 0x0000, 0x0000, 0x0000, 0x0000, 0x0000, 0x0000, 0x0000, 0x0000, 0x0000, 0x0000, 0x0000,
0x0000, 0x0000, 0x0000, 0x0000, 0x0000, 0x0000, 0x0000, 0x0000, 0x0000, 0x0000, 0x0000, 0x0000, 0x0000, 0x0000, 0x0000, 0x0000,
0x0000, 0x0000, 0x0000, 0x0000, 0x0000, 0x0000, 0x0000, 0x0000, 0x0000, 0x0000, 0x0000, 0x0000, 0x0000, 0x0000, 0x0000, 0x0000,
0x0000, 0x0000, 0x0000, 0x0000, 0x0000, 0x0000, 0x0000, 0x0000, 0x0000, 0x0000, 0x0000, 0x0000, 0x0000, 0x0000, 0x0000, 0x0000,
0x0000, 0x0000, 0x0000, 0x0000, 0x0000, 0x0000, 0x0000, 0x0000, 0x0000, 0x0000, 0x0000, 0x0000, 0x0000, 0x0000, 0x0000, 0x0000,
0x0000, 0x0000, 0x0000, 0x0000, 0x0000, 0x0000, 0x0000, 0x0000, 0x0000, 0x0000, 0x0000, 0x0000, 0x0000, 0x0000, 0x0000, 0x0000,
0x0000, 0x0000, 0x0000, 0x0000, 0x0000, 0x0000, 0x0000, 0x0000, 0x0000, 0x0000, 0x0000, 0x0000, 0x0000, 0x0000, 0x0000, 0x0000,
0x0000, 0x0000, 0x0000, 0x0000, 0x0000, 0x0000, 0x0000, 0x0000, 0x0000, 0x0000, 0x0000, 0x0000, 0x0000, 0x0000, 0x0000, 0x0000,
0x0000, 0x0000, 0x0000, 0x0000, 0x0000, 0x0000, 0x0000, 0x0000, 0x0000, 0x0000, 0x0000, 0x0000, 0x0000, 0x0000, 0x0000, 0x0000,
0x0000, 0x0000, 0x0000, 0x0000, 0x0000, 0x0000, 0x0000, 0x0000, 0x0000, 0x0000, 0x0000, 0x0000, 0x0000, 0x0000, 0x0000, 0x0000,
0x0000, 0x0000, 0x0000, 0x0000, 0x0000, 0x0000, 0x0000, 0x0000, 0x0000, 0x0000, 0x0000, 0x0000, 0x0000, 0x0000, 0x0000, 0x0000,
0x0000, 0x0000, 0x0000, 0x0000, 0x0000, 0x0000, 0x0000, 0x0000, 0x0000, 0x0000, 0x0000, 0x0000, 0x0000, 0x0000, 0x0000, 0x0000,
0x0000, 0x0000, 0x0000, 0x0000, 0x0000, 0x0000, 0x0000, 0x0000, 0x0000, 0x0000, 0x0000, 0x0000, 0x0000, 0x0000, 0x0000, 0x0000,
0x0000, 0x0000, 0x0000, 0x0000, 0x0000, 0x0000, 0x0000, 0x0000, 0x0000, 0x0000, 0x0000, 0x0000, 0x0000, 0x0000, 0x0000, 0x0000,
0x0000, 0x0000, 0x0000, 0x0000, 0x0000, 0x0000, 0x0000, 0x0000, 0x0000, 0x0000, 0x0000, 0x0000, 0x0000, 0x0000, 0x0000, 0x0000,
0x0000, 0x0000, 0x0000, 0x0000, 0x0000, 0x0000, 0x0000, 0x0000, 0x0000, 0x0000, 0x0000, 0x0000, 0x0000, 0x0000, 0x0000, 0x0000,
0x0000, 0x0000, 0x0000, 0x0000, 0x0000, 0x0000, 0x0000, 0x0000, 0x0000, 0x0000, 0x0000, 0x0000, 0x0000, 0x0000, 0x0000, 0x0000,
0x0000, 0x0000, 0x0000, 0x0000, 0x0000, 0x0000, 0x0000, 0x0000, 0x0000, 0x0000, 0x0000, 0x0000, 0x0000, 0x0000, 0x0000, 0x0000,
0x0000, 0x0000, 0x0000, 0x0000, 0x0000, 0x0000, 0x0000, 0x0000, 0x0000, 0x0000, 0x0000, 0x0000, 0x0000, 0x0000, 0x0000, 0x0000,
0x0000, 0x0000, 0x0000, 0x0000, 0x0000, 0x0000, 0x0000, 0x0000, 0x0000, 0x0000, 0x0000, 0x0000, 0x0000, 0x0000, 0x0000, 0x0000,
0x0000, 0x0000, 0x0000, 0x0000, 0x0000, 0x0000, 0x0000, 0x0000, 0x0000, 0x0000, 0x0000, 0x0000, 0x0000, 0x0000, 0x0000, 0x0000,
0x0000, 0x0000, 0x0000, 0x0000, 0x0000, 0x0000, 0x0000, 0x0000, 0x0000, 0x0000, 0x0000, 0x0000, 0x0000, 0x0000, 0x0000, 0x0000,
0x0000, 0x0000, 0x0000, 0x0000, 0x0000, 0x0000, 0x0000, 0x0000, 0x0000, 0x0000, 0x0000, 0x0000, 0x0000, 0x0000, 0x0000, 0x0000,
0x0000, 0x0000, 0x0000, 0x0000, 0x0000, 0x0000, 0x0000, 0x0000, 0x0000, 0x0000, 0x0000, 0x0000, 0x0000, 0x0000, 0x0000, 0x0000,
0x0000, 0x0000, 0x0000, 0x0000, 0x0000, 0x0000, 0x0000, 0x0000, 0x0000, 0x0000, 0x0000, 0x0000, 0x0000, 0x0000, 0x0000, 0x0000,
0x0000, 0x0000, 0x0000, 0x0000, 0x0000, 0x0000, 0x0000, 0x0000, 0x0000, 0x0000, 0x0000, 0x0000, 0x0000, 0x0000, 0x0000, 0x0000,
0x0000, 0x0000, 0x0000, 0x0000, 0x0000, 0x0000, 0x0000, 0x0000, 0x0000, 0x0000, 0x0000, 0x0000, 0x0000, 0x0000, 0x0000, 0x0000,
0x0000, 0x0000, 0x0000, 0x0000, 0x0000, 0x0000, 0x0000, 0x0000, 0x0000, 0x0000, 0x0000, 0x0000, 0x0000, 0x0000, 0x0000, 0x0000,
0x0000, 0x0000, 0x0000, 0x0000, 0x0000, 0x0000, 0x0000, 0x0000, 0x0000, 0x0000, 0x0000, 0x0000, 0x0000, 0x0000, 0x0000, 0x0000,
0x0000, 0x0000, 0x0000, 0x0000, 0x0000, 0x0000, 0x0000, 0x0000, 0x0000, 0x0000, 0x0000, 0x0000, 0x0000, 0x0000, 0x0000, 0x0000,
0x0000, 0x0000, 0x0000, 0x0000, 0x0000, 0x0000, 0x0000, 0x0000, 0x0000, 0x0000, 0x0000, 0x0000, 0x0000, 0x0000, 0x0000, 0x0000,
0x0000, 0x0000, 0x0000, 0x0000, 0x0000, 0x0000, 0x0000, 0x0000, 0x0000, 0x0000, 0x0000, 0x0000, 0x0000, 0x0000, 0x0000, 0x0000,
0x0000, 0x0000, 0x0000, 0x0000, 0x0000, 0x0000, 0x0000, 0x0000, 0x0000, 0x0000, 0x0000, 0x0000, 0x0000, 0x0000, 0x0000, 0x0000,
0x0000, 0x0000, 0x0000, 0x0000, 0x0000, 0x0000, 0x0000, 0x0000, 0x0000, 0x0000, 0x0000, 0x0000, 0x0000, 0x0000, 0x0000, 0x0000,
0x0000, 0x0000, 0x0000, 0x0000, 0x0000, 0x0000, 0x0000, 0x0000, 0x0000, 0x0000, 0x0000, 0x0000, 0x0000, 0x0000, 0x0000, 0x0000,
0x0000, 0x0000, 0x0000, 0x0000, 0x0000, 0x0000, 0x0000, 0x0000, 0x0000, 0x0000, 0x0000, 0x0000, 0x0000, 0x0000, 0x0000, 0x0000,
0x0000, 0x0000, 0x0000, 0x0000, 0x0000, 0x0000, 0x0000, 0x0000, 0x0000, 0x0000, 0x0000, 0x0000, 0x0000, 0x0000, 0x0000, 0x0000,
0x0000, 0x0000, 0x0000, 0x0000, 0x0000, 0x0000, 0x0000, 0x0000, 0x0000, 0x0000, 0x0000, 0x0000, 0x0000, 0x0000, 0x0000, 0x0000,
0x0000, 0x0000, 0x0000, 0x0000, 0x0000, 0x0000, 0x0000, 0x0000, 0x0000, 0x0000, 0x0000, 0x0000, 0x0000, 0x0000, 0x0000, 0x0000,
0x0000, 0x0000, 0x0000, 0x0000, 0x0000, 0x0000, 0x0000, 0x0000, 0x0000, 0x0000, 0x0000, 0x0000, 0x0000, 0x0000, 0x0000, 0x0000,
0x0000, 0x0000, 0x0000, 0x0000, 0x0000, 0x0000, 0x0000, 0x0000, 0x0000, 0x0000, 0x0000, 0x0000, 0x0000, 0x0000, 0x0000, 0x0000,
0x0000, 0x0000, 0x0000, 0x0000, 0x0000, 0x0000, 0x0000, 0x0000, 0x0000, 0x0000, 0x0000, 0x0000, 0x0000, 0x0000, 0x0000, 0x0000,
0x0000, 0x0000, 0x0000, 0x0000, 0x0000, 0x0000, 0x0000, 0x0000, 0x0000, 0x0000, 0x0000, 0x0000, 0x0000, 0x0000, 0x0000, 0x0000,
0x0000, 0x0000, 0x0000, 0x0000, 0x0000, 0x0000, 0x0000, 0x0000, 0x0000, 0x0000, 0x0000, 0x0000, 0x0000, 0x0000, 0x0000, 0x0000,
0x0000, 0x0000, 0x0000, 0x0000, 0x0000, 0x0000, 0x0000, 0x0000, 0x0000, 0x0000, 0x0000, 0x0000, 0x0000, 0x0000, 0x0000, 0x0000,
0x0000, 0x0000, 0x0000, 0x0000, 0x0000, 0x0000, 0x0000, 0x0000, 0x0000, 0x0000, 0x0000, 0x0000, 0x0000, 0x0000, 0x0000, 0x0000,
0x0000, 0x0000, 0x0000, 0x0000, 0x0000, 0x0000, 0x0000, 0x0000, 0x0000, 0x0000, 0x0000, 0x0000, 0x0000, 0x0000, 0x0000, 0x0000,
0x0000, 0x0000, 0x0000, 0x0000, 0x0000, 0x0000, 0x0000, 0x0000, 0x0000, 0x0000, 0x0000, 0x0000, 0x0000, 0x0000, 0x0000, 0x0000,
0x0000, 0x0000, 0x0000, 0x0000, 0x0000, 0x0000, 0x0000, 0x0000, 0x0000, 0x0000, 0x0000, 0x0000, 0x0000, 0x0000, 0x0000, 0x0000,
0x0000, 0x0000, 0x0000, 0x0000, 0x0000, 0x0000, 0x0000, 0x0000, 0x0000, 0x0000, 0x0000, 0x0000, 0x0000, 0x0000, 0x0000, 0x0000,
0x0000, 0x0000, 0x0000, 0x0000, 0x0000, 0x0000, 0x0000, 0x0000, 0x0000, 0x0000, 0x0000, 0x0000, 0x0000, 0x0000, 0x0000, 0x0000,
0x0000, 0x0000, 0x0000, 0x0000, 0x0000, 0x0000, 0x0000, 0x0000, 0x0000, 0x0000, 0x0000, 0x0000, 0x0000, 0x0000, 0x0000, 0x0000,
0x0000, 0x0000, 0x0000, 0x0000, 0x0000, 0x0000, 0x0000, 0x0000, 0x0000, 0x0000, 0x0000, 0x0000, 0x0000, 0x0000, 0x0000, 0x0000,
0x0000, 0x0000, 0x0000, 0x0000, 0x0000, 0x0000, 0x0000, 0x0000, 0x0000, 0x0000, 0x0000, 0x0000, 0x0000, 0x0000, 0x0000, 0x0000,
0x0000, 0x0000, 0x0000, 0x0000, 0x0000, 0x0000, 0x0000, 0x0000, 0x0000, 0x0000, 0x0000, 0x0000, 0x0000, 0x0000, 0x0000, 0x0000,
0x0000, 0x0000, 0x0000, 0x0000, 0x0000, 0x0000, 0x0000, 0x0000, 0x0000, 0x0000, 0x0000, 0x0000, 0x0000, 0x0000, 0x0000, 0x0000,
0x0000, 0x0000, 0x0000, 0x0000, 0x0000, 0x0000, 0x0000, 0x0000, 0x0000, 0x0000, 0x0000, 0x0000, 0x0000, 0x0000, 0x0000, 0x0000,
0x0000, 0x0000, 0x0000, 0x0000, 0x0000, 0x0000, 0x0000, 0x0000, 0x0000, 0x0000, 0x0000, 0x0000, 0x0000, 0x0000, 0x0000, 0x0000,
0x0000, 0x0000, 0x0000, 0x0000, 0x0000, 0x0000, 0x0000, 0x0000, 0x0000, 0x0000, 0x0000, 0x0000, 0x0000, 0x0000, 0x0000, 0x0000,
0x0000, 0x0000, 0x0000, 0x0000, 0x0000, 0x0000, 0x0000, 0x0000, 0x0000, 0x0000, 0x0000, 0x0000, 0x0000, 0x0000, 0x0000, 0x0000,
0x0000, 0x0000, 0x0000, 0x0000, 0x0000, 0x0000, 0x0000, 0x0000, 0x0000, 0x0000, 0x0000, 0x0000, 0x0000, 0x0000, 0x0000, 0x0000,
0x0000, 0x0000, 0x0000, 0x0000, 0x0000, 0x0000, 0x0000, 0x0000, 0x0000, 0x0000, 0x0000, 0x0000, 0x0000, 0x0000, 0x0000, 0x0000,
0x0000, 0x0000, 0x0000, 0x0000, 0x0000, 0x0000, 0x0000, 0x0000, 0x0000, 0x0000, 0x0000, 0x0000, 0x0000, 0x0000, 0x0000, 0x0000,
0x0000, 0x0000, 0x0000, 0x0000, 0x0000, 0x0000, 0x0000, 0x0000, 0x0000, 0x0000, 0x0000, 0x0000, 0x0000, 0x0000, 0x0000, 0x0000,
0x0000, 0x0000, 0x0000, 0x0000, 0x0000, 0x0000, 0x0000, 0x0000, 0x0000, 0x0000, 0x0000, 0x0000, 0x0000, 0x0000, 0x0000, 0x0000,
0x0000, 0x0000, 0x0000, 0x0000, 0x0000, 0x0000, 0x0000, 0x0000, 0x0000, 0x0000, 0x0000, 0x0000, 0x0000, 0x0000, 0x0000, 0x0000,
0x0000, 0x0000, 0x0000, 0x0000, 0x0000, 0x0000, 0x0000, 0x0000, 0x0000, 0x0000, 0x0000, 0x0000, 0x0000, 0x0000, 0x0000, 0x0000,
0x0000, 0x0000, 0x0000, 0x0000, 0x0000, 0x0000, 0x0000, 0x0000, 0x0000, 0x0000, 0x0000, 0x0000, 0x0000, 0x0000, 0x0000, 0x0000,
0x0000, 0x0000, 0x0000, 0x0000, 0x0000, 0x0000, 0x0000, 0x0000, 0x0000, 0x0000, 0x0000, 0x0000, 0x0000, 0x0000, 0x0000, 0x0000,
0x0000, 0x0000, 0x0000, 0x0000, 0x0000, 0x0000, 0x0000, 0x0000, 0x0000, 0x0000, 0x0000, 0x0000, 0x0000, 0x0000, 0x0000, 0x0000,
0x0000, 0x0000, 0x0000, 0x0000, 0x0000, 0x0000, 0x0000, 0x0000, 0x0000, 0x0000, 0x0000, 0x0000, 0x0000, 0x0000, 0x0000, 0x0000,
0x0000, 0x0000, 0x0000, 0x0000, 0x0000, 0x0000, 0x0000, 0x0000, 0x0000, 0x0000, 0x0000, 0x0000, 0x0000, 0x0000, 0x0000, 0x0000,
0x0000, 0x0000, 0x0000, 0x0000, 0x0000, 0x0000, 0x0000, 0x0000, 0x0000, 0x0000, 0x0000, 0x0000, 0x0000, 0x0000, 0x0000, 0x0000,
0x0000, 0x0000, 0x0000, 0x0000, 0x0000, 0x0000, 0x0000, 0x0000, 0x0000, 0x0000, 0x0000, 0x0000, 0x0000, 0x0000, 0x0000, 0x0000,
0x0000, 0x0000, 0x0000, 0x0000, 0x0000, 0x0000, 0x0000, 0x0000, 0x0000, 0x0000, 0x0000, 0x0000, 0x0000, 0x0000, 0x0000, 0x0000,
0x0000, 0x0000, 0x0000, 0x0000, 0x0000, 0x0000, 0x0000, 0x0000, 0x0000, 0x0000, 0x0000, 0x0000, 0x0000, 0x0000, 0x0000, 0x0000,
0x0000, 0x0000, 0x0000, 0x0000, 0x0000, 0x0000, 0x0000, 0x0000, 0x0000, 0x0000, 0x0000, 0x0000, 0x0000, 0x0000, 0x0000, 0x0000,
0x0000, 0x0000, 0x0000, 0x0000, 0x0000, 0x0000, 0x0000, 0x0000, 0x0000, 0x0000, 0x0000, 0x0000, 0x0000, 0x0000, 0x0000, 0x0000,
0x0000, 0x0000, 0x0000, 0x0000, 0x0000, 0x0000, 0x0000, 0x0000, 0x0000, 0x0000, 0x0000, 0x0000, 0x0000, 0x0000, 0x0000, 0x0000,
0x0000, 0x0000, 0x0000, 0x0000, 0x0000, 0x0000, 0x0000, 0x0000, 0x0000, 0x0000, 0x0000, 0x0000, 0x0000, 0x0000, 0x0000, 0x0000,
0x0000, 0x0000, 0x0000, 0x0000, 0x0000, 0x0000, 0x0000, 0x0000, 0x0000, 0x0000, 0x0000, 0x0000, 0x0000, 0x0000, 0x0000, 0x0000,
0x0000, 0x0000, 0x0000, 0x0000, 0x0000, 0x0000, 0x0000, 0x0000, 0x0000, 0x0000, 0x0000, 0x0000, 0x0000, 0x0000, 0x0000, 0x0000,
0x0000, 0x0000, 0x0000, 0x0000, 0x0000, 0x0000, 0x0000, 0x0000, 0x0000, 0x0000, 0x0000, 0x0000, 0x0000, 0x0000, 0x0000, 0x0000,
0x0000, 0x0000, 0x0000, 0x0000, 0x0000, 0x0000, 0x0000, 0x0000, 0x0000, 0x0000, 0x0000, 0x0000, 0x0000, 0x0000, 0x0000, 0x0000,
0x0000, 0x0000, 0x0000, 0x0000, 0x0000, 0x0000, 0x0000, 0x0000, 0x0000, 0x0000, 0x0000, 0x0000, 0x0000, 0x0000, 0x0000, 0x0000,
0x0000, 0x0000, 0x0000, 0x0000, 0x0000, 0x0000, 0x0000, 0x0000, 0x0000, 0x0000, 0x0000, 0x0000, 0x0000, 0x0000, 0x0000, 0x0000,
0x0000, 0x0000, 0x0000, 0x0000, 0x0000, 0x0000, 0xD678, 0xC617, 0xD699, 0xD699, 0xD699, 0xD699, 0xD699, 0xDE99, 0xDEB9, 0xDEBA,
0xDEBA, 0xDEBA, 0xDEB9, 0xDE99, 0xDEBA, 0xDE99, 0xDEB9, 0xDE99, 0xDE99, 0xD699, 0xD699, 0xD699, 0xD699, 0xD699, 0xD699, 0xD699,
0xD699, 0xD699, 0xD679, 0xD679, 0xD679, 0xD678, 0xD678, 0xD678, 0xD679, 0xD679, 0xD658, 0xC5D6, 0xC616, 0xD658, 0xCE37, 0xCE37,
0xCE37, 0xCE37, 0xD658, 0xD658, 0xD658, 0xD658, 0xCE37, 0xCE37, 0xCE37, 0xCE37, 0xCE37, 0xCE37, 0xCE37, 0xCE37, 0xCE17, 0xCE17,
0xCE37, 0xCE37, 0xCE17, 0xCE17, 0xCE17, 0xCE37, 0xCE16, 0xCE16, 0xCE17, 0xCE17, 0xCE37, 0xCE17, 0xCE16, 0xCE16, 0xBDB5, 0xB573,
0xC5D5, 0xC5F6, 0xCDF6, 0xCE16, 0xCE16, 0xCE16, 0xCE16, 0xCDF6, 0xCDF6, 0xC5F6, 0xCDF6, 0xCDF6, 0xCDF6, 0xC5F6, 0xC5D5, 0xC5D5,
0xC5D5, 0xC5D5, 0xC5D5, 0xC5B5, 0xC5B5, 0xC5B4, 0xBDB4, 0xBD94, 0xBD94, 0xBD94, 0xBD94, 0xBD94, 0xBD94, 0xBD94, 0xBD93, 0xBD73,
0xBD73, 0xBD53, 0xACF1, 0xB512, 0xBD73, 0xBD73, 0xBD73, 0xBD73, 0xBD73, 0xBD73, 0xBD73, 0xBD73, 0x0000, 0x0000, 0x0000, 0x0000,
0x0000, 0x0000, 0x0000, 0x0000, 0x0000, 0x0000, 0x0000, 0x0000, 0x0000, 0x0000, 0x0000, 0x0000, 0x0000, 0xCE38, 0xC617, 0xD699,
0xD699, 0xD699, 0xD699, 0xD699, 0xD699, 0xD699, 0xDEBA, 0xDEB9, 0xDEB9, 0xD699, 0xD699, 0xDEBA, 0xDEB9, 0xDEB9, 0xD699, 0xD699,
0xD699, 0xD699, 0xD699, 0xD699, 0xD699, 0xD699, 0xD679, 0xD699, 0xD699, 0xD679, 0xD679, 0xD678, 0xD678, 0xD678, 0xD678, 0xD678,
0xD678, 0xCE37, 0xBDB5, 0xCE17, 0xCE58, 0xCE37, 0xCE37, 0xCE37, 0xCE37, 0xCE57, 0xCE58, 0xCE37, 0xD657, 0xCE37, 0xCE37, 0xCE37,
0xCE37, 0xCE37, 0xCE37, 0xCE37, 0xCE37, 0xCE37, 0xCE16, 0xCE17, 0xCE16, 0xCE16, 0xCE17, 0xCE16, 0xCE16, 0xCE16, 0xCE16, 0xCE16,
0xCE16, 0xCE17, 0xCE16, 0xCE16, 0xCE16, 0xBD94, 0xB553, 0xC5D5, 0xC5F6, 0xCDF6, 0xCDF6, 0xC5F6, 0xCDF6, 0xC5F6, 0xC5F6, 0xC5F6,
0xC5F6, 0xC5F6, 0xC5F6, 0xC5D6, 0xC5D5, 0xC5D5, 0xC5D5, 0xC5D5, 0xC5D5, 0xC5B5, 0xBDB4, 0xC5B5, 0xBDB4, 0xBD94, 0xBD94, 0xBD94,
0xBD94, 0xBD74, 0xBD73, 0xBD73, 0xBD73, 0xBD73, 0xBD73, 0xBD73, 0xB532, 0xACD1, 0xB532, 0xBD73, 0xBD73, 0xBD73, 0xBD73, 0xBD73,
0xBD73, 0xBD73, 0xBD73, 0x0000, 0x0000, 0x0000, 0x0000, 0x0000, 0x0000, 0x0000, 0x0000, 0x0000, 0x0000, 0x0000, 0x0000, 0x0000,
0x0000, 0x0000, 0x0000, 0x0000, 0xCE17, 0xCE38, 0xDEBA, 0xDEBA, 0xDEBA, 0xDEBA, 0xDEBA, 0xDEBA, 0xDEBA, 0xDEBA, 0xDEBA, 0xDEBA,
0xDEBA, 0xDEBA, 0xDEBA, 0xDEBA, 0xDEBA, 0xDEB9, 0xDEB9, 0xDEB9, 0xDE99, 0xDEB9, 0xDEB9, 0xDEB9, 0xD699, 0xDE99, 0xDE99, 0xDE99,
0xD699, 0xD699, 0xD699, 0xD699, 0xD679, 0xD679, 0xD699, 0xD679, 0xCE37, 0xBDB5, 0xCE37, 0xD658, 0xD658, 0xD658, 0xD658, 0xD657,
0xD658, 0xD658, 0xD658, 0xD658, 0xD657, 0xCE37, 0xD637, 0xD637, 0xCE37, 0xCE37, 0xCE37, 0xCE37, 0xCE37, 0xCE37, 0xCE37, 0xCE37,
0xCE37, 0xCE17, 0xCE17, 0xCE17, 0xCE37, 0xCE17, 0xCE37, 0xCE37, 0xCE36, 0xCE16, 0xCE16, 0xCE16, 0xBD94, 0xBD94, 0xCDF6, 0xCDF6,
0xCE16, 0xCDF6, 0xCDF6, 0xCE16, 0xCDF6, 0xCDF6, 0xCDF6, 0xCDF6, 0xCDF6, 0xC5F6, 0xC5F6, 0xC5F6, 0xC5D5, 0xC5D5, 0xC5D5, 0xC5D5,
0xC5B5, 0xC5B4, 0xC5B4, 0xBDB4, 0xBD94, 0xBD94, 0xBD94, 0xBD94, 0xBD93, 0xBD93, 0xBD93, 0xBD93, 0xBD73, 0xBD73, 0xBD73, 0xB532,
0xACD1, 0xBD53, 0xC594, 0xBD73, 0xBD73, 0xBD73, 0xBD73, 0xBD73, 0xBD93, 0xBD73, 0x0000, 0x0000, 0x0000, 0x0000, 0x0000, 0x0000,
0x0000, 0x0000, 0x0000, 0x0000, 0x0000, 0x0000, 0x0000, 0x0000, 0x0000, 0x0000, 0x0000, 0xCE37, 0xC617, 0xCE58, 0xCE58, 0xCE59,
0xCE78, 0xCE79, 0xCE58, 0xCE78, 0xCE78, 0xD679, 0xCE78, 0xD678, 0xD679, 0xD679, 0xD679, 0xCE58, 0xCE58, 0xCE58, 0xCE78, 0xCE58,
0xCE58, 0xCE58, 0xCE58, 0xCE58, 0xCE58, 0xCE38, 0xCE38, 0xCE38, 0xCE38, 0xCE38, 0xCE37, 0xCE37, 0xCE17, 0xCE17, 0xCE17, 0xBDB6,
0xB574, 0xC617, 0xCE17, 0xC617, 0xCE17, 0xCE17, 0xCE17, 0xCE17, 0xCE17, 0xCE16, 0xC616, 0xC5F6, 0xC5F6, 0xC5F6, 0xC5F6, 0xC5F6,
0xC5F6, 0xC5F6, 0xC5F6, 0xC5F6, 0xC5F6, 0xC5D6, 0xC5D6, 0xC5D6, 0xC5D5, 0xC5D5, 0xC5B5, 0xC5D5, 0xC5D5, 0xC5D5, 0xC5B5, 0xC5B5,
0xBDB5, 0xBDB5, 0xBD95, 0xB533, 0xB573, 0xC5B5, 0xBDB5, 0xBDB5, 0xBD94, 0xBD95, 0xBDB5, 0xBD95, 0xBDB5, 0xBDB4, 0xBD94, 0xBD94,
0xBD94, 0xBD94, 0xBD94, 0xBD94, 0xBD94, 0xBD74, 0xBD74, 0xBD73, 0xBD73, 0xB573, 0xB553, 0xB553, 0xB553, 0xB552, 0xB532, 0xB532,
0xB532, 0xB532, 0xB532, 0xB512, 0xAD12, 0xB512, 0xACD1, 0xA490, 0xB512, 0xB532, 0xB532, 0xB532, 0xB532, 0xB532, 0xB553, 0xB553,
0xB553, 0x0000, 0x0000, 0x0000, 0x0000, 0x0000, 0x0000, 0x0000, 0x0000, 0x0000, 0x0000, 0x0000, 0x0000, 0x0000, 0x0000, 0x0000,
0x0000, 0x0000, 0x4A69, 0x39E7, 0x39C7, 0x41E7, 0x4208, 0x4228, 0x4228, 0x4208, 0x4228, 0x4228, 0x4228, 0x4228, 0x4228, 0x4228,
0x4207, 0x4208, 0x41E7, 0x39E7, 0x39E7, 0x39E7, 0x39E7, 0x39E7, 0x39E7, 0x39E7, 0x39E7, 0x39E7, 0x39E7, 0x39E7, 0x39E7, 0x39E7,
0x39E7, 0x39E7, 0x39E7, 0x39E7, 0x39C7, 0x39E7, 0x39E7, 0x39E7, 0x39E7, 0x39E7, 0x4208, 0x4208, 0x4228, 0x4228, 0x4228, 0x4228,
0x4228, 0x4208, 0x4228, 0x4208, 0x4228, 0x4228, 0x4A48, 0x4228, 0x4228, 0x4208, 0x4208, 0x4208, 0x4207, 0x39E7, 0x39E7, 0x39E7,
0x39E7, 0x39E7, 0x39E7, 0x39E7, 0x39E7, 0x39E7, 0x39C7, 0x39C7, 0x39E7, 0x39E7, 0x39E7, 0x4207, 0x4208, 0x41E7, 0x41E7, 0x39E7,
0x39E7, 0x39E7, 0x39E7, 0x39E7, 0x39E7, 0x39E7, 0x39E7, 0x41E7, 0x41E7, 0x4207, 0x4207, 0x3A07, 0x39E7, 0x41E7, 0x4207, 0x4207,
0x4208, 0x4207, 0x4207, 0x4207, 0x4207, 0x41E7, 0x39E7, 0x39E7, 0x39E7, 0x39E7, 0x39C7, 0x39E7, 0x39C7, 0x39C7, 0x39C7, 0x39E7,
0x39E7, 0x39C7, 0x39C7, 0x39E7, 0x39E7, 0x39E7, 0x39E7, 0x39E7, 0x0000, 0x0000, 0x0000, 0x0000, 0x0000, 0x0000, 0x0000, 0x0000,
0x0000, 0x0000, 0x0000, 0x0000, 0x0000, 0x0000, 0x0000, 0x0000, 0x0000, 0x0861, 0x0841, 0x0841, 0x0841, 0x0841, 0x0841, 0x0841,
0x0841, 0x0841, 0x0841, 0x0861, 0x0861, 0x0861, 0x0841, 0x0841, 0x0841, 0x0841, 0x0841, 0x0841, 0x0840, 0x0841, 0x0841, 0x0841,
0x0841, 0x0841, 0x0841, 0x0841, 0x0841, 0x0841, 0x0841, 0x0841, 0x0841, 0x0841, 0x0841, 0x0841, 0x0841, 0x0841, 0x0841, 0x0841,
0x0841, 0x0841, 0x0841, 0x0841, 0x0841, 0x0841, 0x0841, 0x0841, 0x0841, 0x0861, 0x0841, 0x0841, 0x0861, 0x0861, 0x0861, 0x0861,
0x0861, 0x0861, 0x0861, 0x0841, 0x0841, 0x0841, 0x0841, 0x0841, 0x0841, 0x0861, 0x0861, 0x0841, 0x0841, 0x0841, 0x0841, 0x0841,
0x0841, 0x0861, 0x0861, 0x0861, 0x0861, 0x0861, 0x0841, 0x0841, 0x0841, 0x0841, 0x0841, 0x0841, 0x0841, 0x0841, 0x0841, 0x0841,
0x0861, 0x0861, 0x0861, 0x0861, 0x0861, 0x0861, 0x0861, 0x0861, 0x0861, 0x0861, 0x0861, 0x0861, 0x0861, 0x0841, 0x0861, 0x0841,
0x0841, 0x0841, 0x0841, 0x0841, 0x0841, 0x0861, 0x0861, 0x0841, 0x0841, 0x0861, 0x0861, 0x0861, 0x0861, 0x0861, 0x0861, 0x0000,
0x0000, 0x0000, 0x0000, 0x0000, 0x0000, 0x0000, 0x0000, 0x0000, 0x0000, 0x0000, 0x0000, 0x0000, 0x0000, 0x0000, 0x0000, 0x0000,
0x0000, 0x0000, 0x0000, 0x0000, 0x0000, 0x0000, 0x0000, 0x0000, 0x0000, 0x0000, 0x0000, 0x0000, 0x0000, 0x0000, 0x0000, 0x0000,
0x0000, 0x0000, 0x0000, 0x0000, 0x0000, 0x0000, 0x0000, 0x0000, 0x0000, 0x0000, 0x0000, 0x0000, 0x0000, 0x0000, 0x0000, 0x0000,
0x0000, 0x0000, 0x0000, 0x0000, 0x0000, 0x0000, 0x0000, 0x0000, 0x0000, 0x0000, 0x0000, 0x0000, 0x0000, 0x0000, 0x0000, 0x0000,
0x0000, 0x0000, 0x0000, 0x0000, 0x0000, 0x0000, 0x0000, 0x0000, 0x0000, 0x0000, 0x0000, 0x0000, 0x0000, 0x0000, 0x0000, 0x0000,
0x0000, 0x0000, 0x0000, 0x0000, 0x0000, 0x0000, 0x0000, 0x0000, 0x0000, 0x0000, 0x0000, 0x0000, 0x0000, 0x0000, 0x0000, 0x0000,
0x0000, 0x0000, 0x0000, 0x0000, 0x0000, 0x0000, 0x0000, 0x0000, 0x0000, 0x0000, 0x0000, 0x0000, 0x0000, 0x0000, 0x0000, 0x0000,
0x0000, 0x0000, 0x0000, 0x0000, 0x0000, 0x0000, 0x0000, 0x0000, 0x0000, 0x0000, 0x0000, 0x0000, 0x0000, 0x0000, 0x0000, 0x0000,
0x0000, 0x0000, 0x0000, 0x0000, 0x0000, 0x0000, 0x0000, 0x0000, 0x0000, 0x0000, 0x0000, 0x0000, 0x0000, 0x0000, 0x0000, 0x0000,
0x0000, 0x0000, 0x0000, 0x0000, 0x0000, 0x0000, 0x0000, 0x0000, 0x0000, 0x0000, 0x0000, 0x0000, 0x0000, 0x0000, 0x0000, 0x0000,
0x0000, 0x0000, 0x0000, 0x0000, 0x0000, 0x0000, 0x0000, 0x0000, 0x0000, 0x0000, 0x0000, 0x0000, 0x0000, 0x0000, 0x0000, 0x0000,
0x0000, 0x0000, 0x0000, 0x0000, 0x0000, 0x0000, 0x0000, 0x0000, 0x0000, 0x0000, 0x0000, 0x0000, 0x0000, 0x0000, 0x0000, 0x0000,
0x0000, 0x0000, 0x0000, 0x0000, 0x0000, 0x0000, 0x0000, 0x0000, 0x0000, 0x0000, 0x0000, 0x0000, 0x0000, 0x0000, 0x0000, 0x0000,
0x0000, 0x0000, 0x0000, 0x0000, 0x0000, 0x0000, 0x0000, 0x0000, 0x0000, 0x0000, 0x0000, 0x0000, 0x0000, 0x0000, 0x0000, 0x0000,
0x0000, 0x0000, 0x0000, 0x0000, 0x0000, 0x0000, 0x0000, 0x0000, 0x0000, 0x0000, 0x0000, 0x0000, 0x0000, 0x0000, 0x0000, 0x0000,
0x0000, 0x0000, 0x0000, 0x0000, 0x0000, 0x0000, 0x0000, 0x0000, 0x0000, 0x0000, 0x0000, 0x0000, 0x0000, 0x0000, 0x0000, 0x0000,
0x0000, 0x0000, 0x0000, 0x0000, 0x0000, 0x0000, 0x0000, 0x0000, 0x0000, 0x0000, 0x0000, 0x0000, 0x0000, 0x0000, 0x0000, 0x0000,
0x0000, 0x0000, 0x0000, 0x0000, 0x0000, 0x0000, 0x0000, 0x0000, 0x0000, 0x0000, 0x0000, 0x0000, 0x0000, 0x0000, 0x0000, 0x0000,
0x0000, 0x0000, 0x0000, 0x0000, 0x0000, 0x0000, 0x0000, 0x0000, 0x0000, 0x0000, 0x0000, 0x0000, 0x0000, 0x0000, 0x0000, 0x0000,
0x0000, 0x0000, 0x0000, 0x0000, 0x0000, 0x0000, 0x0000, 0x0000, 0x0000, 0x0000, 0x0000, 0x0000, 0x0000, 0x0000, 0x0000, 0x0000,
0x0000, 0x0000, 0x0000, 0x0000, 0x0000, 0x0000, 0x0000, 0x0000, 0x0000, 0x0000, 0x0000, 0x0000, 0x0000, 0x0000, 0x0000, 0x0000,
0x0000, 0x0000, 0x0000, 0x0000, 0x0000, 0x0000, 0x0000, 0x0000, 0x0000, 0x0000, 0x0000, 0x0000, 0x0000, 0x0000, 0x0000, 0x0000,
0x0000, 0x0000, 0x0000, 0x0000, 0x0000, 0x0000, 0x0000, 0x0000, 0x0000, 0x0000, 0x0000, 0x0000, 0x0000, 0x0000, 0x0000, 0x0000,
0x0000, 0x0000, 0x0000, 0x0000, 0x0000, 0x0000, 0x0000, 0x0000, 0x0000, 0x0000, 0x0000, 0x0000, 0x0000, 0x0000, 0x0000, 0x0000,
0x0000, 0x0000, 0x0000, 0x0000, 0x0000, 0x0000, 0x0000, 0x0000, 0x0000, 0x0000, 0x0000, 0x0000, 0x0000, 0x0000, 0x0000, 0x0000,
0x0000, 0x0000, 0x0000, 0x0000, 0x0000, 0x0000, 0x0000, 0x0000, 0x0000, 0x0000, 0x0000, 0x0000, 0x0000, 0x0000, 0x0000, 0x0000,
0x0000, 0x0000, 0x0000, 0x0000, 0x0000, 0x0000, 0x0000, 0x0000, 0x0000, 0x0000, 0x0000, 0x0000, 0x0000, 0x0000, 0x0000, 0x0000,
0x0000, 0x0000, 0x0000, 0x0000, 0x0000, 0x0000, 0x0000, 0x0000, 0x0000, 0x0000, 0x0000, 0x0000, 0x0000, 0x0000, 0x0000, 0x0000,
0x0000, 0x0000, 0x0000, 0x0000, 0x0000, 0x0000, 0x0000, 0x0000, 0x0000, 0x0000, 0x0000, 0x0000, 0x0000, 0x0000, 0x0000, 0x0000,
0x0000, 0x0000, 0x0000, 0x0000, 0x0000, 0x0000, 0x0000, 0x0000, 0x0000, 0x0000, 0x0000, 0x0000, 0x0000, 0x0000, 0x0000, 0x0000,
0x0000, 0x0000, 0x0000, 0x0000, 0x0000, 0x0000, 0x0000, 0x0000, 0x0000, 0x0000, 0x0000, 0x0000, 0x0000, 0x0000, 0x0000, 0x0000,
0x0000, 0x0000, 0x0000, 0x0000, 0x0000, 0x0000, 0x0000, 0x0000, 0x0000, 0x0000, 0x0000, 0x0000, 0x0000, 0x0000, 0x0000, 0x0000,
0x0000, 0x0000, 0x0000, 0x0000, 0x0000, 0x0000, 0x0000, 0x0000, 0x0000, 0x0000, 0x0000, 0x0000, 0x0000, 0x0000, 0x0000, 0x0000,
0x0000, 0x0000, 0x0000, 0x0000, 0x0000, 0x0000, 0x0000, 0x0000, 0x0000, 0x0000, 0x0000, 0x0000, 0x0000, 0x0000, 0x0000, 0x0000,
0x0000, 0x0000, 0x0000, 0x0000, 0x0000, 0x0000, 0x0000, 0x0000, 0x0000, 0x0000, 0x0000, 0x0000, 0x0000, 0x0000, 0x0000, 0x0000,
0x0000, 0x0000, 0x0000, 0x0000, 0x0000, 0x0000, 0x0000, 0x0000, 0x0000, 0x0000, 0x0000, 0x0000, 0x0000, 0x0000, 0x0000, 0x0000,
0x0000, 0x0000, 0x0000, 0x0000, 0x0000, 0x0000, 0x0000, 0x0000, 0x0000, 0x0000, 0x0000, 0x0000, 0x0000, 0x0000, 0x0000, 0x0000,
0x0000, 0x0000, 0x0000, 0x0000, 0x0000, 0x0000, 0x0000, 0x0000, 0x0000, 0x0000, 0x0000, 0x0000, 0x0000, 0x0000, 0x0000, 0x0000,
0x0000, 0x0000, 0x0000, 0x0000, 0x0000, 0x0000, 0x0000, 0x0000, 0x0020, 0x0000, 0x0000, 0x0000, 0x0000, 0x0000, 0x0000, 0x0000,
0x0000, 0x0000, 0x0000, 0x0000, 0x0000, 0x0000, 0x0000, 0x0000, 0x0000, 0x0000, 0x0000, 0x0000, 0x0000, 0x0000, 0x0000, 0x0000,
0x0000, 0x0000, 0x0000, 0x0000, 0x0000, 0x0000, 0x0000, 0x0000, 0x0000, 0x0000, 0x0000, 0x0000, 0x0000, 0x0000, 0x0000, 0x0000,
0x0000, 0x0000, 0x0000, 0x0000, 0x0000, 0x0000, 0x0000, 0x0000, 0x0000, 0x0000, 0x0000, 0x0000, 0x0000, 0x0000, 0x0000, 0x0000,
0x0000, 0x0000, 0x0000, 0x0000, 0x0000, 0x0000, 0x0000, 0x0000, 0x0000, 0x0000, 0x0000, 0x0000, 0x0000, 0x0000, 0x0000, 0x0000,
0x0000, 0x0000, 0x0000, 0x0000, 0x0000, 0x0000, 0x0000, 0x0000, 0x0000, 0x0000, 0x0000, 0x0000, 0x0000, 0x0000, 0x0000, 0x0000,
0x0000, 0x0000, 0x0000, 0x0000, 0x0000, 0x0000, 0x0000, 0x0000, 0x0000, 0x0000, 0x0000, 0x0000, 0x0000, 0x0000, 0x0000, 0x0000,
0x0000, 0x0000, 0x0000, 0x0000, 0x0000, 0x0000, 0x0000, 0x0000, 0x0000, 0x0000, 0x0000, 0x0000, 0x0000, 0x0000, 0x0000, 0x0000,
0x0000, 0x0000, 0x0000, 0x0000, 0x0000, 0x0000, 0x0000, 0x0000, 0x0000, 0x0000, 0x0000, 0x0000, 0x0000, 0x0000, 0x0020, 0x0000,
0x0861, 0x39C7, 0x1082, 0x0000, 0x0000, 0x0000, 0x0000, 0x0000, 0x0000, 0x0000, 0x0000, 0x0000, 0x0000, 0x0000, 0x0000, 0x0000,
0x0000, 0x0000, 0x0000, 0x0000, 0x0000, 0x0000, 0x0000, 0x0000, 0x0000, 0x0000, 0x0000, 0x0000, 0x0000, 0x0000, 0x0000, 0x0000,
0x0000, 0x0000, 0x0000, 0x0000, 0x0000, 0x0000, 0x0000, 0x0000, 0x0000, 0x0000, 0x0000, 0x0000, 0x0000, 0x0000, 0x0000, 0x0000,
0x0000, 0x0000, 0x0000, 0x0000, 0x0000, 0x0000, 0x0000, 0x0000, 0x0000, 0x0000, 0x0000, 0x0000, 0x0000, 0x0000, 0x0000, 0x0000,
0x0000, 0x0000, 0x0000, 0x0000, 0x0000, 0x0000, 0x0000, 0x0000, 0x0000, 0x0000, 0x0000, 0x0000, 0x0000, 0x0000, 0x0000, 0x0000,
0x0000, 0x0000, 0x0000, 0x0000, 0x0000, 0x0000, 0x0000, 0x0000, 0x0000, 0x0000, 0x0000, 0x0000, 0x0000, 0x0000, 0x0000, 0x0000,
0x0000, 0x0000, 0x0000, 0x0000, 0x0000, 0x0000, 0x0000, 0x0000, 0x0000, 0x0000, 0x0000, 0x0000, 0x0000, 0x0000, 0x0000, 0x0000,
0x0000, 0x0000, 0x0000, 0x0000, 0x0000, 0x0000, 0x0000, 0x0000, 0x0000, 0x0000, 0x0000, 0x0000, 0x0000, 0x0000, 0x0000, 0x0000,
0x0000, 0x0000, 0x0000, 0x0000, 0x0000, 0x0000, 0x31A6, 0x94B2, 0x9492, 0x41E7, 0x5AAA, 0x94B2, 0x5ACB, 0x0000, 0x0020, 0x0000,
0x0000, 0x0000, 0x0000, 0x0000, 0x0000, 0x0000, 0x0000, 0x0000, 0x0000, 0x0000, 0x0000, 0x0000, 0x0000, 0x0000, 0x0000, 0x0000,
0x0000, 0x0000, 0x0000, 0x0000, 0x0000, 0x0000, 0x0000, 0x0000, 0x0000, 0x0000, 0x0000, 0x0000, 0x0000, 0x0000, 0x0000, 0x0000,
0x0000, 0x0000, 0x0000, 0x0000, 0x0000, 0x0000, 0x0000, 0x0000, 0x0000, 0x0000, 0x0000, 0x0000, 0x0000, 0x0000, 0x0000, 0x0000,
0x0000, 0x0000, 0x0000, 0x0000, 0x0000, 0x0000, 0x0000, 0x0000, 0x0000, 0x0000, 0x0000, 0x0000, 0x0000, 0x0000, 0x0000, 0x0000,
0x0000, 0x0000, 0x0000, 0x0000, 0x0000, 0x0000, 0x0000, 0x0000, 0x0000, 0x0000, 0x0000, 0x0000, 0x0000, 0x0000, 0x0000, 0x0000,
0x0000, 0x0000, 0x0000, 0x0000, 0x0000, 0x0000, 0x0000, 0x0000, 0x0000, 0x0000, 0x0000, 0x0000, 0x0000, 0x0000, 0x0000, 0x0000,
0x0000, 0x0000, 0x0000, 0x0000, 0x0000, 0x0000, 0x0000, 0x0000, 0x0000, 0x0000, 0x0000, 0x0000, 0x0000, 0x0000, 0x0000, 0x0000,
0x0000, 0x0000, 0x0000, 0x0000, 0x0000, 0x0000, 0x0000, 0x0000, 0x0000, 0x0000, 0x0000, 0x0841, 0x5AAA, 0xAD75, 0xBDD7, 0xB5D7,
0xAD34, 0xBDB6, 0xA513, 0xAD55, 0x738D, 0x0000, 0x0020, 0x0000, 0x0000, 0x0000, 0x0000, 0x0000, 0x0000, 0x0000, 0x0000, 0x0000,
0x0000, 0x0000, 0x0000, 0x0000, 0x0000, 0x0000, 0x0000, 0x0000, 0x0000, 0x0000, 0x0000, 0x0000, 0x0000, 0x0000, 0x0000, 0x0000,
0x0000, 0x0000, 0x0000, 0x0000, 0x0000, 0x0000, 0x0000, 0x0000, 0x0000, 0x0000, 0x0000, 0x0000, 0x0000, 0x0000, 0x0000, 0x0000,
0x0000, 0x0000, 0x0000, 0x0000, 0x0000, 0x0000, 0x0000, 0x0000, 0x0000, 0x0000, 0x0000, 0x0000, 0x0000, 0x0000, 0x0000, 0x0000,
0x0000, 0x0000, 0x0000, 0x0000, 0x0000, 0x0000, 0x0000, 0x0000, 0x0000, 0x0000, 0x0000, 0x0000, 0x0000, 0x0000, 0x0000, 0x0000,
0x0000, 0x0000, 0x0000, 0x0000, 0x0000, 0x0000, 0x0000, 0x0000, 0x0000, 0x0000, 0x0000, 0x0000, 0x0000, 0x0000, 0x0000, 0x0000,
0x0000, 0x0000, 0x0000, 0x0000, 0x0000, 0x0000, 0x0000, 0x0000, 0x0000, 0x0000, 0x0000, 0x0000, 0x0000, 0x0000, 0x0000, 0x0000,
0x0000, 0x0000, 0x0000, 0x0000, 0x0000, 0x0000, 0x0000, 0x0000, 0x0000, 0x0000, 0x0000, 0x0000, 0x0000, 0x0000, 0x0000, 0x0000,
0x0000, 0x0841, 0x5AAA, 0xAD34, 0x5AAA, 0x3144, 0x39C7, 0x528A, 0x6B6D, 0x9492, 0x630C, 0x8C71, 0x39C7, 0x0000, 0x0000, 0x0000,
0x0000, 0x0000, 0x0000, 0x0000, 0x0000, 0x0000, 0x0000, 0x0000, 0x0000, 0x0000, 0x0000, 0x0000, 0x0000, 0x0000, 0x0000, 0x0000,
0x0000, 0x0000, 0x0000, 0x0000, 0x0000, 0x0000, 0x0000, 0x0000, 0x0000, 0x0000, 0x0000, 0x0000, 0x0000, 0x0000, 0x0000, 0x0000,
0x0000, 0x0000, 0x0000, 0x0000, 0x0000, 0x0000, 0x0000, 0x0000, 0x0000, 0x0000, 0x0000, 0x0000, 0x0000, 0x0000, 0x0000, 0x0000,
0x0000, 0x0000, 0x0000, 0x0000, 0x0000, 0x0000, 0x0000, 0x0000, 0x0000, 0x0000, 0x0000, 0x0000, 0x0000, 0x0000, 0x0000, 0x0000,
0x0000, 0x0000, 0x0000, 0x0000, 0x0000, 0x0000, 0x0000, 0x0000, 0x0000, 0x0000, 0x0000, 0x0000, 0x0000, 0x0000, 0x0000, 0x0000,
0x0000, 0x0000, 0x0000, 0x0000, 0x0000, 0x0000, 0x0000, 0x0000, 0x0000, 0x0000, 0x0000, 0x0000, 0x0000, 0x0000, 0x0000, 0x0000,
0x0000, 0x0000, 0x0000, 0x0000, 0x0000, 0x0000, 0x0000, 0x0000, 0x0000, 0x0000, 0x0000, 0x0000, 0x0000, 0x0000, 0x0000, 0x0000,
0x0000, 0x0000, 0x0000, 0x0000, 0x0000, 0x0000, 0x0000, 0x0000, 0x3186, 0x734C, 0x5207, 0x28A2, 0x3124, 0x1882, 0x1881, 0x1882,
0x2965, 0x738E, 0x5ACA, 0x73AE, 0x0000, 0x0000, 0x0000, 0x0000, 0x0000, 0x0000, 0x0000, 0x0000, 0x0000, 0x0000, 0x0000, 0x0000,
0x0000, 0x0000, 0x0000, 0x0000, 0x0000, 0x0000, 0x0000, 0x0000, 0x0000, 0x0000, 0x0000, 0x0000, 0x0000, 0x0000, 0x0000, 0x0000,
0x0000, 0x0000, 0x0000, 0x0000, 0x0000, 0x0000, 0x0000, 0x0000, 0x0000, 0x0000, 0x0000, 0x0000, 0x0000, 0x0000, 0x0000, 0x0000,
0x0000, 0x0000, 0x0000, 0x0000, 0x0000, 0x0000, 0x0000, 0x0000, 0x0000, 0x0000, 0x0000, 0x0000, 0x0000, 0x0000, 0x0000, 0x0000,
0x0000, 0x0000, 0x0000, 0x0000, 0x0000, 0x0000, 0x0000, 0x0000, 0x0000, 0x0000, 0x0000, 0x0000, 0x0000, 0x0000, 0x0000, 0x0000,
0x0000, 0x0000, 0x0000, 0x0000, 0x0000, 0x0000, 0x0000, 0x0000, 0x0000, 0x0000, 0x0000, 0x0000, 0x0000, 0x0000, 0x0000, 0x0000,
0x0000, 0x0000, 0x0000, 0x0000, 0x0000, 0x0000, 0x0000, 0x0000, 0x0000, 0x0000, 0x0000, 0x0000, 0x0000, 0x0000, 0x0000, 0x0000,
0x0000, 0x0000, 0x0000, 0x0000, 0x0000, 0x0000, 0x0000, 0x0000, 0x0000, 0x0000, 0x0000, 0x0000, 0x0000, 0x0000, 0x0000, 0x1082,
0x528A, 0x5ACA, 0x5269, 0x5A49, 0x4145, 0x2041, 0x5269, 0xA555, 0x6B8E, 0x31A6, 0x7BEF, 0x0841, 0x0000, 0x0000, 0x0000, 0x0000,
0x0000, 0x0000, 0x0000, 0x0000, 0x0000, 0x0000, 0x0000, 0x0000, 0x0000, 0x0000, 0x0000, 0x0000, 0x0000, 0x0000, 0x0000, 0x0000,
0x0000, 0x0000, 0x0000, 0x0000, 0x0000, 0x0000, 0x0000, 0x0000, 0x0000, 0x0000, 0x0000, 0x0000, 0x0000, 0x0000, 0x0000, 0x0000,
0x0000, 0x0000, 0x0000, 0x0000, 0x0000, 0x0000, 0x0000, 0x0000, 0x0000, 0x0000, 0x0000, 0x0000, 0x0000, 0x0000, 0x0000, 0x0000,
0x0000, 0x0000, 0x0000, 0x0000, 0x0000, 0x0000, 0x0000, 0x0000, 0x0000, 0x0000, 0x0000, 0x0000, 0x0000, 0x0000, 0x0000, 0x0000,
0x0000, 0x0000, 0x0000, 0x0000, 0x0000, 0x0000, 0x0000, 0x0000, 0x0000, 0x0000, 0x0000, 0x0000, 0x0000, 0x0000, 0x0000, 0x0000,
0x0000, 0x0000, 0x0000, 0x0000, 0x0000, 0x0000, 0x0000, 0x0000, 0x0000, 0x0000, 0x0000, 0x0000, 0x0000, 0x0000, 0x0000, 0x0000,
0x0000, 0x0000, 0x0000, 0x0000, 0x0000, 0x0000, 0x0000, 0x0000, 0x0000, 0x0000, 0x0000, 0x0000, 0x0000, 0x0000, 0x0000, 0x0000,
0x0000, 0x0000, 0x0000, 0x0000, 0x0000, 0x0000, 0x0000, 0x0841, 0x1082, 0x4207, 0x28E3, 0x0000, 0x1861, 0x7BF0, 0xAD75, 0x6B4D,
0x4228, 0x39E7, 0x0020, 0x0000, 0x0000, 0x0000, 0x0000, 0x0000, 0x0000, 0x0000, 0x0000, 0x0000, 0x0000, 0x0000, 0x0000, 0x0000,
0x0000, 0x0000, 0x0000, 0x0000, 0x0000, 0x0000, 0x0000, 0x0000, 0x0000, 0x0000, 0x0000, 0x0000, 0x0000, 0x0000, 0x0000, 0x0000,
0x0000, 0x0000, 0x0000, 0x0000, 0x0000, 0x0000, 0x0000, 0x0000, 0x0000, 0x0000, 0x0000, 0x0000, 0x0000, 0x0000, 0x0000, 0x0000,
0x0000, 0x0000, 0x0000, 0x0000, 0x0000, 0x0000, 0x0000, 0x0000, 0x0000, 0x0000, 0x0000, 0x0000, 0x0000, 0x0000, 0x0000, 0x0000,
0x0000, 0x0000, 0x0000, 0x0000, 0x0000, 0x0000, 0x0000, 0x0000, 0x0000, 0x0000, 0x0000, 0x0000, 0x0000, 0x0000, 0x0000, 0x0000,
0x0000, 0x0000, 0x0000, 0x0000, 0x0000, 0x0000, 0x0000, 0x0000, 0x0000, 0x0000, 0x0000, 0x0000, 0x0000, 0x0000, 0x0000, 0x0000,
0x0000, 0x0000, 0x0000, 0x0000, 0x0000, 0x0000, 0x0000, 0x0000, 0x0000, 0x0000, 0x0000, 0x0000, 0x0000, 0x0000, 0x0000, 0x0000,
0x0000, 0x0000, 0x0000, 0x0000, 0x0000, 0x0000, 0x0000, 0x0000, 0x0000, 0x0000, 0x0000, 0x0000, 0x0000, 0x0000, 0x0000, 0x2965,
0x5269, 0x5289, 0x6B4D, 0x9492, 0xA534, 0x8430, 0x6B2C, 0x4A69, 0x0000, 0x0000, 0x0000, 0x0000, 0x0000, 0x0000, 0x0000, 0x0000,
0x0000, 0x0000, 0x0000, 0x0000, 0x0000, 0x0000, 0x0000, 0x0000, 0x0000, 0x0000, 0x0000, 0x0000, 0x0000, 0x0000, 0x0000, 0x0000,
0x0000, 0x0000, 0x0000, 0x0000, 0x0000, 0x0000, 0x0000, 0x0000, 0x0000, 0x0000, 0x0000, 0x0000, 0x0000, 0x0000, 0x0000, 0x0000,
0x0000, 0x0000, 0x0000, 0x0000, 0x0000, 0x0000, 0x0000, 0x0000, 0x0000, 0x0000, 0x0000, 0x0000, 0x0000, 0x0000, 0x0000, 0x0000,
0x0000, 0x0000, 0x0000, 0x0000, 0x0000, 0x0000, 0x0000, 0x0000, 0x0000, 0x0000, 0x0000, 0x0000, 0x0000, 0x0000, 0x0000, 0x0000,
0x0000, 0x0000, 0x0000, 0x0000, 0x0000, 0x0000, 0x0000, 0x0000, 0x0000, 0x0000, 0x0000, 0x0000, 0x0000, 0x0000, 0x0000, 0x0000,
0x0000, 0x0000, 0x0000, 0x0000, 0x0000, 0x0000, 0x0000, 0x0000, 0x0000, 0x0000, 0x0000, 0x0000, 0x0000, 0x0000, 0x0000, 0x0000,
0x0000, 0x0000, 0x0000, 0x0000, 0x0000, 0x0000, 0x0000, 0x0000, 0x0000, 0x0000, 0x0000, 0x0000, 0x0000, 0x0000, 0x0000, 0x0000,
0x0000, 0x0000, 0x0000, 0x0000, 0x0000, 0x18C3, 0x738E, 0xA534, 0xB5B6, 0xA534, 0x9CF3, 0x9492, 0x94B2, 0x8450, 0x6B6D, 0x5ACA,
0x1061, 0x0000, 0x0000, 0x0000, 0x0000, 0x0000, 0x0000, 0x0000, 0x0000, 0x0000, 0x0000, 0x0000, 0x0000, 0x0000, 0x0000, 0x0000,
0x0000, 0x0000, 0x0000, 0x0000, 0x0000, 0x0000, 0x0000, 0x0000, 0x0000, 0x0000, 0x0000, 0x0000, 0x0000, 0x0000, 0x0000, 0x0000,
0x0000, 0x0000, 0x0000, 0x0000, 0x0000, 0x0000, 0x0000, 0x0000, 0x0000, 0x0000, 0x0000, 0x0000, 0x0000, 0x0000, 0x0000, 0x0000,
0x0000, 0x0000, 0x0000, 0x0000, 0x0000, 0x0000, 0x0000, 0x0000, 0x0000, 0x0000, 0x0000, 0x0000, 0x0000, 0x0000, 0x0000, 0x0000,
0x0000, 0x0000, 0x0000, 0x0000, 0x0000, 0x0000, 0x0000, 0x0000, 0x0000, 0x0000, 0x0000, 0x0000, 0x0000, 0x0000, 0x0000, 0x0000,
0x0000, 0x0000, 0x0000, 0x0000, 0x0000, 0x0000, 0x0000, 0x0000, 0x0000, 0x0000, 0x0000, 0x0000, 0x0000, 0x0000, 0x0000, 0x0000,
0x0000, 0x0000, 0x0000, 0x0000, 0x0000, 0x0000, 0x0000, 0x0000, 0x0000, 0x0000, 0x0000, 0x0000, 0x0000, 0x0000, 0x0000, 0x0000,
0x0000, 0x0000, 0x0000, 0x0000, 0x0000, 0x0000, 0x0000, 0x0000, 0x0000, 0x0000, 0x0020, 0x0000, 0x2104, 0x4A28, 0x6B8D, 0x73AE,
0x4248, 0x4AA9, 0x52AA, 0x4A69, 0x4269, 0x634C, 0x6B4D, 0x4A69, 0x0000, 0x0000, 0x0000, 0x0000, 0x0000, 0x0000, 0x0000, 0x0000,
0x0000, 0x0000, 0x0000, 0x0000, 0x0000, 0x0000, 0x0000, 0x0000, 0x0000, 0x0000, 0x0000, 0x0000, 0x0000, 0x0000, 0x0000, 0x0000,
0x0000, 0x0000, 0x0000, 0x0000, 0x0000, 0x0000, 0x0000, 0x0000, 0x0000, 0x0000, 0x0000, 0x0000, 0x0000, 0x0000, 0x0000, 0x0000,
0x0000, 0x0000, 0x0000, 0x0000, 0x0000, 0x0000, 0x0000, 0x0000, 0x0000, 0x0000, 0x0000, 0x0000, 0x0000, 0x0000, 0x0000, 0x0000,
0x0000, 0x0000, 0x0000, 0x0000, 0x0000, 0x0000, 0x0000, 0x0000, 0x0000, 0x0000, 0x0000, 0x0000, 0x0000, 0x0000, 0x0000, 0x0000,
0x0000, 0x0000, 0x0000, 0x0000, 0x0000, 0x0000, 0x0000, 0x0000, 0x0000, 0x0000, 0x0000, 0x0000, 0x0000, 0x0000, 0x0000, 0x0000,
0x0000, 0x0000, 0x0000, 0x0000, 0x0000, 0x0000, 0x0000, 0x0000, 0x0000, 0x0000, 0x0000, 0x0000, 0x0000, 0x0000, 0x0000, 0x0000,
0x0000, 0x0000, 0x0000, 0x0000, 0x0000, 0x0000, 0x0000, 0x0000, 0x0000, 0x0000, 0x0000, 0x0000, 0x0000, 0x0000, 0x0000, 0x0000,
0x0000, 0x0000, 0x2945, 0x634C, 0x2124, 0x8C92, 0xA555, 0x6B8E, 0x52CA, 0x52EB, 0x4269, 0x18E3, 0x3A28, 0x634D, 0x632C, 0x0000,
0x0000, 0x0000, 0x0000, 0x0000, 0x0000, 0x0000, 0x0000, 0x0000, 0x0000, 0x0000, 0x0000, 0x0000, 0x0000, 0x0000, 0x0000, 0x0000,
0x0000, 0x0000, 0x0000, 0x0000, 0x0000, 0x0000, 0x0000, 0x0000, 0x0000, 0x0000, 0x0000, 0x0000, 0x0000, 0x0000, 0x0000, 0x0000,
0x0000, 0x0000, 0x0000, 0x0000, 0x0000, 0x0000, 0x0000, 0x0000, 0x0000, 0x0000, 0x0000, 0x0000, 0x0000, 0x0000, 0x0000, 0x0000,
0x0000, 0x0000, 0x0000, 0x0000, 0x0000, 0x0000, 0x0000, 0x0000, 0x0000, 0x0000, 0x0000, 0x0000, 0x0000, 0x0000, 0x0000, 0x0000,
0x0000, 0x0000, 0x0000, 0x0000, 0x0000, 0x0000, 0x0000, 0x0000, 0x0000, 0x0000, 0x0000, 0x0000, 0x0000, 0x0000, 0x0000, 0x0000,
0x0000, 0x0000, 0x0000, 0x0000, 0x0000, 0x0000, 0x0000, 0x0000, 0x0000, 0x0000, 0x0000, 0x0000, 0x0000, 0x0000, 0x0000, 0x0000,
0x0000, 0x0000, 0x0000, 0x0000, 0x0000, 0x0000, 0x0000, 0x0000, 0x0000, 0x0000, 0x0000, 0x0000, 0x0000, 0x0000, 0x0000, 0x0000,
0x0000, 0x0000, 0x0000, 0x0000, 0x0000, 0x0000, 0x0000, 0x0841, 0x632C, 0xAD75, 0xB595, 0x39E7, 0x9D13, 0x94B2, 0x7BEF, 0x634C,
0x4A89, 0x10A2, 0x0020, 0x1081, 0x2965, 0x4A89, 0x0000, 0x0000, 0x0000, 0x0000, 0x0000, 0x0000, 0x0000, 0x0000, 0x0000, 0x0000,
0x0000, 0x0000, 0x0000, 0x0000, 0x0000, 0x0000, 0x0000, 0x0000, 0x0000, 0x0000, 0x0000, 0x0000, 0x0000, 0x0000, 0x0000, 0x0000,
0x0000, 0x0000, 0x0000, 0x0000, 0x0000, 0x0000, 0x0000, 0x0000, 0x0000, 0x0000, 0x0000, 0x0000, 0x0000, 0x0000, 0x0000, 0x0000,
0x0000, 0x0000, 0x0000, 0x0000, 0x0000, 0x0000, 0x0000, 0x0000, 0x0000, 0x0000, 0x0000, 0x0000, 0x0000, 0x0000, 0x0000, 0x0000,
0x0000, 0x0000, 0x0000, 0x0000, 0x0000, 0x0000, 0x0000, 0x0000, 0x0000, 0x0000, 0x0000, 0x0000, 0x0000, 0x0000, 0x0000, 0x0000,
0x0000, 0x0000, 0x0000, 0x0000, 0x0000, 0x0000, 0x0000, 0x0000, 0x0000, 0x0000, 0x0000, 0x0000, 0x0000, 0x0000, 0x0000, 0x0000,
0x0000, 0x0000, 0x0000, 0x0000, 0x0000, 0x0000, 0x0000, 0x0000, 0x0000, 0x0000, 0x0000, 0x0000, 0x0000, 0x0000, 0x0000, 0x0000,
0x0000, 0x0000, 0x0000, 0x0000, 0x0000, 0x0000, 0x0000, 0x0000, 0x0000, 0x0000, 0x0000, 0x0000, 0x0000, 0x1082, 0x8430, 0x8C71,
0x7BCF, 0x7BEF, 0x632C, 0x73AE, 0x73CF, 0x73CF, 0x73CE, 0x6BAE, 0x4ACA, 0x2985, 0x1944, 0x0881, 0x4248, 0x2965, 0x0000, 0x0000,
0x0000, 0x0000, 0x0000, 0x0000, 0x0000, 0x0000, 0x0000, 0x0000, 0x0000, 0x0000, 0x0000, 0x0000, 0x0000, 0x0000, 0x0000, 0x0000,
0x0000, 0x0000, 0x0000, 0x0000, 0x0000, 0x0000, 0x0000, 0x0000, 0x0000, 0x0000, 0x0000, 0x0000, 0x0000, 0x0000, 0x0000, 0x0000,
0x0000, 0x0000, 0x0000, 0x0000, 0x0000, 0x0000, 0x0000, 0x0000, 0x0000, 0x0000, 0x0000, 0x0000, 0x0000, 0x0000, 0x0000, 0x0000,
0x0000, 0x0000, 0x0000, 0x0000, 0x0000, 0x0000, 0x0000, 0x0000, 0x0000, 0x0000, 0x0000, 0x0000, 0x0000, 0x0000, 0x0000, 0x0000,
0x0000, 0x0000, 0x0000, 0x0000, 0x0000, 0x0000, 0x0000, 0x0000, 0x0000, 0x0000, 0x0000, 0x0000, 0x0000, 0x0000, 0x0000, 0x0000,
0x0000, 0x0000, 0x0000, 0x0000, 0x0000, 0x0000, 0x0000, 0x0000, 0x0000, 0x0000, 0x0000, 0x0000, 0x0000, 0x0000, 0x0000, 0x0000,
0x0000, 0x0000, 0x0000, 0x0000, 0x0000, 0x0000, 0x0000, 0x0000, 0x0000, 0x0000, 0x0000, 0x0000, 0x0000, 0x0000, 0x0000, 0x0000,
0x0000, 0x0000, 0x0000, 0x0020, 0x4248, 0x52AA, 0x73AE, 0x9492, 0x9CD3, 0x7BCF, 0x8471, 0x8491, 0x7BCE, 0x6ACB, 0x6AEB, 0x734C,
0x736D, 0x738E, 0x7C10, 0x5B4C, 0x632C, 0x2124, 0x0000, 0x0000, 0x0000, 0x0000, 0x0000, 0x0000, 0x0000, 0x0000, 0x0000, 0x0000,
0x0000, 0x0000, 0x0000, 0x0000, 0x0000, 0x0000, 0x0000, 0x0000, 0x0000, 0x0000, 0x0000, 0x0000, 0x0000, 0x0000, 0x0000, 0x0000,
0x0000, 0x0000, 0x0000, 0x0000, 0x0000, 0x0000, 0x0000, 0x0000, 0x0000, 0x0000, 0x0000, 0x0000, 0x0000, 0x0000, 0x0000, 0x0000,
0x0000, 0x0000, 0x0000, 0x0000, 0x0000, 0x0000, 0x0000, 0x0000, 0x0000, 0x0000, 0x0000, 0x0000, 0x0000, 0x0000, 0x0000, 0x0000,
0x0000, 0x0000, 0x0000, 0x0000, 0x0000, 0x0000, 0x0000, 0x0000, 0x0000, 0x0000, 0x0000, 0x0000, 0x0000, 0x0000, 0x0000, 0x0000,
0x0000, 0x0000, 0x0000, 0x0000, 0x0000, 0x0000, 0x0000, 0x0000, 0x0000, 0x0000, 0x0000, 0x0000, 0x0000, 0x0000, 0x0000, 0x0000,
0x0000, 0x0000, 0x0000, 0x0000, 0x0000, 0x0000, 0x0000, 0x0000, 0x0000, 0x0000, 0x0000, 0x0000, 0x0000, 0x0000, 0x0000, 0x0000,
0x0000, 0x0000, 0x0000, 0x0000, 0x0000, 0x0000, 0x0000, 0x0000, 0x0000, 0x0020, 0x0000, 0x2965, 0x94B2, 0xB5B6, 0xA514, 0xB5F7,
0x734D, 0x4924, 0x69A6, 0x4062, 0x3000, 0x2000, 0x59A6, 0x4904, 0x40A3, 0x6A49, 0x7B4D, 0x6B4D, 0x632C, 0x0841, 0x0000, 0x0000,
0x0000, 0x0000, 0x0000, 0x0000, 0x0000, 0x0000, 0x0000, 0x0000, 0x0000, 0x0000, 0x0000, 0x0000, 0x0000, 0x0000, 0x0000, 0x0000,
0x0000, 0x0000, 0x0000, 0x0000, 0x0000, 0x0000, 0x0000, 0x0000, 0x0000, 0x0000, 0x0000, 0x0000, 0x0000, 0x0000, 0x0000, 0x0000,
0x0000, 0x0000, 0x0000, 0x0000, 0x0000, 0x0000, 0x0000, 0x0000, 0x0000, 0x0000, 0x0000, 0x0000, 0x0000, 0x0000, 0x0000, 0x0000,
0x0000, 0x0000, 0x0000, 0x0000, 0x0000, 0x0000, 0x0000, 0x0000, 0x0000, 0x0000, 0x0000, 0x0000, 0x0000, 0x0000, 0x0000, 0x0000,
0x0000, 0x0000, 0x0000, 0x0000, 0x0000, 0x0000, 0x0000, 0x0000, 0x0000, 0x0000, 0x0000, 0x0000, 0x0000, 0x0000, 0x0000, 0x0000,
0x0000, 0x0000, 0x0000, 0x0000, 0x0000, 0x0000, 0x0000, 0x0000, 0x0000, 0x0000, 0x0000, 0x0000, 0x0000, 0x0000, 0x0000, 0x0000,
0x0000, 0x0000, 0x0000, 0x0000, 0x0000, 0x0000, 0x0000, 0x0000, 0x0000, 0x0000, 0x0000, 0x0000, 0x0000, 0x0000, 0x0000, 0x0000,
0x0000, 0x4208, 0xA555, 0xA555, 0x8C92, 0x94B2, 0xA575, 0x7B6D, 0x48A3, 0x38C3, 0x49E7, 0x5ACA, 0x738D, 0x6B4C, 0x31A6, 0x2945,
0x1082, 0x1041, 0x2124, 0x5ACB, 0x39C7, 0x0000, 0x0000, 0x0000, 0x0000, 0x0000, 0x0000, 0x0000, 0x0000, 0x0000, 0x0000, 0x0000,
0x0000, 0x0000, 0x0000, 0x0000, 0x0000, 0x0000, 0x0000, 0x0000, 0x0000, 0x0000, 0x0000, 0x0000, 0x0000, 0x0000, 0x0000, 0x0000,
0x0000, 0x0000, 0x0000, 0x0000, 0x0000, 0x0000, 0x0000, 0x0000, 0x0000, 0x0000, 0x0000, 0x0000, 0x0000, 0x0000, 0x0000, 0x0000,
0x0000, 0x0000, 0x0000, 0x0000, 0x0000, 0x0000, 0x0000, 0x0000, 0x0000, 0x0000, 0x0000, 0x0000, 0x0000, 0x0000, 0x0000, 0x0000,
0x0000, 0x0000, 0x0000, 0x0000, 0x0000, 0x0000, 0x0000, 0x0000, 0x0000, 0x0000, 0x0000, 0x0000, 0x0000, 0x0000, 0x0000, 0x0000,
0x0000, 0x0000, 0x0000, 0x0000, 0x0000, 0x0000, 0x0000, 0x0000, 0x0000, 0x0000, 0x0000, 0x0000, 0x0000, 0x0000, 0x0000, 0x0000,
0x0000, 0x0000, 0x0000, 0x0000, 0x0000, 0x0000, 0x0000, 0x0000, 0x0000, 0x0000, 0x0000, 0x0000, 0x0000, 0x0000, 0x0000, 0x0000,
0x0000, 0x0000, 0x0000, 0x0000, 0x0000, 0x0000, 0x2104, 0x6B4D, 0xB596, 0x8C10, 0x626A, 0x5208, 0x7B4C, 0x72EA, 0x4144, 0x3944,
0x638D, 0x7C50, 0x73EE, 0x634C, 0x4ACA, 0x4AA9, 0x42A9, 0x530A, 0x4ACA, 0x52EB, 0x39E7, 0x5AEB, 0x0040, 0x0000, 0x0000, 0x0000,
0x0000, 0x0000, 0x0000, 0x0000, 0x0000, 0x0000, 0x0000, 0x0000, 0x0000, 0x0000, 0x0000, 0x0000, 0x0000, 0x0000, 0x0000, 0x0000,
0x0000, 0x0000, 0x0000, 0x0000, 0x0000, 0x0000, 0x0000, 0x0000, 0x0000, 0x0000, 0x0000, 0x0000, 0x0000, 0x0000, 0x0000, 0x0000,
0x0000, 0x0000, 0x0000, 0x0000, 0x0000, 0x0000, 0x0000, 0x0000, 0x0000, 0x0000, 0x0000, 0x0000, 0x0000, 0x0000, 0x0000, 0x0000,
0x0000, 0x0000, 0x0000, 0x0000, 0x0000, 0x0000, 0x0000, 0x0000, 0x0000, 0x0000, 0x0000, 0x0000, 0x0000, 0x0000, 0x0000, 0x0000,
0x0000, 0x0000, 0x0000, 0x0000, 0x0000, 0x0000, 0x0000, 0x0000, 0x0000, 0x0000, 0x0000, 0x0000, 0x0000, 0x0000, 0x0000, 0x0000,
0x0000, 0x0000, 0x0000, 0x0000, 0x0000, 0x0000, 0x0000, 0x0000, 0x0000, 0x0000, 0x0000, 0x0000, 0x0000, 0x0000, 0x0000, 0x0000,
0x0000, 0x0000, 0x0000, 0x0000, 0x0000, 0x0000, 0x0000, 0x0000, 0x0000, 0x0000, 0x0000, 0x0000, 0x0000, 0x528A, 0x73AE, 0x41A6,
0x48A3, 0x48A3, 0x38C3, 0x2841, 0x1020, 0x18C2, 0x2103, 0x2144, 0x1903, 0x0882, 0x10C3, 0x18E3, 0x08A2, 0x2185, 0x29C6, 0x3A48,
0x532B, 0x52EB, 0x4A69, 0x0000, 0x0020, 0x0000, 0x0000, 0x0000, 0x0000, 0x0000, 0x0000, 0x0000, 0x0000, 0x0000, 0x0000, 0x0000,
0x0000, 0x0000, 0x0000, 0x0000, 0x0000, 0x0000, 0x0000, 0x0000, 0x0000, 0x0000, 0x0000, 0x0000, 0x0000, 0x0000, 0x0000, 0x0000,
0x0000, 0x0000, 0x0000, 0x0000, 0x0000, 0x0000, 0x0000, 0x0000, 0x0000, 0x0000, 0x0000, 0x0000, 0x0000, 0x0000, 0x0000, 0x0000,
0x0000, 0x0000, 0x0000, 0x0000, 0x0000, 0x0000, 0x0000, 0x0000, 0x0000, 0x0000, 0x0000, 0x0000, 0x0000, 0x0000, 0x0000, 0x0000,
0x0000, 0x0000, 0x0000, 0x0000, 0x0000, 0x0000, 0x0000, 0x0000, 0x0000, 0x0000, 0x0000, 0x0000, 0x0000, 0x0000, 0x0000, 0x0000,
0x0000, 0x0000, 0x0000, 0x0000, 0x0000, 0x0000, 0x0000, 0x0000, 0x0000, 0x0000, 0x0000, 0x0000, 0x0000, 0x0000, 0x0000, 0x0000,
0x0000, 0x0000, 0x0000, 0x0000, 0x0000, 0x0000, 0x0000, 0x0000, 0x0000, 0x0000, 0x0000, 0x0000, 0x0000, 0x0000, 0x0000, 0x0000,
0x0000, 0x0000, 0x0020, 0x0000, 0x18C3, 0x5AEB, 0x6B2C, 0x28E3, 0x1041, 0x0041, 0x0000, 0x4A8A, 0x7C0F, 0x5ACA, 0x5AEB, 0x3A08,
0x2945, 0x0861, 0x0861, 0x3A07, 0x10C3, 0x0882, 0x0881, 0x0861, 0x2965, 0x8C30, 0x4A49, 0x0000, 0x0000, 0x0000, 0x0000, 0x0000,
0x0000, 0x0000, 0x0000, 0x0000, 0x0000, 0x0000, 0x0000, 0x0000, 0x0000, 0x0000, 0x0000, 0x0000, 0x0000, 0x0000, 0x0000, 0x0000,
0x0000, 0x0000, 0x0000, 0x0000, 0x0000, 0x0000, 0x0000, 0x0000, 0x0000, 0x0000, 0x0000, 0x0000, 0x0000, 0x0000, 0x0000, 0x0000,
0x0000, 0x0000, 0x0000, 0x0000, 0x0000, 0x0000, 0x0000, 0x0000, 0x0000, 0x0000, 0x0000, 0x0000, 0x0000, 0x0000, 0x0000, 0x0000,
0x0000, 0x0000, 0x0000, 0x0000, 0x0000, 0x0000, 0x0000, 0x0000, 0x0000, 0x0000, 0x0000, 0x0000, 0x0000, 0x0000, 0x0000, 0x0000,
0x0000, 0x0000, 0x0000, 0x0000, 0x0000, 0x0000, 0x0000, 0x0000, 0x0000, 0x0000, 0x0000, 0x0000, 0x0000, 0x0000, 0x0000, 0x0000,
0x0000, 0x0000, 0x0000, 0x0000, 0x0000, 0x0000, 0x0000, 0x0000, 0x0000, 0x0000, 0x0000, 0x0000, 0x0000, 0x0000, 0x0000, 0x0000,
0x0000, 0x0000, 0x0000, 0x0000, 0x0000, 0x0000, 0x0000, 0x0000, 0x0000, 0x0000, 0x0000, 0x18E3, 0x9471, 0x7BEF, 0x10A2, 0x0841,
0x5AEB, 0x0861, 0x8430, 0xBDD6, 0x8430, 0x73AE, 0x738D, 0x52AA, 0x4228, 0x0882, 0x8450, 0x2124, 0x29A5, 0x4268, 0x0040, 0x632C,
0x8410, 0xA534, 0x6B6E, 0x0861, 0x0000, 0x0020, 0x0000, 0x0000, 0x0000, 0x0000, 0x0000, 0x0000, 0x0000, 0x0000, 0x0000, 0x0000,
0x0000, 0x0000, 0x0000, 0x0000, 0x0000, 0x0000, 0x0000, 0x0000, 0x0000, 0x0000, 0x0000, 0x0000, 0x0000, 0x0000, 0x0000, 0x0000,
0x0000, 0x0000, 0x0000, 0x0000, 0x0000, 0x0000, 0x0000, 0x0000, 0x0000, 0x0000, 0x0000, 0x0000, 0x0000, 0x0000, 0x0000, 0x0000,
0x0000, 0x0000, 0x0000, 0x0000, 0x0000, 0x0000, 0x0000, 0x0000, 0x0000, 0x0000, 0x0000, 0x0000, 0x0000, 0x0000, 0x0000, 0x0000,
0x0000, 0x0000, 0x0000, 0x0000, 0x0000, 0x0000, 0x0000, 0x0000, 0x0000, 0x0000, 0x0000, 0x0000, 0x0000, 0x0000, 0x0000, 0x0000,
0x0000, 0x0000, 0x0000, 0x0000, 0x0000, 0x0000, 0x0000, 0x0000, 0x0000, 0x0000, 0x0000, 0x0000, 0x0000, 0x0000, 0x0000, 0x0000,
0x0000, 0x0000, 0x0000, 0x0000, 0x0000, 0x0000, 0x0000, 0x0000, 0x0000, 0x0000, 0x0000, 0x0000, 0x0020, 0x0000, 0x0841, 0x4A49,
0x52AA, 0x632C, 0x94B2, 0x632C, 0x20E4, 0x1082, 0x10A2, 0x8451, 0x4248, 0xB596, 0xA514, 0x73AE, 0x6B8D, 0x630C, 0x528A, 0x5AEB,
0x0861, 0x8430, 0x4228, 0x10C2, 0x52EA, 0x4269, 0x634C, 0x7BCF, 0x73AE, 0x94B2, 0x8C71, 0x2945, 0x0000, 0x0000, 0x0020, 0x0000,
0x0000, 0x0000, 0x0000, 0x0000, 0x0000, 0x0000, 0x0000, 0x0000, 0x0000, 0x0000, 0x0000, 0x0000, 0x0000, 0x0000, 0x0000, 0x0000,
0x0000, 0x0000, 0x0000, 0x0000, 0x0000, 0x0000, 0x0000, 0x0000, 0x0000, 0x0000, 0x0000, 0x0000, 0x0000, 0x0000, 0x0000, 0x0000,
0x0000, 0x0000, 0x0000, 0x0000, 0x0000, 0x0000, 0x0000, 0x0000, 0x0000, 0x0000, 0x0000, 0x0000, 0x0000, 0x0000, 0x0000, 0x0000,
0x0000, 0x0000, 0x0000, 0x0000, 0x0000, 0x0000, 0x0000, 0x0000, 0x0000, 0x0000, 0x0000, 0x0000, 0x0000, 0x0000, 0x0000, 0x0000,
0x0000, 0x0000, 0x0000, 0x0000, 0x0000, 0x0000, 0x0000, 0x0000, 0x0000, 0x0000, 0x0000, 0x0000, 0x0000, 0x0000, 0x0000, 0x0000,
0x0000, 0x0000, 0x0000, 0x0000, 0x0000, 0x0000, 0x0000, 0x0000, 0x0000, 0x0000, 0x0000, 0x0000, 0x0000, 0x0000, 0x0000, 0x0000,
0x0020, 0x0000, 0x0000, 0x0000, 0x0000, 0x4228, 0x9CF3, 0xAD75, 0x9CF3, 0x5269, 0x2124, 0x4A69, 0x0020, 0x39E7, 0x6B6D, 0x8C71,
0xBDD7, 0x8C71, 0x94B2, 0x8450, 0x6B2C, 0x630C, 0x4207, 0x0841, 0x7BEF, 0x73CE, 0x0840, 0x29C6, 0x7450, 0x63AD, 0x2924, 0x6B6D,
0x6B8D, 0x7BEF, 0x8C51, 0x528A, 0x0020, 0x0000, 0x0020, 0x0000, 0x0000, 0x0000, 0x0000, 0x0000, 0x0000, 0x0000, 0x0000, 0x0000,
0x0000, 0x0000, 0x0000, 0x0000, 0x0000, 0x0000, 0x0000, 0x0000, 0x0000, 0x0000, 0x0000, 0x0000, 0x0000, 0x0000, 0x0000, 0x0000,
0x0000, 0x0000, 0x0000, 0x0000, 0x0000, 0x0000, 0x0000, 0x0000, 0x0000, 0x0000, 0x0000, 0x0000, 0x0000, 0x0000, 0x0000, 0x0000,
0x0000, 0x0000, 0x0000, 0x0000, 0x0000, 0x0000, 0x0000, 0x0000, 0x0000, 0x0000, 0x0000, 0x0000, 0x0000, 0x0000, 0x0000, 0x0000,
0x0000, 0x0000, 0x0000, 0x0000, 0x0000, 0x0000, 0x0000, 0x0000, 0x0000, 0x0000, 0x0000, 0x0000, 0x0000, 0x0000, 0x0000, 0x0000,
0x0000, 0x0000, 0x0000, 0x0000, 0x0000, 0x0000, 0x0000, 0x0000, 0x0000, 0x0000, 0x0000, 0x0000, 0x0000, 0x0861, 0x0000, 0x0000,
0x0000, 0x0000, 0x0020, 0x0020, 0x0000, 0x0020, 0x0000, 0x0000, 0x0000, 0x3186, 0x2985, 0x0000, 0x7BCF, 0x7BAE, 0x6B4D, 0x526A,
0x52AA, 0x5AAA, 0x5AEB, 0x0000, 0x2124, 0x83EF, 0xAD54, 0x8C50, 0x6B4D, 0x738D, 0x4A69, 0x2965, 0x2124, 0x3186, 0x18E3, 0x52CA,
0x94B2, 0x0841, 0x10A2, 0x3AA9, 0x6C0E, 0x18C3, 0x2103, 0x41E7, 0x5ACA, 0x6B6D, 0x9CD3, 0x9492, 0x3186, 0x0000, 0x0020, 0x0000,
0x0000, 0x0020, 0x0020, 0x0000, 0x0000, 0x0000, 0x0000, 0x0000, 0x0000, 0x0000, 0x0000, 0x0000, 0x0020, 0x0000, 0x0000, 0x0000,
0x0000, 0x0000, 0x0000, 0x0000, 0x0000, 0x0000, 0x0000, 0x0000, 0x0000, 0x0000, 0x0000, 0x0000, 0x0000, 0x0000, 0x0000, 0x0000,
0x0000, 0x0000, 0x0000, 0x0000, 0x0000, 0x0000, 0x0000, 0x0000, 0x0000, 0x0000, 0x0000, 0x0000, 0x0000, 0x0000, 0x0000, 0x0000,
0x0000, 0x0000, 0x0000, 0x0000, 0x0000, 0x0000, 0x0000, 0x0000, 0x0000, 0x0000, 0x0000, 0x0000, 0x0000, 0x0000, 0x0000, 0x0000,
0x0000, 0x0000, 0x0000, 0x0000, 0x0000, 0x0000, 0x0000, 0x0000, 0x0000, 0x0000, 0x0000, 0x0000, 0x0000, 0x0000, 0x0000, 0x0000,
0x0000, 0x0861, 0x4208, 0x7BEF, 0x9CD3, 0x73AE, 0x1082, 0x0000, 0x0000, 0x0000, 0x0000, 0x0020, 0x0841, 0x1082, 0x4228, 0x9491,
0xAD55, 0xB5B6, 0x39E7, 0x8430, 0x6B4D, 0x2945, 0x52AA, 0x39C7, 0x8430, 0x3165, 0x10A2, 0x630C, 0xB5B6, 0xD699, 0xBE17, 0xAD75,
0xA533, 0x8C30, 0x73AE, 0x6B4D, 0x840F, 0x6B6D, 0x2944, 0xAD55, 0x1082, 0x4228, 0x52EB, 0x31E7, 0x0861, 0x10A2, 0x6B6D, 0x630B,
0x4A49, 0x6B4D, 0x8430, 0xA534, 0x39C7, 0x0000, 0x10A2, 0x1082, 0x0020, 0x0000, 0x0000, 0x0020, 0x0020, 0x0000, 0x18C3, 0x632C,
0x7BEF, 0x738E, 0x2124, 0x0000, 0x0000, 0x0000, 0x0000, 0x0000, 0x0000, 0x0000, 0x0000, 0x0000, 0x0000, 0x0000, 0x0000, 0x0000,
0x0000, 0x0000, 0x0000, 0x0000, 0x0000, 0x0000, 0x0000, 0x0000, 0x0000, 0x0000, 0x0000, 0x0000, 0x0000, 0x0000, 0x0000, 0x0000,
0x0000, 0x0000, 0x0000, 0x0000, 0x0000, 0x0000, 0x0000, 0x0000, 0x0000, 0x0000, 0x0000, 0x0000, 0x0000, 0x0000, 0x0000, 0x0000,
0x0000, 0x0000, 0x0000, 0x0000, 0x0000, 0x0000, 0x0000, 0x0000, 0x0000, 0x0000, 0x0000, 0x0000, 0x0000, 0x0000, 0x0000, 0x0000,
0x0000, 0x0000, 0x0000, 0x0000, 0x0000, 0x0000, 0x0000, 0x18C3, 0x8C71, 0x5AEB, 0x7BEF, 0xAD75, 0x9CD3, 0x5ACB, 0x0000, 0x18E3,
0x4A49, 0x6B4D, 0x632C, 0x6B4C, 0x73AE, 0xA514, 0x9CB2, 0xB5B6, 0x83EF, 0x4A49, 0x94B2, 0x9CF3, 0x4228, 0x31A6, 0x8C51, 0x5ACB,
0x0000, 0x632C, 0xAD75, 0x8410, 0x8C51, 0x8430, 0x7BEF, 0x7BCF, 0x738D, 0x52AA, 0x528A, 0x5AEB, 0x2103, 0x0841, 0x9D13, 0x4228,
0x5AEB, 0x8450, 0x2986, 0x31A6, 0x2124, 0x632C, 0xA534, 0x9CD2, 0x8430, 0x5AAA, 0x5269, 0x73AE, 0x7BEF, 0x9CD3, 0x9CD3, 0x9CF3,
0x73AE, 0x2144, 0x0000, 0x0000, 0x18C3, 0x7BCE, 0xCE59, 0x9491, 0x630C, 0xAD55, 0x39C7, 0x0000, 0x0000, 0x0000, 0x0000, 0x0000,
0x0000, 0x0000, 0x0000, 0x0000, 0x0000, 0x0000, 0x0000, 0x0000, 0x0000, 0x0000, 0x0000, 0x0000, 0x0000, 0x0000, 0x0000, 0x0000,
0x0000, 0x0000, 0x0000, 0x0000, 0x0000, 0x0000, 0x0000, 0x0000, 0x0000, 0x0000, 0x0000, 0x0000, 0x0000, 0x0000, 0x0000, 0x0000,
0x0000, 0x0000, 0x0000, 0x0000, 0x0000, 0x0000, 0x0000, 0x0000, 0x0000, 0x0000, 0x0000, 0x0000, 0x0000, 0x0000, 0x0000, 0x0000,
0x0000, 0x0000, 0x0000, 0x0000, 0x0000, 0x0000, 0x0000, 0x0000, 0x0000, 0x0000, 0x0000, 0x0000, 0x0000, 0x0000, 0x8410, 0x73AF,
0x0000, 0x4228, 0xA514, 0x8410, 0x8430, 0x630C, 0x8C51, 0x9CD3, 0x9CF3, 0x9CF3, 0x9CB2, 0x8C50, 0x840F, 0x7BEF, 0x9CD3, 0x9CF3,
0xB596, 0xB595, 0x4A69, 0x4A49, 0x9CB2, 0x5ACB, 0x1081, 0x0000, 0x73CE, 0x9CD2, 0xBDD7, 0xA514, 0x8410, 0x7BEF, 0x7BEF, 0x52AA,
0x2945, 0x630C, 0x8C71, 0x5AEB, 0x0020, 0x5269, 0x7BEF, 0x39C7, 0x9CF3, 0x4A89, 0x52AA, 0x8C50, 0x4A69, 0x632C, 0x9CD3, 0xA534,
0xAD75, 0xAD75, 0xB596, 0xA4F3, 0x9CD3, 0x9CB2, 0x94B2, 0x8430, 0x6B4D, 0x73AE, 0x31C6, 0x2944, 0x528A, 0xCE59, 0x630B, 0x1061,
0x8C71, 0x9CD3, 0x0020, 0x0000, 0x0000, 0x0000, 0x0000, 0x0000, 0x0000, 0x0000, 0x0000, 0x0000, 0x0000, 0x0000, 0x0000, 0x0000,
0x0000, 0x0000, 0x0000, 0x0000, 0x0000, 0x0000, 0x0000, 0x0000, 0x0000, 0x0000, 0x0000, 0x0000, 0x0000, 0x0000, 0x0000, 0x0000,
0x0000, 0x0000, 0x0000, 0x0000, 0x0000, 0x0000, 0x0000, 0x0000, 0x0000, 0x0000, 0x0000, 0x0000, 0x0000, 0x0000, 0x0000, 0x0000,
0x0000, 0x0000, 0x0000, 0x0000, 0x0000, 0x0000, 0x0000, 0x0000, 0x0000, 0x0000, 0x0000, 0x0000, 0x0000, 0x0000, 0x0000, 0x0000,
0x0000, 0x0000, 0x0000, 0x0000, 0x0861, 0x9CD3, 0x94B2, 0x52CA, 0x5AEB, 0x528A, 0x8430, 0x7C10, 0x8430, 0xB596, 0xCE79, 0xD69A,
0xCE59, 0xC618, 0xBDF7, 0xC5F7, 0xBDF7, 0xBDD6, 0xBDB6, 0x9CD3, 0x5ACB, 0x528A, 0x8C71, 0x5289, 0x4207, 0x0861, 0x0020, 0x8C71,
0x9CD3, 0xD69A, 0xC638, 0x94B2, 0x8C91, 0x8C71, 0x39E7, 0x5ACB, 0x9CF3, 0x738E, 0x94B2, 0x5ACA, 0x41E7, 0x8C30, 0x1082, 0x8C91,
0x83EF, 0x630C, 0x736D, 0x7BCE, 0x4A69, 0x5AEB, 0x8C71, 0x8C71, 0x9472, 0xAD55, 0xBDB6, 0xC618, 0xCE58, 0xCE58, 0xBD96, 0x6B2C,
0x5AEB, 0x52AA, 0x4207, 0x7BCF, 0xB596, 0x8C30, 0x632C, 0x8C71, 0x94B2, 0x2104, 0x0000, 0x0000, 0x0000, 0x0000, 0x0000, 0x0000,
0x0000, 0x0000, 0x0000, 0x0000, 0x0000, 0x0000, 0x0000, 0x0000, 0x0000, 0x0000, 0x0000, 0x0000, 0x0000, 0x0000, 0x0000, 0x0000,
0x0000, 0x0000, 0x0000, 0x0000, 0x0000, 0x0000, 0x0000, 0x0000, 0x0000, 0x0000, 0x0000, 0x0000, 0x0000, 0x0000, 0x0000, 0x0000,
0x0000, 0x0000, 0x0000, 0x0000, 0x0000, 0x0000, 0x0000, 0x0000, 0x0000, 0x0000, 0x0000, 0x0000, 0x0000, 0x0000, 0x0000, 0x0000,
0x0000, 0x0000, 0x0000, 0x0000, 0x0000, 0x0000, 0x0000, 0x0000, 0x0000, 0x0000, 0x0000, 0x0020, 0x5AEB, 0x738D, 0x7BEF, 0x52A9,
0x73AE, 0x52AA, 0x840F, 0xC638, 0xC659, 0xB5B6, 0xA534, 0x9CD3, 0x8C71, 0x8430, 0x8C71, 0x8C50, 0x8430, 0x738E, 0x5ACB, 0x3186,
0x4228, 0x39C7, 0x7BCF, 0x5ACA, 0x10A2, 0x0841, 0xA514, 0x73AE, 0xAD75, 0xA534, 0x8C51, 0x8410, 0x7BEF, 0x52AA, 0x528A, 0x7BCF,
0x7BCE, 0x738E, 0x6B2C, 0x7BAE, 0x2104, 0x0000, 0x528A, 0xAD54, 0x6B4C, 0x18C2, 0x5AEB, 0x9CF3, 0x4228, 0x528A, 0x6B6D, 0x73AE,
0x7BEF, 0x7BCE, 0x736D, 0x7BCF, 0xAD34, 0xC638, 0xDEDA, 0x738D, 0x4A49, 0xBDF7, 0xBDD6, 0xB5B6, 0xAD55, 0x6B4D, 0x3186, 0x6B4D,
0x4208, 0x0000, 0x0000, 0x0000, 0x0000, 0x0000, 0x0000, 0x0000, 0x0000, 0x0000, 0x0000, 0x0000, 0x0000, 0x0000, 0x0000, 0x0000,
0x0000, 0x0000, 0x0000, 0x0000, 0x0000, 0x0000, 0x0000, 0x0000, 0x0000, 0x0000, 0x0000, 0x0000, 0x0000, 0x0000, 0x0000, 0x0000,
0x0000, 0x0000, 0x0000, 0x0000, 0x0000, 0x0000, 0x0000, 0x0000, 0x0000, 0x0000, 0x0000, 0x0000, 0x0000, 0x0000, 0x0000, 0x0000,
0x0000, 0x0000, 0x0000, 0x0000, 0x0000, 0x0000, 0x0000, 0x0000, 0x0000, 0x0000, 0x0000, 0x0000, 0x0000, 0x0000, 0x0000, 0x0000,
0x0000, 0x0000, 0x0000, 0x0020, 0x632C, 0x6B8D, 0x5AEB, 0x3A08, 0x7BEF, 0xC638, 0xBDF7, 0x9CD2, 0x632C, 0x4208, 0x2104, 0x2104,
0x2944, 0x39E7, 0x4A49, 0x4A49, 0x4A48, 0x4207, 0x2103, 0x0000, 0x738E, 0x9492, 0x4A49, 0x10A2, 0x0841, 0x9491, 0x6B2C, 0x9CF3,
0xA513, 0x8C51, 0x8410, 0x7BCE, 0x83EF, 0x7BCE, 0x7BCE, 0x6B6D, 0x630C, 0x39A6, 0x94B2, 0x6B6D, 0x0000, 0x18E3, 0x94B2, 0xAD54,
0x4228, 0x31A6, 0x8C50, 0x738E, 0x632C, 0x5ACB, 0x4228, 0x2945, 0x1082, 0x0000, 0x0000, 0x2944, 0x7BEF, 0xBDD7, 0xD679, 0xB596,
0xB596, 0x9491, 0x630C, 0x9492, 0xAD96, 0x3A08, 0x2124, 0x0881, 0x0000, 0x0000, 0x0000, 0x0000, 0x0000, 0x0000, 0x0000, 0x0000,
0x0000, 0x0000, 0x0000, 0x0000, 0x0000, 0x0000, 0x0000, 0x0000, 0x0000, 0x0000, 0x0000, 0x0000, 0x0000, 0x0000, 0x0000, 0x0000,
0x0000, 0x0000, 0x0000, 0x0000, 0x0000, 0x0000, 0x0000, 0x0000, 0x0000, 0x0000, 0x0000, 0x0000, 0x0000, 0x0000, 0x0000, 0x0000,
0x0000, 0x0000, 0x0000, 0x0000, 0x0000, 0x0000, 0x0000, 0x0000, 0x0000, 0x0000, 0x0000, 0x0000, 0x0000, 0x0000, 0x0000, 0x0000,
0x0000, 0x0000, 0x0000, 0x0000, 0x0000, 0x0000, 0x0000, 0x0000, 0x0000, 0x0000, 0x2124, 0x6B8D, 0x8450, 0x9D13, 0x18E3, 0x9492,
0xC638, 0xAD55, 0x528A, 0x2124, 0x31C6, 0x4A49, 0x4A48, 0x0020, 0x0000, 0x2965, 0x31A6, 0x3185, 0x738D, 0x39C6, 0x4228, 0xB5B6,
0x73AE, 0x4228, 0x2103, 0x4228, 0x7BEF, 0x9491, 0x9CD2, 0x94B2, 0x8450, 0x7BCE, 0x632C, 0x62EB, 0x4208, 0x39C7, 0x4A48, 0x0841,
0x2124, 0xAD75, 0xC5F7, 0x4207, 0x0000, 0x630B, 0xAD75, 0xAD54, 0x632D, 0x7BEF, 0x7BCF, 0x8C91, 0x632C, 0x2965, 0x0000, 0x0000,
0x2103, 0x2124, 0x0020, 0x0841, 0x736D, 0xBDD7, 0xBDD7, 0x9492, 0x5AEB, 0x52EA, 0x3A48, 0x7C0F, 0xA534, 0x2124, 0x0000, 0x0000,
0x0000, 0x0000, 0x0000, 0x0000, 0x0000, 0x0000, 0x0000, 0x0000, 0x0000, 0x0000, 0x0000, 0x0000, 0x0000, 0x0000, 0x0000, 0x0000,
0x0000, 0x0000, 0x0000, 0x0000, 0x0000, 0x0000, 0x0000, 0x0000, 0x0000, 0x0000, 0x0000, 0x0000, 0x0000, 0x0000, 0x0000, 0x0000,
0x0000, 0x0000, 0x0000, 0x0000, 0x0000, 0x0000, 0x0000, 0x0000, 0x0000, 0x0000, 0x0000, 0x0000, 0x0000, 0x0000, 0x0000, 0x0000,
0x0000, 0x0000, 0x0000, 0x0000, 0x0000, 0x0000, 0x0000, 0x0000, 0x0000, 0x0000, 0x0000, 0x0000, 0x0000, 0x0000, 0x0000, 0x0000,
0x0000, 0x52AA, 0x738E, 0xAD95, 0x5B2C, 0x2985, 0xAD75, 0xBDD7, 0x6B8D, 0x18E3, 0x6B4D, 0xBDD6, 0xAD75, 0xB596, 0x8C51, 0x2124,
0x2965, 0x3186, 0x632C, 0xB5D7, 0xA514, 0xAD35, 0x9CF3, 0x632D, 0x2124, 0x4208, 0x7BCF, 0x5AEB, 0xA534, 0x7BAE, 0x8410, 0x7BCF,
0x73AE, 0x7BEF, 0x8430, 0x5AEB, 0x4A49, 0x73AE, 0x2944, 0x0000, 0x6B4C, 0xBDD6, 0x9492, 0x0020, 0x20E3, 0x8C71, 0xA534, 0xB595,
0x6B4D, 0x73CE, 0x7BCF, 0x738D, 0x0861, 0x3186, 0x6B6D, 0x8430, 0x73AE, 0x5ACB, 0x2124, 0x0861, 0x8410, 0xC618, 0x9492, 0x630B,
0x4AEA, 0x7C90, 0x3A69, 0x94D2, 0x636D, 0x0000, 0x0020, 0x0000, 0x0000, 0x0000, 0x0000, 0x0000, 0x0000, 0x0000, 0x0000, 0x0000,
0x0000, 0x0000, 0x0000, 0x0000, 0x0000, 0x0000, 0x0000, 0x0000, 0x0000, 0x0000, 0x0000, 0x0000, 0x0000, 0x0000, 0x0000, 0x0000,
0x0000, 0x0000, 0x0000, 0x0000, 0x0000, 0x0000, 0x0000, 0x0000, 0x0000, 0x0000, 0x0000, 0x0000, 0x0000, 0x0000, 0x0000, 0x0000,
0x0000, 0x0000, 0x0000, 0x0000, 0x0000, 0x0000, 0x0000, 0x0000, 0x0000, 0x0000, 0x0000, 0x0000, 0x0000, 0x0000, 0x0000, 0x0000,
0x0000, 0x0000, 0x0000, 0x0020, 0x0020, 0x0000, 0x0000, 0x0841, 0x5AEB, 0x7BCF, 0x9D13, 0x31A6, 0x2985, 0xB5D7, 0xAD55, 0x2965,
0x4A69, 0xC618, 0xB596, 0xB5B6, 0xA514, 0xAD75, 0x9CD3, 0x39C6, 0x41E7, 0x8C71, 0xBDD7, 0xA534, 0xA514, 0x8430, 0x4228, 0x18C3,
0x8450, 0x528A, 0x2945, 0xA554, 0xA534, 0xA514, 0x9CD3, 0x9CF3, 0x9CD3, 0x9CD3, 0x6B6D, 0x4A69, 0x632C, 0x632C, 0x18C3, 0x1081,
0x39C7, 0xAD55, 0x4208, 0x0000, 0x3186, 0x9CD2, 0x9CB2, 0x7BCE, 0x4228, 0x738D, 0x31A6, 0x31A6, 0x9CD3, 0x9CF3, 0x630B, 0xA534,
0x9492, 0x630B, 0x10A2, 0x4207, 0xBDF7, 0x9CD3, 0x73CE, 0x10E3, 0x4B0A, 0x538C, 0x740F, 0x73EF, 0x0040, 0x0000, 0x0000, 0x0000,
0x0000, 0x0000, 0x0000, 0x0000, 0x0000, 0x0000, 0x0000, 0x0000, 0x0000, 0x0000, 0x0000, 0x0000, 0x0000, 0x0000, 0x0000, 0x0000,
0x0000, 0x0000, 0x0000, 0x0000, 0x0000, 0x0000, 0x0000, 0x0000, 0x0000, 0x0000, 0x0000, 0x0000, 0x0000, 0x0000, 0x0000, 0x0000,
0x0000, 0x0000, 0x0000, 0x0000, 0x0000, 0x0000, 0x0000, 0x0000, 0x0000, 0x0000, 0x0000, 0x0000, 0x0000, 0x0000, 0x0000, 0x0000,
0x0000, 0x0000, 0x0000, 0x0000, 0x0000, 0x0000, 0x0000, 0x0000, 0x0000, 0x0000, 0x0000, 0x0000, 0x0000, 0x0000, 0x0020, 0x5ACB,
0x6B6D, 0x8C92, 0x31A6, 0x2945, 0xB596, 0xA514, 0x39E7, 0x9CF3, 0xB5B6, 0x7BEF, 0x5AEC, 0xA514, 0x8C71, 0x9CD3, 0x630C, 0x10A2,
0x31A6, 0x4228, 0x8C71, 0x9CD3, 0x5ACB, 0x18C3, 0x6B4D, 0x8C50, 0x4A69, 0x0861, 0x7BEF, 0xBDF7, 0xCE59, 0xBDF7, 0x9CF3, 0x94B2,
0x8C71, 0x7BEF, 0x39A6, 0x73AE, 0x4208, 0x5AEB, 0x0000, 0x0000, 0x5ACB, 0xA4F3, 0x4228, 0x0821, 0x18E3, 0x5AEA, 0x738D, 0x6B6D,
0x4A69, 0x2924, 0x8430, 0x9491, 0x31A6, 0x0000, 0x31A6, 0x738D, 0x5AEB, 0x39C7, 0x10A2, 0xB575, 0x8C51, 0x840F, 0x1923, 0x29E6,
0x4B4B, 0x73EE, 0x6BAE, 0x0000, 0x0020, 0x0000, 0x0000, 0x0000, 0x0020, 0x0020, 0x0000, 0x0000, 0x0000, 0x0000, 0x0000, 0x0000,
0x0000, 0x0000, 0x0000, 0x0000, 0x0000, 0x0000, 0x0000, 0x0000, 0x0000, 0x0000, 0x0000, 0x0000, 0x0000, 0x0000, 0x0000, 0x0000,
0x0000, 0x0000, 0x0000, 0x0000, 0x0000, 0x0000, 0x0000, 0x0000, 0x0000, 0x0000, 0x0000, 0x0000, 0x0000, 0x0000, 0x0000, 0x0000,
0x0000, 0x0000, 0x0000, 0x0000, 0x0000, 0x0000, 0x0000, 0x0000, 0x0000, 0x0000, 0x0000, 0x0000, 0x0000, 0x0000, 0x0000, 0x0861,
0x2145, 0x52AA, 0x528A, 0x4208, 0x2965, 0x2945, 0x52AA, 0x39E7, 0x7BEF, 0x31A6, 0x0882, 0xA534, 0x94B3, 0x528A, 0xBDD7, 0x94D3,
0x4228, 0x52AA, 0xBDD7, 0x2945, 0x8C71, 0x632C, 0x18C3, 0x18C3, 0x52CA, 0xAD75, 0x5ACB, 0x18C3, 0x52AA, 0x9D13, 0x6B4D, 0x3165,
0x0000, 0x2965, 0x83EF, 0xCE79, 0xBDF8, 0x9CD3, 0x9492, 0x8C51, 0x9471, 0x4228, 0x7BEF, 0x4A49, 0x52AA, 0x2965, 0x4A28, 0x6B2D,
0x7BCF, 0x9CD3, 0x73AE, 0x18E3, 0x0000, 0x0020, 0x2124, 0x39C7, 0x31A6, 0xB5B6, 0x632C, 0x0020, 0x1082, 0x10C2, 0x528A, 0x6B4C,
0x4A89, 0x0020, 0x6B6D, 0x94B2, 0x8C50, 0x1903, 0x21A5, 0x3A68, 0x636C, 0x634C, 0x1904, 0x0861, 0x10A2, 0x2104, 0x18C3, 0x0000,
0x0000, 0x0000, 0x0000, 0x0000, 0x0000, 0x0000, 0x0000, 0x0000, 0x0000, 0x0000, 0x0000, 0x0000, 0x0000, 0x0000, 0x0000, 0x0000,
0x0000, 0x0000, 0x0000, 0x0000, 0x0000, 0x0000, 0x0000, 0x0000, 0x0000, 0x0000, 0x0000, 0x0000, 0x0000, 0x0000, 0x0000, 0x0000,
0x0000, 0x0000, 0x0000, 0x0000, 0x0000, 0x0000, 0x0000, 0x0000, 0x0000, 0x0000, 0x0000, 0x0000, 0x0000, 0x0000, 0x0000, 0x0000,
0x0000, 0x0000, 0x0000, 0x0000, 0x0020, 0x39C7, 0x7BCF, 0xAD75, 0xC617, 0xB5B6, 0x94F3, 0x6B8D, 0x634D, 0x7C0F, 0x39E7, 0x4228,
0x4248, 0x0000, 0x7BEF, 0xA534, 0x632C, 0xB596, 0x8450, 0x3165, 0x5AEB, 0xA514, 0x7BEF, 0x8C71, 0x4A48, 0x2103, 0x4228, 0x9CF3,
0x630B, 0x18E3, 0x52AA, 0xAD95, 0x8C71, 0x52AA, 0x0861, 0x0020, 0x18E3, 0x6B2C, 0xC638, 0xBDF7, 0x9CD2, 0x9492, 0x8C71, 0x9492,
0x632C, 0x2965, 0x9CD3, 0x2104, 0x8C71, 0xA4F3, 0x8C51, 0x3186, 0x73AE, 0x8C71, 0x9CF3, 0x52CA, 0x0861, 0x0000, 0x0000, 0x31A6,
0xAD55, 0x9CF3, 0x2965, 0x10A3, 0x840F, 0x8C91, 0x7BCF, 0x4208, 0x0000, 0x5ACB, 0xB595, 0x7C0F, 0x10C3, 0x2185, 0x2185, 0x2144,
0x6B6D, 0x738E, 0x6B6E, 0x9492, 0x9CF3, 0x9492, 0x632C, 0x2965, 0x0000, 0x0000, 0x0000, 0x0000, 0x0000, 0x0000, 0x0000, 0x0000,
0x0000, 0x0000, 0x0000, 0x0000, 0x0000, 0x0000, 0x0000, 0x0000, 0x0000, 0x0000, 0x0000, 0x0000, 0x0000, 0x0000, 0x0000, 0x0000,
0x0000, 0x0000, 0x0000, 0x0000, 0x0000, 0x0000, 0x0000, 0x0000, 0x0000, 0x0000, 0x0000, 0x0000, 0x0000, 0x0000, 0x0000, 0x0000,
0x0000, 0x0000, 0x0000, 0x0000, 0x0000, 0x0000, 0x0000, 0x0000, 0x0000, 0x0000, 0x0000, 0x41E7, 0x9492, 0xCE79, 0xADB5, 0x84D2,
0x744F, 0x636C, 0x4B0B, 0x3A68, 0x2985, 0x39E7, 0x2985, 0x2965, 0x0000, 0x31A6, 0xAD75, 0x738E, 0xB596, 0x8410, 0x31A6, 0x18E3,
0x73AE, 0x94D2, 0x4A69, 0x18C2, 0x6B6D, 0x840F, 0x4208, 0x18E3, 0x5ACB, 0xB596, 0xA534, 0x7BCF, 0x2104, 0x10A2, 0x20E3, 0x5289,
0x9491, 0xB596, 0xBDD7, 0x9CF3, 0x9CD2, 0x7BEF, 0x5ACB, 0x632C, 0x2124, 0x73AE, 0x7BCF, 0x4208, 0x94B2, 0x18E3, 0x0020, 0x31C7,
0x73AE, 0x8410, 0xA514, 0x94B2, 0x5B0B, 0x2104, 0x18A2, 0xA513, 0x9D13, 0x9492, 0xAD96, 0xB5B6, 0x9CD3, 0x94B2, 0x2965, 0x0000,
0x94B2, 0xA4F3, 0x7BCE, 0x0882, 0x2144, 0x10A2, 0x0841, 0x4A69, 0x8C91, 0xA555, 0xC618, 0xCE79, 0xCE78, 0xB5B6, 0x9CF3, 0x52AA,
0x0000, 0x0000, 0x0000, 0x0000, 0x0000, 0x0000, 0x0000, 0x0000, 0x0000, 0x0000, 0x0000, 0x0000, 0x0000, 0x0000, 0x0000, 0x0000,
0x0000, 0x0000, 0x0000, 0x0000, 0x0000, 0x0000, 0x0000, 0x0000, 0x0000, 0x0000, 0x0000, 0x0000, 0x0000, 0x0000, 0x0000, 0x0000,
0x0000, 0x0000, 0x0000, 0x0000, 0x0000, 0x0000, 0x0000, 0x0000, 0x0000, 0x0000, 0x0000, 0x0000, 0x0000, 0x0000, 0x0000, 0x0000,
0x0000, 0x2124, 0x83F0, 0xBDF7, 0x8471, 0x4B6C, 0x6CB0, 0x29E6, 0x08A1, 0x4268, 0x2185, 0x4228, 0x73AD, 0x5AEB, 0x2124, 0x10A2,
0x0020, 0x7C0F, 0x8C51, 0xAD75, 0x9CF3, 0x5ACB, 0x0020, 0x1082, 0x2124, 0x0861, 0x10A2, 0x2103, 0x10A2, 0x39C7, 0x8C91, 0xB5B6,
0xA534, 0x9492, 0x2986, 0x1903, 0x2965, 0x2103, 0x630B, 0x8410, 0xA514, 0xA514, 0x7BEF, 0x7BEF, 0x6B6D, 0x8430, 0xA4F3, 0x6B6D,
0x18E3, 0xAD75, 0x528A, 0x2965, 0x18E3, 0x0000, 0x0020, 0x528A, 0x840F, 0x7BEF, 0x94B2, 0xAD75, 0x8C91, 0x18E3, 0x6B4C, 0xA555,
0x94B2, 0x9CD3, 0x9CD3, 0xBDF7, 0x8410, 0x1082, 0x4A49, 0xB5B6, 0x9470, 0x6B6D, 0x0041, 0x31E6, 0x0881, 0x3A27, 0x6BEE, 0x5B8D,
0x534C, 0x7C70, 0x9D54, 0xA574, 0xB5D6, 0x9D13, 0x94D2, 0x52AA, 0x0000, 0x0000, 0x0000, 0x0000, 0x0000, 0x0000, 0x0000, 0x0000,
0x0000, 0x0000, 0x0000, 0x0000, 0x0000, 0x0000, 0x0000, 0x0000, 0x0000, 0x0000, 0x0000, 0x0000, 0x0000, 0x0000, 0x0000, 0x0000,
0x0000, 0x0000, 0x0000, 0x0000, 0x0000, 0x0000, 0x0000, 0x0000, 0x0000, 0x0000, 0x0000, 0x0000, 0x0000, 0x0000, 0x0000, 0x0000,
0x0000, 0x0000, 0x0000, 0x0000, 0x0000, 0x0000, 0x0020, 0x0000, 0x3186, 0x9CB2, 0x8CB2, 0x2A88, 0x644F, 0x42C9, 0x1903, 0x18E3,
0x4248, 0x3A07, 0x8CB1, 0x39C7, 0x10A2, 0x52AA, 0x4248, 0x10C2, 0x2965, 0x8C51, 0x9492, 0xB5B6, 0x7BAE, 0x4A69, 0x1082, 0x0841,
0x0861, 0x18C3, 0x39C7, 0x73AE, 0xAD75, 0xAD54, 0x8410, 0x9492, 0x4228, 0x31A6, 0x2965, 0x3185, 0x2945, 0x9492, 0x7BAE, 0x73AE,
0x9492, 0x94B2, 0x9CB2, 0x9CF3, 0x9CD3, 0x9CB2, 0x8C51, 0x2965, 0x2124, 0x9CF3, 0x2965, 0x0861, 0x528A, 0x8C92, 0x3185, 0x31A6,
0x7BCE, 0x8C50, 0x8C71, 0xA514, 0xA514, 0x52CB, 0xA534, 0xAD96, 0xAD95, 0xCE79, 0xB596, 0x2144, 0x18C3, 0xA513, 0x9491, 0x6B4C,
0x4249, 0x0061, 0x10A2, 0x3A27, 0x5B6C, 0x1964, 0x00E2, 0x0143, 0x0984, 0x5B8C, 0x42EA, 0x63AD, 0x9D74, 0x73EF, 0x8471, 0x18C3,
0x0000, 0x0000, 0x0000, 0x0000, 0x0000, 0x0000, 0x0000, 0x0000, 0x0000, 0x0000, 0x0000, 0x0000, 0x0000, 0x0000, 0x0000, 0x0000,
0x0000, 0x0000, 0x0000, 0x0000, 0x0000, 0x0000, 0x0000, 0x0000, 0x0000, 0x0000, 0x0000, 0x0000, 0x0000, 0x0000, 0x0000, 0x0000,
0x0000, 0x0000, 0x0000, 0x0000, 0x0000, 0x0000, 0x0000, 0x0000, 0x0000, 0x0000, 0x0000, 0x0000, 0x0000, 0x0000, 0x0000, 0x2945,
0x7BEF, 0x638D, 0x3B2A, 0x4B4B, 0x1903, 0x18C2, 0x2944, 0x3A07, 0x4A89, 0x4228, 0x0881, 0x0841, 0x7BCE, 0x31C6, 0x18E3, 0x2124,
0x4A69, 0x840F, 0xAD34, 0xB596, 0x9CB2, 0x7BAE, 0x5269, 0x5269, 0x5ACB, 0x8C71, 0xA514, 0x9CD2, 0x5ACB, 0x52AA, 0x630C, 0x39E7,
0x2945, 0x0861, 0x3165, 0x52AA, 0xCE59, 0x7BCF, 0x9CF3, 0xC618, 0xB596, 0xA534, 0xA514, 0x9CF3, 0x8410, 0x630C, 0x630C, 0x10A2,
0x3186, 0x8C50, 0x0882, 0x2945, 0x840F, 0x18C3, 0x0000, 0x2124, 0x6B4D, 0x8430, 0x8430, 0x8C71, 0xAD34, 0x8C91, 0x73AE, 0x8430,
0x7BCF, 0x2945, 0x2124, 0x9491, 0xA513, 0x630B, 0x4AAA, 0x2185, 0x08A2, 0x1944, 0x3A68, 0x1103, 0x0903, 0x21A6, 0x19E5, 0x1A46,
0x1984, 0x530A, 0x29E6, 0x3A88, 0x3A69, 0x6BAD, 0x39C7, 0x0000, 0x0000, 0x0000, 0x0000, 0x0000, 0x0000, 0x0000, 0x0000, 0x0000,
0x0000, 0x0000, 0x0000, 0x0000, 0x0000, 0x0000, 0x0000, 0x0000, 0x0000, 0x0000, 0x0000, 0x0000, 0x0000, 0x0000, 0x0000, 0x0000,
0x0000, 0x0000, 0x0000, 0x0000, 0x0000, 0x0000, 0x0000, 0x0000, 0x0000, 0x0000, 0x0000, 0x0000, 0x0000, 0x0000, 0x0000, 0x0000,
0x0000, 0x0000, 0x0000, 0x0000, 0x0000, 0x528A, 0xBDD6, 0x73AE, 0x3A68, 0x32A9, 0x3B2A, 0x3227, 0x10A2, 0x4A48, 0x39E6, 0x3A27,
0x2124, 0x1082, 0x18C3, 0x6B4C, 0x31C6, 0x0881, 0x18E3, 0x18E3, 0x31A6, 0x4A69, 0x840F, 0xA4F3, 0x9CB2, 0x8C30, 0x8410, 0x8C50,
0x7BEF, 0x5AEB, 0x2945, 0x0861, 0x4A69, 0x31A6, 0x1082, 0x0841, 0x2965, 0x41E7, 0xA534, 0xBDF7, 0x52AB, 0x8C91, 0xC618, 0xBDD7,
0x9CF3, 0x7BEF, 0x8430, 0x9CD3, 0x9CD3, 0x840F, 0x2965, 0x0000, 0x4228, 0x5ACA, 0x0000, 0x1061, 0x52AA, 0x3185, 0x0020, 0x10A2,
0x4A49, 0x73AE, 0x7BEF, 0x8410, 0xA534, 0x8C71, 0x630C, 0x5ACB, 0x7BCE, 0xA534, 0xA513, 0x6B6D, 0x3207, 0x3A68, 0x08A2, 0x10E3,
0x1103, 0x00A2, 0x0081, 0x3A07, 0x9CB2, 0x4289, 0x1A46, 0x11E6, 0x2206, 0x4B2A, 0x21A5, 0x4ACA, 0x632C, 0x5ACB, 0x0000, 0x0000,
0x0000, 0x0000, 0x0000, 0x0000, 0x0000, 0x0000, 0x0000, 0x0000, 0x0000, 0x0000, 0x0000, 0x0000, 0x0000, 0x0000, 0x0000, 0x0000,
0x0000, 0x0000, 0x0000, 0x0000, 0x0000, 0x0000, 0x0000, 0x0000, 0x0000, 0x0000, 0x0000, 0x0000, 0x0000, 0x0000, 0x0000, 0x0000,
0x0000, 0x0000, 0x0000, 0x0000, 0x0000, 0x0000, 0x0000, 0x0000, 0x0000, 0x0000, 0x0041, 0x7BCF, 0xCE58, 0x8C71, 0x4A08, 0x4269,
0x2A26, 0x3B2A, 0x2227, 0x2185, 0x18C2, 0x2944, 0x29A5, 0x4AA9, 0x18C3, 0x2944, 0x5ACA, 0x3A28, 0x1944, 0x21A6, 0x0020, 0x0020,
0x0861, 0x18E3, 0x2945, 0x41E7, 0x4A69, 0x4228, 0x2965, 0x18C2, 0x0020, 0x0000, 0x31C6, 0x5AEB, 0x10A2, 0x10A2, 0x31A6, 0x4A69,
0x9CD3, 0xBDD7, 0xB596, 0x630B, 0x7BCF, 0xA534, 0x8410, 0x8410, 0xA534, 0xBDD7, 0xA4F3, 0x83EF, 0x630B, 0x5ACB, 0x2985, 0x0000,
0x39C7, 0x2104, 0x0000, 0x2965, 0x7C0F, 0x0040, 0x10A2, 0x0020, 0x10A2, 0x5269, 0x840F, 0x8C50, 0x9CB3, 0xA534, 0x9CF3, 0xA513,
0x8C71, 0x52CA, 0x31E7, 0x1965, 0x10E3, 0x0061, 0x2185, 0x31C6, 0x2145, 0x1904, 0x0882, 0x4A28, 0x7BEE, 0x1A06, 0x2267, 0x1A26,
0x42E9, 0x6B8D, 0xC617, 0x8C70, 0x62EB, 0x0000, 0x0020, 0x0000, 0x0000, 0x0000, 0x0000, 0x0000, 0x0000, 0x0000, 0x0000, 0x0000,
0x0000, 0x0000, 0x0000, 0x0000, 0x0000, 0x0000, 0x0000, 0x0000, 0x0000, 0x0000, 0x0000, 0x0000, 0x0000, 0x0000, 0x0000, 0x0000,
0x0000, 0x0000, 0x0000, 0x0000, 0x0000, 0x0000, 0x0000, 0x0000, 0x0000, 0x0000, 0x0000, 0x0000, 0x0000, 0x0000, 0x0000, 0x0000,
0x0000, 0x6B6D, 0xAD54, 0x52AA, 0x31C7, 0x4208, 0x4248, 0x3206, 0x2226, 0x2247, 0x19E6, 0x21C5, 0x10C2, 0x2143, 0x4268, 0x52EB,
0x52EB, 0x636C, 0x21A5, 0x3ACA, 0x3227, 0x0000, 0x0000, 0x0041, 0x0881, 0x0000, 0x0000, 0x0000, 0x0000, 0x0000, 0x0000, 0x10A2,
0x4A69, 0x528A, 0x5AAA, 0x5269, 0x4A49, 0x5AAA, 0x5ACB, 0xBDF7, 0xB596, 0xB596, 0x632C, 0x736D, 0x8C71, 0xAD55, 0xBDD7, 0xB596,
0x9CB2, 0x7BCF, 0x7BAE, 0x736D, 0x8410, 0x4228, 0x18C3, 0x2944, 0x83EF, 0x41E7, 0x39A6, 0x2924, 0x10A2, 0x39C6, 0x4A49, 0x2924,
0x0000, 0x18C2, 0x39E7, 0x5ACB, 0x5AEB, 0x5ACB, 0x5AEB, 0x4248, 0x2165, 0x10E2, 0x0082, 0x0040, 0x530B, 0x4208, 0x734D, 0x9450,
0x5ACA, 0x18E3, 0x2924, 0x52CA, 0x19E5, 0x1A26, 0x2226, 0x3A68, 0x636D, 0xAD34, 0x528A, 0x62EB, 0x39A6, 0x0000, 0x0000, 0x0000,
0x0000, 0x0000, 0x0000, 0x0000, 0x0000, 0x0000, 0x0000, 0x0000, 0x0000, 0x0000, 0x0000, 0x0000, 0x0000, 0x0000, 0x0000, 0x0000,
0x0000, 0x0000, 0x0000, 0x0000, 0x0000, 0x0000, 0x0000, 0x0000, 0x0000, 0x0000, 0x0000, 0x0000, 0x0000, 0x0000, 0x0000, 0x0000,
0x0000, 0x0000, 0x0000, 0x0000, 0x0000, 0x0000, 0x0000, 0x4A49, 0xAD75, 0x630B, 0x4A69, 0x3A07, 0x4208, 0x6B6D, 0x31C6, 0x1923,
0x21E5, 0x19E5, 0x21C5, 0x1964, 0x1964, 0x1923, 0x29C5, 0x3206, 0x08C2, 0x21C6, 0x538C, 0x10E3, 0x0861, 0x2103, 0x4207, 0x632C,
0x62EB, 0x39E7, 0x2944, 0x18E3, 0x2965, 0x4A49, 0x5B0B, 0x3A68, 0x0963, 0x0984, 0x0963, 0x0102, 0x1984, 0x1944, 0x73AE, 0xBDD7,
0xB596, 0x9CD3, 0xB575, 0xCE38, 0xBDD7, 0x9CD3, 0x8C71, 0x8410, 0x8410, 0x83EF, 0x7BAE, 0x7BEF, 0x5ACB, 0x52CA, 0x5B2B, 0x532B,
0x3AA9, 0x2226, 0x0143, 0x11A5, 0x09A4, 0x2226, 0x4AA9, 0x52AA, 0x18E3, 0x0000, 0x0020, 0x0000, 0x0861, 0x0882, 0x0882, 0x0881,
0x0000, 0x0903, 0x1185, 0x7C0F, 0x736D, 0x6B0C, 0x20E3, 0x0841, 0x10A2, 0x18C3, 0x2104, 0x19E6, 0x19E5, 0x1A06, 0x3268, 0x4ACA,
0x630C, 0x8C51, 0x9CF3, 0x9492, 0x4228, 0x0020, 0x0000, 0x0000, 0x0000, 0x0000, 0x0000, 0x0000, 0x0000, 0x0000, 0x0000, 0x0000,
0x0000, 0x0000, 0x0000, 0x0000, 0x0000, 0x0000, 0x0000, 0x0000, 0x0000, 0x0000, 0x0000, 0x0000, 0x0000, 0x0000, 0x0000, 0x0000,
0x0000, 0x0000, 0x0000, 0x0000, 0x0000, 0x0000, 0x0000, 0x0000, 0x0000, 0x0000, 0x0000, 0x0000, 0x0000, 0x10A2, 0x8C30, 0x9492,
0x31E7, 0x636C, 0x18C3, 0x73AE, 0xA555, 0x8431, 0x4249, 0x1944, 0x1944, 0x1944, 0x10E2, 0x2185, 0x29A6, 0x0061, 0x0000, 0x1924,
0x6BEE, 0x3A68, 0x0061, 0x2124, 0x73CE, 0x5B0B, 0x4A69, 0x6B4D, 0x7BCF, 0x9CB3, 0x73AE, 0x5B6D, 0x3B0A, 0x0A25, 0x0266, 0x0AA7,
0x12A7, 0x1286, 0x0A45, 0x0A05, 0x0184, 0x1985, 0x9D14, 0xB5B6, 0xC618, 0xC618, 0xBDD7, 0x9CD3, 0x8C71, 0x8C30, 0x7BAE, 0x632C,
0x4269, 0x29E7, 0x19E6, 0x1226, 0x1266, 0x0A66, 0x0A66, 0x0A66, 0x0A66, 0x0A86, 0x0A66, 0x0AA6, 0x0AA6, 0x0A66, 0x1A87, 0x2A47,
0x3227, 0x630B, 0x39C6, 0x2985, 0x31A6, 0x2165, 0x0881, 0x0000, 0x08C2, 0x19E6, 0x4228, 0x9471, 0x2104, 0x10C3, 0x4248, 0x2124,
0x1904, 0x1903, 0x21E6, 0x1A06, 0x19A5, 0x31E7, 0x73CE, 0xB5D6, 0xADB6, 0xBE38, 0xC678, 0x9D34, 0x4208, 0x0000, 0x0000, 0x0000,
0x0000, 0x0000, 0x0000, 0x0000, 0x0000, 0x0000, 0x0000, 0x0000, 0x0000, 0x0000, 0x0000, 0x0000, 0x0000, 0x0000, 0x0000, 0x0000,
0x0000, 0x0000, 0x0000, 0x0000, 0x0000, 0x0000, 0x0000, 0x0000, 0x0000, 0x0000, 0x0000, 0x0000, 0x0000, 0x0000, 0x0000, 0x0000,
0x0000, 0x0000, 0x0000, 0x0000, 0x18E4, 0x7BEF, 0x4A8A, 0x1103, 0x2185, 0x4A89, 0xB5D7, 0x8CB2, 0x8CB2, 0x6B6D, 0x528A, 0x4A89,
0x2985, 0x3A07, 0x94F3, 0x8471, 0x0020, 0x2965, 0x6BAE, 0x5B6C, 0x1124, 0x0882, 0x3A07, 0x2247, 0x11E5, 0x2226, 0x19E6, 0x09A5,
0x1206, 0x1226, 0x0225, 0x0A66, 0x0A86, 0x0A86, 0x0A86, 0x0A86, 0x0A66, 0x0A66, 0x0A25, 0x0A05, 0x19A5, 0x7C10, 0x73AE, 0xAD55,
0xAD55, 0x9CD3, 0x8C51, 0x634D, 0x3A28, 0x19A5, 0x0964, 0x01C4, 0x0A26, 0x12A7, 0x12C7, 0x12C7, 0x12C7, 0x12C7, 0x12A7, 0x1287,
0x0A66, 0x1286, 0x0A86, 0x12A7, 0x0AA7, 0x0A86, 0x0225, 0x0A05, 0x11E5, 0x1A06, 0x1206, 0x11E5, 0x11C5, 0x1164, 0x08A2, 0x0040,
0x2A48, 0x1944, 0x18C2, 0x0020, 0x3A48, 0x4ACA, 0x31E6, 0x4AAA, 0x4AAA, 0x19A5, 0x2A26, 0x29C6, 0x6B8D, 0x52AA, 0x6B6D, 0x73CE,
0x5B2B, 0x534B, 0x8CF2, 0x73CF, 0x0841, 0x0000, 0x0000, 0x0000, 0x0000, 0x0000, 0x0000, 0x0000, 0x0000, 0x0000, 0x0000, 0x0000,
0x0000, 0x0000, 0x0000, 0x0000, 0x0000, 0x0000, 0x0000, 0x0000, 0x0000, 0x0000, 0x0000, 0x0000, 0x0000, 0x0000, 0x0000, 0x0000,
0x0000, 0x0000, 0x0000, 0x0000, 0x0000, 0x0000, 0x0000, 0x0000, 0x0000, 0x0000, 0x0000, 0x18E3, 0x3A07, 0x08A2, 0x1103, 0x3207,
0x4A89, 0x8C92, 0x31C6, 0x1903, 0x10C2, 0x840F, 0xAD34, 0x8C71, 0x94B2, 0x8430, 0x632C, 0x2965, 0x6B8E, 0x636C, 0x3248, 0x08C2,
0x2985, 0x3A27, 0x1246, 0x0A25, 0x0A05, 0x0A25, 0x1246, 0x0A46, 0x0A66, 0x1287, 0x1266, 0x0A46, 0x1286, 0x1286, 0x0A66, 0x12A7,
0x1286, 0x1266, 0x1226, 0x11C5, 0x6BAE, 0x7C10, 0x9CF3, 0x8430, 0x6B6D, 0x21A6, 0x0964, 0x09A4, 0x0A05, 0x1266, 0x1287, 0x12A7,
0x12A7, 0x12A7, 0x12A7, 0x12A7, 0x1287, 0x1287, 0x1286, 0x0A46, 0x1287, 0x1286, 0x0A86, 0x0A86, 0x1286, 0x1266, 0x0A46, 0x0A25,
0x0A25, 0x0A46, 0x1266, 0x1266, 0x00C2, 0x1944, 0x08C2, 0x1164, 0x32A8, 0x08E3, 0x0041, 0x2164, 0x42A8, 0x2185, 0x1924, 0x4AA9,
0x73CD, 0x52EA, 0x9491, 0x8C50, 0x94B2, 0x94D2, 0xA554, 0x8470, 0x530B, 0x4268, 0x634C, 0x10A2, 0x0000, 0x0000, 0x0000, 0x0000,
0x0000, 0x0000, 0x0000, 0x0000, 0x0000, 0x0000, 0x0000, 0x0000, 0x0000, 0x0000, 0x0000, 0x0000, 0x0000, 0x0000, 0x0000, 0x0000,
0x0000, 0x0000, 0x0000, 0x0000, 0x0000, 0x0000, 0x0000, 0x0000, 0x0000, 0x0000, 0x0000, 0x0000, 0x0000, 0x0000, 0x0000, 0x0000,
0x0000, 0x0000, 0x1903, 0x5ACA, 0x6BAE, 0x3248, 0x63AC, 0x3207, 0x6BCD, 0x3A68, 0x2185, 0x1903, 0x39E6, 0x9CF2, 0x7BCF, 0x4208,
0x52AA, 0x31C6, 0x5B2B, 0x5B2C, 0x3A89, 0x10E3, 0x2985, 0x5AEB, 0x4A69, 0x1A46, 0x0A25, 0x0A05, 0x0A26, 0x0A25, 0x0A46, 0x0A66,
0x0A46, 0x1266, 0x1266, 0x1266, 0x1266, 0x1286, 0x12A7, 0x12C7, 0x1286, 0x09E5, 0x0943, 0x4248, 0x8C71, 0x52EB, 0x3A07, 0x10E3,
0x00E1, 0x1266, 0x1267, 0x1246, 0x1287, 0x12A7, 0x0A86, 0x12C7, 0x12A7, 0x0A87, 0x1287, 0x0A66, 0x1287, 0x1287, 0x0A66, 0x1287,
0x12A7, 0x0A66, 0x0A86, 0x0A66, 0x0A26, 0x0A26, 0x0A26, 0x0A25, 0x1266, 0x1266, 0x1286, 0x1143, 0x2144, 0x2185, 0x0061, 0x2A68,
0x32E9, 0x0903, 0x08A1, 0x21A4, 0x2185, 0x29E6, 0x29C5, 0x31A6, 0x6B6D, 0xA4F3, 0x7BCE, 0xBDF7, 0x6B8D, 0x52EA, 0x3A27, 0x73EE,
0x2144, 0x4207, 0x18A2, 0x0000, 0x0000, 0x0000, 0x0000, 0x0000, 0x0000, 0x0000, 0x0000, 0x0000, 0x0000, 0x0000, 0x0000, 0x0000,
0x0000, 0x0000, 0x0000, 0x0000, 0x0000, 0x0000, 0x0000, 0x0000, 0x0000, 0x0000, 0x0000, 0x0000, 0x0000, 0x0000, 0x0000, 0x0000,
0x0000, 0x0000, 0x0000, 0x0000, 0x0000, 0x0000, 0x0000, 0x0000, 0x0000, 0x0841, 0x4228, 0x8471, 0x532B, 0x1964, 0x52CA, 0x3A27,
0x42A9, 0x2A47, 0x2A26, 0x1923, 0x1903, 0x4A49, 0x5AAA, 0x4A8A, 0x1985, 0x1965, 0x3247, 0x1944, 0x0041, 0x632C, 0x632C, 0x630B,
0x1A46, 0x0A46, 0x0A25, 0x0A25, 0x1246, 0x1266, 0x0A46, 0x0A46, 0x1246, 0x1226, 0x1266, 0x1246, 0x1287, 0x1AC7, 0x0A46, 0x2247,
0x5B0C, 0x7C10, 0x73AE, 0x4A69, 0x738E, 0x8450, 0x7BCE, 0x4AAA, 0x11A5, 0x0A46, 0x12A7, 0x12A7, 0x12A7, 0x12A7, 0x0A87, 0x12A7,
0x12A7, 0x12A7, 0x1287, 0x1246, 0x1266, 0x0A66, 0x1287, 0x12A7, 0x0A66, 0x0A66, 0x0A66, 0x1246, 0x1246, 0x0A46, 0x0A46, 0x0A46,
0x1287, 0x0A25, 0x534B, 0x39C6, 0x1944, 0x1903, 0x08A1, 0x2AC8, 0x22A8, 0x19E6, 0x19A5, 0x21A5, 0x1964, 0x29C6, 0x73CE, 0x8C50,
0x2965, 0x5ACB, 0x73AE, 0x3A07, 0x3207, 0x3A28, 0x5B4C, 0x6BAD, 0x7BCE, 0x0020, 0x0000, 0x0000, 0x0000, 0x0000, 0x0000, 0x0000,
0x0000, 0x0000, 0x0000, 0x0000, 0x0000, 0x0000, 0x0000, 0x0000, 0x0000, 0x0000, 0x0000, 0x0000, 0x0000, 0x0000, 0x0000, 0x0000,
0x0000, 0x0000, 0x0000, 0x0000, 0x0000, 0x0000, 0x0000, 0x0000, 0x0000, 0x0000, 0x0000, 0x0000, 0x0000, 0x0000, 0x0000, 0x0000,
0x0000, 0x18E3, 0x632C, 0x638D, 0x21A5, 0x7C0F, 0x5B0B, 0x1944, 0x3AA8, 0x3248, 0x21E6, 0x21A5, 0x636C, 0x7C0F, 0x636C, 0x0903,
0x1164, 0x1964, 0x0020, 0x2144, 0x8C71, 0x4A69, 0x6B0B, 0x1206, 0x0A66, 0x0A46, 0x0A46, 0x0A46, 0x1287, 0x0A46, 0x1266, 0x0A46,
0x0A25, 0x1226, 0x1266, 0x0A25, 0x2247, 0x636D, 0xA514, 0xBDD7, 0xAD55, 0x9472, 0x94B2, 0x9CD3, 0x94B2, 0x9CD2, 0xA4F3, 0x8C51,
0x2A27, 0x0A66, 0x1308, 0x12C7, 0x12C8, 0x12C7, 0x12A7, 0x12A7, 0x1266, 0x1286, 0x1287, 0x1266, 0x1287, 0x12A7, 0x1287, 0x1287,
0x1287, 0x1287, 0x0A46, 0x0A46, 0x0A46, 0x0A46, 0x1266, 0x1266, 0x0A25, 0x4B0B, 0x4228, 0x2145, 0x29C6, 0x08A2, 0x1103, 0x2267,
0x2267, 0x2A88, 0x3A88, 0x2A07, 0x4ACA, 0x52CA, 0x18E3, 0x0061, 0x29C6, 0x31E7, 0x3207, 0x42C9, 0x5B4B, 0x3228, 0xA554, 0x5ACB,
0x0000, 0x0000, 0x0000, 0x0000, 0x0000, 0x0000, 0x0000, 0x0000, 0x0000, 0x0000, 0x0000, 0x0000, 0x0000, 0x0000, 0x0000, 0x0000,
0x0000, 0x0000, 0x0000, 0x0000, 0x0000, 0x0000, 0x0000, 0x0000, 0x0000, 0x0000, 0x0000, 0x0000, 0x0000, 0x0000, 0x0000, 0x0000,
0x0000, 0x0000, 0x0000, 0x0000, 0x0000, 0x0000, 0x0000, 0x0000, 0x0020, 0x31A6, 0x636D, 0x8491, 0x8450, 0x6BAE, 0x29A6, 0x1103,
0x42CA, 0x5BAD, 0x6C2F, 0x7C91, 0x6C0E, 0x3A89, 0x1123, 0x10E2, 0x0061, 0x0020, 0x6B6C, 0x6B8D, 0x39E7, 0x39C6, 0x0A05, 0x0A66,
0x0A46, 0x0A46, 0x0A46, 0x0A46, 0x0A66, 0x1266, 0x1266, 0x1246, 0x1226, 0x09E5, 0x3A89, 0xAD35, 0xAD55, 0xA555, 0x9CD3, 0x7BEF,
0x9CF3, 0x94B3, 0x9CD3, 0x9492, 0x9CD3, 0xA4F3, 0xA4F3, 0x9472, 0x3248, 0x12A7, 0x1308, 0x12E8, 0x1287, 0x0A86, 0x12C7, 0x12A7,
0x1287, 0x1287, 0x1287, 0x1266, 0x1287, 0x12A7, 0x12A7, 0x12A7, 0x1266, 0x0A46, 0x0A46, 0x0A46, 0x0A46, 0x0A66, 0x1266, 0x0A05,
0x4AEA, 0x4208, 0x2124, 0x31E7, 0x21C6, 0x0861, 0x0861, 0x2164, 0x1924, 0x10E3, 0x08A2, 0x0061, 0x0061, 0x08C2, 0x3207, 0x742F,
0x742F, 0x5BAD, 0x3AA9, 0x10C2, 0x2985, 0x8430, 0x1061, 0x0000, 0x0000, 0x0000, 0x0000, 0x0000, 0x0000, 0x0000, 0x0000, 0x0000,
0x0000, 0x0000, 0x0000, 0x0000, 0x0000, 0x0000, 0x0000, 0x0000, 0x0000, 0x0000, 0x0000, 0x0000, 0x0000, 0x0000, 0x0000, 0x0000,
0x0000, 0x0000, 0x0000, 0x0000, 0x0000, 0x0000, 0x0000, 0x0000, 0x0000, 0x0000, 0x0000, 0x0000, 0x0000, 0x0000, 0x0000, 0x0000,
0x0841, 0x39C7, 0x52AA, 0x52AA, 0x4A89, 0x3207, 0x10C2, 0x0881, 0x1923, 0x21A5, 0x19A5, 0x1103, 0x08A2, 0x0881, 0x18E3, 0x10C2,
0x1904, 0x8C91, 0x4A8A, 0x2965, 0x0020, 0x1226, 0x0A66, 0x0A46, 0x0A46, 0x0A46, 0x0A66, 0x1286, 0x1266, 0x0A46, 0x1246, 0x01E4,
0x2A07, 0xB596, 0xAD55, 0x9CF3, 0xA514, 0x840F, 0x528A, 0x630C, 0x9CF3, 0x94B2, 0x94B2, 0x9CF3, 0x9CB2, 0xA514, 0x94B2, 0x7BEF,
0x19E6, 0x12E8, 0x12E7, 0x12A7, 0x12A7, 0x1287, 0x1287, 0x1266, 0x1266, 0x1287, 0x1287, 0x0A66, 0x1287, 0x0A66, 0x0A66, 0x0A66,
0x1266, 0x1266, 0x0A45, 0x0A46, 0x0A46, 0x0A66, 0x0205, 0x4AEA, 0x18E3, 0x18C3, 0x31E7, 0x2A47, 0x1985, 0x0040, 0x0000, 0x0000,
0x0000, 0x0020, 0x1923, 0x3207, 0x532B, 0x7450, 0x7C70, 0x744F, 0x3207, 0x0020, 0x1081, 0x4228, 0x18E3, 0x0000, 0x0000, 0x0000,
0x0000, 0x0000, 0x0000, 0x0000, 0x0000, 0x0000, 0x0000, 0x0000, 0x0000, 0x0000, 0x0000, 0x0000, 0x0000, 0x0000, 0x0000, 0x0000,
0x0000, 0x0000, 0x0000, 0x0000, 0x0000, 0x0000, 0x0000, 0x0000, 0x0000, 0x0000, 0x0000, 0x0000, 0x0000, 0x0000, 0x0000, 0x0000,
0x0000, 0x0000, 0x0000, 0x0000, 0x0000, 0x0000, 0x0000, 0x0000, 0x0020, 0x2944, 0x4A28, 0x4208, 0x2165, 0x29A5, 0x1903, 0x0040,
0x0000, 0x0000, 0x0000, 0x0020, 0x39A6, 0x83CE, 0x2144, 0x31E7, 0x9CF3, 0x4248, 0x1903, 0x0000, 0x1205, 0x0A66, 0x1266, 0x1266,
0x0A66, 0x0A66, 0x1266, 0x1266, 0x1246, 0x0A25, 0x19C5, 0x9491, 0x9CB2, 0xA534, 0x9CD3, 0xA534, 0x4A69, 0x3185, 0x8C71, 0x9CD3,
0x6B6D, 0x7BEF, 0x6B6D, 0x528A, 0xA4F4, 0xAD55, 0x7BEF, 0x3228, 0x1246, 0x12E8, 0x0A87, 0x12C7, 0x12A7, 0x0A66, 0x12A7, 0x1287,
0x1287, 0x1287, 0x1287, 0x1287, 0x0A66, 0x1266, 0x1266, 0x1286, 0x1266, 0x0A46, 0x0A46, 0x1246, 0x0A46, 0x0A05, 0x42CA, 0x0882,
0x18E3, 0x31A6, 0x3268, 0x2227, 0x1123, 0x10C2, 0x0020, 0x0020, 0x0041, 0x0882, 0x10E3, 0x1924, 0x2164, 0x1924, 0x29A6, 0x3A27,
0x31A6, 0x4208, 0x1082, 0x0000, 0x0000, 0x0000, 0x0000, 0x0000, 0x0000, 0x0000, 0x0000, 0x0000, 0x0000, 0x0000, 0x0000, 0x0000,
0x0000, 0x0000, 0x0000, 0x0000, 0x0000, 0x0000, 0x0000, 0x0000, 0x0000, 0x0000, 0x0000, 0x0000, 0x0000, 0x0000, 0x0000, 0x0000,
0x0000, 0x0000, 0x0000, 0x0000, 0x0000, 0x0000, 0x0000, 0x0000, 0x0000, 0x0000, 0x0000, 0x0000, 0x0000, 0x0000, 0x0000, 0x0020,
0x0000, 0x39C7, 0x5B2C, 0x1944, 0x08C2, 0x0000, 0x2985, 0x31C6, 0x18C3, 0x18E3, 0x0020, 0x738E, 0x738E, 0x1944, 0x4ACA, 0x94D3,
0x31E6, 0x18C3, 0x0000, 0x09C5, 0x0A66, 0x0A46, 0x1266, 0x1266, 0x0A66, 0x1266, 0x1266, 0x1246, 0x01A4, 0x4289, 0xA534, 0xA513,
0x4A69, 0x632C, 0xA514, 0x9CB3, 0xA514, 0xBDF7, 0x7BEF, 0x4208, 0x4248, 0x1903, 0x8C71, 0xAD75, 0xAD55, 0x94D3, 0x5B0B, 0x11A5,
0x12C8, 0x0A87, 0x0A87, 0x1287, 0x12A7, 0x0A46, 0x0A05, 0x12A7, 0x12A7, 0x1287, 0x12A7, 0x1287, 0x1266, 0x1266, 0x0A66, 0x0A46,
0x0A46, 0x0A66, 0x0A05, 0x0A25, 0x11E5, 0x3A27, 0x0861, 0x18E3, 0x2986, 0x2A27, 0x19E6, 0x1123, 0x08C2, 0x31C6, 0x1103, 0x42A9,
0x10E3, 0x0040, 0x0061, 0x0020, 0x2144, 0x73CD, 0x7BCE, 0x18E3, 0x0020, 0x0000, 0x0020, 0x0000, 0x0000, 0x0000, 0x0000, 0x0000,
0x0000, 0x0000, 0x0000, 0x0000, 0x0000, 0x0000, 0x0000, 0x0000, 0x0000, 0x0000, 0x0000, 0x0000, 0x0000, 0x0000, 0x0000, 0x0000,
0x0000, 0x0000, 0x0000, 0x0000, 0x0000, 0x0000, 0x0000, 0x0000, 0x0000, 0x0000, 0x0000, 0x0000, 0x0000, 0x0000, 0x0000, 0x0000,
0x0000, 0x0000, 0x0000, 0x0000, 0x0000, 0x0000, 0x0000, 0x39E7, 0x4ACA, 0x3247, 0x2184, 0x0000, 0x4A8A, 0x9CD2, 0x632C, 0x52AA,
0x4228, 0x2124, 0x5AEB, 0x736D, 0x1123, 0x5B2C, 0x8C92, 0x29A6, 0x18E3, 0x0000, 0x11E5, 0x0A66, 0x0A66, 0x1286, 0x12A7, 0x0A66,
0x0A66, 0x1266, 0x0A25, 0x19E5, 0x73AE, 0x528A, 0x7BCF, 0x5ACB, 0x8C51, 0x9492, 0xA514, 0xB596, 0x9CF3, 0x738E, 0x2103, 0x19E5,
0x1205, 0x4AEA, 0xAD34, 0xAD75, 0xA534, 0x73AE, 0x29A6, 0x1267, 0x12C7, 0x12A7, 0x12C7, 0x0205, 0x42EA, 0x3A28, 0x0A05, 0x12C8,
0x1287, 0x1287, 0x12A7, 0x1267, 0x1246, 0x1286, 0x0A46, 0x0A46, 0x0A46, 0x0A26, 0x0A26, 0x0984, 0x0020, 0x0000, 0x1904, 0x2965,
0x3A68, 0x2A47, 0x1984, 0x0081, 0x3A07, 0x532B, 0x29E7, 0x42E9, 0x0903, 0x1103, 0x08C2, 0x1944, 0x4A89, 0x634C, 0x2965, 0x0000,
0x0020, 0x0000, 0x0000, 0x0000, 0x0000, 0x0000, 0x0000, 0x0000, 0x0000, 0x0000, 0x0000, 0x0000, 0x0000, 0x0000, 0x0000, 0x0000,
0x0000, 0x0000, 0x0000, 0x0000, 0x0000, 0x0000, 0x0000, 0x0000, 0x0000, 0x0000, 0x0000, 0x0000, 0x0000, 0x0000, 0x0000, 0x0000,
0x0000, 0x0000, 0x0000, 0x0000, 0x0000, 0x0000, 0x0000, 0x0000, 0x0000, 0x0000, 0x0000, 0x0000, 0x0000, 0x2965, 0x634D, 0x536B,
0x21E5, 0x0000, 0x5AEB, 0xB575, 0x738D, 0x4A69, 0x3A07, 0x39C6, 0x5AEB, 0x738E, 0x52CA, 0x1143, 0x634C, 0x8450, 0x2165, 0x4207,
0x4A48, 0x0A05, 0x0A66, 0x0A66, 0x1286, 0x0A66, 0x0A86, 0x0A66, 0x1266, 0x01C4, 0x5B2C, 0xA4F3, 0x8410, 0x8C51, 0xA514, 0xAD76,
0x9CD3, 0x8410, 0x9492, 0x738E, 0x630B, 0x1103, 0x12C7, 0x0AE7, 0x1A67, 0xA4F3, 0xB595, 0xAD75, 0x8C51, 0x31E7, 0x1206, 0x12A7,
0x12C7, 0x0A46, 0x5B8C, 0xB554, 0x31C6, 0x1267, 0x12E8, 0x12A7, 0x1287, 0x1287, 0x1267, 0x1246, 0x1287, 0x0A46, 0x0A25, 0x0A46,
0x0A25, 0x0A05, 0x0964, 0x0000, 0x18C3, 0x4A68, 0x2145, 0x5BAD, 0x42EA, 0x11A5, 0x08C2, 0x31A6, 0x3228, 0x3ACA, 0x21C5, 0x21E6,
0x2185, 0x21A5, 0x1964, 0x10E3, 0x636D, 0x7C0F, 0x3186, 0x0000, 0x0020, 0x0000, 0x0000, 0x0000, 0x0000, 0x0000, 0x0000, 0x0000,
0x0000, 0x0000, 0x0000, 0x0000, 0x0000, 0x0000, 0x0000, 0x0000, 0x0000, 0x0000, 0x0000, 0x0000, 0x0000, 0x0000, 0x0000, 0x0000,
0x0000, 0x0000, 0x0000, 0x0000, 0x0000, 0x0000, 0x0000, 0x0000, 0x0000, 0x0000, 0x0000, 0x0000, 0x0000, 0x0000, 0x0000, 0x0000,
0x0000, 0x0000, 0x0000, 0x18C3, 0x5AEB, 0x7C50, 0x3247, 0x0000, 0x39E7, 0xBDD7, 0x7BEF, 0x528A, 0x4A89, 0x31C7, 0x5ACB, 0x73AE,
0x4A89, 0x2A06, 0x1143, 0x632C, 0x7C10, 0x2145, 0x528A, 0x5ACA, 0x09E5, 0x0A86, 0x0A86, 0x0A86, 0x0A66, 0x1286, 0x0A66, 0x1287,
0x09E5, 0x73CF, 0xAD55, 0x94B2, 0x5ACB, 0x5ACB, 0x9CF3, 0x5ACB, 0x41E8, 0x6B4C, 0x62EB, 0x3986, 0x0923, 0x12E7, 0x02C6, 0x1A67,
0x9CD3, 0xB595, 0xAD55, 0x7BCF, 0x31C6, 0x11E5, 0x1AA7, 0x0A45, 0x536C, 0xE6FB, 0x4248, 0x09C4, 0x1B08, 0x12C7, 0x12A7, 0x1287,
0x0A46, 0x1266, 0x1266, 0x1286, 0x0A46, 0x0A46, 0x0A46, 0x0A26, 0x0A05, 0x0944, 0x2145, 0x52AA, 0x39E7, 0x29A6, 0x63CE, 0x3AE9,
0x2226, 0x00A1, 0x4228, 0x3207, 0x21C6, 0x2A27, 0x21A5, 0x21A5, 0x52CA, 0x21A6, 0x1144, 0x1944, 0x8CB1, 0x73AF, 0x3185, 0x0000,
0x0020, 0x0000, 0x0000, 0x0000, 0x0000, 0x0000, 0x0000, 0x0000, 0x0000, 0x0000, 0x0000, 0x0000, 0x0000, 0x0000, 0x0000, 0x0000,
0x0000, 0x0000, 0x0000, 0x0000, 0x0000, 0x0000, 0x0000, 0x0000, 0x0000, 0x0000, 0x0000, 0x0000, 0x0000, 0x0000, 0x0000, 0x0000,
0x0000, 0x0000, 0x0000, 0x0000, 0x0000, 0x0000, 0x0000, 0x0000, 0x0000, 0x0020, 0x39C6, 0x8451, 0x742F, 0x1964, 0x0882, 0xA534,
0xB595, 0x5AEB, 0x630C, 0x39C7, 0x3A07, 0x528A, 0x9492, 0x1964, 0x1164, 0x0923, 0x5B2B, 0x7BEF, 0x29A6, 0x2965, 0x18E3, 0x1A26,
0x0A66, 0x1266, 0x12A7, 0x0A66, 0x0A66, 0x0A86, 0x0A66, 0x09A4, 0x52AA, 0x8C10, 0x5AEB, 0x5AEA, 0x2124, 0x2124, 0x3A07, 0x632B,
0x4208, 0x2924, 0x0903, 0x0A86, 0x0AA6, 0x0AC7, 0x19E5, 0x9471, 0xB596, 0xAD75, 0x9491, 0x4A48, 0x11C5, 0x1A87, 0x1205, 0xB5D6,
0xB596, 0x19C5, 0x12E8, 0x12C8, 0x12A7, 0x1287, 0x1AC7, 0x0A66, 0x0A66, 0x1286, 0x1286, 0x0A46, 0x0A46, 0x0A46, 0x0A25, 0x0A25,
0x0984, 0x31E7, 0x31A6, 0x0881, 0x2124, 0x4288, 0x3288, 0x2206, 0x0061, 0x3A08, 0x634C, 0x2185, 0x2A47, 0x21A5, 0x1944, 0x840F,
0x5B2C, 0x21E6, 0x00E2, 0x4ACA, 0x94B2, 0x5AEB, 0x0841, 0x0000, 0x0000, 0x0000, 0x0000, 0x0000, 0x0000, 0x0000, 0x0000, 0x0000,
0x0000, 0x0000, 0x0000, 0x0000, 0x0000, 0x0000, 0x0000, 0x0000, 0x0000, 0x0000, 0x0000, 0x0000, 0x0000, 0x0000, 0x0000, 0x0000,
0x0000, 0x0000, 0x0000, 0x0000, 0x0000, 0x0000, 0x0000, 0x0000, 0x0000, 0x0000, 0x0000, 0x0000, 0x0000, 0x0000, 0x0000, 0x0000,
0x0861, 0x528A, 0x84B2, 0x29E6, 0x08C2, 0x4A69, 0xC618, 0x9CD3, 0x632C, 0x738D, 0x2965, 0x18C3, 0x5AEB, 0xA4F3, 0x3A28, 0x08E2,
0x1123, 0x52CA, 0x6B6D, 0x31A6, 0x2144, 0x20E3, 0x1A06, 0x0A66, 0x0A66, 0x0A66, 0x0A46, 0x0A66, 0x0A66, 0x1A46, 0x4AAA, 0x52AA,
0x5AEB, 0x632B, 0x1903, 0x39C7, 0x7BEF, 0x4A69, 0x2985, 0x1964, 0x09E5, 0x0A46, 0x0A46, 0x1266, 0x0A45, 0x42C9, 0xAD34, 0xB5B6,
0x9CD2, 0x632C, 0x31A6, 0x11E5, 0x1225, 0x3AA9, 0xD69A, 0x8430, 0x11A5, 0x12E8, 0x12C7, 0x1287, 0x12A7, 0x12A7, 0x1286, 0x0A66,
0x1286, 0x1286, 0x1266, 0x1266, 0x0A25, 0x0A25, 0x0A25, 0x0984, 0x2985, 0x2124, 0x0000, 0x0000, 0x1103, 0x3AC9, 0x08C2, 0x10C2,
0x39E7, 0x8C51, 0x4AAA, 0x1985, 0x29E6, 0x08E2, 0x630C, 0xA4D3, 0x3AA9, 0x11A5, 0x1143, 0x94F3, 0x73AE, 0x0041, 0x0000, 0x0000,
0x0000, 0x0000, 0x0000, 0x0000, 0x0000, 0x0000, 0x0000, 0x0000, 0x0000, 0x0000, 0x0000, 0x0000, 0x0000, 0x0000, 0x0000, 0x0000,
0x0000, 0x0000, 0x0000, 0x0000, 0x0000, 0x0000, 0x0000, 0x0000, 0x0000, 0x0000, 0x0000, 0x0000, 0x0000, 0x0000, 0x0000, 0x0000,
0x0000, 0x0000, 0x0000, 0x0000, 0x0000, 0x0000, 0x0000, 0x18C3, 0x6B6D, 0x8491, 0x10C2, 0x10C2, 0x7BEF, 0xBDD7, 0x9CF3, 0x7BCF,
0x7BCE, 0x18E3, 0x0861, 0x738E, 0x94B2, 0x8C71, 0x1903, 0x0020, 0x39E7, 0xA513, 0x5B0B, 0x2145, 0x2924, 0x2226, 0x0A86, 0x1287,
0x0A66, 0x0A46, 0x0A66, 0x09E5, 0x31E6, 0x6B2C, 0x52AA, 0x3207, 0x0903, 0x1964, 0x8C91, 0x31A6, 0x10E3, 0x1A66, 0x12E8, 0x12C7,
0x0A46, 0x0A26, 0x1246, 0x09C4, 0x6B6D, 0xB575, 0xB5B6, 0x7C0F, 0x4A89, 0x08A2, 0x1A47, 0x09C5, 0x4B0B, 0xCE59, 0x8C51, 0x11A5,
0x12E8, 0x12C7, 0x12A7, 0x1287, 0x12A7, 0x0A86, 0x0A66, 0x0A66, 0x1287, 0x1266, 0x1246, 0x0A46, 0x0A25, 0x0A46, 0x0984, 0x31C6,
0x0020, 0x2144, 0x5B0B, 0x3A48, 0x0903, 0x0081, 0x31C7, 0x5AEB, 0xAD14, 0x73CF, 0x1985, 0x2A27, 0x0081, 0x31C7, 0x840F, 0x5B8D,
0x19E6, 0x00A1, 0x6BCE, 0x9CD3, 0x18E3, 0x0000, 0x0000, 0x0000, 0x0000, 0x0000, 0x0000, 0x0000, 0x0000, 0x0000, 0x0000, 0x0000,
0x0000, 0x0000, 0x0000, 0x0000, 0x0000, 0x0000, 0x0000, 0x0000, 0x0000, 0x0000, 0x0000, 0x0000, 0x0000, 0x0000, 0x0000, 0x0000,
0x0000, 0x0000, 0x0000, 0x0000, 0x0000, 0x0000, 0x0000, 0x0000, 0x0000, 0x0000, 0x0000, 0x0000, 0x0000, 0x0000, 0x2104, 0x8430,
0x7C50, 0x2124, 0x73CE, 0x9492, 0xAD75, 0x73AE, 0x3186, 0x52AA, 0x18E3, 0x0861, 0x7BCF, 0x9492, 0x9CB2, 0x9471, 0x6B4D, 0x736D,
0x6B2C, 0x630C, 0x4228, 0x3145, 0x2226, 0x0A87, 0x1266, 0x1266, 0x0A46, 0x0A46, 0x1246, 0x11A4, 0x11A4, 0x1205, 0x1246, 0x1AA7,
0x0963, 0x21A5, 0x2164, 0x1A47, 0x12E8, 0x12C7, 0x12A7, 0x1266, 0x1266, 0x01A4, 0x3A68, 0xBDB6, 0xB595, 0xA534, 0x6B6D, 0x4A48,
0x1103, 0x1A88, 0x09A4, 0x6BCE, 0xCE38, 0x9492, 0x21C6, 0x12C7, 0x12A7, 0x12A7, 0x1287, 0x12E8, 0x1287, 0x12A7, 0x1286, 0x1266,
0x1266, 0x1246, 0x0A45, 0x0A25, 0x0A46, 0x0964, 0x2124, 0x0861, 0x3A07, 0x4A68, 0x630B, 0x2165, 0x1903, 0x630B, 0x6B4D, 0xAD55,
0x8410, 0x21A5, 0x21A5, 0x0061, 0x31A6, 0x4228, 0x6BCE, 0x2227, 0x00E2, 0x52EB, 0xB596, 0x31A6, 0x0000, 0x0000, 0x0000, 0x0000,
0x0000, 0x0000, 0x0000, 0x0000, 0x0000, 0x0000, 0x0000, 0x0000, 0x0000, 0x0000, 0x0000, 0x0000, 0x0000, 0x0000, 0x0000, 0x0000,
0x0000, 0x0000, 0x0000, 0x0000, 0x0000, 0x0000, 0x0000, 0x0000, 0x0000, 0x0000, 0x0000, 0x0000, 0x0000, 0x0000, 0x0000, 0x0000,
0x0000, 0x0000, 0x0000, 0x0000, 0x0000, 0x20E4, 0x8CB2, 0x7C71, 0x2124, 0x9492, 0x9CF3, 0xA534, 0x3186, 0x0000, 0x5ACB, 0x2965,
0x0000, 0x738D, 0x94B2, 0x9CD2, 0x9CD2, 0xAD34, 0xAD54, 0xA534, 0x7C0F, 0x4A69, 0x39C6, 0x2226, 0x0A87, 0x1266, 0x1266, 0x1266,
0x0A25, 0x1246, 0x1266, 0x12A6, 0x12C7, 0x1AC7, 0x1286, 0x32C8, 0x530A, 0x1144, 0x1266, 0x1287, 0x12A7, 0x1287, 0x1267, 0x0A26,
0x0944, 0x7BF0, 0x9CB2, 0xB595, 0x8410, 0x632C, 0x2945, 0x11E6, 0x1AA8, 0x0A05, 0x4289, 0xB596, 0xAD55, 0x3A07, 0x1246, 0x12C7,
0x12C7, 0x1AE8, 0x12A7, 0x0A86, 0x1286, 0x1286, 0x1266, 0x1286, 0x1287, 0x0A46, 0x0A46, 0x0A66, 0x0984, 0x0000, 0x39A6, 0x73CE,
0x9CD2, 0xA4D2, 0xAD14, 0x8410, 0x632C, 0x8C30, 0x9C92, 0x634D, 0x1984, 0x1143, 0x0081, 0x39E7, 0x4208, 0x8491, 0x32C9, 0x0943,
0x4289, 0xBDD7, 0x39E7, 0x0000, 0x0000, 0x0000, 0x0000, 0x0000, 0x0000, 0x0000, 0x0000, 0x0000, 0x0000, 0x0000, 0x0000, 0x0000,
0x0000, 0x0000, 0x0000, 0x0000, 0x0000, 0x0000, 0x0000, 0x0000, 0x0000, 0x0000, 0x0000, 0x0000, 0x0000, 0x0000, 0x0000, 0x0000,
0x0000, 0x0000, 0x0000, 0x0000, 0x0000, 0x0000, 0x0000, 0x0000, 0x0000, 0x0000, 0x0000, 0x0000, 0x2945, 0x94D2, 0x73EF, 0x1923,
0x6B6D, 0xA513, 0xAD75, 0x4A69, 0x0020, 0x738D, 0x4248, 0x0000, 0x31A6, 0x94B2, 0x736D, 0x4A69, 0x4A69, 0x5ACB, 0x9471, 0xBDD6,
0x6B6D, 0x31C6, 0x2286, 0x12A7, 0x1287, 0x1286, 0x0A46, 0x1246, 0x1246, 0x1266, 0x0A66, 0x1286, 0x1AA7, 0x1286, 0x2A06, 0x2164,
0x11E5, 0x1266, 0x1266, 0x1286, 0x12A7, 0x1287, 0x0964, 0x8430, 0xC618, 0xAD34, 0xA513, 0x73AE, 0x5ACA, 0x1103, 0x1AC8, 0x12A7,
0x0A46, 0x3A68, 0xA514, 0xAD76, 0x6B4C, 0x1123, 0x1AA7, 0x12C7, 0x12A7, 0x0A86, 0x12A7, 0x0A66, 0x1266, 0x1266, 0x1266, 0x1266,
0x1287, 0x1266, 0x1287, 0x0984, 0x0841, 0x6B2C, 0x9491, 0x630C, 0x39E7, 0x4228, 0xB595, 0x8410, 0x8C51, 0x9471, 0x3A28, 0x00A1,
0x0902, 0x10C2, 0x6B2C, 0x5ACA, 0x94B2, 0x330A, 0x0964, 0x4289, 0xC618, 0x4248, 0x0000, 0x0000, 0x0000, 0x0000, 0x0000, 0x0000,
0x0000, 0x0000, 0x0000, 0x0000, 0x0000, 0x0000, 0x0000, 0x0000, 0x0000, 0x0000, 0x0000, 0x0000, 0x0000, 0x0000, 0x0000, 0x0000,
0x0000, 0x0000, 0x0000, 0x0000, 0x0000, 0x0000, 0x0000, 0x0000, 0x0000, 0x0000, 0x0000, 0x0000, 0x0000, 0x0000, 0x0000, 0x0000,
0x0000, 0x0000, 0x0000, 0x2124, 0x8CB2, 0x3227, 0x0081, 0x4A49, 0xA534, 0xBDB6, 0x52CB, 0x10A2, 0x62EB, 0x7BEF, 0x0000, 0x0020,
0x5289, 0x840F, 0x4A28, 0x9CD3, 0xB5B6, 0x7BEF, 0x9CD3, 0x9CD3, 0x2985, 0x1246, 0x1287, 0x1286, 0x0A66, 0x1266, 0x1266, 0x1266,
0x1266, 0x0A66, 0x1286, 0x12A7, 0x12A7, 0x1226, 0x1246, 0x1266, 0x1266, 0x1286, 0x1286, 0x1AC7, 0x11C4, 0x7BCE, 0xC618, 0xAD55,
0x9CD3, 0x7BCE, 0x630C, 0x20E3, 0x11C5, 0x12E8, 0x0AA7, 0x12A7, 0x19C5, 0x736D, 0xB5B6, 0x9CF3, 0x39E6, 0x11C4, 0x12E8, 0x12E8,
0x12A7, 0x12C7, 0x1287, 0x1266, 0x1286, 0x1266, 0x1266, 0x1287, 0x12C7, 0x0AA7, 0x11E5, 0x2104, 0x7BEF, 0x6B2C, 0x8C50, 0x9CF3,
0x4A49, 0x8C50, 0x8410, 0x9CB2, 0x632B, 0x31C6, 0x5ACB, 0x1944, 0x39E7, 0x8C30, 0x62EC, 0x8492, 0x3B2A, 0x0964, 0x52EB, 0xC638,
0x4208, 0x0000, 0x0000, 0x0000, 0x0000, 0x0000, 0x0000, 0x0000, 0x0000, 0x0000, 0x0000, 0x0000, 0x0000, 0x0000, 0x0000, 0x0000,
0x0000, 0x0000, 0x0000, 0x0000, 0x0000, 0x0000, 0x0000, 0x0000, 0x0000, 0x0000, 0x0000, 0x0000, 0x0000, 0x0000, 0x0000, 0x0000,
0x0000, 0x0000, 0x0000, 0x0000, 0x0000, 0x0000, 0x0000, 0x0000, 0x0000, 0x0000, 0x18C3, 0x7BF0, 0x4AEA, 0x1964, 0x18E3, 0x8C30,
0xBDD7, 0x630C, 0x2945, 0x5289, 0x7BCE, 0x52AA, 0x0020, 0x0841, 0x2944, 0x632C, 0xBDD7, 0xB575, 0xB596, 0x7BF0, 0x9CF3, 0x4228,
0x1226, 0x12A7, 0x0A66, 0x0A46, 0x1266, 0x1246, 0x1246, 0x1266, 0x1286, 0x1286, 0x12A7, 0x1287, 0x1287, 0x1266, 0x1266, 0x1266,
0x1266, 0x12A7, 0x09E4, 0x5B0B, 0xBDB6, 0xAD55, 0xA514, 0x8410, 0x73AD, 0x39C6, 0x00A2, 0x12A7, 0x12A7, 0x0AA7, 0x12C7, 0x1246,
0x4248, 0x9492, 0xA535, 0x7BCF, 0x1964, 0x12A7, 0x1B08, 0x1AE8, 0x12A7, 0x1287, 0x1287, 0x1287, 0x1287, 0x1286, 0x12A7, 0x1286,
0x0AA7, 0x1A26, 0x52AA, 0x634C, 0x2144, 0x52CA, 0xBDB6, 0x9471, 0x738E, 0x8430, 0x632C, 0x4248, 0xA513, 0x9CD2, 0x8C71, 0x4229,
0x4A48, 0x738E, 0x5BCE, 0x3B4A, 0x0923, 0x6B8D, 0xAD75, 0x2965, 0x0000, 0x0000, 0x0000, 0x0000, 0x0000, 0x0000, 0x0000, 0x0000,
0x0000, 0x0000, 0x0000, 0x0000, 0x0000, 0x0000, 0x0000, 0x0000, 0x0000, 0x0000, 0x0000, 0x0000, 0x0000, 0x0000, 0x0000, 0x0000,
0x0000, 0x0000, 0x0000, 0x0000, 0x0000, 0x0000, 0x0000, 0x0000, 0x0000, 0x0000, 0x0000, 0x0000, 0x0000, 0x0000, 0x0000, 0x0000,
0x0000, 0x0841, 0x632C, 0x532B, 0x21C5, 0x1944, 0x2965, 0xAD34, 0x94B2, 0x2945, 0x7BCF, 0x6B4D, 0x840F, 0x4208, 0x0000, 0x0000,
0x4228, 0x9C91, 0x62CB, 0x736D, 0x7BCF, 0x94B2, 0x6B4C, 0x1246, 0x12A7, 0x1287, 0x12A7, 0x1287, 0x1246, 0x1266, 0x1266, 0x1287,
0x12A7, 0x1287, 0x1287, 0x1266, 0x1266, 0x1266, 0x1266, 0x1286, 0x0205, 0x530B, 0xC5F8, 0x8C51, 0x8C51, 0x8C91, 0x73CE, 0x52A9,
0x0020, 0x1226, 0x1287, 0x12A7, 0x12A7, 0x0AA6, 0x12C7, 0x19E6, 0x6B0C, 0x9CD3, 0x9CD3, 0x62EB, 0x1184, 0x1AE8, 0x12C7, 0x12A7,
0x1286, 0x0A66, 0x1266, 0x12A7, 0x1287, 0x1286, 0x0A86, 0x0AA7, 0x1226, 0x632C, 0x52AA, 0x1103, 0x08A2, 0x5AEA, 0x7BEE, 0x52EB,
0x52AA, 0x6B4C, 0x9CF3, 0x9CD3, 0x73CE, 0x5AEB, 0x7C10, 0x39E8, 0x4AAA, 0x434B, 0x32E9, 0x0923, 0x7C30, 0x9CD3, 0x2986, 0x0000,
0x0000, 0x0000, 0x0000, 0x0000, 0x0000, 0x0000, 0x0000, 0x0000, 0x0000, 0x0000, 0x0000, 0x0000, 0x0000, 0x0000, 0x0000, 0x0000,
0x0000, 0x0000, 0x0000, 0x0000, 0x0000, 0x0000, 0x0000, 0x0000, 0x0000, 0x0000, 0x0000, 0x0000, 0x0000, 0x0000, 0x0000, 0x0000,
0x0000, 0x0000, 0x0000, 0x0000, 0x0000, 0x0000, 0x0000, 0x0000, 0x0020, 0x41E7, 0x7C0F, 0x3A47, 0x2A26, 0x08E2, 0x2924, 0x9471,
0x5AEB, 0x734D, 0xA534, 0x9492, 0x8430, 0x4228, 0x18E3, 0x31A6, 0x41E7, 0x840F, 0x2125, 0x7BEF, 0x8C51, 0x7BAE, 0x1226, 0x0A87,
0x1287, 0x1287, 0x1287, 0x1287, 0x0A46, 0x1266, 0x12A7, 0x0A86, 0x1287, 0x1287, 0x1266, 0x1266, 0x1267, 0x1A87, 0x01E4, 0x4ACA,
0xCDF7, 0xC5F7, 0x9CD3, 0x8C92, 0x73AE, 0x632C, 0x18A2, 0x00E3, 0x0A46, 0x0A66, 0x1267, 0x1286, 0x0AA6, 0x0AE7, 0x1286, 0x31C6,
0x7BCF, 0x9D14, 0x9471, 0x4228, 0x11E5, 0x12E8, 0x12A7, 0x1286, 0x0A66, 0x12A7, 0x12A7, 0x0A66, 0x1287, 0x1287, 0x12A7, 0x1206,
0x632C, 0x52CA, 0x31E6, 0x0061, 0x3A27, 0x2985, 0x3A07, 0x8450, 0x9CD2, 0x94B2, 0x7BF0, 0x94B2, 0x31E7, 0x738D, 0x3207, 0x1123,
0x3B4A, 0x19E5, 0x1984, 0x9CD3, 0x6B6D, 0x1082, 0x0000, 0x0000, 0x0000, 0x0000, 0x0000, 0x0000, 0x0000, 0x0000, 0x0000, 0x0000,
0x0000, 0x0000, 0x0000, 0x0000, 0x0000, 0x0000, 0x0000, 0x0000, 0x0000, 0x0000, 0x0000, 0x0000, 0x0000, 0x0000, 0x0000, 0x0000,
0x0000, 0x0000, 0x0000, 0x0000, 0x0000, 0x0000, 0x0000, 0x0000, 0x0000, 0x0000, 0x0000, 0x0000, 0x0000, 0x0000, 0x0000, 0x0000,
0x20E3, 0x5289, 0x532B, 0x21A5, 0x21E6, 0x0040, 0x0040, 0x2124, 0x5269, 0x8C71, 0xA534, 0xAD55, 0xA535, 0x6B6E, 0x2124, 0x10A2,
0x3186, 0x5ACB, 0x7BCE, 0x738E, 0x83EF, 0x09E5, 0x1267, 0x1287, 0x1266, 0x12A7, 0x1287, 0x1266, 0x1266, 0x1266, 0x1286, 0x1287,
0x12A7, 0x1266, 0x0A66, 0x1287, 0x0A05, 0x3A88, 0xBD95, 0xC5F7, 0xB575, 0x94B2, 0x7C0F, 0x73CE, 0x39C6, 0x00C2, 0x1287, 0x0A46,
0x0A46, 0x1286, 0x0A86, 0x0AA6, 0x0AE7, 0x0AA6, 0x09E4, 0x52CA, 0xAD35, 0x9492, 0x7BCF, 0x1964, 0x1267, 0x12C8, 0x1287, 0x1266,
0x1287, 0x12A7, 0x1287, 0x1286, 0x0A66, 0x0A66, 0x0984, 0x634D, 0x428A, 0x3A28, 0x1103, 0x08C2, 0x0881, 0x0040, 0x3A08, 0x8C71,
0x4228, 0x94B2, 0x9CB2, 0x3A28, 0x634C, 0x1944, 0x1164, 0x2247, 0x00C1, 0x52EB, 0x7BCF, 0x4A69, 0x0020, 0x0000, 0x0000, 0x0000,
0x0000, 0x0000, 0x0000, 0x0000, 0x0000, 0x0000, 0x0000, 0x0000, 0x0000, 0x0000, 0x0000, 0x0000, 0x0000, 0x0000, 0x0000, 0x0000,
0x0000, 0x0000, 0x0000, 0x0000, 0x0000, 0x0000, 0x0000, 0x0000, 0x0000, 0x0000, 0x0000, 0x0000, 0x0000, 0x0000, 0x0000, 0x0000,
0x0000, 0x0000, 0x0000, 0x0000, 0x0000, 0x0000, 0x0000, 0x0861, 0x2144, 0x5B0B, 0x3228, 0x21A5, 0x1923, 0x0000, 0x4228, 0x7BEF,
0x4A28, 0x83F0, 0x9CF3, 0xA534, 0xAD75, 0x634C, 0x10A2, 0x18C3, 0x39E7, 0x4248, 0x7BCF, 0x4207, 0x11E5, 0x1266, 0x1266, 0x1286,
0x1266, 0x1286, 0x1287, 0x1266, 0x0A66, 0x1287, 0x0A66, 0x0A66, 0x1286, 0x1287, 0x0A25, 0x3247, 0xB555, 0xAD34, 0x8C51, 0x9CD3,
0x7BEF, 0x6B4D, 0x4A49, 0x0061, 0x1225, 0x1286, 0x1287, 0x0A86, 0x0A86, 0x0AA6, 0x0AC6, 0x02E6, 0x02A6, 0x1286, 0x11A5, 0x8430,
0xA555, 0x94D3, 0x528A, 0x1184, 0x1AC8, 0x0A66, 0x0A66, 0x1287, 0x1286, 0x1266, 0x1266, 0x1266, 0x0A66, 0x0984, 0x2103, 0x4A69,
0x3A07, 0x2124, 0x21A5, 0x08A2, 0x0020, 0x2164, 0x4228, 0x634C, 0xAD34, 0x9CB2, 0x39E7, 0x5B2C, 0x0882, 0x08A2, 0x00C1, 0x31E6,
0x632C, 0x5B0C, 0x31A6, 0x0000, 0x0000, 0x0000, 0x0000, 0x0000, 0x0000, 0x0000, 0x0000, 0x0000, 0x0000, 0x0000, 0x0000, 0x0000,
0x0000, 0x0000, 0x0000, 0x0000, 0x0000, 0x0000, 0x0000, 0x0000, 0x0000, 0x0000, 0x0000, 0x0000, 0x0000, 0x0000, 0x0000, 0x0000,
0x0000, 0x0000, 0x0000, 0x0000, 0x0000, 0x0000, 0x0000, 0x0000, 0x0000, 0x0000, 0x0000, 0x0000, 0x0000, 0x0000, 0x0841, 0x4A69,
0x4ACA, 0x4269, 0x4289, 0x1964, 0x0040, 0x4A29, 0xA4F3, 0x4228, 0x6B4D, 0x8C71, 0x94B1, 0x9CF4, 0x9D14, 0x2124, 0x31C7, 0x4249,
0x6BCF, 0x73EF, 0x1903, 0x1205, 0x0A46, 0x1266, 0x1266, 0x1286, 0x1286, 0x1266, 0x0A66, 0x1266, 0x1286, 0x0A66, 0x0A66, 0x1266,
0x0A46, 0x19E6, 0xA4F3, 0xCE18, 0xBDB6, 0x9CD3, 0x8C51, 0x636D, 0x634D, 0x18C3, 0x1184, 0x1AE8, 0x0A86, 0x0204, 0x09E4, 0x1A46,
0x2A47, 0x2A47, 0x1A46, 0x0A25, 0x09E5, 0x0984, 0x4289, 0xA534, 0xA514, 0x7BCF, 0x2164, 0x1205, 0x1266, 0x1286, 0x12A7, 0x12A7,
0x1266, 0x1266, 0x1286, 0x0A66, 0x11A4, 0x0000, 0x4248, 0x18E3, 0x2124, 0x31C6, 0x4268, 0x2185, 0x0881, 0x4228, 0xAD34, 0xA513,
0x7BEF, 0x29A6, 0x4A69, 0x0040, 0x0060, 0x2124, 0x4249, 0x4AAA, 0x9492, 0x2144, 0x0000, 0x0000, 0x0000, 0x0000, 0x0000, 0x0000,
0x0000, 0x0000, 0x0000, 0x0000, 0x0000, 0x0000, 0x0000, 0x0000, 0x0000, 0x0000, 0x0000, 0x0000, 0x0000, 0x0000, 0x0000, 0x0000,
0x0000, 0x0000, 0x0000, 0x0000, 0x0000, 0x0000, 0x0000, 0x0000, 0x0000, 0x0000, 0x0000, 0x0000, 0x0000, 0x0000, 0x0000, 0x0000,
0x0000, 0x0000, 0x0000, 0x0000, 0x0000, 0x3185, 0x6B6D, 0x4248, 0x10A2, 0x4AAA, 0x3A68, 0x10E2, 0x18A2, 0x9471, 0x6B6D, 0x4A89,
0x5AEB, 0x39A6, 0xA514, 0xAD75, 0x4A8A, 0x0861, 0x5B0C, 0x5B4C, 0x52EB, 0x2124, 0x1205, 0x1266, 0x1246, 0x0A46, 0x1266, 0x1266,
0x1246, 0x1246, 0x0A26, 0x1266, 0x1266, 0x1266, 0x1266, 0x09A4, 0x8430, 0xA4F4, 0xB596, 0x9CD3, 0x9492, 0x6B4D, 0x632C, 0x2986,
0x08E3, 0x1AA7, 0x0A45, 0x32A8, 0x7BEE, 0xA513, 0x9CB2, 0x9CD3, 0xA4F3, 0xA514, 0x73AE, 0x6B8D, 0x3A48, 0x1924, 0x8C71, 0xAD75,
0x8C51, 0x3A07, 0x1164, 0x1287, 0x1287, 0x1287, 0x0A66, 0x1286, 0x1A87, 0x1267, 0x12A7, 0x11C5, 0x10A2, 0x2124, 0x4A8A, 0xA514,
0x634D, 0x2165, 0x52EA, 0x8430, 0xBDD6, 0xBDB6, 0xA554, 0x29C6, 0x4269, 0x29A6, 0x0041, 0x2165, 0x4228, 0x2105, 0x632C, 0x736D,
0x0020, 0x0000, 0x0000, 0x0000, 0x0000, 0x0000, 0x0000, 0x0000, 0x0000, 0x0000, 0x0000, 0x0000, 0x0000, 0x0000, 0x0000, 0x0000,
0x0000, 0x0000, 0x0000, 0x0000, 0x0000, 0x0000, 0x0000, 0x0000, 0x0000, 0x0000, 0x0000, 0x0000, 0x0000, 0x0000, 0x0000, 0x0000,
0x0000, 0x0000, 0x0000, 0x0000, 0x0000, 0x0000, 0x0000, 0x0000, 0x0000, 0x0000, 0x0000, 0x0020, 0x4A69, 0x8C91, 0x1903, 0x4248,
0x632C, 0x4288, 0x1923, 0x0861, 0x738D, 0x7BEF, 0x738D, 0x7BCF, 0x4208, 0xAD75, 0xAD75, 0x39E7, 0x4A69, 0x8450, 0x21A6, 0x2185,
0x2144, 0x11C5, 0x0A46, 0x0A46, 0x1246, 0x1266, 0x1287, 0x0A46, 0x1246, 0x1246, 0x1266, 0x1246, 0x1287, 0x01E5, 0x4ACA, 0xC5F7,
0xBDF7, 0x9CD3, 0x9CD3, 0x7BCF, 0x6B6D, 0x4A8A, 0x0061, 0x11E5, 0x1A46, 0x7C2F, 0xBD96, 0xB575, 0xBDD7, 0xB596, 0xB596, 0xB5D6,
0xB5B6, 0x9CB2, 0xB575, 0xAD75, 0x73AE, 0x73AE, 0xAD55, 0x9492, 0x5269, 0x1103, 0x1246, 0x1287, 0x1286, 0x1287, 0x1266, 0x1266,
0x1266, 0x0AA7, 0x11C5, 0x0861, 0x1924, 0x2165, 0x736D, 0xB596, 0x9491, 0x29A6, 0x6B8D, 0x9CB2, 0x8430, 0x3228, 0x1985, 0x4ACA,
0x10A2, 0x08A2, 0x2965, 0x94B2, 0xB575, 0x52AB, 0x632C, 0x0841, 0x0000, 0x0000, 0x0000, 0x0000, 0x0000, 0x0000, 0x0000, 0x0000,
0x0000, 0x0000, 0x0000, 0x0000, 0x0000, 0x0000, 0x0000, 0x0000, 0x0000, 0x0000, 0x0000, 0x0000, 0x0000, 0x0000, 0x0000, 0x0000,
0x0000, 0x0000, 0x0000, 0x0000, 0x0000, 0x0000, 0x0000, 0x0000, 0x0000, 0x0000, 0x0000, 0x0000, 0x0000, 0x0000, 0x0000, 0x0000,
0x0000, 0x0000, 0x1082, 0x5B0C, 0x7BEF, 0x2124, 0x636D, 0x73EE, 0x1944, 0x1923, 0x0020, 0x2144, 0x8C50, 0x528A, 0xB5B6, 0xC618,
0xB596, 0x9CF3, 0x2145, 0x94B2, 0x634C, 0x1965, 0x21A6, 0x10C2, 0x09A4, 0x0A46, 0x1246, 0x1246, 0x1266, 0x1266, 0x0A46, 0x0A46,
0x0A46, 0x1246, 0x0A46, 0x0A25, 0x2206, 0xA4F3, 0xD6BA, 0xBDF7, 0xA514, 0x9492, 0x632C, 0x52CB, 0x10A2, 0x0923, 0x2A88, 0xA554,
0xC618, 0xAD76, 0xB596, 0xA555, 0x9492, 0x9492, 0x9CD3, 0xA514, 0xA554, 0xA514, 0xA514, 0x9CF3, 0x6B8E, 0xAD35, 0x9CF3, 0x6B6D,
0x2985, 0x1206, 0x1287, 0x12A7, 0x12A7, 0x1266, 0x1266, 0x0A66, 0x0A86, 0x1184, 0x2985, 0x1923, 0x08A2, 0x08C2, 0x8430, 0xB595,
0x7C30, 0x1944, 0x52EB, 0x63CE, 0x1185, 0x4289, 0x4228, 0x0040, 0x10C2, 0x31C6, 0x6B6D, 0x8C50, 0x94B2, 0x52CB, 0x39C7, 0x0000,
0x0000, 0x0000, 0x0000, 0x0000, 0x0000, 0x0000, 0x0000, 0x0000, 0x0000, 0x0000, 0x0000, 0x0000, 0x0000, 0x0000, 0x0000, 0x0000,
0x0000, 0x0000, 0x0000, 0x0000, 0x0000, 0x0000, 0x0000, 0x0000, 0x0000, 0x0000, 0x0000, 0x0000, 0x0000, 0x0000, 0x0000, 0x0000,
0x0000, 0x0000, 0x0000, 0x0000, 0x0000, 0x0000, 0x0000, 0x0000, 0x0000, 0x2124, 0x5B2C, 0x8C71, 0x8C91, 0x73AE, 0x4268, 0x10E3,
0x0881, 0x1903, 0x10C3, 0x4A48, 0x5AEB, 0x6B6D, 0xCE58, 0xBDF7, 0x9492, 0x2145, 0x9492, 0xA534, 0x29A6, 0x1903, 0x0000, 0x11C5,
0x0A25, 0x0A26, 0x1266, 0x1266, 0x1266, 0x1266, 0x0A46, 0x0A25, 0x0A46, 0x0A46, 0x0184, 0x7C0F, 0xBDF7, 0xC5F8, 0xA4F3, 0x9CD2,
0x73AE, 0x632B, 0x2145, 0x00A1, 0x2207, 0xA554, 0xBDF7, 0xB5B6, 0xA555, 0x7BF0, 0x73AE, 0x5AEB, 0x4A69, 0x52AA, 0x634D, 0x738E,
0x7BEF, 0x9492, 0x8C71, 0x6B8E, 0xAD55, 0x9CD3, 0x6B6D, 0x39A6, 0x11C5, 0x12A7, 0x1287, 0x1287, 0x12A7, 0x1287, 0x0A46, 0x0245,
0x21E5, 0x52A9, 0x08C2, 0x10E3, 0x10E3, 0x73AE, 0x9491, 0xA533, 0x2165, 0x3A68, 0x42E9, 0x2A06, 0x532B, 0x10C2, 0x0841, 0x1923,
0x3A88, 0x3A48, 0x63AE, 0x7C70, 0x3A28, 0x52AA, 0x0020, 0x0000, 0x0000, 0x0000, 0x0000, 0x0000, 0x0000, 0x0000, 0x0000, 0x0000,
0x0000, 0x0000, 0x0000, 0x0000, 0x0000, 0x0000, 0x0000, 0x0000, 0x0000, 0x0000, 0x0000, 0x0000, 0x0000, 0x0000, 0x0000, 0x0000,
0x0000, 0x0000, 0x0000, 0x0000, 0x0000, 0x0000, 0x0000, 0x0000, 0x0000, 0x0000, 0x0000, 0x0000, 0x0000, 0x0000, 0x0000, 0x0000,
0x18E3, 0x4269, 0x6BCE, 0x6BEE, 0x3A48, 0x2185, 0x1123, 0x0081, 0x2124, 0x2965, 0x0000, 0x3A27, 0x31E7, 0xAD55, 0xC5F8, 0xBDD6,
0x52AA, 0x630C, 0xC617, 0x9D13, 0x52CB, 0x10C3, 0x11C5, 0x0A25, 0x1246, 0x0A25, 0x0A46, 0x1266, 0x1266, 0x0A25, 0x0A46, 0x1266,
0x0A05, 0x3248, 0xBDB6, 0xBDD7, 0xA534, 0xA514, 0x9491, 0x6B6D, 0x52AA, 0x08A2, 0x0943, 0x73EF, 0xB595, 0xA4F4, 0xA514, 0x630C,
0x52AA, 0x39E7, 0x1924, 0x1944, 0x1985, 0x2185, 0x31A6, 0x4A8A, 0x738E, 0x738E, 0x738E, 0xAD55, 0x9CD3, 0x6B4D, 0x31A6, 0x1964,
0x1287, 0x0A67, 0x1287, 0x1287, 0x1266, 0x0A66, 0x0A05, 0x19A5, 0x2985, 0x3A27, 0x1903, 0x1903, 0x6B6D, 0x9491, 0xA534, 0x3A48,
0x0903, 0x1185, 0x4B0A, 0x1944, 0x0040, 0x1924, 0x1123, 0x2206, 0x432A, 0x5C2E, 0x3AC9, 0x1944, 0x52CA, 0x0861, 0x0000, 0x0000,
0x0000, 0x0000, 0x0000, 0x0000, 0x0000, 0x0000, 0x0000, 0x0000, 0x0000, 0x0000, 0x0000, 0x0000, 0x0000, 0x0000, 0x0000, 0x0000,
0x0000, 0x0000, 0x0000, 0x0000, 0x0000, 0x0000, 0x0000, 0x0000, 0x0000, 0x0000, 0x0000, 0x0000, 0x0000, 0x0000, 0x0000, 0x0000,
0x0000, 0x0000, 0x0000, 0x0000, 0x0000, 0x0000, 0x0000, 0x0882, 0x2144, 0x31E7, 0x3AC9, 0x3AA9, 0x3288, 0x3207, 0x4289, 0x1904,
0x4228, 0x31A6, 0x0041, 0x08A1, 0x4AAA, 0xC618, 0xAD55, 0x8C71, 0x632C, 0xC638, 0x9CD3, 0x6B6D, 0x2124, 0x0964, 0x1226, 0x0A25,
0x0A46, 0x0A45, 0x1246, 0x1266, 0x0A25, 0x0A46, 0x0A66, 0x09A4, 0x8C50, 0xD679, 0xBDD7, 0xA514, 0x9CD3, 0x7BCE, 0x6B4C, 0x2945,
0x0102, 0x2A27, 0x9CD3, 0xA534, 0xB596, 0x6B4D, 0x4A69, 0x1924, 0x0943, 0x1205, 0x1287, 0x1287, 0x1246, 0x11C5, 0x10E3, 0x52AA,
0x4248, 0x7C10, 0xAD75, 0x9CD3, 0x632C, 0x4207, 0x1103, 0x1287, 0x1266, 0x1287, 0x1287, 0x1246, 0x0A46, 0x09E5, 0x1964, 0x31A6,
0x4A89, 0x5ACA, 0x840F, 0x9CD3, 0x7BEF, 0xAD75, 0x4AAA, 0x21C6, 0x3248, 0x31E6, 0x2124, 0x18E3, 0x10C3, 0x29C5, 0x08E2, 0x19E5,
0x21E6, 0x0061, 0x0881, 0x52AA, 0x0881, 0x0000, 0x0000, 0x0000, 0x0000, 0x0000, 0x0000, 0x0000, 0x0000, 0x0000, 0x0000, 0x0000,
0x0000, 0x0000, 0x0000, 0x0000, 0x0000, 0x0000, 0x0000, 0x0000, 0x0000, 0x0000, 0x0000, 0x0000, 0x0000, 0x0000, 0x0000, 0x0000,
0x0000, 0x0000, 0x0000, 0x0000, 0x0000, 0x0000, 0x0000, 0x0000, 0x0000, 0x0000, 0x0000, 0x0000, 0x0000, 0x0000, 0x0020, 0x2104,
0x18E3, 0x21A6, 0x3A68, 0x4ACA, 0x634C, 0x3A07, 0x4A89, 0x4A8A, 0x5ACB, 0x52AA, 0x29A6, 0x0882, 0x9492, 0xAD75, 0x8410, 0x6B6D,
0x94D3, 0x738E, 0x4207, 0x0020, 0x0903, 0x0A25, 0x0A25, 0x0A05, 0x0A25, 0x0A25, 0x0A45, 0x0A46, 0x0A45, 0x0A05, 0x2A06, 0xB555,
0xCE59, 0xB5B6, 0xA514, 0x9492, 0x6B4C, 0x5289, 0x08E2, 0x01A4, 0x4ACA, 0x9CD3, 0xB576, 0x8C51, 0x5AEB, 0x1904, 0x0984, 0x1266,
0x0A46, 0x1286, 0x12A6, 0x1286, 0x1266, 0x1205, 0x08C2, 0x4228, 0xAD75, 0x9CF3, 0x8C31, 0x62EB, 0x39C7, 0x1144, 0x1246, 0x1266,
0x1286, 0x1287, 0x1266, 0x0A66, 0x09E5, 0x2164, 0x31A6, 0x2164, 0x73CE, 0x8C71, 0x2985, 0x7BEF, 0xB596, 0x4A8A, 0x4269, 0x3207,
0x0881, 0x4228, 0x2944, 0x2145, 0x1924, 0x3206, 0x1944, 0x0861, 0x0882, 0x2104, 0x4A69, 0x0020, 0x0000, 0x0000, 0x0000, 0x0000,
0x0000, 0x0000, 0x0000, 0x0000, 0x0000, 0x0000, 0x0000, 0x0000, 0x0000, 0x0000, 0x0000, 0x0000, 0x0000, 0x0000, 0x0000, 0x0000,
0x0000, 0x0000, 0x0000, 0x0000, 0x0000, 0x0000, 0x0000, 0x0000, 0x0000, 0x0000, 0x0000, 0x0000, 0x0000, 0x0000, 0x0000, 0x0000,
0x0000, 0x0000, 0x0000, 0x0000, 0x0000, 0x0000, 0x0841, 0x2945, 0x39E7, 0x39C6, 0x6B4C, 0x2124, 0x1904, 0x4A69, 0x52AB, 0xAD75,
0x94D2, 0x52CB, 0x10C3, 0x39C7, 0xA534, 0x8430, 0x4A69, 0x4A8A, 0x6B6D, 0x39E7, 0x10A2, 0x00C2, 0x0A05, 0x0A05, 0x09E4, 0x0A25,
0x0A46, 0x0A25, 0x0A25, 0x1246, 0x09A4, 0x5B2C, 0xB596, 0xA514, 0x8C51, 0x9CD2, 0x7BCF, 0x736D, 0x2965, 0x01A4, 0x0A25, 0x632C,
0x9CB3, 0xB5B6, 0x8410, 0x5ACA, 0x08E2, 0x1246, 0x0A05, 0x0A25, 0x1266, 0x1286, 0x12A7, 0x12A7, 0x09E5, 0x2A06, 0xA535, 0xB5B6,
0x9CD3, 0x7BEF, 0x5ACB, 0x29C6, 0x1A67, 0x11C5, 0x1266, 0x0A46, 0x0A46, 0x1266, 0x1286, 0x11E5, 0x2144, 0x2185, 0x21A5, 0x2144,
0x2144, 0x1924, 0xB575, 0xA514, 0x52EB, 0x4289, 0x0882, 0x4A69, 0x4A28, 0x3166, 0x4A8A, 0x4289, 0x1944, 0x4ACA, 0x6B8D, 0x3186,
0x2965, 0x0841, 0x0000, 0x0000, 0x0000, 0x0000, 0x0000, 0x0000, 0x0000, 0x0000, 0x0000, 0x0000, 0x0000, 0x0000, 0x0000, 0x0000,
0x0000, 0x0000, 0x0000, 0x0000, 0x0000, 0x0000, 0x0000, 0x0000, 0x0000, 0x0000, 0x0000, 0x0000, 0x0000, 0x0000, 0x0000, 0x0000,
0x0000, 0x0000, 0x0000, 0x0000, 0x0000, 0x0000, 0x0000, 0x0000, 0x0000, 0x0000, 0x0000, 0x0000, 0x0000, 0x0000, 0x0000, 0x0841,
0x7BCE, 0x4A69, 0x2965, 0x4A69, 0x528A, 0xAD34, 0xB596, 0x9492, 0x73CE, 0x4228, 0x0000, 0x632C, 0x94B2, 0x2124, 0x73AE, 0x73AE,
0x4207, 0x18E3, 0x08C2, 0x1225, 0x0A05, 0x0A05, 0x0A25, 0x0A45, 0x0A25, 0x0A46, 0x0A46, 0x11A4, 0x8430, 0xBDD7, 0xAD54, 0x9491,
0x8C71, 0x738E, 0x62EB, 0x08C2, 0x0AA7, 0x1266, 0x7BCF, 0x9CF3, 0xBDD7, 0x9471, 0x6B6D, 0x2164, 0x0963, 0x1246, 0x1266, 0x1286,
0x12C7, 0x1286, 0x1246, 0x3AA9, 0x9CF3, 0xB5B7, 0xA554, 0x9492, 0x738E, 0x4A69, 0x1164, 0x22E9, 0x11A4, 0x1246, 0x0A46, 0x1266,
0x0A46, 0x0A66, 0x11A4, 0x39C6, 0x31E6, 0x1123, 0x2144, 0x2985, 0x5AEB, 0xC617, 0x7BCF, 0x5AEB, 0x2124, 0x528A, 0x7BAE, 0xA4F3,
0x9471, 0x52AA, 0x4289, 0x4289, 0x3A07, 0x5B0B, 0x0861, 0x0000, 0x0000, 0x0000, 0x0000, 0x0000, 0x0000, 0x0000, 0x0000, 0x0000,
0x0000, 0x0000, 0x0000, 0x0000, 0x0000, 0x0000, 0x0000, 0x0000, 0x0000, 0x0000, 0x0000, 0x0000, 0x0000, 0x0000, 0x0000, 0x0000,
0x0000, 0x0000, 0x0000, 0x0000, 0x0000, 0x0000, 0x0000, 0x0000, 0x0000, 0x0000, 0x0000, 0x0000, 0x0000, 0x0000, 0x0000, 0x0000,
0x0000, 0x0000, 0x0000, 0x0000, 0x0000, 0x0020, 0x5ACB, 0x52AA, 0x5ACB, 0x4A69, 0x52AA, 0x738E, 0x9CF3, 0x9492, 0x6B4D, 0x7BEF,
0x8430, 0x1904, 0x0841, 0x39C7, 0x4228, 0xAD54, 0x528A, 0x4208, 0x2945, 0x0061, 0x09E5, 0x0A25, 0x0A05, 0x0A25, 0x0A46, 0x0A25,
0x0A46, 0x0A25, 0x29E6, 0x9492, 0xBE17, 0xB596, 0xA4F3, 0x8C71, 0x73AE, 0x4208, 0x00E2, 0x0B07, 0x0A25, 0x73AE, 0x94B2, 0xBDD7,
0xA514, 0x7BEF, 0x6B6D, 0x3A27, 0x11A4, 0x09C4, 0x1205, 0x1A66, 0x42C9, 0x7BEF, 0xA513, 0xB596, 0xAD75, 0x9492, 0x73AE, 0x5AEB,
0x31C6, 0x19C5, 0x2B6A, 0x0943, 0x1246, 0x0A66, 0x1266, 0x1266, 0x0A46, 0x19C5, 0x39C7, 0x29C5, 0x29C6, 0x10C2, 0x2985, 0xB596,
0x9CB2, 0x630C, 0x31A6, 0x4248, 0x736D, 0x2103, 0x31A6, 0xA4B2, 0x6B6D, 0x4289, 0x4289, 0x7BEF, 0x7BEF, 0x39E7, 0x0020, 0x0000,
0x0000, 0x0000, 0x0000, 0x0000, 0x0000, 0x0000, 0x0000, 0x0000, 0x0000, 0x0000, 0x0000, 0x0000, 0x0000, 0x0000, 0x0000, 0x0000,
0x0000, 0x0000, 0x0000, 0x0000, 0x0000, 0x0000, 0x0000, 0x0000, 0x0000, 0x0000, 0x0000, 0x0000, 0x0000, 0x0000, 0x0000, 0x0000,
0x0000, 0x0000, 0x0000, 0x0000, 0x0000, 0x0000, 0x0000, 0x0000, 0x0000, 0x0000, 0x0000, 0x2925, 0x6B2C, 0x8430, 0x4228, 0x6B4D,
0x6B4D, 0x6B6D, 0x6B6D, 0x7BEF, 0x8C51, 0x39E7, 0x52AA, 0x7BEF, 0x39C6, 0x18E3, 0x4A49, 0xB5B6, 0x83EF, 0x4228, 0x4249, 0x2986,
0x0820, 0x11A4, 0x0A25, 0x0A25, 0x0A05, 0x0A25, 0x0A45, 0x0A66, 0x0A25, 0x4289, 0xA514, 0x9CF3, 0x9CD3, 0xA514, 0x73AE, 0x6B6D,
0x2104, 0x0163, 0x0AE7, 0x0A05, 0x630C, 0x8430, 0xAD55, 0xB5B6, 0x94B2, 0x7C0F, 0x8410, 0x6BAE, 0x6BAE, 0x73CE, 0x8450, 0xA4F3,
0xA514, 0xB5B6, 0xAD95, 0x9492, 0x840F, 0x634C, 0x5AEB, 0x10E3, 0x2AC8, 0x2AA8, 0x1964, 0x1206, 0x0A66, 0x1246, 0x0A66, 0x0A26,
0x29E6, 0x2965, 0x1965, 0x3A68, 0x5AEB, 0xA4F3, 0xB575, 0x6B4D, 0x3A07, 0x4A69, 0x6B8D, 0x2124, 0x2124, 0x10C3, 0x9C71, 0x6B8D,
0x42EA, 0x4289, 0x7C0E, 0xA513, 0x630C, 0x2124, 0x0000, 0x0000, 0x0000, 0x0000, 0x0000, 0x0000, 0x0000, 0x0000, 0x0000, 0x0000,
0x0000, 0x0000, 0x0000, 0x0000, 0x0000, 0x0000, 0x0000, 0x0000, 0x0000, 0x0000, 0x0000, 0x0000, 0x0000, 0x0000, 0x0000, 0x0000,
0x0000, 0x0000, 0x0000, 0x0000, 0x0000, 0x0000, 0x0000, 0x0000, 0x0000, 0x0000, 0x0000, 0x0000, 0x0000, 0x0000, 0x0000, 0x0000,
0x0000, 0x0861, 0x5269, 0x9492, 0x7BEF, 0x4208, 0x73AE, 0x7C30, 0x73CE, 0x7BCE, 0x39E7, 0x2924, 0x0861, 0x18E3, 0x5AAA, 0x7BCF,
0xB575, 0xC617, 0x9491, 0x4A49, 0x5AEB, 0x52CA, 0x2985, 0x0841, 0x1144, 0x0A25, 0x0A05, 0x0A05, 0x0A25, 0x0A45, 0x0A66, 0x0A25,
0x52CA, 0xAD34, 0xAD34, 0x9492, 0x9491, 0x6B4D, 0x5AEB, 0x1062, 0x09C4, 0x0AA6, 0x0A04, 0x52AA, 0x7C10, 0x8451, 0xB596, 0xAD76,
0x9CF3, 0x94D2, 0x9CD3, 0xAD75, 0xB5B6, 0xB5B7, 0xC638, 0xBE17, 0xA514, 0x8430, 0x6B4D, 0x630B, 0x5AEB, 0x2985, 0x1103, 0x3288,
0x94D1, 0x52A9, 0x09A4, 0x0A66, 0x1226, 0x0A46, 0x09C5, 0x31E6, 0x2945, 0x1144, 0x4289, 0xBDD7, 0xA514, 0x632C, 0x39C7, 0x31A6,
0x8C71, 0x2145, 0x29A6, 0x18C3, 0x52CB, 0xBDB6, 0x5B2B, 0x42C9, 0x3A69, 0x530B, 0x94D2, 0x634C, 0x31A7, 0x0020, 0x0000, 0x0000,
0x0000, 0x0000, 0x0000, 0x0000, 0x0000, 0x0000, 0x0000, 0x0000, 0x0000, 0x0000, 0x0000, 0x0000, 0x0000, 0x0000, 0x0000, 0x0000,
0x0000, 0x0000, 0x0000, 0x0000, 0x0000, 0x0000, 0x0000, 0x0000, 0x0000, 0x0000, 0x0000, 0x0000, 0x0000, 0x0000, 0x0000, 0x0000,
0x0000, 0x0000, 0x0000, 0x0000, 0x0000, 0x0000, 0x0000, 0x0000, 0x0841, 0x39C7, 0x9492, 0x73AE, 0x4228, 0x94B2, 0x9CD3, 0x632D,
0x94B2, 0x2124, 0x0020, 0x0841, 0x6B8D, 0xB575, 0xB595, 0xA513, 0x7B8E, 0x5ACB, 0x2124, 0x8430, 0x5AEB, 0x2104, 0x18A3, 0x08C2,
0x0A05, 0x0A05, 0x0A25, 0x0A25, 0x0A46, 0x0A86, 0x09E5, 0x5B0B, 0xAD55, 0xBDD7, 0xAD34, 0x9491, 0x6B4C, 0x5AEB, 0x1082, 0x09C4,
0x0245, 0x0204, 0x31E6, 0x73AF, 0x6B8E, 0x7BCF, 0x9CD3, 0xAD54, 0xAD75, 0xAD75, 0xBDF7, 0xCE79, 0xBE17, 0xAD34, 0x9CD2, 0x73AE,
0x5B0C, 0x52AA, 0x4A68, 0x2945, 0x08A1, 0x52EB, 0xA554, 0x9492, 0x4A48, 0x0A05, 0x1267, 0x0A26, 0x0A26, 0x1184, 0x4227, 0x1924,
0x29C6, 0x29C6, 0x31A6, 0x3185, 0x2144, 0x18E3, 0x9CD2, 0x8430, 0x0041, 0x5AEB, 0x9CF3, 0xB596, 0x62EC, 0x4268, 0x4AEA, 0x3A48,
0x638D, 0x8450, 0x52AA, 0x528A, 0x2104, 0x0000, 0x0000, 0x0000, 0x0000, 0x0000, 0x0000, 0x0000, 0x0000, 0x0000, 0x0000, 0x0000,
0x0000, 0x0000, 0x0000, 0x0000, 0x0000, 0x0000, 0x0000, 0x0000, 0x0000, 0x0000, 0x0000, 0x0000, 0x0000, 0x0000, 0x0000, 0x0000,
0x0000, 0x0000, 0x0000, 0x0000, 0x0000, 0x0000, 0x0000, 0x0000, 0x0000, 0x0000, 0x0000, 0x0000, 0x0000, 0x0000, 0x0000, 0x0020,
0x4A69, 0x632C, 0x4248, 0x4228, 0x8C71, 0xBDD7, 0x73AE, 0x8C71, 0x73CE, 0x39E7, 0x4A69, 0xA514, 0xA514, 0x9471, 0x7BCF, 0x5ACB,
0x0020, 0x52AA, 0x9D14, 0x634D, 0x2986, 0x18C3, 0x0000, 0x11C5, 0x0A45, 0x0A25, 0x0A25, 0x0A25, 0x0A66, 0x09E5, 0x6B4D, 0xA534,
0xA534, 0x94B2, 0x8410, 0x6B6D, 0x4A49, 0x0020, 0x09C4, 0x0205, 0x0225, 0x0963, 0x52AB, 0x7BEF, 0x6B8E, 0x73CE, 0x73AE, 0x8430,
0x8C71, 0x8C71, 0x8C30, 0x8430, 0x73CE, 0x6B4C, 0x52AA, 0x4248, 0x4208, 0x2103, 0x0020, 0x3A28, 0xB5B6, 0xAD75, 0x7C0F, 0x39E6,
0x0A06, 0x1287, 0x0A26, 0x0A05, 0x29E6, 0x4A89, 0x10E3, 0x42A9, 0x1943, 0x0000, 0x2104, 0x2945, 0x8C71, 0xC638, 0x9CF3, 0x0861,
0x632C, 0x9492, 0x39E8, 0x2985, 0x29A6, 0x42EA, 0x4289, 0x6BCE, 0x5B0B, 0x4A49, 0x5ACB, 0x10A2, 0x0000, 0x0000, 0x0000, 0x0000,
0x0000, 0x0000, 0x0000, 0x0000, 0x0000, 0x0000, 0x0000, 0x0000, 0x0000, 0x0000, 0x0000, 0x0000, 0x0000, 0x0000, 0x0000, 0x0000,
0x0000, 0x0000, 0x0000, 0x0000, 0x0000, 0x0000, 0x0000, 0x0000, 0x0000, 0x0000, 0x0000, 0x0000, 0x0000, 0x0000, 0x0000, 0x0000,
0x0000, 0x0000, 0x0000, 0x0000, 0x0000, 0x0000, 0x0020, 0x4A69, 0x8CF2, 0x1103, 0x632C, 0x6B4D, 0xB5B6, 0xA514, 0x630B, 0x4A69,
0x4A69, 0x52AA, 0x8430, 0x73AE, 0x7BAE, 0x840F, 0xAD55, 0x528A, 0x4A69, 0x9D14, 0x5B0C, 0x4228, 0x10C3, 0x0861, 0x19C5, 0x0A66,
0x0A45, 0x0A45, 0x0A25, 0x0A66, 0x09E5, 0x6B4D, 0x9CF3, 0x9CD2, 0x8C51, 0x94B2, 0x6B6D, 0x5ACA, 0x0861, 0x09E5, 0x0205, 0x01E5,
0x0A25, 0x1985, 0x5B0C, 0x6B8D, 0x4A69, 0x5B0B, 0x630B, 0x52AA, 0x632C, 0x632C, 0x630C, 0x5B0C, 0x62EB, 0x41E8, 0x31A6, 0x10A2,
0x0000, 0x31E7, 0xAD75, 0xC638, 0x94B2, 0x7BCE, 0x39C6, 0x0A06, 0x0A87, 0x1246, 0x09C5, 0x3A28, 0x18E3, 0x08A2, 0x42A9, 0x08E2,
0x4249, 0x7BCF, 0x8C50, 0xB595, 0x9CD3, 0x738E, 0x10C3, 0x39E7, 0x4228, 0x5AEB, 0x5AEB, 0x3A28, 0x4289, 0x5AEB, 0x634C, 0x4A8A,
0x636D, 0x39E7, 0x0000, 0x0000, 0x0000, 0x0000, 0x0000, 0x0000, 0x0000, 0x0000, 0x0000, 0x0000, 0x0000, 0x0000, 0x0000, 0x0000,
0x0000, 0x0000, 0x0000, 0x0000, 0x0000, 0x0000, 0x0000, 0x0000, 0x0000, 0x0000, 0x0000, 0x0000, 0x0000, 0x0000, 0x0000, 0x0000,
0x0000, 0x0000, 0x0000, 0x0000, 0x0000, 0x0000, 0x0000, 0x0000, 0x0000, 0x0000, 0x0000, 0x0000, 0x0000, 0x0000, 0x39C7, 0x8D13,
0x32C9, 0x636C, 0x73AE, 0x8C71, 0xBDD7, 0x8C51, 0x39C7, 0x4A49, 0x3A07, 0x528A, 0x630C, 0x736D, 0x736D, 0x9492, 0x94D2, 0x39E7,
0x9CD3, 0x52AA, 0x4228, 0x18E3, 0x5269, 0x4268, 0x0A25, 0x0A66, 0x0A25, 0x0A25, 0x0A46, 0x09A4, 0x52AA, 0x94B2, 0xA514, 0xB5B6,
0xA513, 0x6B6D, 0x630C, 0x1082, 0x09A4, 0x0225, 0x09E5, 0x0A25, 0x0A45, 0x11A5, 0x39E7, 0x4228, 0x5AEB, 0x52AA, 0x4228, 0x5289,
0x5ACA, 0x5269, 0x3987, 0x4207, 0x2165, 0x1123, 0x1123, 0x29E6, 0xA534, 0xBDB7, 0xBDD6, 0x8C71, 0x738D, 0x29A5, 0x0A67, 0x0AA7,
0x1266, 0x19E5, 0x4207, 0x0020, 0x1903, 0x3A48, 0x52EA, 0x9471, 0x7BCE, 0xB596, 0x630C, 0x39C7, 0x630C, 0x6B6D, 0x8430, 0x6B6D,
0x39E7, 0x5B0B, 0x528A, 0x52CA, 0x7BEF, 0x41E7, 0x52AA, 0x4B0B, 0x29C6, 0x1082, 0x0000, 0x0000, 0x0000, 0x0000, 0x0000, 0x0000,
0x0000, 0x0000, 0x0000, 0x0000, 0x0000, 0x0000, 0x0000, 0x0000, 0x0000, 0x0000, 0x0000, 0x0000, 0x0000, 0x0000, 0x0000, 0x0000,
0x0000, 0x0000, 0x0000, 0x0000, 0x0000, 0x0000, 0x0000, 0x0000, 0x0000, 0x0000, 0x0000, 0x0000, 0x0000, 0x0000, 0x0000, 0x0000,
0x0000, 0x0000, 0x0000, 0x0000, 0x0000, 0x2945, 0x7C91, 0x43AB, 0x19C5, 0x5AEB, 0x630C, 0xB596, 0x8C71, 0x8430, 0x5ACA, 0x2124,
0x5AEB, 0xA534, 0x83EF, 0x9CF3, 0x9492, 0x9CF3, 0x6B6D, 0x8430, 0x52AA, 0x31A6, 0x2986, 0x4A69, 0x5AEA, 0x11E5, 0x0A86, 0x0A45,
0x0A25, 0x0A26, 0x0984, 0x4A69, 0x9471, 0xAD75, 0xB575, 0xA534, 0x7C0F, 0x634C, 0x0821, 0x0963, 0x0A86, 0x0A05, 0x0225, 0x0A66,
0x0A86, 0x0A05, 0x1144, 0x2165, 0x2965, 0x2965, 0x2965, 0x3186, 0x1924, 0x0903, 0x09E5, 0x1226, 0x1206, 0x19A5, 0x8C91, 0xB596,
0xBDD7, 0x9CD3, 0x7BEF, 0x5289, 0x1103, 0x0AA7, 0x0A87, 0x0A46, 0x3247, 0x2945, 0x0000, 0x2165, 0x4289, 0x73CE, 0x630C, 0xAD34,
0x73AE, 0x528A, 0xB5B6, 0xBDF7, 0xA514, 0x73AE, 0x9492, 0x7BAF, 0x0861, 0x5ACA, 0x738D, 0x41E7, 0x634C, 0x432B, 0x1226, 0x1965,
0x10A2, 0x0000, 0x0000, 0x0000, 0x0000, 0x0000, 0x0000, 0x0000, 0x0000, 0x0000, 0x0000, 0x0000, 0x0000, 0x0000, 0x0000, 0x0000,
0x0000, 0x0000, 0x0000, 0x0000, 0x0000, 0x0000, 0x0000, 0x0000, 0x0000, 0x0000, 0x0000, 0x0000, 0x0000, 0x0000, 0x0000, 0x0000,
0x0000, 0x0000, 0x0000, 0x0000, 0x0000, 0x0000, 0x0000, 0x0000, 0x0000, 0x0000, 0x0000, 0x0000, 0x2104, 0x7450, 0x3BAB, 0x0984,
0x3206, 0x632C, 0x9CD3, 0xA514, 0x7BEF, 0x5AEB, 0x2965, 0x10A2, 0x7BCE, 0xB595, 0xAD75, 0x6B4D, 0x9CD3, 0xA534, 0x7BEF, 0x5AEB,
0x18C3, 0x39E7, 0x39E7, 0x41E7, 0x3A47, 0x0A46, 0x0A46, 0x0A25, 0x1226, 0x09A4, 0x31C6, 0x8C51, 0x9CF3, 0xB575, 0xAD54, 0x8C71,
0x840F, 0x39C6, 0x00C2, 0x0A86, 0x0A25, 0x0A45, 0x0A45, 0x0A86, 0x0A86, 0x0A46, 0x09E5, 0x01A4, 0x0183, 0x0183, 0x01A4, 0x0A05,
0x0A66, 0x0A86, 0x1286, 0x0984, 0x73EF, 0xB575, 0xC638, 0xAD55, 0x94B2, 0x738D, 0x39C7, 0x0144, 0x0AA7, 0x1287, 0x1A46, 0x4A89,
0x0841, 0x0020, 0x2165, 0x3A07, 0x0882, 0x73AE, 0xA514, 0x5AAA, 0xAD55, 0xAD75, 0xAD34, 0x5AEB, 0x6B4C, 0x7BCF, 0x94B2, 0x3186,
0x1082, 0x0820, 0x52AA, 0x6C2E, 0x01C5, 0x1A67, 0x1903, 0x1082, 0x0000, 0x0000, 0x0000, 0x0000, 0x0000, 0x0000, 0x0000, 0x0000,
0x0000, 0x0000, 0x0000, 0x0000, 0x0000, 0x0000, 0x0000, 0x0000, 0x0000, 0x0000, 0x0000, 0x0000, 0x0000, 0x0000, 0x0000, 0x0000,
0x0000, 0x0000, 0x0000, 0x0000, 0x0000, 0x0000, 0x0000, 0x0000, 0x0000, 0x0000, 0x0000, 0x0000, 0x0000, 0x0000, 0x0000, 0x0000,
0x0000, 0x0000, 0x0020, 0x2104, 0x63AD, 0x3B4A, 0x2267, 0x1143, 0x5B2B, 0x8410, 0xA554, 0x4208, 0x9CF3, 0x83EF, 0x2944, 0x3185,
0x39C7, 0x2104, 0x4A69, 0x9492, 0xC618, 0x9492, 0x630C, 0x0882, 0x39E7, 0x4228, 0x10A2, 0x4A69, 0x1A05, 0x0A46, 0x0A05, 0x09E5,
0x09C5, 0x1924, 0x7BEF, 0x94D3, 0xBDD6, 0xA514, 0x9CD3, 0x8410, 0x7BAE, 0x1082, 0x09C5, 0x0A46, 0x0A45, 0x0A66, 0x0A66, 0x0A66,
0x0A65, 0x0A45, 0x0A46, 0x0A25, 0x0A25, 0x0A05, 0x0A05, 0x0A25, 0x0A86, 0x01C4, 0x5B4C, 0xB575, 0xCE59, 0xC638, 0x9492, 0x738E,
0x5ACA, 0x2124, 0x09E5, 0x0A86, 0x0A46, 0x3AA9, 0x39A6, 0x0000, 0x0861, 0x2985, 0x1924, 0x2965, 0xAD54, 0x8C30, 0x8C30, 0xA534,
0x9CD3, 0x6B2C, 0x0882, 0x10A2, 0x738E, 0xA534, 0x5AEB, 0x2124, 0x4228, 0x8CD1, 0x1A47, 0x0A05, 0x1A46, 0x18C2, 0x0861, 0x0000,
0x0000, 0x0000, 0x0000, 0x0000, 0x0000, 0x0000, 0x0000, 0x0000, 0x0000, 0x0000, 0x0000, 0x0000, 0x0000, 0x0000, 0x0000, 0x0000,
0x0000, 0x0000, 0x0000, 0x0000, 0x0000, 0x0000, 0x0000, 0x0000, 0x0000, 0x0000, 0x0000, 0x0000, 0x0000, 0x0000, 0x0000, 0x0000,
0x0000, 0x0000, 0x0000, 0x0000, 0x0000, 0x0000, 0x0000, 0x0000, 0x0000, 0x0000, 0x10A2, 0x3A28, 0x3AEA, 0x19E6, 0x2206, 0x31E6,
0x6B4D, 0x73AE, 0x39E8, 0xB595, 0x9CD2, 0x5ACB, 0x52AA, 0x632C, 0x2985, 0x0040, 0x6B4C, 0xCE58, 0xA534, 0x630C, 0x18C3, 0x18E3,
0x4228, 0x0041, 0x2965, 0x4248, 0x01E4, 0x0A05, 0x09E5, 0x1205, 0x1144, 0x73AE, 0x8C71, 0xB596, 0xBDB6, 0xB596, 0x94B2, 0x8C51,
0x52AA, 0x0081, 0x0A26, 0x0A46, 0x0A45, 0x0A66, 0x0A86, 0x0A66, 0x0A66, 0x0A45, 0x0A25, 0x0A05, 0x09E5, 0x0A05, 0x0A46, 0x0184,
0x4ACA, 0xA514, 0xC638, 0xCE79, 0xA514, 0x8410, 0x6B6D, 0x4207, 0x00A2, 0x0A26, 0x0A26, 0x1A26, 0x52A9, 0x0841, 0x0000, 0x0861,
0x29A6, 0x0861, 0x52CB, 0xB575, 0x8C30, 0x9492, 0x632C, 0x632C, 0x6B4C, 0x0841, 0x31A6, 0x94B2, 0x9CF3, 0x634C, 0x4A69, 0x8490,
0x434A, 0x0225, 0x1A67, 0x2206, 0x18C2, 0x0020, 0x0000, 0x0000, 0x0000, 0x0000, 0x0000, 0x0000, 0x0000, 0x0000, 0x0000, 0x0000,
0x0000, 0x0000, 0x0000, 0x0000, 0x0000, 0x0000, 0x0000, 0x0000, 0x0000, 0x0000, 0x0000, 0x0000, 0x0000, 0x0000, 0x0000, 0x0000,
0x0000, 0x0000, 0x0000, 0x0000, 0x0000, 0x0000, 0x0000, 0x0000, 0x0000, 0x0000, 0x0000, 0x0000, 0x0000, 0x0000, 0x0000, 0x0000,
0x0000, 0x10A2, 0x2124, 0x3AC9, 0x11A5, 0x19E5, 0x19C5, 0x31C6, 0x5B0B, 0x5269, 0x734C, 0x6B0C, 0x8C51, 0x8C30, 0x4289, 0x2A27,
0x08C2, 0x31A6, 0xC638, 0xBDD7, 0x5AEC, 0x39C7, 0x31A6, 0x39C7, 0x0882, 0x0020, 0x4A49, 0x19E6, 0x0A05, 0x09E5, 0x0A26, 0x0943,
0x4248, 0x8451, 0x9CF3, 0xBDF7, 0xBDD7, 0xB596, 0x94B2, 0x8C51, 0x52AA, 0x08C2, 0x09C4, 0x0A66, 0x0A86, 0x0A86, 0x0A86, 0x0A66,
0x0A66, 0x0A45, 0x0A25, 0x0A25, 0x01C5, 0x0984, 0x5B0B, 0xA514, 0xC638, 0xD6BA, 0xAD75, 0x8C71, 0x73AE, 0x5ACB, 0x10A2, 0x0964,
0x09E5, 0x01C4, 0x3AA9, 0x2124, 0x0000, 0x0020, 0x0861, 0x2985, 0x0881, 0x8450, 0xA4F3, 0x94B2, 0x5ACB, 0x18C2, 0x39C6, 0x94B2,
0x6B4D, 0x8410, 0xAD55, 0x8C51, 0x4228, 0x6BEE, 0x53AC, 0x1226, 0x0A46, 0x22A8, 0x2164, 0x18C3, 0x0000, 0x0000, 0x0000, 0x0000,
0x0000, 0x0000, 0x0000, 0x0000, 0x0000, 0x0000, 0x0000, 0x0000, 0x0000, 0x0000, 0x0000, 0x0000, 0x0000, 0x0000, 0x0000, 0x0000,
0x0000, 0x0000, 0x0000, 0x0000, 0x0000, 0x0000, 0x0000, 0x0000, 0x0000, 0x0000, 0x0000, 0x0000, 0x0000, 0x0000, 0x0000, 0x0000,
0x0000, 0x0000, 0x0000, 0x0000, 0x0000, 0x0000, 0x0000, 0x0000, 0x0020, 0x2944, 0x29C6, 0x2A47, 0x19E5, 0x1A06, 0x19C5, 0x1964,
0x2164, 0x31A6, 0x8430, 0x8C50, 0x31E7, 0x11C5, 0x2A88, 0x1123, 0x18E3, 0xB596, 0xC638, 0x634D, 0x4228, 0x5AAA, 0x4A69, 0x0020,
0x0000, 0x18C3, 0x4269, 0x09C5, 0x0A05, 0x0A05, 0x09E5, 0x21A6, 0x8430, 0x8C51, 0xB596, 0xB5B6, 0xBDF7, 0xB575, 0x8C71, 0x8C50,
0x6B4D, 0x2145, 0x0143, 0x0205, 0x0A66, 0x0AA6, 0x0AA6, 0x0A66, 0x0A05, 0x01A4, 0x0964, 0x29C6, 0x738D, 0xA513, 0xBDF7, 0xCE79,
0xC618, 0x9492, 0x8430, 0x738E, 0x2925, 0x00A1, 0x1205, 0x01C4, 0x2206, 0x4207, 0x0000, 0x0000, 0x0000, 0x0861, 0x2144, 0x39E7,
0xA534, 0x8C71, 0xA514, 0x52AA, 0x0861, 0x10A2, 0x73AE, 0xA513, 0x9CD3, 0x6B6D, 0x39E8, 0x73CE, 0x538C, 0x1226, 0x0A26, 0x2287,
0x2206, 0x18C2, 0x0861, 0x0000, 0x0000, 0x0000, 0x0000, 0x0000, 0x0000, 0x0000, 0x0000, 0x0000, 0x0000, 0x0000, 0x0000, 0x0000,
0x0000, 0x0000, 0x0000, 0x0000, 0x0000, 0x0000, 0x0000, 0x0000, 0x0000, 0x0000, 0x0000, 0x0000, 0x0000, 0x0000, 0x0000, 0x0000,
0x0000, 0x0000, 0x0000, 0x0000, 0x0000, 0x0000, 0x0000, 0x0000, 0x0000, 0x0000, 0x0000, 0x0000, 0x0000, 0x0000, 0x0000, 0x0000,
0x1082, 0x31A6, 0x1944, 0x2206, 0x32E9, 0x2AC8, 0x2A87, 0x1984, 0x0020, 0x4248, 0x4248, 0x0964, 0x2268, 0x2A88, 0x0902, 0x10C2,
0xAD34, 0xCE79, 0x632C, 0x4A28, 0x1082, 0x0841, 0x0000, 0x0000, 0x0000, 0x3186, 0x2A27, 0x09E5, 0x1246, 0x1287, 0x11A5, 0x632D,
0x8C71, 0x7BCF, 0x94B2, 0xAD35, 0xBDD7, 0xB575, 0x8C71, 0x9491, 0x9492, 0x738E, 0x4289, 0x2A07, 0x11A5, 0x11C5, 0x21E6, 0x3207,
0x52CA, 0x738E, 0x9491, 0xAD75, 0xBDF7, 0xC618, 0xBDD7, 0xA514, 0x7BCF, 0x6B6D, 0x5269, 0x08A2, 0x11E5, 0x09E5, 0x11C5, 0x5ACA,
0x1061, 0x0000, 0x0000, 0x0000, 0x0841, 0x2124, 0x4A69, 0xBDD7, 0x8C51, 0xA534, 0x7BEF, 0x1082, 0x1082, 0x10A2, 0x3186, 0x31C6,
0x3248, 0x5BAD, 0x32A9, 0x09E5, 0x0A05, 0x1A26, 0x19E5, 0x2124, 0x39C6, 0x0000, 0x0000, 0x0000, 0x0000, 0x0000, 0x0000, 0x0000,
0x0000, 0x0000, 0x0000, 0x0000, 0x0000, 0x0000, 0x0000, 0x0000, 0x0000, 0x0000, 0x0000, 0x0000, 0x0000, 0x0000, 0x0000, 0x0000,
0x0000, 0x0000, 0x0000, 0x0000, 0x0000, 0x0000, 0x0000, 0x0000, 0x0000, 0x0000, 0x0000, 0x0000, 0x0000, 0x0000, 0x0000, 0x0000,
0x0000, 0x0000, 0x0000, 0x0000, 0x0000, 0x0000, 0x0000, 0x2124, 0x4A69, 0x2103, 0x0061, 0x10E2, 0x1123, 0x10E3, 0x0020, 0x0000,
0x0000, 0x00A2, 0x1A06, 0x2267, 0x1A06, 0x00C2, 0x18E3, 0xB575, 0xC638, 0x630C, 0x39E8, 0x0020, 0x0000, 0x0000, 0x0000, 0x0000,
0x0020, 0x4A48, 0x1A06, 0x0A66, 0x1287, 0x1A87, 0x29E6, 0x83EF, 0x6B6D, 0x73AE, 0x8C51, 0x9CF3, 0xBDD6, 0xBDD7, 0xAD55, 0xA513,
0xA534, 0xA534, 0xA514, 0x8C50, 0x8C51, 0xA534, 0xA534, 0xB596, 0xB575, 0xC617, 0xC638, 0xA534, 0xAD95, 0x9CF3, 0x8410, 0x738E,
0x4228, 0x0862, 0x1185, 0x1A67, 0x09C5, 0x4A8A, 0x20E3, 0x0000, 0x0000, 0x0000, 0x0000, 0x0000, 0x3186, 0x73AE, 0xBDF7, 0x8410,
0xA534, 0x94B2, 0x31A6, 0x5289, 0x0000, 0x0000, 0x00A2, 0x2227, 0x09A4, 0x0183, 0x01A4, 0x11A5, 0x1144, 0x1903, 0x73AE, 0x10A2,
0x0000, 0x0000, 0x0000, 0x0000, 0x0000, 0x0000, 0x0000, 0x0000, 0x0000, 0x0000, 0x0000, 0x0000, 0x0000, 0x0000, 0x0000, 0x0000,
0x0000, 0x0000, 0x0000, 0x0000, 0x0000, 0x0000, 0x0000, 0x0000, 0x0000, 0x0000, 0x0000, 0x0000, 0x0000, 0x0000, 0x0000, 0x0000,
0x0000, 0x0000, 0x0000, 0x0000, 0x0000, 0x0000, 0x0000, 0x0000, 0x0000, 0x0000, 0x0000, 0x0000, 0x0000, 0x18E4, 0x5AEB, 0x83EF,
0x73AE, 0x4248, 0x18C2, 0x0000, 0x0000, 0x4A48, 0x4A49, 0x630C, 0x632C, 0x2207, 0x1A47, 0x1184, 0x0061, 0x2965, 0xC638, 0xB5D6,
0x5AEB, 0x2124, 0x0000, 0x0000, 0x0000, 0x0000, 0x0000, 0x0000, 0x1082, 0x4A48, 0x1225, 0x12A7, 0x1AC8, 0x1A26, 0x31C6, 0x7C10,
0x7BCF, 0x8410, 0x8C51, 0x94B2, 0xA4F3, 0xC618, 0xCE79, 0xBDF7, 0xC618, 0xBDF7, 0xB5D7, 0xC618, 0xC659, 0xCE79, 0xCE79, 0xC618,
0xB596, 0xA514, 0x9CF3, 0x8430, 0x6B4D, 0x6B4D, 0x4A28, 0x18C3, 0x1944, 0x11E5, 0x0A26, 0x42C9, 0x4A48, 0x0861, 0x0000, 0x0000,
0x0000, 0x0000, 0x0000, 0x2124, 0x632C, 0xC617, 0x738E, 0x8C71, 0xB5B6, 0x632C, 0x10A2, 0x2965, 0x73AE, 0x52AA, 0x0881, 0x0040,
0x08A1, 0x08C2, 0x08C2, 0x0861, 0x3186, 0x73AE, 0x528A, 0x0861, 0x0000, 0x0000, 0x0000, 0x0000, 0x0000, 0x0000, 0x0000, 0x0000,
0x0000, 0x0000, 0x0000, 0x0000, 0x0000, 0x0000, 0x0000, 0x0000, 0x0000, 0x0000, 0x0000, 0x0000, 0x0000, 0x0000, 0x0000, 0x0000,
0x0000, 0x0000, 0x0000, 0x0000, 0x0000, 0x0000, 0x0000, 0x0000, 0x0000, 0x0000, 0x0000, 0x0000, 0x0000, 0x0000, 0x0000, 0x0000,
0x0000, 0x0000, 0x0000, 0x0020, 0x4208, 0xA514, 0xB5B6, 0xBDD7, 0xA514, 0x4A48, 0x10C2, 0x73AE, 0xA4F3, 0xAD75, 0x52CB, 0x83EF,
0x94B2, 0x1164, 0x0903, 0x0020, 0x4A69, 0xD6BA, 0x9CD3, 0x528A, 0x1081, 0x0000, 0x0841, 0x0020, 0x0000, 0x0000, 0x3186, 0x4248,
0x62A9, 0x42A8, 0x0A66, 0x1AA7, 0x1AA7, 0x0923, 0x3186, 0x73CF, 0x7BCF, 0x7BEF, 0x8C51, 0x8C71, 0x94B2, 0xA4F3, 0xBDD7, 0xCE59,
0xCE59, 0xCE79, 0xCE59, 0xC618, 0xBDF7, 0xAD75, 0xA514, 0x9CB3, 0x8C71, 0x73AE, 0x62EC, 0x6B4C, 0x39E7, 0x18E3, 0x1903, 0x11C5,
0x0A86, 0x2267, 0x73AD, 0x5268, 0x5268, 0x4207, 0x0000, 0x0000, 0x0000, 0x0000, 0x10A2, 0x630B, 0xC638, 0x6B4D, 0x528A, 0xBDD6,
0xAD75, 0x8C51, 0xAD54, 0xBDB6, 0xCE58, 0x8410, 0x0000, 0x0000, 0x0040, 0x0881, 0x634C, 0xAD95, 0xB5B6, 0x8430, 0x39E7, 0x0020,
0x0000, 0x0000, 0x0000, 0x0000, 0x0000, 0x0000, 0x0000, 0x0000, 0x0000, 0x0000, 0x0000, 0x0000, 0x0000, 0x0000, 0x0000, 0x0000,
0x0000, 0x0000, 0x0000, 0x0000, 0x0000, 0x0000, 0x0000, 0x0000, 0x0000, 0x0000, 0x0000, 0x0000, 0x0000, 0x0000, 0x0000, 0x0000,
0x0000, 0x0000, 0x0000, 0x0000, 0x0000, 0x0000, 0x0000, 0x0000, 0x0000, 0x0000, 0x0861, 0x738E, 0xB5B6, 0xAD55, 0xA514, 0xC638,
0x6B6D, 0x4208, 0x9CF3, 0xA534, 0xB5B6, 0x39E7, 0x5ACB, 0xBDD6, 0x2104, 0x0041, 0x0000, 0x7BEF, 0xD699, 0x8430, 0x4208, 0x0020,
0x18C3, 0x4A28, 0x4A28, 0x2103, 0x2104, 0x5288, 0x18E3, 0x5247, 0x6A88, 0x1184, 0x0A66, 0x1266, 0x1A26, 0x0040, 0x18C3, 0x634D,
0x4A49, 0x630C, 0x8410, 0x8C51, 0x8C71, 0x9492, 0x9492, 0x9492, 0x9CF3, 0x9CF3, 0x9CF3, 0x94B2, 0x8C51, 0x8451, 0x8430, 0x7BEF,
0x73AE, 0x4208, 0x2124, 0x18E3, 0x18E3, 0x11A4, 0x0A46, 0x1206, 0x634A, 0x6287, 0x18A2, 0x2103, 0x62E9, 0x18A2, 0x41E6, 0x41C5,
0x18C2, 0x0020, 0x52AB, 0xC638, 0x738E, 0x0020, 0x6B4D, 0xB5B6, 0xBDF7, 0xB595, 0xA513, 0xB5B6, 0x94B2, 0x18C3, 0x4228, 0x31C7,
0x31A6, 0xAD96, 0xCE79, 0xC618, 0xB596, 0x6B6D, 0x18E3, 0x0000, 0x0000, 0x0000, 0x0000, 0x0000, 0x0000, 0x0000, 0x0000, 0x0000,
0x0000, 0x0000, 0x0000, 0x0000, 0x0000, 0x0000, 0x0000, 0x0000, 0x0000, 0x0000, 0x0000, 0x0000, 0x0000, 0x0000, 0x0000, 0x0000,
0x0000, 0x0000, 0x0000, 0x0000, 0x0000, 0x0000, 0x0000, 0x0000, 0x0000, 0x0000, 0x0000, 0x0000, 0x0000, 0x0000, 0x0000, 0x0000,
0x0000, 0x0020, 0x8C51, 0xB5B6, 0x738E, 0x52AA, 0xB5B6, 0x7BCF, 0x528A, 0x9CD2, 0x8C71, 0x4208, 0x1082, 0x2144, 0x4207, 0x2124,
0x0000, 0x18E3, 0xB595, 0xBDF7, 0x6B6D, 0x2104, 0x0000, 0x4207, 0x6AC7, 0x2923, 0x2944, 0x18E2, 0x20E2, 0x1081, 0x0881, 0x49E5,
0x5A87, 0x19C5, 0x1246, 0x1206, 0x11A5, 0x0020, 0x0841, 0x39C7, 0x5AEB, 0x73AE, 0x738E, 0x8410, 0x8430, 0x8430, 0x7C10, 0x73CE,
0x73AE, 0x8410, 0x7BEF, 0x7BCE, 0x8410, 0x73AE, 0x5AEB, 0x2124, 0x0861, 0x2144, 0x18E3, 0x11A5, 0x1226, 0x1206, 0x5B4B, 0x49C5,
0x10A1, 0x0861, 0x0861, 0x5246, 0x62E7, 0x5AA8, 0x51E4, 0x5A87, 0x39A6, 0x41E7, 0xB575, 0x83EF, 0x0041, 0x0841, 0x39C7, 0x6B6D,
0x6B6D, 0x4228, 0x7BEF, 0x8450, 0x2945, 0xA514, 0x94B2, 0x5AEB, 0xC638, 0x528A, 0x632C, 0xC618, 0x8C51, 0x2965, 0x0000, 0x0000,
0x0000, 0x0000, 0x0000, 0x0000, 0x0000, 0x0000, 0x0000, 0x0000, 0x0000, 0x0000, 0x0000, 0x0000, 0x0000, 0x0000, 0x0000, 0x0000,
0x0000, 0x0000, 0x0000, 0x0000, 0x0000, 0x0000, 0x0000, 0x0000, 0x0000, 0x0000, 0x0000, 0x0000, 0x0000, 0x0000, 0x0000, 0x0000,
0x0000, 0x0000, 0x0000, 0x0000, 0x0000, 0x0000, 0x0000, 0x0000, 0x0000, 0x94B2, 0xAD55, 0x528A, 0x4A69, 0x630B, 0x3166, 0x52CA,
0x8C50, 0x6B6D, 0x5ACA, 0x10C3, 0x1082, 0x10A2, 0x10A2, 0x10A3, 0x840F, 0xCE58, 0xA514, 0x4228, 0x0020, 0x18C3, 0x5AC8, 0xA405,
0x5203, 0x5224, 0x5204, 0x3123, 0x0882, 0x0882, 0x2103, 0x7307, 0x5246, 0x2A06, 0x11E5, 0x1206, 0x11C5, 0x0081, 0x0820, 0x2104,
0x39E7, 0x4A49, 0x630C, 0x738E, 0x736E, 0x73AE, 0x6B4D, 0x630C, 0x6B4D, 0x632D, 0x52AA, 0x4248, 0x2124, 0x0882, 0x20E3, 0x2944,
0x1123, 0x11C5, 0x09E5, 0x11E5, 0x5BAC, 0x62A8, 0x3123, 0x0861, 0x0021, 0x41C4, 0x72C6, 0x4A04, 0x0862, 0x72C3, 0x6242, 0x5289,
0x5269, 0x8410, 0xA534, 0x3186, 0x0020, 0x0020, 0x0000, 0x0000, 0x0000, 0x6B6D, 0x632C, 0x10A2, 0x8450, 0xA554, 0x6B6D, 0x840F,
0x4208, 0x2945, 0xBDF7, 0xA514, 0x39C6, 0x0000, 0x0000, 0x0000, 0x0000, 0x0000, 0x0000, 0x0000, 0x0000, 0x0000, 0x0000, 0x0000,
0x0000, 0x0000, 0x0000, 0x0000, 0x0000, 0x0000, 0x0000, 0x0000, 0x0000, 0x0000, 0x0000, 0x0000, 0x0000, 0x0000, 0x0000, 0x0000,
0x0000, 0x0000, 0x0000, 0x0000, 0x0000, 0x0000, 0x0000, 0x0000, 0x0000, 0x0000, 0x0000, 0x0000, 0x0000, 0x0000, 0x0000, 0x2945,
0x9CD3, 0xB5B6, 0x52AA, 0x41E7, 0x2966, 0x39E7, 0x6B6D, 0x7BCE, 0x9CD2, 0x528A, 0x4A89, 0x2124, 0x18C3, 0x528A, 0x94B2, 0xC617,
0xBDD7, 0x6B4D, 0x2965, 0x0020, 0x5ACA, 0x8387, 0x93A3, 0x9384, 0x20C2, 0x1081, 0x5A65, 0x62A5, 0x18C2, 0x49E4, 0x8B87, 0x2923,
0x18E3, 0x29C6, 0x11E5, 0x0A26, 0x1226, 0x0923, 0x1082, 0x1082, 0x10A2, 0x18A3, 0x18C3, 0x18C3, 0x2104, 0x2965, 0x2104, 0x18E3,
0x18C3, 0x10A2, 0x1082, 0x1062, 0x18E3, 0x2164, 0x0984, 0x1226, 0x01A5, 0x2246, 0x4AC9, 0x2124, 0x5226, 0x3984, 0x20E2, 0x5A44,
0x6AC5, 0x41A4, 0x18E3, 0x5244, 0xA3C4, 0x82C2, 0x4A25, 0x5AEB, 0x738D, 0x9CD3, 0x83EF, 0x0861, 0x0041, 0x0041, 0x0861, 0x4249,
0x5AEB, 0x1082, 0x10A2, 0x4208, 0xB595, 0x8430, 0x6B2D, 0x73AE, 0x2945, 0xC638, 0xA514, 0x39E7, 0x0020, 0x0000, 0x0000, 0x0000,
0x0000, 0x0000, 0x0000, 0x0000, 0x0000, 0x0000, 0x0000, 0x0000, 0x0000, 0x0000, 0x0000, 0x0000, 0x0000, 0x0000, 0x0000, 0x0000,
0x0000, 0x0000, 0x0000, 0x0000, 0x0000, 0x0000, 0x0000, 0x0000, 0x0000, 0x0000, 0x0000, 0x0000, 0x0000, 0x0000, 0x0000, 0x0000,
0x0000, 0x0000, 0x0000, 0x0000, 0x0000, 0x0000, 0x31A6, 0x9492, 0xC618, 0x6B6D, 0x2965, 0x94D2, 0x7BEF, 0x39C7, 0x20E4, 0xA513,
0xA534, 0x8C50, 0x8410, 0x9492, 0xB5B6, 0xBDF7, 0xC638, 0x8410, 0x4A69, 0x18C3, 0x4A69, 0x8389, 0x9364, 0x8302, 0x9362, 0x7B04,
0x10A2, 0x10A2, 0x5204, 0x7B26, 0x72E5, 0x5A66, 0x2944, 0x0000, 0x10A2, 0x31E6, 0x1225, 0x0A66, 0x12A6, 0x11C4, 0x1123, 0x10C3,
0x18C3, 0x18E3, 0x0841, 0x0841, 0x0840, 0x0840, 0x0820, 0x2103, 0x2103, 0x10C2, 0x10E3, 0x1184, 0x1226, 0x0A87, 0x0206, 0x3288,
0x5AE9, 0x0841, 0x0041, 0x5A67, 0x49E4, 0x49E4, 0x3162, 0x2103, 0x10C3, 0x4A04, 0xB485, 0x9343, 0x8B43, 0x6A83, 0x4207, 0x630B,
0x31A6, 0x5AAA, 0x7C0F, 0x1904, 0x0000, 0x1082, 0x73AE, 0x7BEF, 0x6B6D, 0x7BEF, 0xB5B6, 0xB5B6, 0x5AEB, 0x8C91, 0x4249, 0x4A49,
0xD6DB, 0x8C71, 0x2145, 0x0000, 0x0000, 0x0000, 0x0000, 0x0000, 0x0000, 0x0000, 0x0000, 0x0000, 0x0000, 0x0000, 0x0000, 0x0000,
0x0000, 0x0000, 0x0000, 0x0000, 0x0000, 0x0000, 0x0000, 0x0000, 0x0000, 0x0000, 0x0000, 0x0000, 0x0000, 0x0000, 0x0000, 0x0000,
0x0000, 0x0000, 0x0000, 0x0000, 0x0000, 0x0000, 0x0000, 0x0000, 0x0000, 0x0000, 0x0000, 0x0000, 0x0000, 0x18C3, 0x6B4D, 0xBDD6,
0xAD55, 0x5ACB, 0x39C7, 0x630B, 0x39A7, 0x39E7, 0x2945, 0x9492, 0xAD55, 0xAD34, 0xA514, 0xA514, 0xC638, 0x9492, 0x52AA, 0x5ACB,
0x4A49, 0x8388, 0x9384, 0x8323, 0x8323, 0x8B42, 0x9BC3, 0x7B24, 0x2944, 0x10E4, 0x18C2, 0x2943, 0x39E7, 0x0861, 0x0000, 0x0000,
0x1061, 0x39E6, 0x2266, 0x0AA6, 0x12E7, 0x0AA6, 0x0A05, 0x0943, 0x08E3, 0x08A2, 0x0881, 0x08A2, 0x08A2, 0x08A2, 0x08E3, 0x0943,
0x09C5, 0x1246, 0x12A7, 0x0AA7, 0x0A67, 0x4B0A, 0x5A68, 0x0020, 0x0000, 0x0000, 0x31A5, 0x2123, 0x10A1, 0x10A2, 0x10A2, 0x5A85,
0xC4C6, 0xA3C3, 0x9363, 0x8B22, 0x8B42, 0x39A4, 0x2965, 0x0020, 0x0861, 0x8430, 0xA513, 0x4A49, 0x0000, 0x18E3, 0x7BEF, 0x94B2,
0xB5D6, 0xAD95, 0x5AEB, 0x1081, 0x10A2, 0x2104, 0xB596, 0xCE79, 0x630C, 0x10A2, 0x0000, 0x0000, 0x0000, 0x0000, 0x0000, 0x0000,
0x0000, 0x0000, 0x0000, 0x0000, 0x0000, 0x0000, 0x0000, 0x0000, 0x0000, 0x0000, 0x0000, 0x0000, 0x0000, 0x0000, 0x0000, 0x0000,
0x0000, 0x0000, 0x0000, 0x0000, 0x0000, 0x0000, 0x0000, 0x0000, 0x0000, 0x0000, 0x0000, 0x0000, 0x0000, 0x0000, 0x0000, 0x0000,
0x0000, 0x0000, 0x0000, 0x0000, 0x0020, 0x39C7, 0x83EF, 0xAD55, 0xAD55, 0x9492, 0x6B2C, 0x73AE, 0x630B, 0x2945, 0x3186, 0x5ACA,
0x7BEF, 0xAD75, 0xCE58, 0x9CB2, 0x526A, 0x738F, 0x7BCE, 0x9408, 0x93A4, 0x8303, 0x8323, 0x8B42, 0x9363, 0x9383, 0xAC03, 0x9BC5,
0x31A4, 0x1924, 0x4A68, 0x1081, 0x0000, 0x0000, 0x0000, 0x0000, 0x0821, 0x39A6, 0x3287, 0x0A66, 0x0AA6, 0x1266, 0x0A25, 0x0A05,
0x09C5, 0x09C4, 0x09A4, 0x09E5, 0x0A05, 0x0A46, 0x0A66, 0x0A46, 0x1246, 0x0A46, 0x1A87, 0x5B4B, 0x41C6, 0x0000, 0x0000, 0x0000,
0x0000, 0x0861, 0x4A26, 0x18E2, 0x0882, 0x7326, 0xC4E6, 0xA3E4, 0x9BA3, 0x9B83, 0x8B43, 0x8B42, 0x72E3, 0x2985, 0x10A2, 0x0000,
0x18E3, 0x9492, 0xB5B6, 0x8430, 0x39E7, 0x18C3, 0x2124, 0x3185, 0x2124, 0x1082, 0x18C3, 0x39C7, 0xB5B6, 0xDEFB, 0x9CD3, 0x3186,
0x0020, 0x0000, 0x0000, 0x0000, 0x0000, 0x0000, 0x0000, 0x0000, 0x0000, 0x0000, 0x0000, 0x0000, 0x0000, 0x0000, 0x0000, 0x0000,
0x0000, 0x0000, 0x0000, 0x0000, 0x0000, 0x0000, 0x0000, 0x0000, 0x0000, 0x0000, 0x0000, 0x0000, 0x0000, 0x0000, 0x0000, 0x0000,
0x0000, 0x0000, 0x0000, 0x0000, 0x0000, 0x0000, 0x0000, 0x0000, 0x0000, 0x0000, 0x0000, 0x0000, 0x1082, 0x39A6, 0x738E, 0xB595,
0xAD76, 0xBDD7, 0xCE38, 0x9CF3, 0xA534, 0xA555, 0xAD95, 0xBDD6, 0xB5B6, 0x8410, 0x39C8, 0x632C, 0x83AB, 0x93A5, 0x9BA3, 0x8323,
0x8323, 0x8B43, 0x8B42, 0x9382, 0x9BA3, 0x9BC3, 0xB423, 0xA3E4, 0x5AA6, 0x29A6, 0x0000, 0x0000, 0x0000, 0x0020, 0x0001, 0x0020,
0x0000, 0x2924, 0x3A27, 0x1225, 0x0A25, 0x0A05, 0x09E5, 0x0A05, 0x0A05, 0x09E5, 0x0A25, 0x0A25, 0x0A26, 0x1246, 0x0A25, 0x09E5,
0x3AA8, 0x6B2B, 0x2924, 0x0000, 0x0020, 0x0020, 0x0000, 0x0000, 0x0000, 0x31C6, 0x4227, 0x7B46, 0xBC65, 0xA3E3, 0xA3E4, 0x9BA3,
0x9383, 0x9363, 0x8B63, 0x9383, 0x6284, 0x1904, 0x1904, 0x2103, 0x18C3, 0x6B4D, 0xB5B6, 0xCE79, 0xB5B6, 0x8C71, 0x7BCF, 0x738E,
0x7BEF, 0xA534, 0xD69A, 0xDEDB, 0xB5B6, 0x5AAA, 0x10A2, 0x0000, 0x0000, 0x0000, 0x0000, 0x0000, 0x0000, 0x0000, 0x0000, 0x0000,
0x0000, 0x0000, 0x0000, 0x0000, 0x0000, 0x0000, 0x0000, 0x0000, 0x0000, 0x0000, 0x0000, 0x0000, 0x0000, 0x0000, 0x0000, 0x0000,
0x0000, 0x0000, 0x0000, 0x0000, 0x0000, 0x0000, 0x0000, 0x0000, 0x0000, 0x0000, 0x0000, 0x0000, 0x0000, 0x0000, 0x0000, 0x0000,
0x0000, 0x0000, 0x0000, 0x0000, 0x0861, 0x2965, 0x5AEB, 0x73AE, 0xB5B6, 0xCE79, 0xBDD7, 0xB596, 0xAD75, 0xA534, 0x9471, 0x6B6D,
0x528A, 0x7329, 0xAC47, 0xA3C4, 0x8B43, 0x8323, 0x8B43, 0x8B43, 0x8B43, 0x8B63, 0x9383, 0xA3E3, 0xAC23, 0xB423, 0xB403, 0xABE4,
0x7B26, 0x4206, 0x10C3, 0x0021, 0x0000, 0x0020, 0x0020, 0x0020, 0x0000, 0x1082, 0x39C6, 0x21C5, 0x09A4, 0x09E5, 0x09E5, 0x09E5,
0x09E5, 0x0A05, 0x0A25, 0x0A25, 0x0205, 0x1A46, 0x52EA, 0x4A28, 0x0841, 0x0000, 0x0040, 0x0020, 0x0000, 0x0000, 0x10A3, 0x4228,
0x7327, 0xA405, 0xBC64, 0xB444, 0xA3E4, 0xA3E3, 0x9BA3, 0x9383, 0x9383, 0x9363, 0x8B43, 0x9383, 0x6AA3, 0x3164, 0x2945, 0x39C6,
0x2124, 0x4228, 0x9491, 0xBDD7, 0xD69A, 0xDEFB, 0xDF1B, 0xE71B, 0xDEFB, 0xCE79, 0xAD75, 0x5ACB, 0x18E3, 0x0000, 0x0000, 0x0000,
0x0000, 0x0000, 0x0000, 0x0000, 0x0000, 0x0000, 0x0000, 0x0000, 0x0000, 0x0000, 0x0000, 0x0000, 0x0000, 0x0000, 0x0000, 0x0000,
0x0000, 0x0000, 0x0000, 0x0000, 0x0000, 0x0000, 0x0000, 0x0000, 0x0000, 0x0000, 0x0000, 0x0000, 0x0000, 0x0000, 0x0000, 0x0000,
0x0000, 0x0000, 0x0000, 0x0000, 0x0000, 0x0000, 0x0000, 0x0000, 0x0000, 0x0000, 0x0000, 0x0000, 0x0020, 0x2104, 0x39C7, 0x5AEB,
0x7BEF, 0x8410, 0x8410, 0x7BCF, 0x528A, 0x4228, 0x2104, 0x20E3, 0x8368, 0xA3C3, 0x8303, 0x8343, 0x9363, 0x9363, 0x8B63, 0x9363,
0x9383, 0x9382, 0xAC23, 0x72E3, 0x5A42, 0x9BA3, 0xB424, 0xB404, 0xAC05, 0x8B87, 0x5AA7, 0x2945, 0x0841, 0x0000, 0x0000, 0x0000,
0x0000, 0x0020, 0x2104, 0x31E6, 0x19C5, 0x01A4, 0x0A05, 0x0A05, 0x0A25, 0x01E5, 0x1226, 0x4AEA, 0x5ACA, 0x20E4, 0x0000, 0x0000,
0x0000, 0x0000, 0x0000, 0x10A3, 0x31A7, 0x6B49, 0xA446, 0xBC84, 0xB443, 0xAC44, 0x5264, 0x8B64, 0xA3E3, 0x9BA3, 0x9BA3, 0x9383,
0x8B63, 0x8B63, 0x8343, 0x8B43, 0x7B02, 0x7AE1, 0x72E7, 0x31A7, 0x1082, 0x3165, 0x4A49, 0x6B2D, 0x9CD3, 0x9CD3, 0x9CD3, 0x8431,
0x630C, 0x31A6, 0x1082, 0x0000, 0x0000, 0x0000, 0x0000, 0x0000, 0x0000, 0x0000, 0x0000, 0x0000, 0x0000, 0x0000, 0x0000, 0x0000,
0x0000, 0x0000, 0x0000, 0x0000, 0x0000, 0x0000, 0x0000, 0x0000, 0x0000, 0x0000, 0x0000, 0x0000, 0x0000, 0x0000, 0x0000, 0x0000,
0x0000, 0x0000, 0x0000, 0x0000, 0x0000, 0x0000, 0x0000, 0x0000, 0x0000, 0x0000, 0x0000, 0x0000, 0x0000, 0x0000, 0x0000, 0x0000,
0x0000, 0x0000, 0x0000, 0x0000, 0x0000, 0x0020, 0x0862, 0x10A2, 0x18E3, 0x18E3, 0x18C3, 0x0861, 0x0000, 0x0000, 0x0000, 0x2104,
0x8B67, 0x9363, 0x8B42, 0x9383, 0x9B83, 0x9383, 0x9383, 0x9363, 0x9BA2, 0x9BA3, 0x2122, 0x93E5, 0x5223, 0x8323, 0xBC44, 0xC464,
0xCC84, 0xBC65, 0x9BE8, 0x62E7, 0x2985, 0x0862, 0x0021, 0x0000, 0x0000, 0x0000, 0x1061, 0x41E6, 0x3A26, 0x1184, 0x01C4, 0x0A05,
0x3A88, 0x5AEB, 0x3185, 0x0000, 0x0000, 0x0020, 0x0020, 0x0883, 0x2145, 0x4248, 0x7BAA, 0xAC88, 0xBC84, 0xB443, 0xBC64, 0xC4C5,
0xAC45, 0x31A3, 0x7B04, 0xB423, 0x9BA3, 0x9BA3, 0x9BA3, 0x8B63, 0x8343, 0x8B43, 0x8323, 0x8B42, 0x9BC3, 0x5A88, 0x0000, 0x0000,
0x0020, 0x0882, 0x10A2, 0x18E3, 0x18E3, 0x18E3, 0x10A2, 0x0020, 0x0000, 0x0000, 0x0000, 0x0000, 0x0000, 0x0000, 0x0000, 0x0000,
0x0000, 0x0000, 0x0000, 0x0000, 0x0000, 0x0000, 0x0000, 0x0000, 0x0000, 0x0000, 0x0000, 0x0000, 0x0000, 0x0000, 0x0000, 0x0000,
0x0000, 0x0000, 0x0000, 0x0000, 0x0000, 0x0000, 0x0000, 0x0000, 0x0000, 0x0000, 0x0000, 0x0000, 0x0000, 0x0000, 0x0000, 0x0000,
0x0000, 0x0000, 0x0000, 0x0000, 0x0000, 0x0000, 0x0000, 0x0000, 0x0000, 0x0000, 0x0000, 0x0000, 0x0000, 0x0000, 0x0000, 0x0000,
0x0000, 0x0000, 0x0000, 0x0000, 0x0000, 0x0000, 0x0000, 0x39C6, 0x9BC5, 0x9382, 0x9BA3, 0x9BC3, 0x9BA3, 0x9362, 0x9BA2, 0xABE2,
0x9382, 0x3163, 0xBCA5, 0x5223, 0x8364, 0x5223, 0x72E3, 0xC483, 0xCCA3, 0xCCC4, 0xBC85, 0xA406, 0x7B47, 0x5AA7, 0x41E6, 0x2945,
0x2105, 0x0882, 0x0883, 0x3166, 0x4A69, 0x2165, 0x5ACA, 0x4A08, 0x0021, 0x0000, 0x0862, 0x1905, 0x2966, 0x4A48, 0x6B29, 0x9C69,
0xBD08, 0xD525, 0xD504, 0xBC63, 0xAC44, 0x62A4, 0x5A84, 0xCD46, 0xBCE5, 0x41E4, 0xA3E4, 0xABE3, 0xA3C3, 0x9BC3, 0x9363, 0x8B63,
0x8B63, 0x9362, 0xA3E4, 0x6B29, 0x10A3, 0x0000, 0x0000, 0x0000, 0x0000, 0x0000, 0x0000, 0x0000, 0x0000, 0x0000, 0x0000, 0x0000,
0x0000, 0x0000, 0x0000, 0x0000, 0x0000, 0x0000, 0x0000, 0x0000, 0x0000, 0x0000, 0x0000, 0x0000, 0x0000, 0x0000, 0x0000, 0x0000,
0x0000, 0x0000, 0x0000, 0x0000, 0x0000, 0x0000, 0x0000, 0x0000, 0x0000, 0x0000, 0x0000, 0x0000, 0x0000, 0x0000, 0x0000, 0x0000,
0x0000, 0x0000, 0x0000, 0x0000, 0x0000, 0x0000, 0x0000, 0x0000, 0x0000, 0x0000, 0x0000, 0x0000, 0x0000, 0x0000, 0x0000, 0x0000,
0x0000, 0x0000, 0x0000, 0x0000, 0x0000, 0x0000, 0x0000, 0x0000, 0x0000, 0x0000, 0x0000, 0x0000, 0x0000, 0x0000, 0x0000, 0x5267,
0xAC25, 0xA3C2, 0x9BC3, 0x9BC3, 0xA3C2, 0x7B03, 0x7B02, 0xAC24, 0x2963, 0x8BA3, 0xAC23, 0xB465, 0x10C2, 0x6AA4, 0xC4A4, 0x9BC4,
0xB465, 0xC4A4, 0xBC83, 0xC483, 0xBC84, 0xB445, 0xAC67, 0x9C27, 0x8367, 0x7308, 0x5A87, 0x4A27, 0x4A28, 0x5249, 0x5289, 0x5AA8,
0x5AA9, 0x7329, 0x8BA8, 0xAC67, 0xBCA6, 0xC4C4, 0xCD04, 0xD523, 0xCD04, 0x9BE4, 0x6AC3, 0x8B64, 0x41C3, 0x0862, 0x3163, 0x8384,
0x83A5, 0x62C4, 0xBC64, 0xA3C3, 0x9BC3, 0x9383, 0x9383, 0x9382, 0xB424, 0x838A, 0x18E4, 0x0000, 0x0000, 0x0000, 0x0000, 0x0000,
0x0000, 0x0000, 0x0000, 0x0000, 0x0000, 0x0000, 0x0000, 0x0000, 0x0000, 0x0000, 0x0000, 0x0000, 0x0000, 0x0000, 0x0000, 0x0000,
0x0000, 0x0000, 0x0000, 0x0000, 0x0000, 0x0000, 0x0000, 0x0000, 0x0000, 0x0000, 0x0000, 0x0000, 0x0000, 0x0000, 0x0000, 0x0000,
0x0000, 0x0000, 0x0000, 0x0000, 0x0000, 0x0000, 0x0000, 0x0000, 0x0000, 0x0000, 0x0000, 0x0000, 0x0000, 0x0000, 0x0000, 0x0000,
0x0000, 0x0000, 0x0000, 0x0000, 0x0000, 0x0000, 0x0000, 0x0000, 0x0000, 0x0000, 0x0000, 0x0000, 0x0000, 0x0000, 0x0000, 0x0000,
0x0000, 0x0000, 0x0000, 0x0000, 0x0000, 0x0000, 0x0041, 0x62C8, 0xBC85, 0xA3C2, 0x93A3, 0xAC23, 0x39A2, 0x8323, 0xDD44, 0x4204,
0x6AC3, 0xDD24, 0x6283, 0x4A23, 0xD505, 0xCCC4, 0x62A4, 0x1903, 0x93C4, 0xAC44, 0xA404, 0xBCA3, 0xD523, 0xDD44, 0xDD64, 0xD524,
0xCD05, 0xBCA5, 0xB465, 0xAC65, 0xB486, 0xBCC6, 0xBCA5, 0xBC84, 0xC4C4, 0xCCE4, 0xD503, 0xDD64, 0xD524, 0xBC84, 0xC4E4, 0xCD05,
0x5203, 0x10A1, 0xBCA5, 0xC4E4, 0x4A04, 0x62A5, 0x39A3, 0x39A3, 0x2943, 0x9BC3, 0xBC63, 0xAC03, 0xA3E3, 0x9BA3, 0xB444, 0x93EA,
0x1925, 0x0000, 0x0000, 0x0000, 0x0000, 0x0000, 0x0000, 0x0000, 0x0000, 0x0000, 0x0000, 0x0000, 0x0000, 0x0000, 0x0000, 0x0000,
0x0000, 0x0000, 0x0000, 0x0000, 0x0000, 0x0000, 0x0000, 0x0000, 0x0000, 0x0000, 0x0000, 0x0000, 0x0000, 0x0000, 0x0000, 0x0000,
0x0000, 0x0000, 0x0000, 0x0000, 0x0000, 0x0000, 0x0000, 0x0000, 0x0000, 0x0000, 0x0000, 0x0000, 0x0000, 0x0000, 0x0000, 0x0000,
0x0000, 0x0000, 0x0000, 0x0000, 0x0000, 0x0000, 0x0000, 0x0000, 0x0000, 0x0000, 0x0000, 0x0000, 0x0000, 0x0000, 0x0000, 0x0000,
0x0000, 0x0000, 0x0000, 0x0000, 0x0000, 0x0000, 0x0000, 0x0000, 0x0000, 0x0000, 0x0000, 0x0000, 0x0000, 0x0000, 0x0042, 0x62C8,
0xAC25, 0x9BA3, 0xA403, 0x7B03, 0x6AA3, 0x9C05, 0x2983, 0x9BC4, 0xBC64, 0x2943, 0xAC45, 0xCCA4, 0xC4A3, 0xA424, 0x2122, 0xC506,
0x62A4, 0x39A4, 0x5244, 0x5A63, 0x9C05, 0xAC65, 0xBCC5, 0xC504, 0xC4E5, 0xBCA4, 0xC4C4, 0xD545, 0xCD04, 0xCCE4, 0xC4C4, 0xB424,
0xAC44, 0xBCA4, 0x7303, 0x5A63, 0x62A4, 0x3983, 0x93A5, 0xD587, 0x3163, 0x7303, 0xC4C3, 0x9C04, 0x6AE4, 0xC4E5, 0x72E3, 0x2102,
0x2922, 0xBC64, 0xB443, 0xB443, 0xBC65, 0x8BCA, 0x2125, 0x0000, 0x0000, 0x0000, 0x0000, 0x0000, 0x0000, 0x0000, 0x0000, 0x0000,
0x0000, 0x0000, 0x0000, 0x0000, 0x0000, 0x0000, 0x0000, 0x0000, 0x0000, 0x0000, 0x0000, 0x0000, 0x0000, 0x0000, 0x0000, 0x0000,
0x0000, 0x0000, 0x0000, 0x0000, 0x0000, 0x0000, 0x0000, 0x0000, 0x0000, 0x0000, 0x0000, 0x0000, 0x0000, 0x0000, 0x0000, 0x0000,
0x0000, 0x0000, 0x0000, 0x0000, 0x0000, 0x0000, 0x0000, 0x0000, 0x0000, 0x0000, 0x0000, 0x0000, 0x0000, 0x0000, 0x0000, 0x0000,
0x0000, 0x0000, 0x0000, 0x0000, 0x0000, 0x0000, 0x0000, 0x0000, 0x0000, 0x0000, 0x0000, 0x0000, 0x0000, 0x0000, 0x0000, 0x0000,
0x0000, 0x0000, 0x0000, 0x0000, 0x0000, 0x0000, 0x0021, 0x5267, 0xAC46, 0xA3E3, 0xAC23, 0x8364, 0x4A24, 0x8B84, 0xDD05, 0x5A43,
0x4A23, 0xCD05, 0xBC63, 0xC483, 0x9BE3, 0x31A3, 0x7B85, 0x4A23, 0xA405, 0x41C3, 0x62A4, 0x2922, 0x41C3, 0x62A4, 0x7325, 0x3963,
0x93C4, 0x8383, 0x49E3, 0x93E5, 0x6283, 0x3983, 0x5A63, 0x3142, 0x8385, 0x6AE3, 0x2943, 0xD5A8, 0x7B45, 0x2922, 0xCD25, 0x7304,
0x3162, 0xBC84, 0xC4C3, 0x7B23, 0x8B64, 0xD524, 0xAC64, 0x8344, 0xB463, 0xC4A3, 0xC4C6, 0x83AA, 0x1905, 0x0000, 0x0000, 0x0000,
0x0000, 0x0000, 0x0000, 0x0000, 0x0000, 0x0000, 0x0000, 0x0000, 0x0000, 0x0000, 0x0000, 0x0000, 0x0000, 0x0000, 0x0000, 0x0000,
0x0000, 0x0000, 0x0000, 0x0000, 0x0000, 0x0000, 0x0000, 0x0000, 0x0000, 0x0000, 0x0000, 0x0000, 0x0000, 0x0000, 0x0000, 0x0000,
0x0000, 0x0000, 0x0000, 0x0000, 0x0000, 0x0000, 0x0000, 0x0000, 0x0000, 0x0000, 0x0000, 0x0000, 0x0000, 0x0000, 0x0000, 0x0000,
0x0000, 0x0000, 0x0000, 0x0000, 0x0000, 0x0000, 0x0000, 0x0000, 0x0000, 0x0000, 0x0000, 0x0000, 0x0000, 0x0000, 0x0000, 0x0000,
0x0000, 0x0000, 0x0000, 0x0000, 0x0000, 0x0000, 0x0000, 0x0000, 0x0000, 0x0000, 0x0000, 0x0000, 0x0000, 0x0000, 0x0001, 0x41E6,
0xAC27, 0xB444, 0xBC63, 0xC4C4, 0xC4A4, 0x8B84, 0x1923, 0x93E4, 0xC483, 0xB463, 0xBC63, 0xA424, 0x10E2, 0x41E3, 0xB444, 0xB444,
0xBC84, 0xA404, 0x5A63, 0xB484, 0x8384, 0x9C25, 0x18C2, 0xC4E4, 0x9BE3, 0x18C2, 0xBCE6, 0x7B44, 0x1081, 0xC4E4, 0x9C03, 0x8B84,
0xCD45, 0x2922, 0xB4A6, 0x8B85, 0x5244, 0xC504, 0xAC44, 0x2902, 0x9BC4, 0xC4A2, 0xBC83, 0x5224, 0x9BC4, 0xBC83, 0xBC83, 0xC4C4,
0xBCC7, 0x734A, 0x10A3, 0x0000, 0x0000, 0x0000, 0x0000, 0x0000, 0x0000, 0x0000, 0x0000, 0x0000, 0x0000, 0x0000, 0x0000, 0x0000,
0x0000, 0x0000, 0x0000, 0x0000, 0x0000, 0x0000, 0x0000, 0x0000, 0x0000, 0x0000, 0x0000, 0x0000, 0x0000, 0x0000, 0x0000, 0x0000,
0x0000, 0x0000, 0x0000, 0x0000, 0x0000, 0x0000, 0x0000, 0x0000, 0x0000, 0x0000, 0x0000, 0x0000, 0x0000, 0x0000, 0x0000, 0x0000,
0x0000, 0x0000, 0x0000, 0x0000, 0x0000, 0x0000, 0x0000, 0x0000, 0x0000, 0x0000, 0x0000, 0x0000, 0x0000, 0x0000, 0x0000, 0x0000,
0x0000, 0x0000, 0x0000, 0x0000, 0x0000, 0x0000, 0x0000, 0x0000, 0x0000, 0x0000, 0x0000, 0x0000, 0x0000, 0x0000, 0x0000, 0x0000,
0x0000, 0x0000, 0x0000, 0x0000, 0x0000, 0x0000, 0x0000, 0x0000, 0x0000, 0x0000, 0x0000, 0x0000, 0x0000, 0x0000, 0x0000, 0x0000,
0x0000, 0x0000, 0x0000, 0x0000, 0x0000, 0x0000, 0x0000, 0x0000, 0x0000, 0x0000, 0x0000, 0x0000, 0x0000, 0x0000, 0x0000, 0x0000,
0x0000, 0x0000, 0x0000, 0x0000, 0x0000, 0x0000, 0x0000, 0x0000, 0x0000, 0x0000, 0x0000, 0x0000, 0x0000, 0x0000, 0x0000, 0x0000,
0x0000, 0x0000, 0x0000, 0x0000, 0x0000, 0x0000, 0x0000, 0x0000, 0x0000, 0x0000, 0x0000, 0x0000, 0x0000, 0x0000, 0x0000, 0x0000,
0x0000, 0x0000, 0x0000, 0x0000, 0x0000, 0x0000, 0x0000, 0x0000, 0x0000, 0x0000, 0x0000, 0x0000, 0x0000, 0x0000, 0x0000, 0x0000,
0x0000, 0x0000, 0x0000, 0x0000, 0x0000, 0x0000, 0x0000, 0x0000, 0x0000, 0x0000, 0x0000, 0x0000, 0x0000, 0x0000, 0x0000, 0x0000,
0x0000, 0x0000, 0x0000, 0x0000, 0x0000, 0x0000, 0x0000, 0x0000, 0x0000, 0x0000, 0x0000, 0x0000, 0x0000, 0x0000, 0x0000, 0x0000,
0x0000, 0x0000, 0x0000, 0x0000, 0x0000, 0x0000, 0x0000, 0x0000, 0x0000, 0x0000, 0x0000, 0x0000, 0x0000, 0x0000, 0x0000, 0x0000,
0x0000, 0x0000, 0x0000, 0x0000, 0x0000, 0x0000, 0x0000, 0x0000, 0x0000, 0x0000, 0x0000, 0x0000, 0x0000, 0x0000, 0x0000, 0x0000,
0x0000, 0x0000, 0x0000, 0x0000, 0x0000, 0x0000, 0x0000, 0x0000, 0x0000, 0x0000, 0x0000, 0x0000, 0x0000, 0x0000, 0x0000, 0x0000,
0x0000, 0x0000, 0x0000, 0x0000, 0x0000, 0x0000, 0x0000, 0x0000, 0x0000, 0x0000, 0x0000, 0x0000, 0x0000, 0x0000, 0x0000, 0x0000,
0x0000, 0x0000, 0x0000, 0x0000, 0x0000, 0x0000, 0x0000, 0x0000, 0x0000, 0x0000, 0x0000, 0x0000, 0x0000, 0x0000, 0x0000, 0x0000,
0x0000, 0x0000, 0x0000, 0x0000, 0x0000, 0x0000, 0x0000, 0x0000, 0x0000, 0x0000, 0x0000, 0x0000, 0x0000, 0x0000, 0x0000, 0x0000,
0x0000, 0x0000, 0x0000, 0x0000, 0x0000, 0x0000, 0x0000, 0x0000, 0x0000, 0x0000, 0x0000, 0x0000, 0x0000, 0x0000, 0x0000, 0x0000,
0x0000, 0x0000, 0x0000, 0x0000, 0x0000, 0x0000, 0x0000, 0x0000, 0x0000, 0x0000, 0x0000, 0x0000, 0x0000, 0x0000, 0x0000, 0x0000,
0x0000, 0x0000, 0x0000, 0x0000, 0x0000, 0x0000, 0x0000, 0x0000, 0x0000, 0x0000, 0x0000, 0x0000, 0x0000, 0x0000, 0x0000, 0x0000,
0x0000, 0x0000, 0x0000, 0x0000, 0x0000, 0x0000, 0x0000, 0x0000, 0x0000, 0x0000, 0x0000, 0x0000, 0x0000, 0x0000, 0x0000, 0x0000,
0x0000, 0x0000, 0x0000, 0x0000, 0x0000, 0x0000, 0x0000, 0x0000, 0x0000, 0x0000, 0x0000, 0x0000, 0x0000, 0x0000, 0x0000, 0x0000,
0x0000, 0x0000, 0x0000, 0x0000, 0x0000, 0x0000, 0x0000, 0x0000, 0x0000, 0x0000, 0x0000, 0x0000, 0x0000, 0x0000, 0x0000, 0x0000,
0x0000, 0x0000, 0x0000, 0x0000, 0x0000, 0x0000, 0x0000, 0x0000, 0x0000, 0x0000, 0x0000, 0x0000, 0x0000, 0x0000, 0x0000, 0x0000,
0x0000, 0x0000, 0x0000, 0x0000, 0x0000, 0x0000, 0x0000, 0x0000, 0x0000, 0x0000, 0x0000, 0x0000, 0x0000, 0x0000, 0x0000, 0x0000,
0x0000, 0x0000, 0x0000, 0x0000, 0x0000, 0x0000, 0x0000, 0x0000, 0x0000, 0x0000, 0x0000, 0x0000, 0x0000, 0x0000, 0x0000, 0x0000,
0x0000, 0x0000, 0x0000, 0x0000, 0x0000, 0x0000, 0x0000, 0x0000, 0x0000, 0x0000, 0x0000, 0x0000, 0x0000, 0x0000, 0x0000, 0x0000,
0x0000, 0x0000, 0x0000, 0x0000, 0x0000, 0x0000, 0x0000, 0x0000, 0x0000, 0x0000, 0x0000, 0x0000, 0x0000, 0x0000, 0x0000, 0x0000,
0x0000, 0x0000, 0x0000, 0x0000, 0x0000, 0x0000, 0x0000, 0x0000, 0x0000, 0x0000, 0x0000, 0x0000, 0x0000, 0x0000, 0x0000, 0x0000,
0x0000, 0x0000, 0x0000, 0x0000, 0x0000, 0x0000, 0x0000, 0x0000, 0x0000, 0x0000, 0x0000, 0x0000, 0x0000, 0x0000, 0x0000, 0x0000,
0x0000, 0x0000, 0x0000, 0x0000, 0x0000, 0x0000, 0x0000, 0x0000, 0x0000, 0x0000, 0x0000, 0x0000, 0x0000, 0x0000, 0x0000, 0x0000,
0x0000, 0x0000, 0x0000, 0x0000, 0x0000, 0x0000, 0x0000, 0x0000, 0x0000, 0x0000, 0x0000, 0x0000, 0x0000, 0x0000, 0x0000, 0x0000,
0x0000, 0x0000, 0x0000, 0x0000, 0x0000, 0x0000, 0x0000, 0x0000, 0x0000, 0x0000, 0x0000, 0x0000, 0x0000, 0x0000, 0x0000, 0x0000,
0x0000, 0x0000, 0x0000, 0x0000, 0x0000, 0x0000, 0x0000, 0x0000, 0x0000, 0x0000, 0x0000, 0x0000, 0x0000, 0x0000, 0x0000, 0x0000,
0x0000, 0x0000, 0x0000, 0x0000, 0x0000, 0x0000, 0x0000, 0x0000, 0x0000, 0x0000, 0x0000, 0x0000, 0x0000, 0x0000, 0x0000, 0x0000,
0x0000, 0x0000, 0x0000, 0x0000, 0x0000, 0x0000, 0x0000, 0x0000, 0x0000, 0x0000, 0x0000, 0x0000, 0x0000, 0x0000, 0x0000, 0x0000,
0x0000, 0x0000, 0x0000, 0x0000, 0x0000, 0x0000, 0x0000, 0x0000, 0x0000, 0x0000, 0x0000, 0x0000, 0x0000, 0x0000, 0x0000, 0x0000,
0x0000, 0x0000, 0x0000, 0x0000, 0x0000, 0x0000, 0x0000, 0x0000, 0x0000, 0x0000, 0x0000, 0x0000, 0x0000, 0x0000, 0x0000, 0x0000,
0x0000, 0x0000, 0x0000, 0x0000, 0x0000, 0x0000, 0x0000, 0x0000, 0x0000, 0x0000, 0x0000, 0x0000, 0x0000, 0x0000, 0x0000, 0x0000,
0x0000, 0x0000, 0x0000, 0x0000, 0x0000, 0x0000, 0x0000, 0x0000, 0x0000, 0x0000, 0x0000, 0x0000, 0x0000, 0x0000, 0x0000, 0x0000,
0x0000, 0x0000, 0x0000, 0x0000, 0x0000, 0x0000, 0x0000, 0x0000, 0x0000, 0x0000, 0x0000, 0x0000, 0x0000, 0x0000, 0x0000, 0x0000,
0x0000, 0x0000, 0x0000, 0x0000, 0x0000, 0x0000, 0x0000, 0x0000, 0x0000, 0x0000, 0x0000, 0x0000, 0x0000, 0x0000, 0x0000, 0x0000,
0x0000, 0x0000, 0x0000, 0x0000, 0x0000, 0x0000, 0x0000, 0x0000, 0x0000, 0x0000, 0x0000, 0x0000, 0x0000, 0x0000, 0x0000, 0x0000,
0x0000, 0x0000, 0x0000, 0x0000, 0x0000, 0x0000, 0x0000, 0x0000, 0x0000, 0x0000, 0x0000, 0x0000, 0x0000, 0x0000, 0x0000, 0x0000,
0x0000, 0x0000, 0x0000, 0x0000, 0x0000, 0x0000, 0x0000, 0x0000, 0x0000, 0x0000, 0x0000, 0x0000, 0x0000, 0x0000, 0x0000, 0x0000,
0x0000, 0x0000, 0x0000, 0x0000, 0x0000, 0x0000, 0x0000, 0x0000, 0x0000, 0x0000, 0x0000, 0x0000, 0x0000, 0x0000, 0x0000, 0x0000,
0x0000, 0x0000, 0x0000, 0x0000, 0x0000, 0x0000, 0x0000, 0x0000, 0x0000, 0x0000, 0x0000, 0x0000, 0x0000, 0x0000, 0x0000, 0x0000,
0x0000, 0x0000, 0x0000, 0x0000, 0x0000, 0x0000, 0x0000, 0x0000, 0x0000, 0x0000, 0x0000, 0x0000, 0x0000, 0x0000, 0x0000, 0x0000,
0x0000, 0x0000, 0x0000, 0x0000, 0x0000, 0x0000, 0x0000, 0x0000, 0x0000, 0x0000, 0x0000, 0x0000, 0x0000, 0x0000, 0x0000, 0x0000,
0x0000, 0x0000, 0x0000, 0x0000, 0x0000, 0x0000, 0x0000, 0x0000, 0x0000, 0x0000, 0x0000, 0x0000, 0x0000, 0x0000, 0x0000, 0x0000,
0x0000, 0x0000, 0x0000, 0x0000, 0x0000, 0x0000, 0x0000, 0x0000, 0x0000, 0x0000, 0x0000, 0x0000, 0x0000, 0x0000, 0x0000, 0x0000,
0x0000, 0x0000, 0x0000, 0x0000, 0x0000, 0x0000, 0x0000, 0x0000, 0x0000, 0x0000, 0x0000, 0x0000, 0x0000, 0x0000, 0x0000, 0x0000,
0x0000, 0x0000, 0x0000, 0x0000, 0x0000, 0x0000, 0x0000, 0x0000, 0x0000, 0x0000, 0x0000, 0x0000, 0x0000, 0x0000, 0x0000, 0x0000,
0x0000, 0x0000, 0x0000, 0x0000, 0x0000, 0x0000, 0x0000, 0x0000, 0x0000, 0x0000, 0x0000, 0x0000, 0x0000, 0x0000, 0x0000, 0x0000,
0x0000, 0x0000, 0x0000, 0x0000, 0x0000, 0x0000, 0x0000, 0x0000, 0x0000, 0x0000, 0x0000, 0x0000, 0x0000, 0x0000, 0x0000, 0x0000,
0x0000, 0x0000, 0x0000, 0x0000, 0x0000, 0x0000, 0x0000, 0x0000, 0x0000, 0x0000, 0x0000, 0x0000, 0x0000, 0x0000, 0x0000, 0x0000,
0x0000, 0x0000, 0x0000, 0x0000, 0x0000, 0x0000, 0x0000, 0x0000, 0x0000, 0x0000, 0x0000, 0x0000, 0x0000, 0x0000, 0x0000, 0x0000,
0x0000, 0x0000, 0x0000, 0x0000, 0x0000, 0x0000, 0x0000, 0x0000, 0x0000, 0x0000, 0x0000, 0x0000, 0x0000, 0x0000, 0x0000, 0x0000,
0x0000, 0x0000, 0x0000, 0x0000, 0x0000, 0x0000, 0x0000, 0x0000, 0x0000, 0x0000, 0x0000, 0x0000, 0x0000, 0x0000, 0x0000, 0x0000,
0x0000, 0x0000, 0x0000, 0x0000, 0x0000, 0x0000, 0x0000, 0x0000, 0x0000, 0x0000, 0x0000, 0x0000, 0x0000, 0x0000, 0x0000, 0x0000,
0x0000, 0x0000, 0x0000, 0x0000, 0x0000, 0x0000, 0x0000, 0x0000, 0x0000, 0x0000, 0x0000, 0x0000, 0x0000, 0x0000, 0x0000, 0x0000,
0x0000, 0x0000, 0x0000, 0x0000, 0x0000, 0x0000, 0x0000, 0x0000, 0x0000, 0x0000, 0x0000, 0x0000, 0x0000, 0x0000, 0x0000, 0x0000,
0x0000, 0x0000, 0x0000, 0x0000, 0x0000, 0x0000, 0x0000, 0x0000, 0x0000, 0x0000, 0x0000, 0x0000, 0x0000, 0x0000, 0x0000, 0x0000,
0x0000, 0x0000, 0x0000, 0x0000, 0x0000, 0x0000, 0x0000, 0x0000, 0x0000, 0x0000, 0x0000, 0x0000, 0x0000, 0x0000, 0x0000, 0x0000,
0x0000, 0x0000, 0x0000, 0x0000, 0x0000, 0x0000, 0x0000, 0x0000, 0x0000, 0x0000, 0x0000, 0x0000, 0x0000, 0x0000, 0x0000, 0x0000,
0x0000, 0x0000, 0x0000, 0x0000, 0x0000, 0x0000, 0x0000, 0x0000, 0x0000, 0x0000, 0x0000, 0x0000, 0x0000, 0x0000, 0x0000, 0x0000,
0x0000, 0x0000, 0x0000, 0x0000, 0x0000, 0x0000, 0x0000, 0x0000, 0x0000, 0x0000, 0x0000, 0x0000, 0x0000, 0x0000, 0x0000, 0x0000,
0x0000, 0x0000, 0x0000, 0x0000, 0x0000, 0x0000, 0x0000, 0x0000, 0x0000, 0x0000, 0x0000, 0x0000, 0x0000, 0x0000, 0x0000, 0x0000,
0x0000, 0x0000, 0x0000, 0x0000, 0x0000, 0x0000, 0x0000, 0x0000, 0x0000, 0x0000, 0x0000, 0x0000, 0x0000, 0x0000, 0x0000, 0x0000,
0x0000, 0x0000, 0x0000, 0x0000, 0x0000, 0x0000, 0x0000, 0x0000, 0x0000, 0x0000, 0x0000, 0x0000, 0x0000, 0x0000, 0x0000, 0x0000,
0x0000, 0x0000, 0x0000, 0x0000, 0x0000, 0x0000, 0x0000, 0x0000, 0x0000, 0x0000, 0x0000, 0x0000, 0x0000, 0x0000, 0x0000, 0x0000,
0x0000, 0x0000, 0x0000, 0x0000, 0x0000, 0x0000, 0x0000, 0x0000, 0x0000, 0x0000, 0x0000, 0x0000, 0x0000, 0x0000, 0x0000, 0x0000,
0x0000, 0x0000, 0x0000, 0x0000, 0x0000, 0x0000, 0x0000, 0x0000, 0x0000, 0x0000, 0x0000, 0x0000, 0x0000, 0x0000, 0x0000, 0x0000,
0x0000, 0x0000, 0x0000, 0x0000, 0x0000, 0x0000, 0x0000, 0x0000, 0x0000, 0x0000, 0x0000, 0x0000, 0x0000, 0x0000, 0x0000, 0x0000,
0x0000, 0x0000, 0x0000, 0x0000, 0x0000, 0x0000, 0x0000, 0x0000, 0x0000, 0x0000, 0x0000, 0x0000, 0x0000, 0x0000, 0x0000, 0x0000,
0x0000, 0x0000, 0x0000, 0x0000, 0x0000, 0x0000, 0x0000, 0x0000, 0x0000, 0x0000, 0x0000, 0x0000, 0x0000, 0x0000, 0x0000, 0x0000,
0x0000, 0x0000, 0x0000, 0x0000, 0x0000, 0x0000, 0x0000, 0x0000, 0x0000, 0x0000, 0x0000, 0x0000, 0x0000, 0x0000, 0x0000, 0x0000,
0x0000, 0x0000, 0x0000, 0x0000, 0x0000, 0x0000, 0x0000, 0x0000, 0x0000, 0x0000, 0x0000, 0x0000, 0x0000, 0x0000, 0x0000, 0x0000,
0x0000, 0x0000, 0x0000, 0x0000, 0x0000, 0x0000, 0x0000, 0x0000, 0x0000, 0x0000, 0x0000, 0x0000, 0x0000, 0x0000, 0x0000, 0x0000,
0x0000, 0x0000, 0x0000, 0x0000, 0x0000, 0x0000, 0x0000, 0x0000, 0x0000, 0x0000, 0x0000, 0x0000, 0x0000, 0x0000, 0x0000, 0x0000,
0x0000, 0x0000, 0x0000, 0x0000, 0x0000, 0x0000, 0x0000, 0x0000, 0x0000, 0x0000, 0x0000, 0x0000, 0x0000, 0x0000, 0x0000, 0x0000,
0x0000, 0x0000, 0x0000, 0x0000, 0x0000, 0x0000, 0x0000, 0x0000, 0x0000, 0x0000, 0x0000, 0x0000, 0x0000, 0x0000, 0x0000, 0x0000,
0x0000, 0x0000, 0x0000, 0x0000, 0x0000, 0x0000, 0x0000, 0x0000, 0x0000, 0x0000, 0x0000, 0x0000, 0x0000, 0x0000, 0x0000, 0x0000,
0x0000, 0x0000, 0x0000, 0x0000, 0x0000, 0x0000, 0x0000, 0x0000, 0x0000, 0x0000, 0x0000, 0x0000, 0x0000, 0x0000, 0x0000, 0x0000,
0x0000, 0x0000, 0x0000, 0x0000, 0x0000, 0x0000, 0x0000, 0x0000, 0x0000, 0x0000, 0x0000, 0x0000, 0x0000, 0x0000, 0x0000, 0x0000,
0x0000, 0x0000, 0x0000, 0x0000, 0x0000, 0x0000, 0x0000, 0x0000, 0x0000, 0x0000, 0x0000, 0x0000, 0x0000, 0x0000, 0x0000, 0x0000,
0x0000, 0x0000, 0x0000, 0x0000, 0x0000, 0x0000, 0x0000, 0x0000, 0x0000, 0x0000, 0x0000, 0x0000, 0x0000, 0x0000, 0x0000, 0x0000,
0x0000, 0x0000, 0x0000, 0x0000, 0x0000, 0x0000, 0x0000, 0x0000, 0x0000, 0x0000, 0x0000, 0x0000, 0x0000, 0x0000, 0x0000, 0x0000,
0x0000, 0x0000, 0x0000, 0x0000, 0x0000, 0x0000, 0x0000, 0x0000, 0x0000, 0x0000, 0x0000, 0x0000, 0x0000, 0x0000, 0x0000, 0x0000,
0x0000, 0x0000, 0x0000, 0x0000, 0x0000, 0x0000, 0x0000, 0x0000, 0x0000, 0x0000, 0x0000, 0x0000, 0x0000, 0x0000, 0x0000, 0x0000,
0x0000, 0x0000, 0x0000, 0x0000, 0x0000, 0x0000, 0x0000, 0x0000, 0x0000, 0x0000, 0x0000, 0x0000, 0x0000, 0x0000, 0x0000, 0x0000,
0x0000, 0x0000, 0x0000, 0x0000, 0x0000, 0x0000, 0x0000, 0x0000, 0x0000, 0x0000, 0x0000, 0x0000, 0x0000, 0x0000, 0x0000, 0x0000,
0x0000, 0x0000, 0x0000, 0x0000, 0x0000, 0x0000, 0x0000, 0x0000, 0x0000, 0x0000, 0x0000, 0x0000, 0x0000, 0x0000, 0x0000, 0x0000,
0x0000, 0x0000, 0x0000, 0x0000, 0x0000, 0x0000, 0x0000, 0x0000, 0x0000, 0x0000, 0x0000, 0x0000, 0x0000, 0x0000, 0x0000, 0x0000,
0x0000, 0x0000, 0x0000, 0x0000, 0x0000, 0x0000, 0x0000, 0x0000, 0x0000, 0x0000, 0x0000, 0x0000, 0x0000, 0x0000, 0x0000, 0x0000,
0x0000, 0x0000, 0x0000, 0x0000, 0x0000, 0x0000, 0x0000, 0x0000, 0x0000, 0x0000, 0x0000, 0x0000, 0x0000, 0x0000, 0x0000, 0x0000,
0x0000, 0x0000, 0x0000, 0x0000, 0x0000, 0x0000, 0x0000, 0x0000, 0x0000, 0x0000, 0x0000, 0x0000, 0x0000, 0x0000, 0x0000, 0x0000,
0x0000, 0x0000, 0x0000, 0x0000, 0x0000, 0x0000, 0x0000, 0x0000, 0x0000, 0x0000, 0x0000, 0x0000, 0x0000, 0x0000, 0x0000, 0x0000,
0x0000, 0x0000, 0x0000, 0x0000, 0x0000, 0x0000, 0x0000, 0x0000, 0x0000, 0x0000, 0x0000, 0x0000, 0x0000, 0x0000, 0x0000, 0x0000,
0x0000, 0x0000, 0x0000, 0x0000, 0x0000, 0x0000, 0x0000, 0x0000, 0x0000, 0x0000, 0x0000, 0x0000, 0x0000, 0x0000, 0x0000, 0x0000,
0x0000, 0x0000, 0x0000, 0x0000, 0x0000, 0x0000, 0x0000, 0x0000, 0x0000, 0x0000, 0x0000, 0x0000, 0x0000, 0x0000, 0x0000, 0x0000,
0x0000, 0x0000, 0x0000, 0x0000, 0x0000, 0x0000, 0x0000, 0x0000, 0x0000, 0x0000, 0x0000, 0x0000, 0x0000, 0x0000, 0x0000, 0x0000,
0x0000, 0x0000, 0x0000, 0x0000, 0x0000, 0x0000, 0x0000, 0x0000, 0x0000, 0x0000, 0x0000, 0x0000, 0x0000, 0x0000, 0x0000, 0x0000,
0x0000, 0x0000, 0x0000, 0x0000, 0x0000, 0x0000, 0x0000, 0x0000, 0x0000, 0x0000, 0x0000, 0x0000, 0x0000, 0x0000, 0x0000, 0x0000,
0x0000, 0x0000, 0x0000, 0x0000, 0x0000, 0x0000, 0x0000, 0x0000, 0x0000, 0x0000, 0x0000, 0x0000, 0x0000, 0x0000, 0x0000, 0x0000,
0x0000, 0x0000, 0x0000, 0x0000, 0x0000, 0x0000, 0x0000, 0x0000, 0x0000, 0x0000, 0x0000, 0x0000, 0x0000, 0x0000, 0x0000, 0x0000,
0x0000, 0x0000, 0x0000, 0x0000, 0x0000, 0x0000, 0x0000, 0x0000, 0x0000, 0x0000, 0x0000, 0x0000, 0x0000, 0x0000, 0x0000, 0x0000,
0x0000, 0x0000, 0x0000, 0x0000, 0x0000, 0x0000, 0x0000, 0x0000, 0x0000, 0x0000, 0x0000, 0x0000, 0x0000, 0x0000, 0x0000, 0x0000,
0x0000, 0x0000, 0x0000, 0x0000, 0x0000, 0x0000, 0x0000, 0x0000, 0x0000, 0x0000, 0x0000, 0x0000, 0x0000, 0x0000, 0x0000, 0x0000,
0x0000, 0x0000, 0x0000, 0x0000, 0x0000, 0x0000, 0x0000, 0x0000, 0x0000, 0x0000, 0x0000, 0x0000, 0x0000, 0x0000, 0x0000, 0x0000,
0x0000, 0x0000, 0x0000, 0x0000, 0x0000, 0x0000, 0x0000, 0x0000, 0x0000, 0x0000, 0x0000, 0x0000, 0x0000, 0x0000, 0x0000, 0x0000,
0x0000, 0x0000, 0x0000, 0x0000, 0x0000, 0x0000, 0x0000, 0x0000, 0x0000, 0x0000, 0x0000, 0x0000, 0x0000, 0x0000, 0x0000, 0x0000,
0x0000, 0x0000, 0x0000, 0x0000, 0x0000, 0x0000, 0x0000, 0x0000, 0x0000, 0x0000, 0x0000, 0x0000, 0x0000, 0x0000, 0x0000, 0x0000,
0x0000, 0x0000, 0x0000, 0x0000, 0x0000, 0x0000, 0x0000, 0x0000, 0x0000, 0x0000, 0x0000, 0x0000, 0x0000, 0x0000, 0x0000, 0x0000,
0x0000, 0x0000, 0x0000, 0x0000, 0x0000, 0x0000, 0x0000, 0x0000, 0x0000, 0x0000, 0x0000, 0x0000, 0x0000, 0x0000, 0x0000, 0x0000,
0x0000, 0x0000, 0x0000, 0x0000, 0x0000, 0x0000, 0x0000, 0x0000, 0x0000, 0x0000, 0x0000, 0x0000, 0x0000, 0x0000, 0x0000, 0x0000,
0x0000, 0x0000, 0x0000, 0x0000, 0x0000, 0x0000, 0x0000, 0x0000, 0x0000, 0x0000, 0x0000, 0x0000, 0x0000, 0x0000, 0x0000, 0x0000,
0x0000, 0x0000, 0x0000, 0x0000, 0x0000, 0x0000, 0x0000, 0x0000, 0x0000, 0x0000, 0x0000, 0x0000, 0x0000, 0x0000, 0x0000, 0x0000,
0x0000, 0x0000, 0x0000, 0x0000, 0x0000, 0x0000, 0x0000, 0x0000, 0x0000, 0x0000, 0x0000, 0x0000, 0x0000, 0x0000, 0x0000, 0x0000,
0x0000, 0x0000, 0x0000, 0x0000, 0x0000, 0x0000, 0x0000, 0x0000, 0x0000, 0x0000, 0x0000, 0x0000, 0x0000, 0x0000, 0x0000, 0x0000,
0x0000, 0x0000, 0x0000, 0x0000, 0x0000, 0x0000, 0x0000, 0x0000, 0x0000, 0x0000, 0x0000, 0x0000, 0x0000, 0x0000, 0x0000, 0x0000,
0x0000, 0x0000, 0x0000, 0x0000, 0x0000, 0x0000, 0x0000, 0x0000, 0x0000, 0x0000, 0x0000, 0x0000, 0x0000, 0x0000, 0x0000, 0x0000,
0x0000, 0x0000, 0x0000, 0x0000, 0x0000, 0x0000, 0x0000, 0x0000, 0x0000, 0x0000, 0x0000, 0x0000, 0x0000, 0x0000, 0x0000, 0x0000,
0x0000, 0x0000, 0x0000, 0x0000, 0x0000, 0x0000, 0x0000, 0x0000, 0x0000, 0x0000, 0x0000, 0x0000, 0x0000, 0x0000, 0x0000, 0x0000,
0x0000, 0x0000, 0x0000, 0x0000, 0x0000, 0x0000, 0x0000, 0x0000, 0x0000, 0x0000, 0x0000, 0x0000, 0x0000, 0x0000, 0x0000, 0x0000,
0x0000, 0x0000, 0x0000, 0x0000, 0x0000, 0x0000, 0x0000, 0x0000, 0x0000, 0x0000, 0x0000, 0x0000, 0x0000, 0x0000, 0x0000, 0x0000,
0x0000, 0x0000, 0x0000, 0x0000, 0x0000, 0x0000, 0x0000, 0x0000, 0x0000, 0x0000, 0x0000, 0x0000, 0x0000, 0x0000, 0x0000, 0x0000,
0x0000, 0x0000, 0x0000, 0x0000, 0x0000, 0x0000, 0x0000, 0x0000, 0x0000, 0x0000, 0x0000, 0x0000, 0x0000, 0x0000, 0x0000, 0x0000,
0x0000, 0x0000, 0x0000, 0x0000, 0x0000, 0x0000, 0x0000, 0x0000, 0x0000, 0x0000, 0x0000, 0x0000, 0x0000, 0x0000, 0x0000, 0x0000,
0x0000, 0x0000, 0x0000, 0x0000, 0x0000, 0x0000, 0x0000, 0x0000, 0x0000, 0x0000, 0x0000, 0x0000, 0x0000, 0x0000, 0x0000, 0x0000,
0x0000, 0x0000, 0x0000, 0x0000, 0x0000, 0x0000, 0x0000, 0x0000, 0x0000, 0x0000, 0x0000, 0x0000, 0x0000, 0x0000, 0x0000, 0x0000,
0x0000, 0x0000, 0x0000, 0x0000, 0x0000, 0x0000, 0x0000, 0x0000, 0x0000, 0x0000, 0x0000, 0x0000, 0x0000, 0x0000, 0x0000, 0x0000,
0x0000, 0x0000, 0x0000, 0x0000, 0x0000, 0x0000, 0x0000, 0x0000, 0x0000, 0x0000, 0x0000, 0x0000, 0x0000, 0x0000, 0x0000, 0x0000,
0x0000, 0x0000, 0x0000, 0x0000, 0x0000, 0x0000, 0x0000, 0x0000, 0x0000, 0x0000, 0x0000, 0x0000, 0x0000, 0x0000, 0x0000, 0x0000,
0x0000, 0x0000, 0x0000, 0x0000, 0x0000, 0x0000, 0x0000, 0x0000, 0x0000, 0x0000, 0x0000, 0x0000, 0x0000, 0x0000, 0x0000, 0x0000,
0x0000, 0x0000, 0x0000, 0x0000, 0x0000, 0x0000, 0x0000, 0x0000, 0x0000, 0x0000, 0x0000, 0x0000, 0x0000, 0x0000, 0x0000, 0x0000,
0x0000, 0x0000, 0x0000, 0x0000, 0x0000, 0x0000, 0x0000, 0x0000, 0x0000, 0x0000, 0x0000, 0x0000, 0x0000, 0x0000, 0x0000, 0x0000,
0x0000, 0x0000, 0x0000, 0x0000, 0x0000, 0x0000, 0x0000, 0x0000, 0x0000, 0x0000, 0x0000, 0x0000, 0x0000, 0x0000, 0x0000, 0x0000,
0x0000, 0x0000, 0x0000, 0x0000, 0x0000, 0x0000, 0x0000, 0x0000, 0x0000, 0x0000, 0x0000, 0x0000, 0x0000, 0x0000, 0x0000, 0x0000,
0x0000, 0x0000, 0x0000, 0x0000, 0x0000, 0x0000, 0x0000, 0x0000, 0x0000, 0x0000, 0x0000, 0x0000, 0x0000, 0x0000, 0x0000, 0x0000,
0x0000, 0x0000, 0x0000, 0x0000, 0x0000, 0x0000, 0x0000, 0x0000, 0x0000, 0x0000, 0x0000, 0x0000, 0x0000, 0x0000, 0x0000, 0x0000,
0x0000, 0x0000, 0x0000, 0x0000, 0x0000, 0x0000, 0x0000, 0x0000, 0x0000, 0x0000, 0x0000, 0x0000, 0x0000, 0x0000, 0x0000, 0x0000,
0x0000, 0x0000, 0x0000, 0x0000, 0x0000, 0x0000, 0x0000, 0x0000, 0x0000, 0x0000, 0x0000, 0x0000, 0x0000, 0x0000, 0x0000, 0x0000,
0x0000, 0x0000, 0x0000, 0x0000, 0x0000, 0x0000, 0x0000, 0x0000, 0x0000, 0x0000, 0x0000, 0x0000, 0x0000, 0x0000, 0x0000, 0x0000,
0x0000, 0x0000, 0x0000, 0x0000, 0x0000, 0x0000, 0x0000, 0x0000, 0x0000, 0x0000, 0x0000, 0x0000, 0x0000, 0x0000, 0x0000, 0x0000,
0x0000, 0x0000, 0x0000, 0x0000, 0x0000, 0x0000, 0x0000, 0x0000, 0x0000, 0x0000, 0x0000, 0x0000, 0x0000, 0x0000, 0x0000, 0x0000,
0x0000, 0x0000, 0x0000, 0x0000, 0x0000, 0x0000, 0x0000, 0x0000, 0x0000, 0x0000, 0x0000, 0x0000, 0x0000, 0x0000, 0x0000, 0x0000,
0x0000, 0x0000, 0x0000, 0x0000, 0x0000, 0x0000, 0x0000, 0x0000, 0x0000, 0x0000, 0x0000, 0x0000, 0x0000, 0x0000, 0x0000, 0x0000,
0x0000, 0x0000, 0x0000, 0x0000, 0x0000, 0x0000, 0x0000, 0x0000, 0x0000, 0x0000, 0x0000, 0x0000, 0x0000, 0x0000, 0x0000, 0x0000,
0x0000, 0x0000, 0x0000, 0x0000, 0x0000, 0x0000, 0x0000, 0x0000, 0x0000, 0x0000, 0x0000, 0x0000, 0x0000, 0x0000, 0x0000, 0x0000,
0x0000, 0x0000, 0x0000, 0x0000, 0x0000, 0x0000, 0x0000, 0x0000, 0x0000, 0x0000, 0x0000, 0x0000, 0x0000, 0x0000, 0x0000, 0x0000,
0x0000, 0x0000, 0x0000, 0x0000, 0x0000, 0x0000, 0x0000, 0x0000, 0x0000, 0x0000, 0x0000, 0x0000, 0x0000, 0x0000, 0x0000, 0x0000,
0x0000, 0x0000, 0x0000, 0x0000, 0x0000, 0x0000, 0x0000, 0x0000, 0x0000, 0x0000, 0x0000, 0x0000, 0x0000, 0x0000, 0x0000, 0x0000,
0x0000, 0x0000, 0x0000, 0x0000, 0x0000, 0x0000, 0x0000, 0x0000, 0x0000, 0x0000, 0x0000, 0x0000, 0x0000, 0x0000, 0x0000, 0x0000,
0x0000, 0x0000, 0x0000, 0x0000, 0x0000, 0x0000, 0x0000, 0x0000, 0x0000, 0x0000, 0x0000, 0x0000, 0x0000, 0x0000, 0x0000, 0x0000,
0x0000, 0x0000, 0x0000, 0x0000, 0x0000, 0x0000, 0x0000, 0x0000, 0x0000, 0x0000, 0x0000, 0x0000, 0x0000, 0x0000, 0x0000, 0x0000,
0x0000, 0x0000, 0x0000, 0x0000, 0x0000, 0x0000, 0x0000, 0x0000, 0x0000, 0x0000, 0x0000, 0x0000, 0x0000, 0x0000, 0x0000, 0x0000,
0x0000, 0x0000, 0x0000, 0x0000, 0x0000, 0x0000, 0x0000, 0x0000, 0x0000, 0x0000, 0x0000, 0x0000, 0x0000, 0x0000, 0x0000, 0x0000,
0x0000, 0x0000, 0x0000, 0x0000, 0x0000, 0x0000, 0x0000, 0x0000, 0x0000, 0x0000, 0x0000, 0x0000, 0x0000, 0x0000, 0x0000, 0x0000,
0x0000, 0x0000, 0x0000, 0x0000, 0x0000, 0x0000, 0x0000, 0x0000, 0x0000, 0x0000, 0x0000, 0x0000, 0x0000, 0x0000, 0x0000, 0x0000,
0x0000, 0x0000, 0x0000, 0x0000, 0x0000, 0x0000, 0x0000, 0x0000, 0x0000, 0x0000, 0x0000, 0x0000, 0x0000, 0x0000, 0x0000, 0x0000,
0x0000, 0x0000, 0x0000, 0x0000, 0x0000, 0x0000, 0x0000, 0x0000, 0x0000, 0x0000, 0x0000, 0x0000, 0x0000, 0x0000, 0x0000, 0x0000,
0x0000, 0x0000, 0x0000, 0x0000, 0x0000, 0x0000, 0x0000, 0x0000, 0x0000, 0x0000, 0x0000, 0x0000, 0x0000, 0x0000, 0x0000, 0x0000,
0x0000, 0x0000, 0x0000, 0x0000, 0x0000, 0x0000, 0x0000, 0x0000, 0x0000, 0x0000, 0x0000, 0x0000, 0x0000, 0x0000, 0x0000, 0x0000,
0x0000, 0x0000, 0x0000, 0x0000, 0x0000, 0x0000, 0x0000, 0x0000, 0x0000, 0x0000, 0x0000, 0x0000, 0x0000, 0x0000, 0x0000, 0x0000,
0x0000, 0x0000, 0x0000, 0x0000, 0x0000, 0x0000, 0x0000, 0x0000, 0x0000, 0x0000, 0x0000, 0x0000, 0x0000, 0x0000, 0x0000, 0x0000,
0x0000, 0x0000, 0x0000, 0x0000, 0x0000, 0x0000, 0x0000, 0x0000, 0x0000, 0x0000, 0x0000, 0x0000, 0x0000, 0x0000, 0x0000, 0x0000,
0x0000, 0x0000, 0x0000, 0x0000, 0x0000, 0x0000, 0x0000, 0x0000, 0x0000, 0x0000, 0x0000, 0x0000, 0x0000, 0x0000, 0x0000, 0x0000,
0x0000, 0x0000, 0x0000, 0x0000, 0x0000, 0x0000, 0x0000, 0x0000, 0x0000, 0x0000, 0x0000, 0x0000, 0x0000, 0x0000, 0x0000, 0x0000,
0x0000, 0x0000, 0x0000, 0x0000, 0x0000, 0x0000, 0x0000, 0x0000, 0x0000, 0x0000, 0x0000, 0x0000, 0x0000, 0x0000, 0x0000, 0x0000,
0x0000, 0x0000, 0x0000, 0x0000, 0x0000, 0x0000, 0x0000, 0x0000, 0x0000, 0x0000, 0x0000, 0x0000, 0x0000, 0x0000, 0x0000, 0x0000,
0x0000, 0x0000, 0x0000, 0x0000, 0x0000, 0x0000, 0x0000, 0x0000, 0x0000, 0x0000, 0x0000, 0x0000, 0x0000, 0x0000, 0x0000, 0x0000,
0x0000, 0x0000, 0x0000, 0x0000, 0x0000, 0x0000, 0x0000, 0x0000, 0x0000, 0x0000, 0x0000, 0x0000, 0x0000, 0x0000, 0x0000, 0x0000,
0x0000, 0x0000, 0x0000, 0x0000, 0x0000, 0x0000, 0x0000, 0x0000, 0x0000, 0x0000, 0x0000, 0x0000, 0x0000, 0x0000, 0x0000, 0x0000,
0x0000, 0x0000, 0x0000, 0x0000, 0x0000, 0x0000, 0x0000, 0x0000, 0x0000, 0x0000, 0x0000, 0x0000, 0x0000, 0x0000, 0x0000, 0x0000,
0x0000, 0x0000, 0x0000, 0x0000, 0x0000, 0x0000, 0x0000, 0x0000, 0x0000, 0x0000, 0x0000, 0x0000, 0x0000, 0x0000, 0x0000, 0x0000,
0x0000, 0x0000, 0x0000, 0x0000, 0x0000, 0x0000, 0x0000, 0x0000, 0x0000, 0x0000, 0x0000, 0x0000, 0x0000, 0x0000, 0x0000, 0x0000,
0x0000, 0x0000, 0x0000, 0x0000, 0x0000, 0x0000, 0x0000, 0x0000, 0x0000, 0x0000, 0x0000, 0x0000, 0x0000, 0x0000, 0x0000, 0x0000,
0x0000, 0x0000, 0x0000, 0x0000, 0x0000, 0x0000, 0x0000, 0x0000, 0x0000, 0x0000, 0x0000, 0x0000, 0x0000, 0x0000, 0x0000, 0x0000,
0x0000, 0x0000, 0x0000, 0x0000, 0x0000, 0x0000, 0x0000, 0x0000, 0x0000, 0x0000, 0x0000, 0x0000, 0x0000, 0x0000, 0x0000, 0x0000,
0x0000, 0x0000, 0x0000, 0x0000, 0x0000, 0x0000, 0x0000, 0x0000, 0x0000, 0x0000, 0x0000, 0x0000, 0x0000, 0x0000, 0x0000, 0x0000,
0x0000, 0x0000, 0x0000, 0x0000, 0x0000, 0x0000, 0x0000, 0x0000, 0x0000, 0x0000, 0x0000, 0x0000, 0x0000, 0x0000, 0x0000, 0x0000,
0x0000, 0x0000, 0x0000, 0x0000, 0x0000, 0x0000, 0x0000, 0x0000, 0x0000, 0x0000, 0x0000, 0x0000, 0x0000, 0x0000, 0x0000, 0x0000,
0x0000, 0x0000, 0x0000, 0x0000, 0x0000, 0x0000, 0x0000, 0x0000, 0x0000, 0x0000, 0x0000, 0x0000, 0x0000, 0x0000, 0x0000, 0x0000,
0x0000, 0x0000, 0x0000, 0x0000, 0x0000, 0x0000, 0x0000, 0x0000, 0x0000, 0x0000, 0x0000, 0x0000, 0x0000, 0x0000, 0x0000, 0x0000,
0x0000, 0x0000, 0x0000, 0x0000, 0x0000, 0x0000, 0x0000, 0x0000, 0x0000, 0x0000, 0x0000, 0x0000, 0x0000, 0x0000, 0x0000, 0x0000,
0x0000, 0x0000, 0x0000, 0x0000, 0x0000, 0x0000, 0x0000, 0x0000, 0x0000, 0x0000, 0x0000, 0x0000, 0x0000, 0x0000, 0x0000, 0x0000,
0x0000, 0x0000, 0x0000, 0x0000, 0x0000, 0x0000, 0x0000, 0x0000, 0x0000, 0x0000, 0x0000, 0x0000, 0x0000, 0x0000, 0x0000, 0x0000,
0x0000, 0x0000, 0x0000, 0x0000, 0x0000, 0x0000, 0x0000, 0x0000, 0x0000, 0x0000, 0x0000, 0x0000, 0x0000, 0x0000, 0x0000, 0x0000,
0x0000, 0x0000, 0x0000, 0x0000, 0x0000, 0x0000, 0x0000, 0x0000, 0x0000, 0x0000, 0x0000, 0x0000, 0x0000, 0x0000, 0x0000, 0x0000,
0x0000, 0x0000, 0x0000, 0x0000, 0x0000, 0x0000, 0x0000, 0x0000, 0x0000, 0x0000, 0x0000, 0x0000, 0x0000, 0x0000, 0x0000, 0x0000,
0x0000, 0x0000, 0x0000, 0x0000, 0x0000, 0x0000, 0x0000, 0x0000, 0x0000, 0x0000, 0x0000, 0x0000, 0x0000, 0x0000, 0x0000, 0x0000,
0x0000, 0x0000, 0x0000, 0x0000, 0x0000, 0x0000, 0x0000, 0x0000, 0x0000, 0x0000, 0x0000, 0x0000, 0x0000, 0x0000, 0x0000, 0x0000,
0x0000, 0x0000, 0x0000, 0x0000, 0x0000, 0x0000, 0x0000, 0x0000, 0x0000, 0x0000, 0x0000, 0x0000, 0x0000, 0x0000, 0x0000, 0x0000,
0x0000, 0x0000, 0x0000, 0x0000, 0x0000, 0x0000, 0x0000, 0x0000, 0x0000, 0x0000, 0x0000, 0x0000, 0x0000, 0x0000, 0x0000, 0x0000,
0x0000, 0x0000, 0x0000, 0x0000, 0x0000, 0x0000, 0x0000, 0x0000, 0x0000, 0x0000, 0x0000, 0x0000, 0x0000, 0x0000, 0x0000, 0x0000,
0x0000, 0x0000, 0x0000, 0x0000, 0x0000, 0x0000, 0x0000, 0x0000, 0x0000, 0x0000, 0x0000, 0x0000, 0x0000, 0x0000, 0x0000, 0x0000,
0x0000, 0x0000, 0x0000, 0x0000, 0x0000, 0x0000, 0x0000, 0x0000, 0x0000, 0x0000, 0x0000, 0x0000, 0x0000, 0x0000, 0x0000, 0x0000,
0x0000, 0x0000, 0x0000, 0x0000, 0x0000, 0x0000, 0x0000, 0x0000, 0x0000, 0x0000, 0x0000, 0x0000, 0x0000, 0x0000, 0x0000, 0x0000,
0x0000, 0x0000, 0x0000, 0x0000, 0x0000, 0x0000, 0x0000, 0x0000, 0x0000, 0x0000, 0x0000, 0x0000, 0x0000, 0x0000, 0x0000, 0x0000,
0x0000, 0x0000, 0x0000, 0x0000, 0x0000, 0x0000, 0x0000, 0x0000, 0x0000, 0x0000, 0x0000, 0x0000, 0x0000, 0x0000, 0x0000, 0x0000,
0x0000, 0x0000, 0x0000, 0x0000, 0x0000, 0x0000, 0x0000, 0x0000, 0x0000, 0x0000, 0x0000, 0x0000, 0x0000, 0x0000, 0x0000, 0x0000,
0x0000, 0x0000, 0x0000, 0x0000, 0x0000, 0x0000, 0x0000, 0x0000, 0x0000, 0x0000, 0x0000, 0x0000, 0x0000, 0x0000, 0x0000, 0x0000,
0x0000, 0x0000, 0x0000, 0x0000, 0x0000, 0x0000, 0x0000, 0x0000, 0x0000, 0x0000, 0x0000, 0x0000, 0x0000, 0x0000, 0x0000, 0x0000,
0x0000, 0x0000, 0x0000, 0x0000, 0x0000, 0x0000, 0x0000, 0x0000, 0x0000, 0x0000, 0x0000, 0x0000, 0x0000, 0x0000, 0x0000, 0x0000,
0x0000, 0x0000, 0x0000, 0x0000, 0x0000, 0x0000, 0x0000, 0x0000, 0x0000, 0x0000, 0x0000, 0x0000, 0x0000, 0x0000, 0x0000, 0x0000,
0x0000, 0x0000, 0x0000, 0x0000, 0x0000, 0x0000, 0x0000, 0x0000, 0x0000, 0x0000, 0x0000, 0x0000, 0x0000, 0x0000, 0x0000, 0x0000,
0x0000, 0x0000, 0x0000, 0x0000, 0x0000, 0x0000, 0x0000, 0x0000, 0x0000, 0x0000, 0x0000, 0x0000, 0x0000, 0x0000, 0x0000, 0x0000,
0x0000, 0x0000, 0x0000, 0x0000, 0x0000, 0x0000, 0x0000, 0x0000, 0x0000, 0x0000, 0x0000, 0x0000, 0x0000, 0x0000, 0x0000, 0x0000,
0x0000, 0x0000, 0x0000, 0x0000, 0x0000, 0x0000, 0x0000, 0x0000, 0x0000, 0x0000, 0x0000, 0x0000, 0x0000, 0x0000, 0x0000, 0x0000,
0x0000, 0x0000, 0x0000, 0x0000, 0x0000, 0x0000, 0x0000, 0x0000, 0x0000, 0x0000, 0x0000, 0x0000, 0x0000, 0x0000, 0x0000, 0x0000,
0x0000, 0x0000, 0x0000, 0x0000, 0x0000, 0x0000, 0x0000, 0x0000, 0x0000, 0x0000, 0x0000, 0x0000, 0x0000, 0x0000, 0x0000, 0x0000,
0x0000, 0x0000, 0x0000, 0x0000, 0x0000, 0x0000, 0x0000, 0x0000, 0x0000, 0x0000, 0x0000, 0x0000, 0x0000, 0x0000, 0x0000, 0x0000,
0x0000, 0x0000, 0x0000, 0x0000, 0x0000, 0x0000, 0x0000, 0x0000, 0x0000, 0x0000, 0x0000, 0x0000, 0x0000, 0x0000, 0x0000, 0x0000,
0x0000, 0x0000, 0x0000, 0x0000, 0x0000, 0x0000, 0x0000, 0x0000, 0x0000, 0x0000, 0x0000, 0x0000, 0x0000, 0x0000, 0x0000, 0x0000,
0x0000, 0x0000, 0x0000, 0x0000, 0x0000, 0x0000, 0x0000, 0x0000, 0x0000, 0x0000, 0x0000, 0x0000, 0x0000, 0x0000, 0x0000, 0x0000,
0x0000, 0x0000, 0x0000, 0x0000, 0x0000, 0x0000, 0x0000, 0x0000, 0x0000, 0x0000, 0x0000, 0x0000, 0x0000, 0x0000, 0x0000, 0x0000,
0x0000, 0x0000, 0x0000, 0x0000, 0x0000, 0x0000, 0x0000, 0x0000, 0x0000, 0x0000, 0x0000, 0x0000, 0x0000, 0x0000, 0x0000, 0x0000,
0x0000, 0x0000, 0x0000, 0x0000, 0x0000, 0x0000, 0x0000, 0x0000, 0x0000, 0x0000, 0x0000, 0x0000, 0x0000, 0x0000, 0x0000, 0x0000,
0x0000, 0x0000, 0x0000, 0x0000, 0x0000, 0x0000, 0x0000, 0x0000, 0x0000, 0x0000, 0x0000, 0x0000, 0x0000, 0x0000, 0x0000, 0x0000,
0x0000, 0x0000, 0x0000, 0x0000, 0x0000, 0x0000, 0x0000, 0x0000, 0x0000, 0x0000, 0x0000, 0x0000, 0x0000, 0x0000, 0x0000, 0x0000,
0x0000, 0x0000, 0x0000, 0x0000, 0x0000, 0x0000, 0x0000, 0x0000, 0x0000, 0x0000, 0x0000, 0x0000, 0x0000, 0x0000, 0x0000, 0x0000,
0x0000, 0x0000, 0x0000, 0x0000, 0x0000, 0x0000, 0x0000, 0x0000, 0x0000, 0x0000, 0x0000, 0x0000, 0x0000, 0x0000, 0x0000, 0x0000,
0x0000, 0x0000, 0x0000, 0x0000, 0x0000, 0x0000, 0x0000, 0x0000, 0x0000, 0x0000, 0x0000, 0x0000, 0x0000, 0x0000, 0x0000, 0x0000,
0x0000, 0x0000, 0x0000, 0x0000, 0x0000, 0x0000, 0x0000, 0x0000, 0x0000, 0x0000, 0x0000, 0x0000, 0x0000, 0x0000, 0x0000, 0x0000,
0x0000, 0x0000, 0x0000, 0x0000, 0x0000, 0x0000, 0x0000, 0x0000, 0x0000, 0x0000, 0x0000, 0x0000, 0x0000, 0x0000, 0x0000, 0x0000,
0x0000, 0x0000, 0x0000, 0x0000, 0x0000, 0x0000, 0x0000, 0x0000, 0x0000, 0x0000, 0x0000, 0x0000, 0x0000, 0x0000, 0x0000, 0x0000,
0x0000, 0x0000, 0x0000, 0x0000, 0x0000, 0x0000, 0x0000, 0x0000, 0x0000, 0x0000, 0x0000, 0x0000, 0x0000, 0x0000, 0x0000, 0x0000,
0x0000, 0x0000, 0x0000, 0x0000, 0x0000, 0x0000, 0x0000, 0x0000, 0x0000, 0x0000, 0x0000, 0x0000, 0x0000, 0x0000, 0x0000, 0x0000,
0x0000, 0x0000, 0x0000, 0x0000, 0x0000, 0x0000, 0x0000, 0x0000, 0x0000, 0x0000, 0x0000, 0x0000, 0x0000, 0x0000, 0x0000, 0x0000,
0x0000, 0x0000, 0x0000, 0x0000, 0x0000, 0x0000, 0x0000, 0x0000, 0x0000, 0x0000, 0x0000, 0x0000, 0x0000, 0x0000, 0x0000, 0x0000,
0x0000, 0x0000, 0x0000, 0x0000, 0x0000, 0x0000, 0x0000, 0x0000, 0x0000, 0x0000, 0x0000, 0x0000, 0x0000, 0x0000, 0x0000, 0x0000,
0x0000, 0x0000, 0x0000, 0x0000, 0x0000, 0x0000, 0x0000, 0x0000, 0x0000, 0x0000, 0x0000, 0x0000, 0x0000, 0x0000, 0x0000, 0x0000,
0x0000, 0x0000, 0x0000, 0x0000, 0x0000, 0x0000, 0x0000, 0x0000, 0x0000, 0x0000, 0x0000, 0x0000, 0x0000, 0x0000, 0x0000, 0x0000,
0x0000, 0x0000, 0x0000, 0x0000, 0x0000, 0x0000, 0x0000, 0x0000, 0x0000, 0x0000, 0x0000, 0x0000, 0x0000, 0x0000, 0x0000, 0x0000,
0x0000, 0x0000, 0x0000, 0x0000, 0x0000, 0x0000, 0x0000, 0x0000, 0x0000, 0x0000, 0x0000, 0x0000, 0x0000, 0x0000, 0x0000, 0x0000,
0x0000, 0x0000, 0x0000, 0x0000, 0x0000, 0x0000, 0x0000, 0x0000, 0x0000, 0x0000, 0x0000, 0x0000, 0x0000, 0x0000, 0x0000, 0x0000,
0x0000, 0x0000, 0x0000, 0x0000, 0x0000, 0x0000, 0x0000, 0x0000, 0x0000, 0x0000, 0x0000, 0x0000, 0x0000, 0x0000, 0x0000, 0x0000,
0x0000, 0x0000, 0x0000, 0x0000, 0x0000, 0x0000, 0x0000, 0x0000, 0x0000, 0x0000, 0x0000, 0x0000, 0x0000, 0x0000, 0x0000, 0x0000,
0x0000, 0x0000, 0x0000, 0x0000, 0x0000, 0x0000, 0x0000, 0x0000, 0x0000, 0x0000, 0x0000, 0x0000, 0x0000, 0x0000, 0x0000, 0x0000,
0x0000, 0x0000, 0x0000, 0x0000, 0x0000, 0x0000, 0x0000, 0x0000, 0x0000, 0x0000, 0x0000, 0x0000, 0x0000, 0x0000, 0x0000, 0x0000,
0x0000, 0x0000, 0x0000, 0x0000, 0x0000, 0x0000, 0x0000, 0x0000, 0x0000, 0x0000, 0x0000, 0x0000, 0x0000, 0x0000, 0x0000, 0x0000,
0x0000, 0x0000, 0x0000, 0x0000, 0x0000, 0x0000, 0x0000, 0x0000, 0x0000, 0x0000, 0x0000, 0x0000, 0x0000, 0x0000, 0x0000, 0x0000,
0x0000, 0x0000, 0x0000, 0x0000, 0x0000, 0x0000, 0x0000, 0x0000, 0x0000, 0x0000, 0x0000, 0x0000, 0x0000, 0x0000, 0x0000, 0x0000,
0x0000, 0x0000, 0x0000, 0x0000, 0x0000, 0x0000, 0x0000, 0x0000, 0x0000, 0x0000, 0x0000, 0x0000, 0x0000, 0x0000, 0x0000, 0x0000,
0x0000, 0x0000, 0x0000, 0x0000, 0x0000, 0x0000, 0x0000, 0x0000, 0x0000, 0x0000, 0x0000, 0x0000, 0x0000, 0x0000, 0x0000, 0x0000,
0x0000, 0x0000, 0x0000, 0x0000, 0x0000, 0x0000, 0x0000, 0x0000, 0x0000, 0x0000, 0x0000, 0x0000, 0x0000, 0x0000, 0x0000, 0x0000,
0x0000, 0x0000, 0x0000, 0x0000, 0x0000, 0x0000, 0x0000, 0x0000, 0x0000, 0x0000, 0x0000, 0x0000, 0x0000, 0x0000, 0x0000, 0x0000,
0x0000, 0x0000, 0x0000, 0x0000, 0x0000, 0x0000, 0x0000, 0x0000, 0x0000, 0x0000, 0x0000, 0x0000, 0x0000, 0x0000, 0x0000, 0x0000,
0x0000, 0x0000, 0x0000, 0x0000, 0x0000, 0x0000, 0x0000, 0x0000, 0x0000, 0x0000, 0x0000, 0x0000, 0x0000, 0x0000, 0x0000, 0x0000,
0x0000, 0x0000, 0x0000, 0x0000, 0x0000, 0x0000, 0x0000, 0x0000, 0x0000, 0x0000, 0x0000, 0x0000, 0x0000, 0x0000, 0x0000, 0x0000,
0x0000, 0x0000, 0x0000, 0x0000, 0x0000, 0x0000, 0x0000, 0x0000, 0x0000, 0x0000, 0x0000, 0x0000, 0x0000, 0x0000, 0x0000, 0x0000,
0x0000, 0x0000, 0x0000, 0x0000, 0x0000, 0x0000, 0x0000, 0x0000, 0x0000, 0x0000, 0x0000, 0x0000, 0x0000, 0x0000, 0x0000, 0x0000,
0x0000, 0x0000, 0x0000, 0x0000, 0x0000, 0x0000, 0x0000, 0x0000, 0x0000, 0x0000, 0x0000, 0x0000, 0x0000, 0x0000, 0x0000, 0x0000,
0x0000, 0x0000, 0x0000, 0x0000, 0x0000, 0x0000, 0x0000, 0x0000, 0x0000, 0x0000, 0x0000, 0x0000, 0x0000, 0x0000, 0x0000, 0x0000,
0x0000, 0x0000, 0x0000, 0x0000, 0x0000, 0x0000, 0x0000, 0x0000, 0x0000, 0x0000, 0x0000, 0x0000, 0x0000, 0x0000, 0x0000, 0x0000,
0x0000, 0x0000, 0x0000, 0x0000, 0x0000, 0x0000, 0x0000, 0x0000, 0x0000, 0x0000, 0x0000, 0x0000, 0x0000, 0x0000, 0x0000, 0x0000,
0x0000, 0x0000, 0x0000, 0x0000, 0x0000, 0x0000, 0x0000, 0x0000, 0x0000, 0x0000, 0x0000, 0x0000, 0x0000, 0x0000, 0x0000, 0x0000,
0x0000, 0x0000, 0x0000, 0x0000, 0x0000, 0x0000, 0x0000, 0x0000, 0x0000, 0x0000, 0x0000, 0x0000, 0x0000, 0x0000, 0x0000, 0x0000,
0x0000, 0x0000, 0x0000, 0x0000, 0x0000, 0x0000, 0x0000, 0x0000, 0x0000, 0x0000, 0x0000, 0x0000, 0x0000, 0x0000, 0x0000, 0x0000,
0x0000, 0x0000, 0x0000, 0x0000, 0x0000, 0x0000, 0x0000, 0x0000, 0x0000, 0x0000, 0x0000, 0x0000, 0x0000, 0x0000, 0x0000, 0x0000,
0x0000, 0x0000, 0x0000, 0x0000, 0x0000, 0x0000, 0x0000, 0x0000, 0x0000, 0x0000, 0x0000, 0x0000, 0x0000, 0x0000, 0x0000, 0x0000,
0x0000, 0x0000, 0x0000, 0x0000, 0x0000, 0x0000, 0x0000, 0x0000, 0x0000, 0x0000, 0x0000, 0x0000, 0x0000, 0x0000, 0x0000, 0x0000,
0x0000, 0x0000, 0x0000, 0x0000, 0x0000, 0x0000, 0x0000, 0x0000, 0x0000, 0x0000, 0x0000, 0x0000, 0x0000, 0x0000, 0x0000, 0x0000,
0x0000, 0x0000, 0x0000, 0x0000, 0x0000, 0x0000, 0x0000, 0x0000, 0x0000, 0x0000, 0x0000, 0x0000, 0x0000, 0x0000, 0x0000, 0x0000,
0x0000, 0x0000, 0x0000, 0x0000, 0x0000, 0x0000, 0x0000, 0x0000, 0x0000, 0x0000, 0x0000, 0x0000, 0x0000, 0x0000, 0x0000, 0x0000,
0x0000, 0x0000, 0x0000, 0x0000, 0x0000, 0x0000, 0x0000, 0x0000, 0x0000, 0x0000, 0x0000, 0x0000, 0x0000, 0x0000, 0x0000, 0x0000,
0x0000, 0x0000, 0x0000, 0x0000, 0x0000, 0x0000, 0x0000, 0x0000, 0x0000, 0x0000, 0x0000, 0x0000, 0x0000, 0x0000, 0x0000, 0x0000,
0x0000, 0x0000, 0x0000, 0x0000, 0x0000, 0x0000, 0x0000, 0x0000, 0x0000, 0x0000, 0x0000, 0x0000, 0x0000, 0x0000, 0x0000, 0x0000,
0x0000, 0x0000, 0x0000, 0x0000, 0x0000, 0x0000, 0x0000, 0x0000, 0x0000, 0x0000, 0x0000, 0x0000, 0x0000, 0x0000, 0x0000, 0x0000,
0x0000, 0x0000, 0x0000, 0x0000, 0x0000, 0x0000, 0x0000, 0x0000, 0x0000, 0x0000, 0x0000, 0x0000, 0x0000, 0x0000, 0x0000, 0x0000,
0x0000, 0x0000, 0x0000, 0x0000, 0x0000, 0x0000, 0x0000, 0x0000, 0x0000, 0x0000, 0x0000, 0x0000, 0x0000, 0x0000, 0x0000, 0x0000,
0x0000, 0x0000, 0x0000, 0x0000, 0x0000, 0x0000, 0x0000, 0x0000, 0x0000, 0x0000, 0x0000, 0x0000, 0x0000, 0x0000, 0x0000, 0x0000,
0x0000, 0x0000, 0x0000, 0x0000, 0x0000, 0x0000, 0x0000, 0x0000, 0x0000, 0x0000, 0x0000, 0x0000, 0x0000, 0x0000, 0x0000, 0x0000,
0x0000, 0x0000, 0x0000, 0x0000, 0x0000, 0x0000, 0x0000, 0x0000, 0x0000, 0x0000, 0x0000, 0x0000, 0x0000, 0x0000, 0x0000, 0x0000,
0x0000, 0x0000, 0x0000, 0x0000, 0x0000, 0x0000, 0x0000, 0x0000, 0x0000, 0x0000, 0x0000, 0x0000, 0x0000, 0x0000, 0x0000, 0x0000,
0x0000, 0x0000, 0x0000, 0x0000, 0x0000, 0x0000, 0x0000, 0x0000, 0x0000, 0x0000, 0x0000, 0x0000, 0x0000, 0x0000, 0x0000, 0x0000,
0x0000, 0x0000, 0x0000, 0x0000, 0x0000, 0x0000, 0x0000, 0x0000, 0x0000, 0x0000, 0x0000, 0x0000, 0x0000, 0x0000, 0x0000, 0x0000,
0x0000, 0x0000, 0x0000, 0x0000, 0x0000, 0x0000, 0x0000, 0x0000, 0x0000, 0x0000, 0x0000, 0x0000, 0x0000, 0x0000, 0x0000, 0x0000,
0x0000, 0x0000, 0x0000, 0x0000, 0x0000, 0x0000, 0x0000, 0x0000, 0x0000, 0x0000, 0x0000, 0x0000, 0x0000, 0x0000, 0x0000, 0x0000,
0x0000, 0x0000, 0x0000, 0x0000, 0x0000, 0x0000, 0x0000, 0x0000, 0x0000, 0x0000, 0x0000, 0x0000, 0x0000, 0x0000, 0x0000, 0x0000,
0x0000, 0x0000, 0x0000, 0x0000, 0x0000, 0x0000, 0x0000, 0x0000, 0x0000, 0x0000, 0x0000, 0x0000, 0x0000, 0x0000, 0x0000, 0x0000,
0x0000, 0x0000, 0x0000, 0x0000, 0x0000, 0x0000, 0x0000, 0x0000, 0x0000, 0x0000, 0x0000, 0x0000, 0x0000, 0x0000, 0x0000, 0x0000,
0x0000, 0x0000, 0x0000, 0x0000, 0x0000, 0x0000, 0x0000, 0x0000, 0x0000, 0x0000, 0x0000, 0x0000, 0x0000, 0x0000, 0x0000, 0x0000,
0x0000, 0x0000, 0x0000, 0x0000, 0x0000, 0x0000, 0x0000, 0x0000, 0x0000, 0x0000, 0x0000, 0x0000, 0x0000, 0x0000, 0x0000, 0x0000,
0x0000, 0x0000, 0x0000, 0x0000, 0x0000, 0x0000, 0x0000, 0x0000, 0x0000, 0x0000, 0x0000, 0x0000, 0x0000, 0x0000, 0x0000, 0x0000,
0x0000, 0x0000, 0x0000, 0x0000, 0x0000, 0x0000, 0x0000, 0x0000, 0x0000, 0x0000, 0x0000, 0x0000, 0x0000, 0x0000, 0x0000, 0x0000,
0x0000, 0x0000, 0x0000, 0x0000, 0x0000, 0x0000, 0x0000, 0x0000, 0x0000, 0x0000, 0x0000, 0x0000, 0x0000, 0x0000, 0x0000, 0x0000,
0x0000, 0x0000, 0x0000, 0x0000, 0x0000, 0x0000, 0x0000, 0x0000, 0x0000, 0x0000, 0x0000, 0x0000, 0x0000, 0x0000, 0x0000, 0x0000,
0x0000, 0x0000, 0x0000, 0x0000, 0x0000, 0x0000, 0x0000, 0x0000, 0x0000, 0x0000, 0x0000, 0x0000, 0x0000, 0x0000, 0x0000, 0x0000,
0x0000, 0x0000, 0x0000, 0x0000, 0x0000, 0x0000, 0x0000, 0x0000, 0x0000, 0x0000, 0x0000, 0x0000, 0x0000, 0x0000, 0x0000, 0x0000,
0x0000, 0x0000, 0x0000, 0x0000, 0x0000, 0x0000, 0x0000, 0x0000, 0x0000, 0x0000, 0x0000, 0x0000, 0x0000, 0x0000, 0x0000, 0x0000,
0x0000, 0x0000, 0x0000, 0x0000, 0x0000, 0x0000, 0x0000, 0x0000, 0x0000, 0x0000, 0x0000, 0x0000, 0x0000, 0x0000, 0x0000, 0x0000,
0x0000, 0x0000, 0x0000, 0x0000, 0x0000, 0x0000, 0x0000, 0x0000, 0x0000, 0x0000, 0x0000, 0x0000, 0x0000, 0x0000, 0x0000, 0x0000,
0x0000, 0x0000, 0x0000, 0x0000, 0x0000, 0x0000, 0x0000, 0x0000, 0x0000, 0x0000, 0x0000, 0x0000, 0x0000, 0x0000, 0x0000, 0x0000,
0x0000, 0x0000, 0x0000, 0x0000, 0x0000, 0x0000, 0x0000, 0x0000, 0x0000, 0x0000, 0x0000, 0x0000, 0x0000, 0x0000, 0x0000, 0x0000,
0x0000, 0x0000, 0x0000, 0x0000, 0x0000, 0x0000, 0x0000, 0x0000, 0x0000, 0x0000, 0x0000, 0x0000, 0x0000, 0x0000, 0x0000, 0x0000,
0x0000, 0x0000, 0x0000, 0x0000, 0x0000, 0x0000, 0x0000, 0x0000, 0x0000, 0x0000, 0x0000, 0x0000, 0x0000, 0x0000, 0x0000, 0x0000,
0x0000, 0x0000, 0x0000, 0x0000, 0x0000, 0x0000, 0x0000, 0x0000, 0x0000, 0x0000, 0x0000, 0x0000, 0x0000, 0x0000, 0x0000, 0x0000,
0x0000, 0x0000, 0x0000, 0x0000, 0x0000, 0x0000, 0x0000, 0x0000, 0x0000, 0x0000, 0x0000, 0x0000, 0x0000, 0x0000, 0x0000, 0x0000,
0x0000, 0x0000, 0x0000, 0x0000, 0x0000, 0x0000, 0x0000, 0x0000, 0x0000, 0x0000, 0x0000, 0x0000, 0x0000, 0x0000, 0x0000, 0x0000,
0x0000, 0x0000, 0x0000, 0x0000, 0x0000, 0x0000, 0x0000, 0x0000, 0x0000, 0x0000, 0x0000, 0x0000, 0x0000, 0x0000, 0x0000, 0x0000,
0x0000, 0x0000, 0x0000, 0x0000, 0x0000, 0x0000, 0x0000, 0x0000, 0x0000, 0x0000, 0x0000, 0x0000, 0x0000, 0x0000, 0x0000, 0x0000,
0x0000, 0x0000, 0x0000, 0x0000, 0x0000, 0x0000, 0x0000, 0x0000, 0x0000, 0x0000, 0x0000, 0x0000, 0x0000, 0x0000, 0x0000, 0x0000,
0x0000, 0x0000, 0x0000, 0x0000, 0x0000, 0x0000, 0x0000, 0x0000, 0x0000, 0x0000, 0x0000, 0x0000, 0x0000, 0x0000, 0x0000, 0x0000,
0x0000, 0x0000, 0x0000, 0x0000, 0x0000, 0x0000, 0x0000, 0x0000, 0x0000, 0x0000, 0x0000, 0x0000, 0x0000, 0x0000, 0x0000, 0x0000,
0x0000, 0x0000, 0x0000, 0x0000, 0x0000, 0x0000, 0x0000, 0x0000, 0x0000, 0x0000, 0x0000, 0x0000, 0x0000, 0x0000, 0x0000, 0x0000,
0x0000, 0x0000, 0x0000, 0x0000, 0x0000, 0x0000, 0x0000, 0x0000, 0x0000, 0x0000, 0x0000, 0x0000, 0x0000, 0x0000, 0x0000, 0x0000,
0x0000, 0x0000, 0x0000, 0x0000, 0x0000, 0x0000, 0x0000, 0x0000, 0x0000, 0x0000, 0x0000, 0x0000, 0x0000, 0x0000, 0x0000, 0x0000,
0x0000, 0x0000, 0x0000, 0x0000, 0x0000, 0x0000, 0x0000, 0x0000, 0x0000, 0x0000, 0x0000, 0x0000, 0x0000, 0x0000, 0x0000, 0x0000,
0x0000, 0x0000, 0x0000, 0x0000, 0x0000, 0x0000, 0x0000, 0x0000, 0x0000, 0x0000, 0x0000, 0x0000, 0x0000, 0x0000, 0x0000, 0x0000,
0x0000, 0x0000, 0x0000, 0x0000, 0x0000, 0x0000, 0x0000, 0x0000, 0x0000, 0x0000, 0x0000, 0x0000, 0x0000, 0x0000, 0x0000, 0x0000,
0x0000, 0x0000, 0x0000, 0x0000, 0x0000, 0x0000, 0x0000, 0x0000, 0x0000, 0x0000, 0x0000, 0x0000, 0x0000, 0x0000, 0x0000, 0x0000,
0x0000, 0x0000, 0x0000, 0x0000, 0x0000, 0x0000, 0x0000, 0x0000, 0x0000, 0x0000, 0x0000, 0x0000, 0x0000, 0x0000, 0x0000, 0x0000,
0x0000, 0x0000, 0x0000, 0x0000, 0x0000, 0x0000, 0x0000, 0x0000, 0x0000, 0x0000, 0x0000, 0x0000, 0x0000, 0x0000, 0x0000, 0x0000,
0x0000, 0x0000, 0x0000, 0x0000, 0x0000, 0x0000, 0x0000, 0x0000, 0x0000, 0x0000, 0x0000, 0x0000, 0x0000, 0x0000, 0x0000, 0x0000,
0x0000, 0x0000, 0x0000, 0x0000, 0x0000, 0x0000, 0x0000, 0x0000, 0x0000, 0x0000, 0x0000, 0x0000, 0x0000, 0x0000, 0x0000, 0x0000,
0x0000, 0x0000, 0x0000, 0x0000, 0x0000, 0x0000, 0x0000, 0x0000, 0x0000, 0x0000, 0x0000, 0x0000, 0x0000, 0x0000, 0x0000, 0x0000,
0x0000, 0x0000, 0x0000, 0x0000, 0x0000, 0x0000, 0x0000, 0x0000, 0x0000, 0x0000, 0x0000, 0x0000, 0x0000, 0x0000, 0x0000, 0x0000,
0x0000, 0x0000, 0x0000, 0x0000, 0x0000, 0x0000, 0x0000, 0x0000, 0x0000, 0x0000, 0x0000, 0x0000, 0x0000, 0x0000, 0x0000, 0x0000,
0x0000, 0x0000, 0x0000, 0x0000, 0x0000, 0x0000, 0x0000, 0x0000, 0x0000, 0x0000, 0x0000, 0x0000, 0x0000, 0x0000, 0x0000, 0x0000,
0x0000, 0x0000, 0x0000, 0x0000, 0x0000, 0x0000, 0x0000, 0x0000, 0x0000, 0x0000, 0x0000, 0x0000, 0x0000, 0x0000, 0x0000, 0x0000,
0x0000, 0x0000, 0x0000, 0x0000, 0x0000, 0x0000, 0x0000, 0x0000, 0x0000, 0x0000, 0x0000, 0x0000, 0x0000, 0x0000, 0x0000, 0x0000,
0x0000, 0x0000, 0x0000, 0x0000, 0x0000, 0x0000, 0x0000, 0x0000, 0x0000, 0x0000, 0x0000, 0x0000, 0x0000, 0x0000, 0x0000, 0x0000,
0x0000, 0x0000, 0x0000, 0x0000, 0x0000, 0x0000, 0x0000, 0x0000, 0x0000, 0x0000, 0x0000, 0x0000, 0x0000, 0x0000, 0x0000, 0x0000,
0x0000, 0x0000, 0x0000, 0x0000, 0x0000, 0x0000, 0x0000, 0x0000, 0x0000, 0x0000, 0x0000, 0x0000, 0x0000, 0x0000, 0x0000, 0x0000,
0x0000, 0x0000, 0x0000, 0x0000, 0x0000, 0x0000, 0x0000, 0x0000, 0x0000, 0x0000, 0x0000, 0x0000, 0x0000, 0x0000, 0x0000, 0x0000,
0x0000, 0x0000, 0x0000, 0x0000, 0x0000, 0x0000, 0x0000, 0x0000, 0x0000, 0x0000, 0x0000, 0x0000, 0x0000, 0x0000, 0x0000, 0x0000,
0x0000, 0x0000, 0x0000, 0x0000, 0x0000, 0x0000, 0x0000, 0x0000, 0x0000, 0x0000, 0x0000, 0x0000, 0x0000, 0x0000, 0x0000, 0x0000,
0x0000, 0x0000, 0x0000, 0x0000, 0x0000, 0x0000, 0x0000, 0x0000, 0x0000, 0x0000, 0x0000, 0x0000, 0x0000, 0x0000, 0x0000, 0x0000,
0x0000, 0x0000, 0x0000, 0x0000, 0x0000, 0x0000, 0x0000, 0x0000, 0x0000, 0x0000, 0x0000, 0x0000, 0x0000, 0x0000, 0x0000, 0x0000,
0x0000, 0x0000, 0x0000, 0x0000, 0x0000, 0x0000, 0x0000, 0x0000, 0x0000, 0x0000, 0x0000, 0x0000, 0x0000, 0x0000, 0x0000, 0x0000,
0x0000, 0x0000, 0x0000, 0x0000, 0x0000, 0x0000, 0x0000, 0x0000, 0x0000, 0x0000, 0x0000, 0x0000, 0x0000, 0x0000, 0x0000, 0x0000,
0x0000, 0x0000, 0x0000, 0x0000, 0x0000, 0x0000, 0x0000, 0x0000, 0x0000, 0x0000, 0x0000, 0x0000, 0x0000, 0x0000, 0x0000, 0x0000,
0x0000, 0x0000, 0x0000, 0x0000, 0x0000, 0x0000, 0x0000, 0x0000, 0x0000, 0x0000, 0x0000, 0x0000, 0x0000, 0x0000, 0x0000, 0x0000,
0x0000, 0x0000, 0x0000, 0x0000, 0x0000, 0x0000, 0x0000, 0x0000, 0x0000, 0x0000, 0x0000, 0x0000, 0x0000, 0x0000, 0x0000, 0x0000,
0x0000, 0x0000, 0x0000, 0x0000, 0x0000, 0x0000, 0x0000, 0x0000, 0x0000, 0x0000, 0x0000, 0x0000, 0x0000, 0x0000, 0x0000, 0x0000,
0x0000, 0x0000, 0x0000, 0x0000, 0x0000, 0x0000, 0x0000, 0x0000, 0x0000, 0x0000, 0x0000, 0x0000, 0x0000, 0x0000, 0x0000, 0x0000,
0x0000, 0x0000, 0x0000, 0x0000, 0x0000, 0x0000, 0x0000, 0x0000, 0x0000, 0x0000, 0x0000, 0x0000, 0x0000, 0x0000, 0x0000, 0x0000,
0x0000, 0x0000, 0x0000, 0x0000, 0x0000, 0x0000, 0x0000, 0x0000, 0x0000, 0x0000, 0x0000, 0x0000, 0x0000, 0x0000, 0x0000, 0x0000,
0x0000, 0x0000, 0x0000, 0x0000, 0x0000, 0x0000, 0x0000, 0x0000, 0x0000, 0x0000, 0x0000, 0x0000, 0x0000, 0x0000, 0x0000, 0x0000,
0x0000, 0x0000, 0x0000, 0x0000, 0x0000, 0x0000, 0x0000, 0x0000, 0x0000, 0x0000, 0x0000, 0x0000, 0x0000, 0x0000, 0x0000, 0x0000,
0x0000, 0x0000, 0x0000, 0x0000, 0x0000, 0x0000, 0x0000, 0x0000, 0x0000, 0x0000, 0x0000, 0x0000, 0x0000, 0x0000, 0x0000, 0x0000,
0x0000, 0x0000, 0x0000, 0x0000, 0x0000, 0x0000, 0x0000, 0x0000, 0x0000, 0x0000, 0x0000, 0x0000, 0x0000, 0x0000, 0x0000, 0x0000,
0x0000, 0x0000, 0x0000, 0x0000, 0x0000, 0x0000, 0x0000, 0x0000, 0x0000, 0x0000, 0x0000, 0x0000, 0x0000, 0x0000, 0x0000, 0x0000,
0x0000, 0x0000, 0x0000, 0x0000, 0x0000, 0x0000, 0x0000, 0x0000, 0x0000, 0x0000, 0x0000, 0x0000, 0x0000, 0x0000, 0x0000, 0x0000,
0x0000, 0x0000, 0x0000, 0x0000, 0x0000, 0x0000, 0x0000, 0x0000, 0x0000, 0x0000, 0x0000, 0x0000, 0x0000, 0x0000, 0x0000, 0x0000,
0x0000, 0x0000, 0x0000, 0x0000, 0x0000, 0x0000, 0x0000, 0x0000, 0x0000, 0x0000, 0x0000, 0x0000, 0x0000, 0x0000, 0x0000, 0x0000,
0x0000, 0x0000, 0x0000, 0x0000, 0x0000, 0x0000, 0x0000, 0x0000, 0x0000, 0x0000, 0x0000, 0x0000, 0x0000, 0x0000, 0x0000, 0x0000,
0x0000, 0x0000, 0x0000, 0x0000, 0x0000, 0x0000, 0x0000, 0x0000, 0x0000, 0x0000, 0x0000, 0x0000, 0x0000, 0x0000, 0x0000, 0x0000,
0x0000, 0x0000, 0x0000, 0x0000, 0x0000, 0x0000, 0x0000, 0x0000, 0x0000, 0x0000, 0x0000, 0x0000, 0x0000, 0x0000, 0x0000, 0x0000,
0x0000, 0x0000, 0x0000, 0x0000, 0x0000, 0x0000, 0x0000, 0x0000, 0x0000, 0x0000, 0x0000, 0x0000, 0x0000, 0x0000, 0x0000, 0x0000,
0x0000, 0x0000, 0x0000, 0x0000, 0x0000, 0x0000, 0x0000, 0x0000, 0x0000, 0x0000, 0x0000, 0x0000, 0x0000, 0x0000, 0x0000, 0x0000,
0x0000, 0x0000, 0x0000, 0x0000, 0x0000, 0x0000, 0x0000, 0x0000, 0x0000, 0x0000, 0x0000, 0x0000, 0x0000, 0x0000, 0x0000, 0x0000,
0x0000, 0x0000, 0x0000, 0x0000, 0x0000, 0x0000, 0x0000, 0x0000, 0x0000, 0x0000, 0x0000, 0x0000, 0x0000, 0x0000, 0x0000, 0x0000,
0x0000, 0x0000, 0x0000, 0x0000, 0x0000, 0x0000, 0x0000, 0x0000, 0x0000, 0x0000, 0x0000, 0x0000, 0x0000, 0x0000, 0x0000, 0x0000,
0x0000, 0x0000, 0x0000, 0x0000, 0x0000, 0x0000, 0x0000, 0x0000, 0x0000, 0x0000, 0x0000, 0x0000, 0x0000, 0x0000, 0x0000, 0x0000,
0x0000, 0x0000, 0x0000, 0x0000, 0x0000, 0x0000, 0x0000, 0x0000, 0x0000, 0x0000, 0x0000, 0x0000, 0x0000, 0x0000, 0x0000, 0x0000,
0x0000, 0x0000, 0x0000, 0x0000, 0x0000, 0x0000, 0x0000, 0x0000, 0x0000, 0x0000, 0x0000, 0x0000, 0x0000, 0x0000, 0x0000, 0x0000,
0x0000, 0x0000, 0x0000, 0x0000, 0x0000, 0x0000, 0x0000, 0x0000, 0x0000, 0x0000, 0x0000, 0x0000, 0x0000, 0x0000, 0x0000, 0x0000,
0x0000, 0x0000, 0x0000, 0x0000, 0x0000, 0x0000, 0x0000, 0x0000, 0x0000, 0x0000, 0x0000, 0x0000, 0x0000, 0x0000, 0x0000, 0x0000,
0x0000, 0x0000, 0x0000, 0x0000, 0x0000, 0x0000, 0x0000, 0x0000, 0x0000, 0x0000, 0x0000, 0x0000, 0x0000, 0x0000, 0x0000, 0x0000,
0x0000, 0x0000, 0x0000, 0x0000, 0x0000, 0x0000, 0x0000, 0x0000, 0x0000, 0x0000, 0x0000, 0x0000, 0x0000, 0x0000, 0x0000, 0x0000,
0x0000, 0x0000, 0x0000, 0x0000, 0x0000, 0x0000, 0x0000, 0x0000, 0x0000, 0x0000, 0x0000, 0x0000, 0x0000, 0x0000, 0x0000, 0x0000,
0x0000, 0x0000, 0x0000, 0x0000, 0x0000, 0x0000, 0x0000, 0x0000, 0x0000, 0x0000, 0x0000, 0x0000, 0x0000, 0x0000, 0x0000, 0x0000,
0x0000, 0x0000, 0x0000, 0x0000, 0x0000, 0x0000, 0x0000, 0x0000, 0x0000, 0x0000, 0x0000, 0x0000, 0x0000, 0x0000, 0x0000, 0x0000,
0x0000, 0x0000, 0x0000, 0x0000, 0x0000, 0x0000, 0x0000, 0x0000, 0x0000, 0x0000, 0x0000, 0x0000, 0x0000, 0x0000, 0x0000, 0x0000,
0x0000, 0x0000, 0x0000, 0x0000, 0x0000, 0x0000, 0x0000, 0x0000, 0x0000, 0x0000, 0x0000, 0x0000, 0x0000, 0x0000, 0x0000, 0x0000,
0x0000, 0x0000, 0x0000, 0x0000, 0x0000, 0x0000, 0x0000, 0x0000, 0x0000, 0x0000, 0x0000, 0x0000, 0x0000, 0x0000, 0x0000, 0x0000,
0x0000, 0x0000, 0x0000, 0x0000, 0x0000, 0x0000, 0x0000, 0x0000, 0x0000, 0x0000, 0x0000, 0x0000, 0x0000, 0x0000, 0x0000, 0x0000,
0x0000, 0x0000, 0x0000, 0x0000, 0x0000, 0x0000, 0x0000, 0x0000, 0x0000, 0x0000, 0x0000, 0x0000, 0x0000, 0x0000, 0x0000, 0x0000,
0x0000, 0x0000, 0x0000, 0x0000, 0x0000, 0x0000, 0x0000, 0x0000, 0x0000, 0x0000, 0x0000, 0x0000, 0x0000, 0x0000, 0x0000, 0x0000,
0x0000, 0x0000, 0x0000, 0x0000, 0x0000, 0x0000, 0x0000, 0x0000, 0x0000, 0x0000, 0x0000, 0x0000, 0x0000, 0x0000, 0x0000, 0x0000,
0x0000, 0x0000, 0x0000, 0x0000, 0x0000, 0x0000, 0x0000, 0x0000, 0x0000, 0x0000, 0x0000, 0x0000, 0x0000, 0x0000, 0x0000, 0x0000,
0x0000, 0x0000, 0x0000, 0x0000, 0x0000, 0x0000, 0x0000, 0x0000, 0x0000, 0x0000, 0x0000, 0x0000, 0x0000, 0x0000, 0x0000, 0x0000,
0x0000, 0x0000, 0x0000, 0x0000, 0x0000, 0x0000, 0x0000, 0x0000, 0x0000, 0x0000, 0x0000, 0x0000, 0x0000, 0x0000, 0x0000, 0x0000,
0x0000, 0x0000, 0x0000, 0x0000, 0x0000, 0x0000, 0x0000, 0x0000, 0x0000, 0x0000, 0x0000, 0x0000, 0x0000, 0x0000, 0x0000, 0x0000,
0x0000, 0x0000, 0x0000, 0x0000, 0x0000, 0x0000, 0x0000, 0x0000, 0x0000, 0x0000, 0x0000, 0x0000, 0x0000, 0x0000, 0x0000, 0x0000,
0x0000, 0x0000, 0x0000, 0x0000, 0x0000, 0x0000, 0x0000, 0x0000, 0x0000, 0x0000, 0x0000, 0x0000, 0x0000, 0x0000, 0x0000, 0x0000,
0x0000, 0x0000, 0x0000, 0x0000, 0x0000, 0x0000, 0x0000, 0x0000, 0x0000, 0x0000, 0x0000, 0x0000, 0x0000, 0x0000, 0x0000, 0x0000,
0x0000, 0x0000, 0x0000, 0x0000, 0x0000, 0x0000, 0x0000, 0x0000, 0x0000, 0x0000, 0x0000, 0x0000, 0x0000, 0x0000, 0x0000, 0x0000,
0x0000, 0x0000, 0x0000, 0x0000, 0x0000, 0x0000, 0x0000, 0x0000, 0x0000, 0x0000, 0x0000, 0x0000, 0x0000, 0x0000, 0x0000, 0x0000,
0x0000, 0x0000, 0x0000, 0x0000, 0x0000, 0x0000, 0x0000, 0x0000, 0x0000, 0x0000, 0x0000, 0x0000, 0x0000, 0x0000, 0x0000, 0x0000,
0x0000, 0x0000, 0x0000, 0x0000, 0x0000, 0x0000, 0x0000, 0x0000, 0x0000, 0x0000, 0x0000, 0x0000, 0x0000, 0x0000, 0x0000, 0x0000,
0x0000, 0x0000, 0x0000, 0x0000, 0x0000, 0x0000, 0x0000, 0x0000, 0x0000, 0x0000, 0x0000, 0x0000, 0x0000, 0x0000, 0x0000, 0x0000,
0x0000, 0x0000, 0x0000, 0x0000, 0x0000, 0x0000, 0x0000, 0x0000, 0x0000, 0x0000, 0x0000, 0x0000, 0x0000, 0x0000, 0x0000, 0x0000,
0x0000, 0x0000, 0x0000, 0x0000, 0x0000, 0x0000, 0x0000, 0x0000, 0x0000, 0x0000, 0x0000, 0x0000, 0x0000, 0x0000, 0x0000, 0x0000,
0x0000, 0x0000, 0x0000, 0x0000, 0x0000, 0x0000, 0x0000, 0x0000, 0x0000, 0x0000, 0x0000, 0x0000, 0x0000, 0x0000, 0x0000, 0x0000,
0x0000, 0x0000, 0x0000, 0x0000, 0x0000, 0x0000, 0x0000, 0x0000, 0x0000, 0x0000, 0x0000, 0x0000, 0x0000, 0x0000, 0x0000, 0x0000,
0x0000, 0x0000, 0x0000, 0x0000, 0x0000, 0x0000, 0x0000, 0x0000, 0x0000, 0x0000, 0x0000, 0x0000, 0x0000, 0x0000, 0x0000, 0x0000,
0x0000, 0x0000, 0x0000, 0x0000, 0x0000, 0x0000, 0x0000, 0x0000, 0x0000, 0x0000, 0x0000, 0x0000, 0x0000, 0x0000, 0x0000, 0x0000,
0x0000, 0x0000, 0x0000, 0x0000, 0x0000, 0x0000, 0x0000, 0x0000, 0x0000, 0x0000, 0x0000, 0x0000, 0x0000, 0x0000, 0x0000, 0x0000,
0x0000, 0x0000, 0x0000, 0x0000, 0x0000, 0x0000, 0x0000, 0x0000, 0x0000, 0x0000, 0x0000, 0x0000, 0x0000, 0x0000, 0x0000, 0x0000,
0x0000, 0x0000, 0x0000, 0x0000, 0x0000, 0x0000, 0x0000, 0x0000, 0x0000, 0x0000, 0x0000, 0x0000, 0x0000, 0x0000, 0x0000, 0x0000,
0x0000, 0x0000, 0x0000, 0x0000, 0x0000, 0x0000, 0x0000, 0x0000, 0x0000, 0x0000, 0x0000, 0x0000, 0x0000, 0x0000, 0x0000, 0x0000,
0x0000, 0x0000, 0x0000, 0x0000, 0x0000, 0x0000, 0x0000, 0x0000, 0x0000, 0x0000, 0x0000, 0x0000, 0x0000, 0x0000, 0x0000, 0x0000,
0x0000, 0x0000, 0x0000, 0x0000, 0x0000, 0x0000, 0x0000, 0x0000, 0x0000, 0x0000, 0x0000, 0x0000, 0x0000, 0x0000, 0x0000, 0x0000,
0x0000, 0x0000, 0x0000, 0x0000, 0x0000, 0x0000, 0x0000, 0x0000, 0x0000, 0x0000, 0x0000, 0x0000, 0x0000, 0x0000, 0x0000, 0x0000,
0x0000, 0x0000, 0x0000, 0x0000, 0x0000, 0x0000, 0x0000, 0x0000, 0x0000, 0x0000, 0x0000, 0x0000, 0x0000, 0x0000, 0x0000, 0x0000,
0x0000, 0x0000, 0x0000, 0x0000, 0x0000, 0x0000, 0x0000, 0x0000, 0x0000, 0x0000, 0x0000, 0x0000, 0x0000, 0x0000, 0x0000, 0x0000,
0x0000, 0x0000, 0x0000, 0x0000, 0x0000, 0x0000, 0x0000, 0x0000, 0x0000, 0x0000, 0x0000, 0x0000, 0x0000, 0x0000, 0x0000, 0x0000,
0x0000, 0x0000, 0x0000, 0x0000, 0x0000, 0x0000, 0x0000, 0x0000, 0x0000, 0x0000, 0x0000, 0x0000, 0x0000, 0x0000, 0x0000, 0x0000,
0x0000, 0x0000, 0x0000, 0x0000, 0x0000, 0x0000, 0x0000, 0x0000, 0x0000, 0x0000, 0x0000, 0x0000, 0x0000, 0x0000, 0x0000, 0x0000,
0x0000, 0x0000, 0x0000, 0x0000, 0x0000, 0x0000, 0x0000, 0x0000, 0x0000, 0x0000, 0x0000, 0x0000, 0x0000, 0x0000, 0x0000, 0x0000,
0x0000, 0x0000, 0x0000, 0x0000, 0x0000, 0x0000, 0x0000, 0x0000, 0x0000, 0x0000, 0x0000, 0x0000, 0x0000, 0x0000, 0x0000, 0x0000,
0x0000, 0x0000, 0x0000, 0x0000, 0x0000, 0x0000, 0x0000, 0x0000, 0x0000, 0x0000, 0x0000, 0x0000, 0x0000, 0x0000, 0x0000, 0x0000,
0x0000, 0x0000, 0x0000, 0x0000, 0x0000, 0x0000, 0x0000, 0x0000, 0x0000, 0x0000, 0x0000, 0x0000, 0x0000, 0x0000, 0x0000, 0x0000,
0x0000, 0x0000, 0x0000, 0x0000, 0x0000, 0x0000, 0x0000, 0x0000, 0x0000, 0x0000, 0x0000, 0x0000, 0x0000, 0x0000, 0x0000, 0x0000,
0x0000, 0x0000, 0x0000, 0x0000, 0x0000, 0x0000, 0x0000, 0x0000, 0x0000, 0x0000, 0x0000, 0x0000, 0x0000, 0x0000, 0x0000, 0x0000,
0x0000, 0x0000, 0x0000, 0x0000, 0x0000, 0x0000, 0x0000, 0x0000, 0x0000, 0x0000, 0x0000, 0x0000, 0x0000, 0x0000, 0x0000, 0x0000,
0x0000, 0x0000, 0x0000, 0x0000, 0x0000, 0x0000, 0x0000, 0x0000, 0x0000, 0x0000, 0x0000, 0x0000, 0x0000, 0x0000, 0x0000, 0x0000,
0x0000, 0x0000, 0x0000, 0x0000, 0x0000, 0x0000, 0x0000, 0x0000, 0x0000, 0x0000, 0x0000, 0x0000, 0x0000, 0x0000, 0x0000, 0x0000,
0x0000, 0x0000, 0x0000, 0x0000, 0x0000, 0x0000, 0x0000, 0x0000, 0x0000, 0x0000, 0x0000, 0x0000, 0x0000, 0x0000, 0x0000, 0x0000,
0x0000, 0x0000, 0x0000, 0x0000, 0x0000, 0x0000, 0x0000, 0x0000, 0x0000, 0x0000, 0x0000, 0x0000, 0x0000, 0x0000, 0x0000, 0x0000,
0x0000, 0x0000, 0x0000, 0x0000, 0x0000, 0x0000, 0x0000, 0x0000, 0x0000, 0x0000, 0x0000, 0x0000, 0x0000, 0x0000, 0x0000, 0x0000,
0x0000, 0x0000, 0x0000, 0x0000, 0x0000, 0x0000, 0x0000, 0x0000, 0x0000, 0x0000, 0x0000, 0x0000, 0x0000, 0x0000, 0x0000, 0x0000,
0x0000, 0x0000, 0x0000, 0x0000, 0x0000, 0x0000, 0x0000, 0x0000, 0x0000, 0x0000, 0x0000, 0x0000, 0x0000, 0x0000, 0x0000, 0x0000,
0x0000, 0x0000, 0x0000, 0x0000, 0x0000, 0x0000, 0x0000, 0x0000, 0x0000, 0x0000, 0x0000, 0x0000, 0x0000, 0x0000, 0x0000, 0x0000,
0x0000, 0x0000, 0x0000, 0x0000, 0x0000, 0x0000, 0x0000, 0x0000, 0x0000, 0x0000, 0x0000, 0x0000, 0x0000, 0x0000, 0x0000, 0x0000,
0x0000, 0x0000, 0x0000, 0x0000, 0x0000, 0x0000, 0x0000, 0x0000, 0x0000, 0x0000, 0x0000, 0x0000, 0x0000, 0x0000, 0x0000, 0x0000,
0x0000, 0x0000, 0x0000, 0x0000, 0x0000, 0x0000, 0x0000, 0x0000, 0x0000, 0x0000, 0x0000, 0x0000, 0x0000, 0x0000, 0x0000, 0x0000,
0x0000, 0x0000, 0x0000, 0x0000, 0x0000, 0x0000, 0x0000, 0x0000, 0x0000, 0x0000, 0x0000, 0x0000, 0x0000, 0x0000, 0x0000, 0x0000,
0x0000, 0x0000, 0x0000, 0x0000, 0x0000, 0x0000, 0x0000, 0x0000, 0x0000, 0x0000, 0x0000, 0x0000, 0x0000, 0x0000, 0x0000, 0x0000,
0x0000, 0x0000, 0x0000, 0x0000, 0x0000, 0x0000, 0x0000, 0x0000, 0x0000, 0x0000, 0x0000, 0x0000, 0x0000, 0x0000, 0x0000, 0x0000,
0x0000, 0x0000, 0x0000, 0x0000, 0x0000, 0x0000, 0x0000, 0x0000, 0x0000, 0x0000, 0x0000, 0x0000, 0x0000, 0x0000, 0x0000, 0x0000,
0x0000, 0x0000, 0x0000, 0x0000, 0x0000, 0x0000, 0x0000, 0x0000, 0x0000, 0x0000, 0x0000, 0x0000, 0x0000, 0x0000, 0x0000, 0x0000,
0x0000, 0x0000, 0x0000, 0x0000, 0x0000, 0x0000, 0x0000, 0x0000, 0x0000, 0x0000, 0x0000, 0x0000, 0x0000, 0x0000, 0x0000, 0x0000,
0x0000, 0x0000, 0x0000, 0x0000, 0x0000, 0x0000, 0x0000, 0x0000, 0x0000, 0x0000, 0x0000, 0x0000, 0x0000, 0x0000, 0x0000, 0x0000,
0x0000, 0x0000, 0x0000, 0x0000, 0x0000, 0x0000, 0x0000, 0x0000, 0x0000, 0x0000, 0x0000, 0x0000, 0x0000, 0x0000, 0x0000, 0x0000,
0x0000, 0x0000, 0x0000, 0x0000, 0x0000, 0x0000, 0x0000, 0x0000, 0x0000, 0x0000, 0x0000, 0x0000, 0x0000, 0x0000, 0x0000, 0x0000,
0x0000, 0x0000, 0x0000, 0x0000, 0x0000, 0x0000, 0x0000, 0x0000, 0x0000, 0x0000, 0x0000, 0x0000, 0x0000, 0x0000, 0x0000, 0x0000,
0x0000, 0x0000, 0x0000, 0x0000, 0x0000, 0x0000, 0x0000, 0x0000, 0x0000, 0x0000, 0x0000, 0x0000, 0x0000, 0x0000, 0x0000, 0x0000,
0x0000, 0x0000, 0x0000, 0x0000, 0x0000, 0x0000, 0x0000, 0x0000, 0x0000, 0x0000, 0x0000, 0x0000, 0x0000, 0x0000, 0x0000, 0x0000,
0x0000, 0x0000, 0x0000, 0x0000, 0x0000, 0x0000, 0x0000, 0x0000, 0x0000, 0x0000, 0x0000, 0x0000, 0x0000, 0x0000, 0x0000, 0x0000,
0x0000, 0x0000, 0x0000, 0x0000, 0x0000, 0x0000, 0x0000, 0x0000, 0x0000, 0x0000, 0x0000, 0x0000, 0x0000, 0x0000, 0x0000, 0x0000,
0x0000, 0x0000, 0x0000, 0x0000, 0x0000, 0x0000, 0x0000, 0x0000, 0x0000, 0x0000, 0x0000, 0x0000, 0x0000, 0x0000, 0x0000, 0x0000,
0x0000, 0x0000, 0x0000, 0x0000, 0x0000, 0x0000, 0x0000, 0x0000, 0x0000, 0x0000, 0x0000, 0x0000, 0x0000, 0x0000, 0x0000, 0x0000,
0x0000, 0x0000, 0x0000, 0x0000, 0x0000, 0x0000, 0x0000, 0x0000, 0x0000, 0x0000, 0x0000, 0x0000, 0x0000, 0x0000, 0x0000, 0x0000,
0x0000, 0x0000, 0x0000, 0x0000, 0x0000, 0x0000, 0x0000, 0x0000, 0x0000, 0x0000, 0x0000, 0x0000, 0x0000, 0x0000, 0x0000, 0x0000,
0x0000, 0x0000, 0x0000, 0x0000, 0x0000, 0x0000, 0x0000, 0x0000, 0x0000, 0x0000, 0x0000, 0x0000, 0x0000, 0x0000, 0x0000, 0x0000,
0x0000, 0x0000, 0x0000, 0x0000, 0x0000, 0x0000, 0x0000, 0x0000, 0x0000, 0x0000, 0x0000, 0x0000, 0x0000, 0x0000, 0x0000, 0x0000,
0x0000, 0x0000, 0x0000, 0x0000, 0x0000, 0x0000, 0x0000, 0x0000, 0x0000, 0x0000, 0x0000, 0x0000, 0x0000, 0x0000, 0x0000, 0x0000,
0x0000, 0x0000, 0x0000, 0x0000, 0x0000, 0x0000, 0x0000, 0x0000, 0x0000, 0x0000, 0x0000, 0x0000, 0x0000, 0x0000, 0x0000, 0x0000,
0x0000, 0x0000, 0x0000, 0x0000, 0x0000, 0x0000, 0x0000, 0x0000, 0x0000, 0x0000, 0x0000, 0x0000, 0x0000, 0x0000, 0x0000, 0x0000,
0x0000, 0x0000, 0x0000, 0x0000, 0x0000, 0x0000, 0x0000, 0x0000, 0x0000, 0x0000, 0x0000, 0x0000, 0x0000, 0x0000, 0x0000, 0x0000,
0x0000, 0x0000, 0x0000, 0x0000, 0x0000, 0x0000, 0x0000, 0x0000, 0x0000, 0x0000, 0x0000, 0x0000, 0x0000, 0x0000, 0x0000, 0x0000,
0x0000, 0x0000, 0x0000, 0x0000, 0x0000, 0x0000, 0x0000, 0x0000, 0x0000, 0x0000, 0x0000, 0x0000, 0x0000, 0x0000, 0x0000, 0x0000,
0x0000, 0x0000, 0x0000, 0x0000, 0x0000, 0x0000, 0x0000, 0x0000, 0x0000, 0x0000, 0x0000, 0x0000, 0x0000, 0x0000, 0x0000, 0x0000,
0x0000, 0x0000, 0x0000, 0x0000, 0x0000, 0x0000, 0x0000, 0x0000, 0x0000, 0x0000, 0x0000, 0x0000, 0x0000, 0x0000, 0x0000, 0x0000,
0x0000, 0x0000, 0x0000, 0x0000, 0x0000, 0x0000, 0x0000, 0x0000, 0x0000, 0x0000, 0x0000, 0x0000, 0x0000, 0x0000, 0x0000, 0x0000,
0x0000, 0x0000, 0x0000, 0x0000, 0x0000, 0x0000, 0x0000, 0x0000, 0x0000, 0x0000, 0x0000, 0x0000, 0x0000, 0x0000, 0x0000, 0x0000,
0x0000, 0x0000, 0x0000, 0x0000, 0x0000, 0x0000, 0x0000, 0x0000, 0x0000, 0x0000, 0x0000, 0x0000, 0x0000, 0x0000, 0x0000, 0x0000,
0x0000, 0x0000, 0x0000, 0x0000, 0x0000, 0x0000, 0x0000, 0x0000, 0x0000, 0x0000, 0x0000, 0x0000, 0x0000, 0x0000, 0x0000, 0x0000,
0x0000, 0x0000, 0x0000, 0x0000, 0x0000, 0x0000, 0x0000, 0x0000, 0x0000, 0x0000, 0x0000, 0x0000, 0x0000, 0x0000, 0x0000, 0x0000,
0x0000, 0x0000, 0x0000, 0x0000, 0x0000, 0x0000, 0x0000, 0x0000, 0x0000, 0x0000, 0x0000, 0x0000, 0x0000, 0x0000, 0x0000, 0x0000,
0x0000, 0x0000, 0x0000, 0x0000, 0x0000, 0x0000, 0x0000, 0x0000, 0x0000, 0x0000, 0x0000, 0x0000, 0x0000, 0x0000, 0x0000, 0x0000,
0x0000, 0x0000, 0x0000, 0x0000, 0x0000, 0x0000, 0x0000, 0x0000, 0x0000, 0x0000, 0x0000, 0x0000, 0x0000, 0x0000, 0x0000, 0x0000,
0x0000, 0x0000, 0x0000, 0x0000, 0x0000, 0x0000, 0x0000, 0x0000, 0x0000, 0x0000, 0x0000, 0x0000, 0x0000, 0x0000, 0x0000, 0x0000,
0x0000, 0x0000, 0x0000, 0x0000, 0x0000, 0x0000, 0x0000, 0x0000, 0x0000, 0x0000, 0x0000, 0x0000, 0x0000, 0x0000, 0x0000, 0x0000,
0x0000, 0x0000, 0x0000, 0x0000, 0x0000, 0x0000, 0x0000, 0x0000, 0x0000, 0x0000, 0x0000, 0x0000, 0x0000, 0x0000, 0x0000, 0x0000,
0x0000, 0x0000, 0x0000, 0x0000, 0x0000, 0x0000, 0x0000, 0x0000, 0x0000, 0x0000, 0x0000, 0x0000, 0x0000, 0x0000, 0x0000, 0x0000,
0x0000, 0x0000, 0x0000, 0x0000, 0x0000, 0x0000, 0x0000, 0x0000, 0x0000, 0x0000, 0x0000, 0x0000, 0x0000, 0x0000, 0x0000, 0x0000,
0x0000, 0x0000, 0x0000, 0x0000, 0x0000, 0x0000, 0x0000, 0x0000, 0x0000, 0x0000, 0x0000, 0x0000, 0x0000, 0x0000, 0x0000, 0x0000,
0x0000, 0x0000, 0x0000, 0x0000, 0x0000, 0x0000, 0x0000, 0x0000, 0x0000, 0x0000, 0x0000, 0x0000, 0x0000, 0x0000, 0x0000, 0x0000,
0x0000, 0x0000, 0x0000, 0x0000, 0x0000, 0x0000, 0x0000, 0x0000, 0x0000, 0x0000, 0x0000, 0x0000, 0x0000, 0x0000, 0x0000, 0x0000,
0x0000, 0x0000, 0x0000, 0x0000, 0x0000, 0x0000, 0x0000, 0x0000, 0x0000, 0x0000, 0x0000, 0x0000, 0x0000, 0x0000, 0x0000, 0x0000,
0x0000, 0x0000, 0x0000, 0x0000, 0x0000, 0x0000, 0x0000, 0x0000, 0x0000, 0x0000, 0x0000, 0x0000, 0x0000, 0x0000, 0x0000, 0x0000,
0x0000, 0x0000, 0x0000, 0x0000, 0x0000, 0x0000, 0x0000, 0x0000, 0x0000, 0x0000, 0x0000, 0x0000, 0x0000, 0x0000, 0x0000, 0x0000,
0x0000, 0x0000, 0x0000, 0x0000, 0x0000, 0x0000, 0x0000, 0x0000, 0x0000, 0x0000, 0x0000, 0x0000, 0x0000, 0x0000, 0x0000, 0x0000,
0x0000, 0x0000, 0x0000, 0x0000, 0x0000, 0x0000, 0x0000, 0x0000, 0x0000, 0x0000, 0x0000, 0x0000, 0x0000, 0x0000, 0x0000, 0x0000,
0x0000, 0x0000, 0x0000, 0x0000, 0x0000, 0x0000, 0x0000, 0x0000, 0x0000, 0x0000, 0x0000, 0x0000, 0x0000, 0x0000, 0x0000, 0x0000,
0x0000, 0x0000, 0x0000, 0x0000, 0x0000, 0x0000, 0x0000, 0x0000, 0x0000, 0x0000, 0x0000, 0x0000, 0x0000, 0x0000, 0x0000, 0x0000,
0x0000, 0x0000, 0x0000, 0x0000, 0x0000, 0x0000, 0x0000, 0x0000, 0x0000, 0x0000, 0x0000, 0x0000, 0x0000, 0x0000, 0x0000, 0x0000,
0x0000, 0x0000, 0x0000, 0x0000, 0x0000, 0x0000, 0x0000, 0x0000, 0x0000, 0x0000, 0x0000, 0x0000, 0x0000, 0x0000, 0x0000, 0x0000,
0x0000, 0x0000, 0x0000, 0x0000, 0x0000, 0x0000, 0x0000, 0x0000, 0x0000, 0x0000, 0x0000, 0x0000, 0x0000, 0x0000, 0x0000, 0x0000,
0x0000, 0x0000, 0x0000, 0x0000, 0x0000, 0x0000, 0x0000, 0x0000, 0x0000, 0x0000, 0x0000, 0x0000, 0x0000, 0x0000, 0x0000, 0x0000,
0x0000, 0x0000, 0x0000, 0x0000, 0x0000, 0x0000, 0x0000, 0x0000, 0x0000, 0x0000, 0x0000, 0x0000, 0x0000, 0x0000, 0x0000, 0x0000,
0x0000, 0x0000, 0x0000, 0x0000, 0x0000, 0x0000, 0x0000, 0x0000, 0x0000, 0x0000, 0x0000, 0x0000, 0x0000, 0x0000, 0x0000, 0x0000,
0x0000, 0x0000, 0x0000, 0x0000, 0x0000, 0x0000, 0x0000, 0x0000, 0x0000, 0x0000, 0x0000, 0x0000, 0x0000, 0x0000, 0x0000, 0x0000,
0x0000, 0x0000, 0x0000, 0x0000, 0x0000, 0x0000, 0x0000, 0x0000, 0x0000, 0x0000, 0x0000, 0x0000, 0x0000, 0x0000, 0x0000, 0x0000,
0x0000, 0x0000, 0x0000, 0x0000, 0x0000, 0x0000, 0x0000, 0x0000, 0x0000, 0x0000, 0x0000, 0x0000, 0x0000, 0x0000, 0x0000, 0x0000,
0x0000, 0x0000, 0x0000, 0x0000, 0x0000, 0x0000, 0x0000, 0x0000, 0x0000, 0x0000, 0x0000, 0x0000, 0x0000, 0x0000, 0x0000, 0x0000,
0x0000, 0x0000, 0x0000, 0x0000, 0x0000, 0x0000, 0x0000, 0x0000, 0x0000, 0x0000, 0x0000, 0x0000, 0x0000, 0x0000, 0x0000, 0x0000,
0x0000, 0x0000, 0x0000, 0x0000, 0x0000, 0x0000, 0x0000, 0x0000, 0x0000, 0x0000, 0x0000, 0x0000, 0x0000, 0x0000, 0x0000, 0x0000,
0x0000, 0x0000, 0x0000, 0x0000, 0x0000, 0x0000, 0x0000, 0x0000, 0x0000, 0x0000, 0x0000, 0x0000, 0x0000, 0x0000, 0x0000, 0x0000,
0x0000, 0x0000, 0x0000, 0x0000, 0x0000, 0x0000, 0x0000, 0x0000, 0x0000, 0x0000, 0x0000, 0x0000, 0x0000, 0x0000, 0x0000, 0x0000,
0x0000, 0x0000, 0x0000, 0x0000, 0x0000, 0x0000, 0x0000, 0x0000, 0x0000, 0x0000, 0x0000, 0x0000, 0x0000, 0x0000, 0x0000, 0x0000,
0x0000, 0x0000, 0x0000, 0x0000, 0x0000, 0x0000, 0x0000, 0x0000, 0x0000, 0x0000, 0x0000, 0x0000, 0x0000, 0x0000, 0x0000, 0x0000,
0x0000, 0x0000, 0x0000, 0x0000, 0x0000, 0x0000, 0x0000, 0x0000, 0x0000, 0x0000, 0x0000, 0x0000, 0x0000, 0x0000, 0x0000, 0x0000,
0x0000, 0x0000, 0x0000, 0x0000, 0x0000, 0x0000, 0x0000, 0x0000, 0x0000, 0x0000, 0x0000, 0x0000, 0x0000, 0x0000, 0x0000, 0x0000,
0x0000, 0x0000, 0x0000, 0x0000, 0x0000, 0x0000, 0x0000, 0x0000, 0x0000, 0x0000, 0x0000, 0x0000, 0x0000, 0x0000, 0x0000, 0x0000,
0x0000, 0x0000, 0x0000, 0x0000, 0x0000, 0x0000, 0x0000, 0x0000, 0x0000, 0x0000, 0x0000, 0x0000, 0x0000, 0x0000, 0x0000, 0x0000,
0x0000, 0x0000, 0x0000, 0x0000, 0x0000, 0x0000, 0x0000, 0x0000, 0x0000, 0x0000, 0x0000, 0x0000, 0x0000, 0x0000, 0x0000, 0x0000,
0x0000, 0x0000, 0x0000, 0x0000, 0x0000, 0x0000, 0x0000, 0x0000, 0x0000, 0x0000, 0x0000, 0x0000, 0x0000, 0x0000, 0x0000, 0x0000,
0x0000, 0x0000, 0x0000, 0x0000, 0x0000, 0x0000, 0x0000, 0x0000, 0x0000, 0x0000, 0x0000, 0x0000, 0x0000, 0x0000, 0x0000, 0x0000,
0x0000, 0x0000, 0x0000, 0x0000, 0x0000, 0x0000, 0x0000, 0x0000, 0x0000, 0x0000, 0x0000, 0x0000, 0x0000, 0x0000, 0x0000, 0x0000,
0x0000, 0x0000, 0x0000, 0x0000, 0x0000, 0x0000, 0x0000, 0x0000, 0x0000, 0x0000, 0x0000, 0x0000, 0x0000, 0x0000, 0x0000, 0x0000,
0x0000, 0x0000, 0x0000, 0x0000, 0x0000, 0x0000, 0x0000, 0x0000, 0x0000, 0x0000, 0x0000, 0x0000, 0x0000, 0x0000, 0x0000, 0x0000,
0x0000, 0x0000, 0x0000, 0x0000, 0x0000, 0x0000, 0x0000, 0x0000, 0x0000, 0x0000, 0x0000, 0x0000, 0x0000, 0x0000, 0x0000, 0x0000,
0x0000, 0x0000, 0x0000, 0x0000, 0x0000, 0x0000, 0x0000, 0x0000, 0x0000, 0x0000, 0x0000, 0x0000, 0x0000, 0x0000, 0x0000, 0x0000,
0x0000, 0x0000, 0x0000, 0x0000, 0x0000, 0x0000, 0x0000, 0x0000, 0x0000, 0x0000, 0x0000, 0x0000, 0x0000, 0x0000, 0x0000, 0x0000,
0x0000, 0x0000, 0x0000, 0x0000, 0x0000, 0x0000, 0x0000, 0x0000, 0x0000, 0x0000, 0x0000, 0x0000, 0x0000, 0x0000, 0x0000, 0x0000,
0x0000, 0x0000, 0x0000, 0x0000, 0x0000, 0x0000, 0x0000, 0x0000, 0x0000, 0x0000, 0x0000, 0x0000, 0x0000, 0x0000, 0x0000, 0x0000,
0x0000, 0x0000, 0x0000, 0x0000, 0x0000, 0x0000, 0x0000, 0x0000, 0x0000, 0x0000, 0x0000, 0x0000, 0x0000, 0x0000, 0x0000, 0x0000,
0x0000, 0x0000, 0x0000, 0x0000, 0x0000, 0x0000, 0x0000, 0x0000, 0x0000, 0x0000, 0x0000, 0x0000, 0x0000, 0x0000, 0x0000, 0x0000,
0x0000, 0x0000, 0x0000, 0x0000, 0x0000, 0x0000, 0x0000, 0x0000, 0x0000, 0x0000, 0x0000, 0x0000, 0x0000, 0x0000, 0x0000, 0x0000,
0x0000, 0x0000, 0x0000, 0x0000, 0x0000, 0x0000, 0x0000, 0x0000, 0x0000, 0x0000, 0x0000, 0x0000, 0x0000, 0x0000, 0x0000, 0x0000,
0x0000, 0x0000, 0x0000, 0x0000, 0x0000, 0x0000, 0x0000, 0x0000, 0x0000, 0x0000, 0x0000, 0x0000, 0x0000, 0x0000, 0x0000, 0x0000,
0x0000, 0x0000, 0x0000, 0x0000, 0x0000, 0x0000, 0x0000, 0x0000, 0x0000, 0x0000, 0x0000, 0x0000, 0x0000, 0x0000, 0x0000, 0x0000,
0x0000, 0x0000, 0x0000, 0x0000, 0x0000, 0x0000, 0x0000, 0x0000, 0x0000, 0x0000, 0x0000, 0x0000, 0x0000, 0x0000, 0x0000, 0x0000,
0x0000, 0x0000, 0x0000, 0x0000, 0x0000, 0x0000, 0x0000, 0x0000, 0x0000, 0x0000, 0x0000, 0x0000, 0x0000, 0x0000, 0x0000, 0x0000,
0x0000, 0x0000, 0x0000, 0x0000, 0x0000, 0x0000, 0x0000, 0x0000, 0x0000, 0x0000, 0x0000, 0x0000, 0x0000, 0x0000, 0x0000, 0x0000,
0x0000, 0x0000, 0x0000, 0x0000, 0x0000, 0x0000, 0x0000, 0x0000, 0x0000, 0x0000, 0x0000, 0x0000, 0x0000, 0x0000, 0x0000, 0x0000,
0x0000, 0x0000, 0x0000, 0x0000, 0x0000, 0x0000, 0x0000, 0x0000, 0x0000, 0x0000, 0x0000, 0x0000, 0x0000, 0x0000, 0x0000, 0x0000,
0x0000, 0x0000, 0x0000, 0x0000, 0x0000, 0x0000, 0x0000, 0x0000, 0x0000, 0x0000, 0x0000, 0x0000, 0x0000, 0x0000, 0x0000, 0x0000,
0x0000, 0x0000, 0x0000, 0x0000, 0x0000, 0x0000, 0x0000, 0x0000, 0x0000, 0x0000, 0x0000, 0x0000, 0x0000, 0x0000, 0x0000, 0x0000,
0x0000, 0x0000, 0x0000, 0x0000, 0x0000, 0x0000, 0x0000, 0x0000, 0x0000, 0x0000, 0x0000, 0x0000, 0x0000, 0x0000, 0x0000, 0x0000,
0x0000, 0x0000, 0x0000, 0x0000, 0x0000, 0x0000, 0x0000, 0x0000, 0x0000, 0x0000, 0x0000, 0x0000, 0x0000, 0x0000, 0x0000, 0x0000,
0x0000, 0x0000, 0x0000, 0x0000, 0x0000, 0x0000, 0x0000, 0x0000, 0x0000, 0x0000, 0x0000, 0x0000, 0x0000, 0x0000, 0x0000, 0x0000,
0x0000, 0x0000, 0x0000, 0x0000, 0x0000, 0x0000, 0x0000, 0x0000, 0x0000, 0x0000, 0x0000, 0x0000, 0x0000, 0x0000, 0x0000, 0x0000,
0x0000, 0x0000, 0x0000, 0x0000, 0x0000, 0x0000, 0x0000, 0x0000, 0x0000, 0x0000, 0x0000, 0x0000, 0x0000, 0x0000, 0x0000, 0x0000,
0x0000, 0x0000, 0x0000, 0x0000, 0x0000, 0x0000, 0x0000, 0x0000, 0x0000, 0x0000, 0x0000, 0x0000, 0x0000, 0x0000, 0x0000, 0x0000,
0x0000, 0x0000, 0x0000, 0x0000, 0x0000, 0x0000, 0x0000, 0x0000, 0x0000, 0x0000, 0x0000, 0x0000, 0x0000, 0x0000, 0x0000, 0x0000,
0x0000, 0x0000, 0x0000, 0x0000, 0x0000, 0x0000, 0x0000, 0x0000, 0x0000, 0x0000, 0x0000, 0x0000, 0x0000, 0x0000, 0x0000, 0x0000,
0x0000, 0x0000, 0x0000, 0x0000, 0x0000, 0x0000, 0x0000, 0x0000, 0x0000, 0x0000, 0x0000, 0x0000, 0x0000, 0x0000, 0x0000, 0x0000,
0x0000, 0x0000, 0x0000, 0x0000, 0x0000, 0x0000, 0x0000, 0x0000, 0x0000, 0x0000, 0x0000, 0x0000, 0x0000, 0x0000, 0x0000, 0x0000,
0x0000, 0x0000, 0x0000, 0x0000, 0x0000, 0x0000, 0x0000, 0x0000, 0x0000, 0x0000, 0x0000, 0x0000, 0x0000, 0x0000, 0x0000, 0x0000,
0x0000, 0x0000, 0x0000, 0x0000, 0x0000, 0x0000, 0x0000, 0x0000, 0x0000, 0x0000, 0x0000, 0x0000, 0x0000, 0x0000, 0x0000, 0x0000,
0x0000, 0x0000, 0x0000, 0x0000, 0x0000, 0x0000, 0x0000, 0x0000, 0x0000, 0x0000, 0x0000, 0x0000, 0x0000, 0x0000, 0x0000, 0x0000,
0x0000, 0x0000, 0x0000, 0x0000, 0x0000, 0x0000, 0x0000, 0x0000, 0x0000, 0x0000, 0x0000, 0x0000, 0x0000, 0x0000, 0x0000, 0x0000,
0x0000, 0x0000, 0x0000, 0x0000, 0x0000, 0x0000, 0x0000, 0x0000, 0x0000, 0x0000, 0x0000, 0x0000, 0x0000, 0x0000, 0x0000, 0x0000,
0x0000, 0x0000, 0x0000, 0x0000, 0x0000, 0x0000, 0x0000, 0x0000, 0x0000, 0x0000, 0x0000, 0x0000, 0x0000, 0x0000, 0x0000, 0x0000,
0x0000, 0x0000, 0x0000, 0x0000, 0x0000, 0x0000, 0x0000, 0x0000, 0x0000, 0x0000, 0x0000, 0x0000, 0x0000, 0x0000, 0x0000, 0x0000,
0x0000, 0x0000, 0x0000, 0x0000, 0x0000, 0x0000, 0x0000, 0x0000, 0x0000, 0x0000, 0x0000, 0x0000, 0x0000, 0x0000, 0x0000, 0x0000,
0x0000, 0x0000, 0x0000, 0x0000, 0x0000, 0x0000, 0x0000, 0x0000, 0x0000, 0x0000, 0x0000, 0x0000, 0x0000, 0x0000, 0x0000, 0x0000,
0x0000, 0x0000, 0x0000, 0x0000, 0x0000, 0x0000, 0x0000, 0x0000, 0x0000, 0x0000, 0x0000, 0x0000, 0x0000, 0x0000, 0x0000, 0x0000,
0x0000, 0x0000, 0x0000, 0x0000, 0x0000, 0x0000, 0x0000, 0x0000, 0x0000, 0x0000, 0x0000, 0x0000, 0x0000, 0x0000, 0x0000, 0x0000,
0x0000, 0x0000, 0x0000, 0x0000, 0x0000, 0x0000, 0x0000, 0x0000, 0x0000, 0x0000, 0x0000, 0x0000, 0x0000, 0x0000, 0x0000, 0x0000,
0x0000, 0x0000, 0x0000, 0x0000, 0x0000, 0x0000, 0x0000, 0x0000, 0x0000, 0x0000, 0x0000, 0x0000, 0x0000, 0x0000, 0x0000, 0x0000,
0x0000, 0x0000, 0x0000, 0x0000, 0x0000, 0x0000, 0x0000, 0x0000, 0x0000, 0x0000, 0x0000, 0x0000, 0x0000, 0x0000, 0x0000, 0x0000,
0x0000, 0x0000, 0x0000, 0x0000, 0x0000, 0x0000, 0x0000, 0x0000, 0x0000, 0x0000, 0x0000, 0x0000, 0x0000, 0x0000, 0x0000, 0x0000,
0x0000, 0x0000, 0x0000, 0x0000, 0x0000, 0x0000, 0x0000, 0x0000, 0x0000, 0x0000, 0x0000, 0x0000, 0x0000, 0x0000, 0x0000, 0x0000,
0x0000, 0x0000, 0x0000, 0x0000, 0x0000, 0x0000, 0x0000, 0x0000, 0x0000, 0x0000, 0x0000, 0x0000, 0x0000, 0x0000, 0x0000, 0x0000,
0x0000, 0x0000, 0x0000, 0x0000, 0x0000, 0x0000, 0x0000, 0x0000, 0x0000, 0x0000, 0x0000, 0x0000, 0x0000, 0x0000, 0x0000, 0x0000,
0x0000, 0x0000, 0x0000, 0x0000, 0x0000, 0x0000, 0x0000, 0x0000, 0x0000, 0x0000, 0x0000, 0x0000, 0x0000, 0x0000, 0x0000, 0x0000,
0x0000, 0x0000, 0x0000, 0x0000, 0x0000, 0x0000, 0x0000, 0x0000, 0x0000, 0x0000, 0x0000, 0x0000, 0x0000, 0x0000, 0x0000, 0x0000,
0x0000, 0x0000, 0x0000, 0x0000, 0x0000, 0x0000, 0x0000, 0x0000, 0x0000, 0x0000, 0x0000, 0x0000, 0x0000, 0x0000, 0x0000, 0x0000,
0x0000, 0x0000, 0x0000, 0x0000, 0x0000, 0x0000, 0x0000, 0x0000, 0x0000, 0x0000, 0x0000, 0x0000, 0x0000, 0x0000, 0x0000, 0x0000,
0x0000, 0x0000, 0x0000, 0x0000, 0x0000, 0x0000, 0x0000, 0x0000, 0x0000, 0x0000, 0x0000, 0x0000, 0x0000, 0x0000, 0x0000, 0x0000,
0x0000, 0x0000, 0x0000, 0x0000, 0x0000, 0x0000, 0x0000, 0x0000, 0x0000, 0x0000, 0x0000, 0x0000, 0x0000, 0x0000, 0x0000, 0x0000,
0x0000, 0x0000, 0x0000, 0x0000, 0x0000, 0x0000, 0x0000, 0x0000, 0x0000, 0x0000, 0x0000, 0x0000, 0x0000, 0x0000, 0x0000, 0x0000,
0x0000, 0x0000, 0x0000, 0x0000, 0x0000, 0x0000, 0x0000, 0x0000, 0x0000, 0x8C51, 0xEF5D, 0x3186, 0x0000, 0x7BCF, 0xEF5D, 0x7BEF,
0x0000, 0x2965, 0xEF5D, 0x8C71, 0x1082, 0xEF5D, 0xBDF7, 0x0000, 0x632C, 0xEF5D, 0xEF5D, 0xEF5D, 0xEF5D, 0xEF5D, 0xA514, 0x0000,
0x0000, 0x6B4D, 0xEF5D, 0xEF5D, 0x2945, 0x0000, 0x0000, 0x1082, 0xEF5D, 0xEF5D, 0xEF5D, 0xDEDB, 0x94B2, 0x0020, 0x1082, 0xEF5D,
0xEF5D, 0xE73C, 0xD6BA, 0xA534, 0x3186, 0x0000, 0x0000, 0x0000, 0x0000, 0x0000, 0x1082, 0xEF5D, 0xEF5D, 0x4228, 0x0000, 0x4A69,
0xEF5D, 0x6B4D, 0x0000, 0x1082, 0xEF5D, 0xBDF7, 0x1082, 0xEF5D, 0xBDF7, 0x0000, 0x2104, 0xCE79, 0xDEFB, 0x31A6, 0x1082, 0xEF5D,
0xBDF7, 0x0000, 0x0000, 0x632C, 0xEF5D, 0x6B4D, 0x1082, 0xEF5D, 0xBDF7, 0x0000, 0x1082, 0xEF5D, 0xBDF7, 0x0000, 0x0000, 0x0000,
0x0000, 0x0000, 0x0000, 0x0000, 0x0000, 0x0000, 0x0000, 0x0000, 0x0000, 0x0000, 0x0000, 0x0000, 0x0000, 0x0000, 0x0000, 0x0000,
0x0000, 0x0000, 0x0000, 0x0000, 0x0000, 0x0000, 0x0000, 0x0000, 0x0000, 0x0000, 0x0000, 0x0000, 0x0000, 0x0000, 0x0000, 0x0000,
0x0000, 0x0000, 0x0000, 0x0000, 0x0000, 0x0000, 0x0000, 0x0000, 0x0000, 0x0000, 0x0000, 0x0000, 0x0000, 0x0000, 0x0000, 0x0000,
0x4A69, 0xEF5D, 0x6B6D, 0x0000, 0xB596, 0xE73C, 0xBDD7, 0x0000, 0x632C, 0xEF5D, 0x528A, 0x1082, 0xEF5D, 0xBDF7, 0x0000, 0x0000,
0x0000, 0x0000, 0x18E3, 0xDEDB, 0xEF5D, 0x5AEB, 0x0000, 0x0000, 0xC618, 0xD6BA, 0xEF5D, 0x8430, 0x0000, 0x0000, 0x1082, 0xEF5D,
0xBDF7, 0x0000, 0x8430, 0xEF5D, 0x632C, 0x1082, 0xEF5D, 0xBDF7, 0x0020, 0x31A6, 0xCE59, 0xE73C, 0x2965, 0x0000, 0x0000, 0x0000,
0x0000, 0x1082, 0xEF5D, 0xEF5D, 0xC618, 0x0000, 0x4A69, 0xEF5D, 0x6B4D, 0x0000, 0x1082, 0xEF5D, 0xBDF7, 0x1082, 0xEF5D, 0xBDF7,
0x2945, 0xD6BA, 0xDEDB, 0x2965, 0x0000, 0x1082, 0xEF5D, 0xBDF7, 0x0000, 0x0000, 0x632C, 0xEF5D, 0x6B4D, 0x1082, 0xEF5D, 0xBDF7,
0x0000, 0x1082, 0xEF5D, 0xBDF7, 0x0000, 0x0000, 0x0000, 0x0000, 0x0000, 0x0000, 0x0000, 0x0000, 0x0000, 0x0000, 0x0000, 0x0000,
0x0000, 0x0000, 0x0000, 0x0000, 0x0000, 0x0000, 0x0000, 0x0000, 0x0000, 0x0000, 0x0000, 0x0000, 0x0000, 0x0000, 0x0000, 0x0000,
0x0000, 0x0000, 0x0000, 0x0000, 0x0000, 0x0000, 0x0000, 0x0000, 0x0000, 0x0000, 0x0000, 0x0000, 0x0000, 0x0000, 0x0000, 0x0000,
0x0000, 0x0000, 0x0000, 0x0000, 0x0000, 0x0000, 0x0000, 0x10A2, 0xEF5D, 0xAD55, 0x0020, 0xE73C, 0x8C71, 0xE73C, 0x0841, 0xA514,
0xEF5D, 0x18C3, 0x1082, 0xEF5D, 0xBDF7, 0x0000, 0x0000, 0x0000, 0x0841, 0xBDF7, 0xEF5D, 0x8C71, 0x0000, 0x0000, 0x3186, 0xEF5D,
0x6B6D, 0xAD55, 0xDEDB, 0x0020, 0x0000, 0x1082, 0xEF5D, 0xBDF7, 0x0000, 0x4A69, 0xEF5D, 0x7BEF, 0x1082, 0xEF5D, 0xBDF7, 0x0000,
0x0000, 0x4A69, 0xEF5D, 0x8C71, 0x0000, 0x0000, 0x0000, 0x0000, 0x1082, 0xEF5D, 0xC638, 0xE73C, 0x5AEB, 0x4A69, 0xEF5D, 0x6B4D,
0x0000, 0x1082, 0xEF5D, 0xBDF7, 0x1082, 0xEF5D, 0xD6BA, 0xDEDB, 0xD69A, 0x2124, 0x0000, 0x0000, 0x1082, 0xEF5D, 0xBDF7, 0x0000,
0x0000, 0x632C, 0xEF5D, 0x6B4D, 0x1082, 0xEF5D, 0xBDF7, 0x0000, 0x1082, 0xEF5D, 0xBDF7, 0x0000, 0x0000, 0x0000, 0x0000, 0x0000,
0x0000, 0x0000, 0x0000, 0x0000, 0x0000, 0x0000, 0x0000, 0x0000, 0x0000, 0x0000, 0x0000, 0x0000, 0x0000, 0x0000, 0x0000, 0x0000,
0x0000, 0x0000, 0x0000, 0x0000, 0x0000, 0x0000, 0x0000, 0x0000, 0x0000, 0x0000, 0x0000, 0x0000, 0x0000, 0x0000, 0x0000, 0x0000,
0x0000, 0x0000, 0x0000, 0x0000, 0x0000, 0x0000, 0x0000, 0x0000, 0x0000, 0x0000, 0x0000, 0x0000, 0x0000, 0x0000, 0x0000, 0xC638,
0xDEFB, 0x39E7, 0xEF5D, 0x18E3, 0xEF5D, 0x4208, 0xDEDB, 0xCE59, 0x0000, 0x1082, 0xEF5D, 0xBDF7, 0x0000, 0x0000, 0x0000, 0x9CD3,
0xEF5D, 0xB5B6, 0x0020, 0x0000, 0x0000, 0x8C71, 0xE73C, 0x10A2, 0x4A69, 0xEF5D, 0x4A69, 0x0000, 0x1082, 0xEF5D, 0xBDF7, 0x0000,
0x8430, 0xEF5D, 0x4228, 0x1082, 0xEF5D, 0xBDF7, 0x0000, 0x0000, 0x2965, 0xEF5D, 0xAD75, 0x0000, 0x0000, 0x0000, 0x0000, 0x1082,
0xEF5D, 0xA534, 0x8C51, 0xD6BA, 0x5ACB, 0xEF5D, 0x6B4D, 0x0000, 0x1082, 0xEF5D, 0xBDF7, 0x1082, 0xEF5D, 0xEF5D, 0xEF5D, 0x738E,
0x0000, 0x0000, 0x0000, 0x1082, 0xEF5D, 0xEF5D, 0xEF5D, 0xEF5D, 0xEF5D, 0xEF5D, 0x6B4D, 0x1082, 0xEF5D, 0xBDF7, 0x0000, 0x1082,
0xEF5D, 0xBDF7, 0x0000, 0x0000, 0x0000, 0x0000, 0x0000, 0x0000, 0x0000, 0x0000, 0x0000, 0x0000, 0x0000, 0x0000, 0x0000, 0x0000,
0x0000, 0x0000, 0x0000, 0x0000, 0x0000, 0x0000, 0x0000, 0x0000, 0x0000, 0x0000, 0x0000, 0x0000, 0x0000, 0x0000, 0x0000, 0x0000,
0x0000, 0x0000, 0x0000, 0x0000, 0x0000, 0x0000, 0x0000, 0x0000, 0x0000, 0x0000, 0x0000, 0x0000, 0x0000, 0x0000, 0x0000, 0x0000,
0x0000, 0x0000, 0x0000, 0x0000, 0x0000, 0x0000, 0x8C51, 0xEF5D, 0xA534, 0xC618, 0x0000, 0xBDD7, 0xA534, 0xEF5D, 0x9492, 0x0000,
0x1082, 0xEF5D, 0xBDF7, 0x0000, 0x0000, 0x6B6D, 0xEF5D, 0xD69A, 0x10A2, 0x0000, 0x0000, 0x0841, 0xDEFB, 0xEF5D, 0xEF5D, 0xEF5D,
0xEF5D, 0xAD55, 0x0000, 0x1082, 0xEF5D, 0xEF5D, 0xEF5D, 0xEF5D, 0x9CD3, 0x0000, 0x1082, 0xEF5D, 0xBDF7, 0x0000, 0x0000, 0x528A,
0xEF5D, 0x8C71, 0x0000, 0x0000, 0x0000, 0x0000, 0x1082, 0xEF5D, 0xA534, 0x1082, 0xDEFB, 0xC618, 0xEF5D, 0x6B4D, 0x0000, 0x1082,
0xEF5D, 0xBDF7, 0x1082, 0xEF5D, 0xCE79, 0xC638, 0xEF5D, 0x632C, 0x0000, 0x0000, 0x1082, 0xEF5D, 0xBDF7, 0x0000, 0x0000, 0x632C,
0xEF5D, 0x6B4D, 0x1082, 0xEF5D, 0xBDF7, 0x0000, 0x1082, 0xEF5D, 0xBDF7, 0x0000, 0x0000, 0x0000, 0x0000, 0x0000, 0x0000, 0x0000,
0x0000, 0x0000, 0x0000, 0x0000, 0x0000, 0x0000, 0x0000, 0x0000, 0x0000, 0x0000, 0x0000, 0x0000, 0x0000, 0x0000, 0x0000, 0x0000,
0x0000, 0x0000, 0x0000, 0x0000, 0x0000, 0x0000, 0x0000, 0x0000, 0x0000, 0x0000, 0x0000, 0x0000, 0x0000, 0x0000, 0x0000, 0x0000,
0x0000, 0x0000, 0x0000, 0x0000, 0x0000, 0x0000, 0x0000, 0x0000, 0x0000, 0x0000, 0x0000, 0x0000, 0x0000, 0x528A, 0xEF5D, 0xEF5D,
0x8430, 0x0000, 0x8410, 0xEF5D, 0xEF5D, 0x52AA, 0x0000, 0x1082, 0xEF5D, 0xBDF7, 0x0000, 0x4208, 0xEF5D, 0xE73C, 0x3186, 0x0000,
0x0000, 0x0000, 0x5ACB, 0xEF5D, 0x4208, 0x0000, 0x0000, 0x8410, 0xEF5D, 0x18C3, 0x1082, 0xEF5D, 0xBDF7, 0x0841, 0x8C71, 0xEF5D,
0x6B6D, 0x1082, 0xEF5D, 0xBDF7, 0x0020, 0x31A6, 0xCE59, 0xE73C, 0x2965, 0x0000, 0x0000, 0x0000, 0x0000, 0x1082, 0xEF5D, 0xA534,
0x0000, 0x738E, 0xEF5D, 0xEF5D, 0x6B4D, 0x0000, 0x1082, 0xEF5D, 0xBDF7, 0x1082, 0xEF5D, 0xBDF7, 0x1082, 0xBDF7, 0xEF5D, 0x738E,
0x0000, 0x1082, 0xEF5D, 0xBDF7, 0x0000, 0x0000, 0x632C, 0xEF5D, 0x6B4D, 0x1082, 0xEF5D, 0xBDF7, 0x0000, 0x1082, 0xEF5D, 0xBDF7,
0x0000, 0x0000, 0x0000, 0x0000, 0x0000, 0x0000, 0x0000, 0x0000, 0x0000, 0x0000, 0x0000, 0x0000, 0x0000, 0x0000, 0x0000, 0x0000,
0x0000, 0x0000, 0x0000, 0x0000, 0x0000, 0x0000, 0x0000, 0x0000, 0x0000, 0x0000, 0x0000, 0x0000, 0x0000, 0x0000, 0x0000, 0x0000,
0x0000, 0x0000, 0x0000, 0x0000, 0x0000, 0x0000, 0x0000, 0x0000, 0x0000, 0x0000, 0x0000, 0x0000, 0x0000, 0x0000, 0x0000, 0x0000,
0x0000, 0x0000, 0x0000, 0x0000, 0x10A2, 0xEF5D, 0xEF5D, 0x4A69, 0x0000, 0x4228, 0xEF5D, 0xEF5D, 0x18E3, 0x0000, 0x1082, 0xEF5D,
0xBDF7, 0x0000, 0x8410, 0xEF5D, 0xEF5D, 0xEF5D, 0xEF5D, 0xEF5D, 0xBDF7, 0xB5B6, 0xEF5D, 0x0861, 0x0000, 0x0000, 0x4A49, 0xEF5D,
0x73AE, 0x1082, 0xEF5D, 0xBDF7, 0x0000, 0x0020, 0xC618, 0xE73C, 0x39C7, 0xEF5D, 0xEF5D, 0xE73C, 0xD6BA, 0xA534, 0x3186, 0x0000,
0x0000, 0x0000, 0x0000, 0x0000, 0x1082, 0xEF5D, 0xA534, 0x0000, 0x0020, 0xD69A, 0xEF5D, 0x6B4D, 0x0000, 0x1082, 0xEF5D, 0xBDF7,
0x1082, 0xEF5D, 0xBDF7, 0x0000, 0x0861, 0xB5B6, 0xEF5D, 0x7BCF, 0x1082, 0xEF5D, 0xBDF7, 0x0000, 0x0000, 0x632C, 0xEF5D, 0x6B4D,
0x1082, 0xEF5D, 0xBDF7, 0x0000, 0x1082, 0xEF5D, 0xEF5D, 0xEF5D, 0xEF5D, 0xEF5D, 0x10A2, 0x0000, 0x0000, 0x0000, 0x0000, 0x0000,
0x0000, 0x0000, 0x0000, 0x0000, 0x0000, 0x0000, 0x0000, 0x0000, 0x0000, 0x0000, 0x0000, 0x0000, 0x0000, 0x0000, 0x0000, 0x0000,
0x0000, 0x0000, 0x0000, 0x0000, 0x0000, 0x0000, 0x0000, 0x0000, 0x0000, 0x0000, 0x0000, 0x0000, 0x0000, 0x0000, 0x0000, 0x0000,
0x0000, 0x0000, 0x0000, 0x0000, 0x0000, 0x0000, 0x0000, 0x0000, 0x0000, 0x0000, 0x0000, 0x0000, 0x0000, 0x0000, 0x0000, 0x0000,
0x0000, 0x0000, 0x0000, 0x0000, 0x0000, 0x0000, 0x0000, 0x0000, 0x0000, 0x0000, 0x0000, 0x0000, 0x0000, 0x0000, 0x0000, 0x0000,
0x0000, 0x0000, 0x0000, 0x0000, 0x0000, 0x0000, 0x0000, 0x0000, 0x0000, 0x0000, 0x0000, 0x0000, 0x0000, 0x0000, 0x0000, 0x0000,
0x0000, 0x0000, 0x0000, 0x0000, 0x0000, 0x0000, 0x0000, 0x0000, 0x0000, 0x0000, 0x0000, 0x0000, 0x0000, 0x0000, 0x0000, 0x0000,
0x0000, 0x0000, 0x0000, 0x0000, 0x0000, 0x0000, 0x0000, 0x0000, 0x0000, 0x0000, 0x0000, 0x0000, 0x0000, 0x0000, 0x0000, 0x0000,
0x0000, 0x0000, 0x0000, 0x0000, 0x0000, 0x0000, 0x0000, 0x0000, 0x0000, 0x0000, 0x0000, 0x0000, 0x0000, 0x0000, 0x0000, 0x0000,
0x0000, 0x0000, 0x0000, 0x0000, 0x0000, 0x0000, 0x0000, 0x0000, 0x0000, 0x0000, 0x0000, 0x0000, 0x0000, 0x0000, 0x0000, 0x0000,
0x0000, 0x0000, 0x0000, 0x0000, 0x0000, 0x0000, 0x0000, 0x0000, 0x0000, 0x0000, 0x0000, 0x0000, 0x0000, 0x0000, 0x0000, 0x0000,
0x0000, 0x0000, 0x0000, 0x0000, 0x0000, 0x0000, 0x0000, 0x0000, 0x0000, 0x0000, 0x0000, 0x0000, 0x0000, 0x0000, 0x0000, 0x0000,
0x0000, 0x0000, 0x0000, 0x0000, 0x0000, 0x0000, 0x0000, 0x0000, 0x0000, 0x0000, 0x0000, 0x0000, 0x0000, 0x0000, 0x0000, 0x0000,
0x0000, 0x0000, 0x0000, 0x0000, 0x0000, 0x0000, 0x0000, 0x0000, 0x0000, 0x0000, 0x0000, 0x0000, 0x0000, 0x0000, 0x0000, 0x0000,
0x0000, 0x0000, 0x0000, 0x0000, 0x0000, 0x0000, 0x0000, 0x0000, 0x0000, 0x0000, 0x0000, 0x0000, 0x0000, 0x0000, 0x0000, 0x0000,
0x0000, 0x0000, 0x0000, 0x0000, 0x0000, 0x0000, 0x0000, 0x0000, 0x0000, 0x0000, 0x0000, 0x0000, 0x0000, 0x0000, 0x0000, 0x0000,
0x0000, 0x0000, 0x0000, 0x0000, 0x0000, 0x0000, 0x0000, 0x0000, 0x0000, 0x0000, 0x0000, 0x0000, 0x0000, 0x0000, 0x0000, 0x0000,
0x0000, 0x0000, 0x0000, 0x0000, 0x0000, 0x0000, 0x0000, 0x0000, 0x0000, 0x0000, 0x0000, 0x0000, 0x0000, 0x0000, 0x0000, 0x0000,
0x0000, 0x0000, 0x0000, 0x0000, 0x0000, 0x0000, 0x0000, 0x0000, 0x0000, 0x0000, 0x0000, 0x0000, 0x0000, 0x0000, 0x0000, 0x0000,
0x0000, 0x0000, 0x0000, 0x0000, 0x0000, 0x0000, 0x0000, 0x0000, 0x0000, 0x0000, 0x0000, 0x0000, 0x0000, 0x0000, 0x0000, 0x0000,
0x0000, 0x0000, 0x0000, 0x0000, 0x0000, 0x0000, 0x0000, 0x0000, 0x0000, 0x0000, 0x0000, 0x0000, 0x0000, 0x0000, 0x0000, 0x0000,
0x0000, 0x0000, 0x0000, 0x0000, 0x0000, 0x0000, 0x0000, 0x0000, 0x0000, 0x0000, 0x0000, 0x0000, 0x0000, 0x0000, 0x0000, 0x0000,
0x0000, 0x0000, 0x0000, 0x0000, 0x0000, 0x0000, 0x0000, 0x0000, 0x0000, 0x0000, 0x0000, 0x0000, 0x0000, 0x0000, 0x0000, 0x0000,
0x0000, 0x0000, 0x0000, 0x0000, 0x0000, 0x0000, 0x0000, 0x0000, 0x0000, 0x0000, 0x0000, 0x0000, 0x0000, 0x0000, 0x0000, 0x0000,
0x0000, 0x0000, 0x0000, 0x0000, 0x0000, 0x0000, 0x0000, 0x0000, 0x0000, 0x0000, 0x0000, 0x0000, 0x0000, 0x0000, 0x0000, 0x0000,
0x0000, 0x0000, 0x0000, 0x0000, 0x0000, 0x0000, 0x0000, 0x0000, 0x0000, 0x0000, 0x0000, 0x0000, 0x0000, 0x0000, 0x0000, 0x0000,
0x0000, 0x0000, 0x0000, 0x0000, 0x0000, 0x0000, 0x0000, 0x0000, 0x0000, 0x0000, 0x0000, 0x0000, 0x0000, 0x0000, 0x0000, 0x0000,
0x0000, 0x0000, 0x0000, 0x0000, 0x0000, 0x0000, 0x0000, 0x0000, 0x0000, 0x0000, 0x0000, 0x0000, 0x0000, 0x0000, 0x0000, 0x0000,
0x0000, 0x0000, 0x0000, 0x0000, 0x0000, 0x0000, 0x0000, 0x0000, 0x0000, 0x0000, 0x0000, 0x0000, 0x0000, 0x0000, 0x0000, 0x0000,
0x0000, 0x0000, 0x0000, 0x0000, 0x0000, 0x0000, 0x0000, 0x0000, 0x0000, 0x0000, 0x0000, 0x0000, 0x0000, 0x0000, 0x0000, 0x0000,
0x0000, 0x0000, 0x0000, 0x0000, 0x0000, 0x0000, 0x0000, 0x0000, 0x0000, 0x0000, 0x0000, 0x0000, 0x0000, 0x0000, 0x0000, 0x0000,
0x0000, 0x0000, 0x0000, 0x0000, 0x0000, 0x0000, 0x0000, 0x0000, 0x0000, 0x0000, 0x0000, 0x0000, 0x0000, 0x0000, 0x0000, 0x0000,
0x0000, 0x0000, 0x0000, 0x0000, 0x0000, 0x0000, 0x0000, 0x0000, 0x0000, 0x0000, 0x0000, 0x0000, 0x0000, 0x0000, 0x0000, 0x0000,
0x0000, 0x0000, 0x0000, 0x0000, 0x0000, 0x0000, 0x0000, 0x0000, 0x0000, 0x0000, 0x0000, 0x0000, 0x0000, 0x0000, 0x0000, 0x0000,
0x0000, 0x0000, 0x0000, 0x0000, 0x0000, 0x0000, 0x0000, 0x0000, 0x0000, 0x0000, 0x0000, 0x0000, 0x0000, 0x0000, 0x0000, 0x0000,
0x0000, 0x0000, 0x0000, 0x0000, 0x0000, 0x0000, 0x0000, 0x0000, 0x0000, 0x0000, 0x0000, 0x0000, 0x0000, 0x0000, 0x0000, 0x0000,
0x0000, 0x0000, 0x0000, 0x0000, 0x0000, 0x0000, 0x0000, 0x0000, 0x0000, 0x0000, 0x0000, 0x0000, 0x0000, 0x0000, 0x0000, 0x0000,
0x0000, 0x0000, 0x0000, 0x0000, 0x0000, 0x0000, 0x0000, 0x0000, 0x0000, 0x0000, 0x0000, 0x0000, 0x0000, 0x0000, 0x0000, 0x0000,
0x0000, 0x0000, 0x0000, 0x0000, 0x0000, 0x0000, 0x0000, 0x0000, 0x0000, 0x0000, 0x0000, 0x0000, 0x0000, 0x0000, 0x0000, 0x0000,
0x0000, 0x0000, 0x0000, 0x0000, 0x0000, 0x0000, 0x0000, 0x0000, 0x0000, 0x0000, 0x0000, 0x0000, 0x0000, 0x0000, 0x0000, 0x0000,
0x0000, 0x0000, 0x0000, 0x0000, 0x0000, 0x0000, 0x0000, 0x0000, 0x0000, 0x0000, 0x0000, 0x0000, 0x0000, 0x0000, 0x0000, 0x0000,
0x0000, 0x0000, 0x0000, 0x0000, 0x0000, 0x0000, 0x0000, 0x0000, 0x0000, 0x0000, 0x0000, 0x0000, 0x0000, 0x0000, 0x0000, 0x0000,
0x0000, 0x0000, 0x0000, 0x0000, 0x0000, 0x0000, 0x0000, 0x0000, 0x0000, 0x0000, 0x0000, 0x0000, 0x0000, 0x0000, 0x0000, 0x0000,
0x0000, 0x0000, 0x0000, 0x0000, 0x0000, 0x0000, 0x0000, 0x0000, 0x0000, 0x0000, 0x0000, 0x0000, 0x0000, 0x0000, 0x0000, 0x0000,
0x0000, 0x0000, 0x0000, 0x0000, 0x0000, 0x0000, 0x0000, 0x0000, 0x0000, 0x0000, 0x0000, 0x0000, 0x0000, 0x0000, 0x0000, 0x0000,
0x0000, 0x0000, 0x0000, 0x0000, 0x0000, 0x0000, 0x0000, 0x0000, 0x0000, 0x0000, 0x0000, 0x0000, 0x0000, 0x0000, 0x0000, 0x0000,
0x0000, 0x0000, 0x0000, 0x0000, 0x0000, 0x0000, 0x0000, 0x0000, 0x0000, 0x0000, 0x0000, 0x0000, 0x0000, 0x0000, 0x0000, 0x0000,
0x0000, 0x0000, 0x0000, 0x0000, 0x0000, 0x0000, 0x0000, 0x0000, 0x0000, 0x0000, 0x0000, 0x0000, 0x0000, 0x0000, 0x0000, 0x0000,
0x0000, 0x0000, 0x0000, 0x0000, 0x0000, 0x0000, 0x0000, 0x0000, 0x0000, 0x0000, 0x0000, 0x0000, 0x0000, 0x0000, 0x0000, 0x0000,
0x0000, 0x0000, 0x0000, 0x0000, 0x0000, 0x0000, 0x0000, 0x0000, 0x0000, 0x0000, 0x0000, 0x0000, 0x0000, 0x0000, 0x0000, 0x0000,
0x0000, 0x0000, 0x0000, 0x0000, 0x0000, 0x0000, 0x0000, 0x0000, 0x0000, 0x0000, 0x0000, 0x0000, 0x0000, 0x0000, 0x0000, 0x0000,
0x0000, 0x0000, 0x0000, 0x0000, 0x0000, 0x0000, 0x0000, 0x0000, 0x0000, 0x0000, 0x0000, 0x0000, 0x0000, 0x0000, 0x0000, 0x0000,
0x0000, 0x0000, 0x0000, 0x0000, 0x0000, 0x0000, 0x0000, 0x0000, 0x0000, 0x0000, 0x0000, 0x0000, 0x0000, 0x0000, 0x0000, 0x0000,
0x0000, 0x0000, 0x0000, 0x0000, 0x0000, 0x0000, 0x0000, 0x0000, 0x0000, 0x0000, 0x0000, 0x0000, 0x0000, 0x0000, 0x0000, 0x0000,
0x0000, 0x0000, 0x0000, 0x0000, 0x0000, 0x0000, 0x0000, 0x0000, 0x0000, 0x0000, 0x0000, 0x0000, 0x0000, 0x0000, 0x0000, 0x0000,
0x0000, 0x0000, 0x0000, 0x0000, 0x0000, 0x0000, 0x0000, 0x0000, 0x0000, 0x0000, 0x0000, 0x0000, 0x0000, 0x0000, 0x0000, 0x0000,
0x0000, 0x0000, 0x0000, 0x0000, 0x0000, 0x0000, 0x0000, 0x0000, 0x0000, 0x0000, 0x0000, 0x0000, 0x0000, 0x0000, 0x0000, 0x0000,
0x0000, 0x0000, 0x0000, 0x0000, 0x0000, 0x0000, 0x0000, 0x0000, 0x0000, 0x0000, 0x0000, 0x0000, 0x0000, 0x0000, 0x0000, 0x0000,
0x0000, 0x0000, 0x0000, 0x0000, 0x0000, 0x0000, 0x0000, 0x0000, 0x0000, 0x0000, 0x0000, 0x0000, 0x0000, 0x0000, 0x0000, 0x0000,
0x0000, 0x0000, 0x0000, 0x0000, 0x0000, 0x0000, 0x0000, 0x0000, 0x0000, 0x0000, 0x0000, 0x0000, 0x0000, 0x0000, 0x0000, 0x0000,
0x0000, 0x0000, 0x0000, 0x0000, 0x0000, 0x0000, 0x0000, 0x0000, 0x0000, 0x0000, 0x0000, 0x0000, 0x0000, 0x0000, 0x0000, 0x0000,
0x0000, 0x0000, 0x0000, 0x0000, 0x0000, 0x0000, 0x0000, 0x0000, 0x0000, 0x0000, 0x0000, 0x0000, 0x0000, 0x0000, 0x0000, 0x0000,
0x0000, 0x0000, 0x0000, 0x0000, 0x0000, 0x0000, 0x0000, 0x0000, 0x0000, 0x0000, 0x0000, 0x0000, 0x0000, 0x0000, 0x0000, 0x0000,
0x0000, 0x0000, 0x0000, 0x0000, 0x0000, 0x0000, 0x0000, 0x0000, 0x0000, 0x0000, 0x0000, 0x0000, 0x0000, 0x0000, 0x0000, 0x0000,
0x0000, 0x0000, 0x0000, 0x0000, 0x0000, 0x0000, 0x0000, 0x0000, 0x0000, 0x0000, 0x0000, 0x0000, 0x0000, 0x0000, 0x0000, 0x0000,
0x0000, 0x0000, 0x0000, 0x0000, 0x0000, 0x0000, 0x0000, 0x0000, 0x0000, 0x0000, 0x0000, 0x0000, 0x0000, 0x0000, 0x0000, 0x0000,
0x0000, 0x0000, 0x0000, 0x0000, 0x0000, 0x0000, 0x0000, 0x0000, 0x0000, 0x0000, 0x0000, 0x0000, 0x0000, 0x0000, 0x0000, 0x0000,
0x0000, 0x0000, 0x0000, 0x0000, 0x0000, 0x0000, 0x0000, 0x0000, 0x0000, 0x0000, 0x0000, 0x0000, 0x0000, 0x0000, 0x0000, 0x0000,
0x0000, 0x0000, 0x0000, 0x0000, 0x0000, 0x0000, 0x0000, 0x0000, 0x0000, 0x0000, 0x0000, 0x0000, 0x0000, 0x0000, 0x0000, 0x0000,
0x0000, 0x0000, 0x0000, 0x0000, 0x0000, 0x0000, 0x0000, 0x0000, 0x0000, 0x0000, 0x0000, 0x0000, 0x0000, 0x0000, 0x0000, 0x0000,
0x0000, 0x0000, 0x0000, 0x0000, 0x0000, 0x0000, 0x0000, 0x0000, 0x0000, 0x0000, 0x0000, 0x0000, 0x0000, 0x0000, 0x0000, 0x0000,
0x0000, 0x0000, 0x0000, 0x0000, 0x0000, 0x0000, 0x0000, 0x0000, 0x0000, 0x0000, 0x0000, 0x0000, 0x0000, 0x0000, 0x0000, 0x0000,
0x0000, 0x0000, 0x0000, 0x0000, 0x0000, 0x0000, 0x0000, 0x0000, 0x0000, 0x0000, 0x0000, 0x0000, 0x0000, 0x0000, 0x0000, 0x0000,
0x0000, 0x0000, 0x0000, 0x0000, 0x0000, 0x0000, 0x0000, 0x0000, 0x0000, 0x0000, 0x0000, 0x0000, 0x0000, 0x0000, 0x0000, 0x0000,
0x0000, 0x0000, 0x0000, 0x0000, 0x0000, 0x0000, 0x0000, 0x0000, 0x0000, 0x0000, 0x0000, 0x0000, 0x0000, 0x0000, 0x0000, 0x0000,
0x0000, 0x0000, 0x0000, 0x0000, 0x0000, 0x0000, 0x0000, 0x0000, 0x0000, 0x0000, 0x0000, 0x0000, 0x0000, 0x0000, 0x0000, 0x0000,
0x0000, 0x0000, 0x0000, 0x0000, 0x0000, 0x0000, 0x0000, 0x0000, 0x0000, 0x0000, 0x0000, 0x0000, 0x0000, 0x0000, 0x0000, 0x0000,
0x0000, 0x0000, 0x0000, 0x0000, 0x0000, 0x0000, 0x0000, 0x0000, 0x0000, 0x0000, 0x0000, 0x0000, 0x0000, 0x0000, 0x0000, 0x0000,
0x0000, 0x0000, 0x0000, 0x0000, 0x0000, 0x0000, 0x0000, 0x0000, 0x0000, 0x0000, 0x0000, 0x0000, 0x0000, 0x0000, 0x0000, 0x0000,
0x0000, 0x0000, 0x0000, 0x0000, 0x0000, 0x0000, 0x0000, 0x0000, 0x0000, 0x0000, 0x0000, 0x0000, 0x0000, 0x0000, 0x0000, 0x0000,
0x0000, 0x0000, 0x0000, 0x0000, 0x0000, 0x0000, 0x0000, 0x0000, 0x0000, 0x0000, 0x0000, 0x0000, 0x0000, 0x0000, 0x0000, 0x0000,
0x0000, 0x0000, 0x0000, 0x0000, 0x0000, 0x0000, 0x0000, 0x0000, 0x0000, 0x0000, 0x0000, 0x0000, 0x0000, 0x0000, 0x0000, 0x0000,
0x0000, 0x0000, 0x0000, 0x0000, 0x0000, 0x0000, 0x0000, 0x0000, 0x0000, 0x0000, 0x0000, 0x0000, 0x0000, 0x0000, 0x0000, 0x0000,
0x0000, 0x0000, 0x0000, 0x0000, 0x0000, 0x0000, 0x0000, 0x0000, 0x0000, 0x0000, 0x0000, 0x0000, 0x0000, 0x0000, 0x0000, 0x0000,
0x0000, 0x0000, 0x0000, 0x0000, 0x0000, 0x0000, 0x0000, 0x0000, 0x0000, 0x0000, 0x0000, 0x0000, 0x0000, 0x0000, 0x0000, 0x0000,
0x0000, 0x0000, 0x0000, 0x0000, 0x0000, 0x0000, 0x0000, 0x0000, 0x0000, 0x0000, 0x0000, 0x0000, 0x0000, 0x0000, 0x0000, 0x0000,
0x0000, 0x0000, 0x0000, 0x0000, 0x0000, 0x0000, 0x0000, 0x0000, 0x0000, 0x0000, 0x0000, 0x0000, 0x0000, 0x0000, 0x0000, 0x0000,
0x0000, 0x0000, 0x0000, 0x0000, 0x0000, 0x0000, 0x0000, 0x0000, 0x0000, 0x0000, 0x0000, 0x0000, 0x0000, 0x0000, 0x0000, 0x0000,
0x0000, 0x0000, 0x0000, 0x0000, 0x0000, 0x0000, 0x0000, 0x0000, 0x0000, 0x0000, 0x0000, 0x0000, 0x0000, 0x0000, 0x0000, 0x0000,
0x0000, 0x0000, 0x0000, 0x0000, 0x0000, 0x0000, 0x0000, 0x0000, 0x0000, 0x0000, 0x0000, 0x0000, 0x0000, 0x0000, 0x0000, 0x0000,
0x0000, 0x0000, 0x0000, 0x0000, 0x0000, 0x0000, 0x0000, 0x0000, 0x0000, 0x0000, 0x0000, 0x0000, 0x0000, 0x0000, 0x0000, 0x0000,
0x0000, 0x0000, 0x0000, 0x0000, 0x0000, 0x0000, 0x0000, 0x0000, 0x0000, 0x0000, 0x0000, 0x0000, 0x0000, 0x0000, 0x0000, 0x0000,
0x0000, 0x0000, 0x0000, 0x0000, 0x0000, 0x0000, 0x0000, 0x0000, 0x0000, 0x0000, 0x0000, 0x0000, 0x0000, 0x0000, 0x0000, 0x0000,
0x0000, 0x0000, 0x0000, 0x0000, 0x0000, 0x0000, 0x0000, 0x0000, 0x0000, 0x0000, 0x0000, 0x0000, 0x0000, 0x0000, 0x0000, 0x0000,
0x0000, 0x0000, 0x0000, 0x0000, 0x0000, 0x0000, 0x0000, 0x0000, 0x0000, 0x0000, 0x0000, 0x0000, 0x0000, 0x0000, 0x0000, 0x0000,
0x0000, 0x0000, 0x0000, 0x0000, 0x0000, 0x0000, 0x0000, 0x0000, 0x0000, 0x0000, 0x0000, 0x0000, 0x0000, 0x0000, 0x0000, 0x0000,
0x0000, 0x0000, 0x0000, 0x0000, 0x0000, 0x0000, 0x0000, 0x0000, 0x0000, 0x0000, 0x0000, 0x0000, 0x0000, 0x0000, 0x0000, 0x0000,
0x0000, 0x0000, 0x0000, 0x0000, 0x0000, 0x0000, 0x0000, 0x0000, 0x0000, 0x0000, 0x0000, 0x0000, 0x0000, 0x0000, 0x0000, 0x0000,
0x0000, 0x0000, 0x0000, 0x0000, 0x0000, 0x0000, 0x0000, 0x0000, 0x0000, 0x0000, 0x0000, 0x0000, 0x0000, 0x0000, 0x0000, 0x0000,
0x0000, 0x0000, 0x0000, 0x0000, 0x0000, 0x0000, 0x0000, 0x0000, 0x0000, 0x0000, 0x0000, 0x0000, 0x0000, 0x0000, 0x0000, 0x0000,
0x0000, 0x0000, 0x0000, 0x0000, 0x0000, 0x0000, 0x0000, 0x0000, 0x0000, 0x0000, 0x0000, 0x0000, 0x0000, 0x0000, 0x0000, 0x0000,
0x0000, 0x0000, 0x0000, 0x0000, 0x0000, 0x0000, 0x0000, 0x0000, 0x0000, 0x0000, 0x0000, 0x0000, 0x0000, 0x0000, 0x0000, 0x0000,
0x0000, 0x0000, 0x0000, 0x0000, 0x0000, 0x0000, 0x0000, 0x0000, 0x0000, 0x0000, 0x0000, 0x0000, 0x0000, 0x0000, 0x0000, 0x0000,
0x0000, 0x0000, 0x0000, 0x0000, 0x0000, 0x0000, 0x0000, 0x0000, 0x0000, 0x0000, 0x0000, 0x0000, 0x0000, 0x0000, 0x0000, 0x0000,
0x0000, 0x0000, 0x0000, 0x0000, 0x0000, 0x0000, 0x0000, 0x0000, 0x0000, 0x0000, 0x0000, 0x0000, 0x0000, 0x0000, 0x0000, 0x0000,
0x0000, 0x0000, 0x0000, 0x0000, 0x0000, 0x0000, 0x0000, 0x0000, 0x0000, 0x0000, 0x0000, 0x0000, 0x0000, 0x0000, 0x0000, 0x0000,
0x0000, 0x0000, 0x0000, 0x0000, 0x0000, 0x0000, 0x0000, 0x0000, 0x0000, 0x0000, 0x0000, 0x0000, 0x0000, 0x0000, 0x0000, 0x0000,
0x0000, 0x0000, 0x0000, 0x0000, 0x0000, 0x0000, 0x0000, 0x0000, 0x0000, 0x0000, 0x0000, 0x0000, 0x0000, 0x0000, 0x0000, 0x0000,
0x0000, 0x0000, 0x0000, 0x0000, 0x0000, 0x0000, 0x0000, 0x0000, 0x0000, 0x0000, 0x0000, 0x0000, 0x0000, 0x0000, 0x0000, 0x0000,
0x0000, 0x0000, 0x0000, 0x0000, 0x0000, 0x0000, 0x0000, 0x0000, 0x0000, 0x0000, 0x0000, 0x0000, 0x0000, 0x0000, 0x0000, 0x0000,
0x0000, 0x0000, 0x0000, 0x0000, 0x0000, 0x0000, 0x0000, 0x0000, 0x0000, 0x0000, 0x0000, 0x0000, 0x0000, 0x0000, 0x0000, 0x0000,
0x0000, 0x0000, 0x0000, 0x0000, 0x0000, 0x0000, 0x0000, 0x0000, 0x0000, 0x0000, 0x0000, 0x0000, 0x0000, 0x0000, 0x0000, 0x0000,
0x0000, 0x0000, 0x0000, 0x0000, 0x0000, 0x0000, 0x0000, 0x0000, 0x0000, 0x0000, 0x0000, 0x0000, 0x0000, 0x0000, 0x0000, 0x0000,
0x0000, 0x0000, 0x0000, 0x0000, 0x0000, 0x0000, 0x0000, 0x0000, 0x0000, 0x0000, 0x0000, 0x0000, 0x0000, 0x0000, 0x0000, 0x0000,
0x0000, 0x0000, 0x0000, 0x0000, 0x0000, 0x0000, 0x0000, 0x0000, 0x0000, 0x0000, 0x0000, 0x0000, 0x0000, 0x0000, 0x0000, 0x0000,
0x0000, 0x0000, 0x0000, 0x0000, 0x0000, 0x0000, 0x0000, 0x0000, 0x0000, 0x0000, 0x0000, 0x0000, 0x0000, 0x0000, 0x0000, 0x0000,
0x0000, 0x0000, 0x0000, 0x0000, 0x0000, 0x0000, 0x0000, 0x0000, 0x0000, 0x0000, 0x0000, 0x0000, 0x0000, 0x0000, 0x0000, 0x0000,
0x0000, 0x0000, 0x0000, 0x0000, 0x0000, 0x0000, 0x0000, 0x0000, 0x0000, 0x0000, 0x0000, 0x0000, 0x0000, 0x0000, 0x0000, 0x0000,
0x0000, 0x0000, 0x0000, 0x0000, 0x0000, 0x0000, 0x0000, 0x0000, 0x0000, 0x0000, 0x0000, 0x0000, 0x0000, 0x0000, 0x0000, 0x0000,
0x0000, 0x0000, 0x0000, 0x0000, 0x0000, 0x0000, 0x0000, 0x0000, 0x0000, 0x0000, 0x0000, 0x0000, 0x0000, 0x0000, 0x0000, 0x0000,
0x0000, 0x0000, 0x0000, 0x0000, 0x0000, 0x0000, 0x0000, 0x0000, 0x0000, 0x0000, 0x0000, 0x0000, 0x0000, 0x0000, 0x0000, 0x0000,
0x0000, 0x0000, 0x0000, 0x0000, 0x0000, 0x0000, 0x0000, 0x0000, 0x0000, 0x0000, 0x0000, 0x0000, 0x0000, 0x0000, 0x0000, 0x0000,
0x0000, 0x0000, 0x0000, 0x0000, 0x0000, 0x0000, 0x0000, 0x0000, 0x0000, 0x0000, 0x0000, 0x0000, 0x0000, 0x0000, 0x0000, 0x0000,
0x0000, 0x0000, 0x0000, 0x0000, 0x0000, 0x0000, 0x0000, 0x0000, 0x0000, 0x0000, 0x0000, 0x0000, 0x0000, 0x0000, 0x0000, 0x0000,
0x0000, 0x0000, 0x0000, 0x0000, 0x0000, 0x0000, 0x0000, 0x0000, 0x0000, 0x0000, 0x0000, 0x0000, 0x0000, 0x0000, 0x0000, 0x0000,
0x0000, 0x0000, 0x0000, 0x0000, 0x0000, 0x0000, 0x0000, 0x0000, 0x0000, 0x0000, 0x0000, 0x0000, 0x0000, 0x0000, 0x0000, 0x0000,
0x0000, 0x0000, 0x0000, 0x0000, 0x0000, 0x0000, 0x0000, 0x0000, 0x0000, 0x0000, 0x0000, 0x0000, 0x0000, 0x0000, 0x0000, 0x0000,
0x0000, 0x0000, 0x0000, 0x0000, 0x0000, 0x0000, 0x0000, 0x0000, 0x0000, 0x0000, 0x0000, 0x0000, 0x0000, 0x0000, 0x0000, 0x0000,
0x0000, 0x0000, 0x0000, 0x0000, 0x0000, 0x0000, 0x0000, 0x0000, 0x0000, 0x0000, 0x0000, 0x0000, 0x0000, 0x0000, 0x0000, 0x0000,
0x0000, 0x0000, 0x0000, 0x0000, 0x0000, 0x0000, 0x0000, 0x0000, 0x0000, 0x0000, 0x0000, 0x0000, 0x0000, 0x0000, 0x0000, 0x0000,
0x0000, 0x0000, 0x0000, 0x0000, 0x0000, 0x0000, 0x0000, 0x0000, 0x0000, 0x0000, 0x0000, 0x0000, 0x0000, 0x0000, 0x0000, 0x0000,
0x0000, 0x0000, 0x0000, 0x0000, 0x0000, 0x0000, 0x0000, 0x0000, 0x0000, 0x0000, 0x0000, 0x0000, 0x0000, 0x0000, 0x0000, 0x0000,
0x0000, 0x0000, 0x0000, 0x0000, 0x0000, 0x0000, 0x0000, 0x0000, 0x0000, 0x0000, 0x0000, 0x0000, 0x0000, 0x0000, 0x0000, 0x0000,
0x0000, 0x0000, 0x0000, 0x0000, 0x0000, 0x0000, 0x0000, 0x0000, 0x0000, 0x0000, 0x0000, 0x0000, 0x0000, 0x0000, 0x0000, 0x0000,
0x0000, 0x0000, 0x0000, 0x0000, 0x0000, 0x0000, 0x0000, 0x0000, 0x0000, 0x0000, 0x0000, 0x0000, 0x0000, 0x0000, 0x0000, 0x0000,
0x0000, 0x0000, 0x0000, 0x0000, 0x0000, 0x0000, 0x0000, 0x0000, 0x0000, 0x0000, 0x0000, 0x0000, 0x0000, 0x0000, 0x0000, 0x0000,
0x0000, 0x0000, 0x0000, 0x0000, 0x0000, 0x0000, 0x0000, 0x0000, 0x0000, 0x0000, 0x0000, 0x0000, 0x0000, 0x0000, 0x0000, 0x0000,
0x0000, 0x0000, 0x0000, 0x0000, 0x0000, 0x0000, 0x0000, 0x0000, 0x0000, 0x0000, 0x0000, 0x0000, 0x0000, 0x0000, 0x0000, 0x0000,
0x0000, 0x0000, 0x0000, 0x0000, 0x0000, 0x0000, 0x0000, 0x0000, 0x0000, 0x0000, 0x0000, 0x0000, 0x0000, 0x0000, 0x0000, 0x0000,
0x0000, 0x0000, 0x0000, 0x0000, 0x0000, 0x0000, 0x0000, 0x0000, 0x0000, 0x0000, 0x0000, 0x0000, 0x0000, 0x0000, 0x0000, 0x0000,
0x0000, 0x0000, 0x0000, 0x0000, 0x0000, 0x0000, 0x0000, 0x0000, 0x0000, 0x0000, 0x0000, 0x0000, 0x0000, 0x0000, 0x0000, 0x0000,
0x0000, 0x0000, 0x0000, 0x0000, 0x0000, 0x0000, 0x0000, 0x0000, 0x0000, 0x0000, 0x0000, 0x0000, 0x0000, 0x0000, 0x0000, 0x0000,
0x0000, 0x0000, 0x0000, 0x0000, 0x0000, 0x0000, 0x0000, 0x0000, 0x0000, 0x0000, 0x0000, 0x0000, 0x0000, 0x0000, 0x0000, 0x0000,
0x0000, 0x0000, 0x0000, 0x0000, 0x0000, 0x0000, 0x0000, 0x0000, 0x0000, 0x0000, 0x0000, 0x0000, 0x0000, 0x0000, 0x0000, 0x0000,
0x0000, 0x0000, 0x0000, 0x0000, 0x0000, 0x0000, 0x0000, 0x0000, 0x0000, 0x0000, 0x0000, 0x0000, 0x0000, 0x0000, 0x0000, 0x0000,
0x0000, 0x0000, 0x0000, 0x0000, 0x0000, 0x0000, 0x0000, 0x0000, 0x0000, 0x0000, 0x0000, 0x0000, 0x0000, 0x0000, 0x0000, 0x0000,
0x0000, 0x0000, 0x0000, 0x0000, 0x0000, 0x0000, 0x0000, 0x0000, 0x0000, 0x0000, 0x0000, 0x0000, 0x0000, 0x0000, 0x0000, 0x0000,
0x0000, 0x0000, 0x0000, 0x0000, 0x0000, 0x0000, 0x0000, 0x0000, 0x0000, 0x0000, 0x0000, 0x0000, 0x0000, 0x0000, 0x0000, 0x0000,
0x0000, 0x0000, 0x0000, 0x0000, 0x0000, 0x0000, 0x0000, 0x0000, 0x0000, 0x0000, 0x0000, 0x0000, 0x0000, 0x0000, 0x0000, 0x0000,
0x0000, 0x0000, 0x0000, 0x0000, 0x0000, 0x0000, 0x0000, 0x0000, 0x0000, 0x0000, 0x0000, 0x0000, 0x0000, 0x0000, 0x0000, 0x0000,
0x0000, 0x0000, 0x0000, 0x0000, 0x0000, 0x0000, 0x0000, 0x0000, 0x0000, 0x0000, 0x0000, 0x0000, 0x0000, 0x0000, 0x0000, 0x0000,
0x0000, 0x0000, 0x0000, 0x0000, 0x0000, 0x0000, 0x0000, 0x0000, 0x0000, 0x0000, 0x0000, 0x0000, 0x0000, 0x0000, 0x0000, 0x0000,
0x0000, 0x0000, 0x0000, 0x0000, 0x0000, 0x0000, 0x0000, 0x0000, 0x0000, 0x0000, 0x0000, 0x0000, 0x0000, 0x0000, 0x0000, 0x0000,
0x0000, 0x0000, 0x0000, 0x0000, 0x0000, 0x0000, 0x0000, 0x0000, 0x0000, 0x0000, 0x0000, 0x0000, 0x0000, 0x0000, 0x0000, 0x0000,
0x0000, 0x0000, 0x0000, 0x0000, 0x0000, 0x0000, 0x0000, 0x0000, 0x0000, 0x0000, 0x0000, 0x0000, 0x0000, 0x0000, 0x0000, 0x0000,
0x0000, 0x0000, 0x0000, 0x0000, 0x0000, 0x0000, 0x0000, 0x0000, 0x0000, 0x0000, 0x0000, 0x0000, 0x0000, 0x0000, 0x0000, 0x0000,
0x0000, 0x0000, 0x0000, 0x0000, 0x0000, 0x0000, 0x0000, 0x0000, 0x0000, 0x0000, 0x0000, 0x0000, 0x0000, 0x0000, 0x0000, 0x0000,
0x0000, 0x0000, 0x0000, 0x0000, 0x0000, 0x0000, 0x0000, 0x0000, 0x0000, 0x0000, 0x0000, 0x0000, 0x0000, 0x0000, 0x0000, 0x0000,
0x0000, 0x0000, 0x0000, 0x0000, 0x0000, 0x0000, 0x0000, 0x0000, 0x0000, 0x0000, 0x0000, 0x0000, 0x0000, 0x0000, 0x0000, 0x0000,
0x0000, 0x0000, 0x0000, 0x0000, 0x0000, 0x0000, 0x0000, 0x0000, 0x0000, 0x0000, 0x0000, 0x0000, 0x0000, 0x0000, 0x0000, 0x0000,
0x0000, 0x0000, 0x0000, 0x0000, 0x0000, 0x0000, 0x0000, 0x0000, 0x0000, 0x0000, 0x0000, 0x0000, 0x0000, 0x0000, 0x0000, 0x0000,
0x0000, 0x0000, 0x0000, 0x0000, 0x0000, 0x0000, 0x0000, 0x0000, 0x0000, 0x0000, 0x0000, 0x0000, 0x0000, 0x0000, 0x0000, 0x0000,
0x0000, 0x0000, 0x0000, 0x0000, 0x0000, 0x0000, 0x0000, 0x0000, 0x0000, 0x0000, 0x0000, 0x0000, 0x0000, 0x0000, 0x0000, 0x0000,
0x0000, 0x0000, 0x0000, 0x0000, 0x0000, 0x0000, 0x0000, 0x0000, 0x0000, 0x0000, 0x0000, 0x0000, 0x0000, 0x0000, 0x0000, 0x0000,
0x0000, 0x0000, 0x0000, 0x0000, 0x0000, 0x0000, 0x0000, 0x0000, 0x0000, 0x0000, 0x0000, 0x0000, 0x0000, 0x0000, 0x0000, 0x0000,
0x0000, 0x0000, 0x0000, 0x0000, 0x0000, 0x0000, 0x0000, 0x0000, 0x0000, 0x0000, 0x0000, 0x0000, 0x0000, 0x0000, 0x0000, 0x0000,
0x0000, 0x0000, 0x0000, 0x0000, 0x0000, 0x0000, 0x0000, 0x0000, 0x0000, 0x0000, 0x0000, 0x0000, 0x0000, 0x0000, 0x0000, 0x0000,
0x0000, 0x0000, 0x0000, 0x0000, 0x0000, 0x0000, 0x0000, 0x0000, 0x0000, 0x0000, 0x0000, 0x0000, 0x0000, 0x0000, 0x0000, 0x0000,
0x0000, 0x0000, 0x0000, 0x0000, 0x0000, 0x0000, 0x0000, 0x0000, 0x0000, 0x0000, 0x0000, 0x0000, 0x0000, 0x0000, 0x0000, 0x0000,
0x0000, 0x0000, 0x0000, 0x0000, 0x0000, 0x0000, 0x0000, 0x0000, 0x0000, 0x0000, 0x0000, 0x0000, 0x0000, 0x0000, 0x0000, 0x0000,
0x0000, 0x0000, 0x0000, 0x0000, 0x0000, 0x0000, 0x0000, 0x0000, 0x0000, 0x0000, 0x0000, 0x0000, 0x0000, 0x0000, 0x0000, 0x0000,
0x0000, 0x0000, 0x0000, 0x0000, 0x0000, 0x0000, 0x0000, 0x0000, 0x0000, 0x0000, 0x0000, 0x0000, 0x0000, 0x0000, 0x0000, 0x0000,
0x0000, 0x0000, 0x0000, 0x0000, 0x0000, 0x0000, 0x0000, 0x0000, 0x0000, 0x0000, 0x0000, 0x0000, 0x0000, 0x0000, 0x0000, 0x0000,
0x0000, 0x0000, 0x0000, 0x0000, 0x0000, 0x0000, 0x0000, 0x0000, 0x0000, 0x0000, 0x0000, 0x0000, 0x0000, 0x0000, 0x0000, 0x0000,
0x0000, 0x0000, 0x0000, 0x0000, 0x0000, 0x0000, 0x0000, 0x0000, 0x0000, 0x0000, 0x0000, 0x0000, 0x0000, 0x0000, 0x0000, 0x0000,
0x0000, 0x0000, 0x0000, 0x0000, 0x0000, 0x0000, 0x0000, 0x0000, 0x0000, 0x0000, 0x0000, 0x0000, 0x0000, 0x0000, 0x0000, 0x0000,
0x0000, 0x0000, 0x0000, 0x0000, 0x0000, 0x0000, 0x0000, 0x0000, 0x0000, 0x0000, 0x0000, 0x0000, 0x0000, 0x0000, 0x0000, 0x0000,
0x0000, 0x0000, 0x0000, 0x0000, 0x0000, 0x0000, 0x0000, 0x0000, 0x0000, 0x0000, 0x0000, 0x0000, 0x0000, 0x0000, 0x0000, 0x0000,
0x0000, 0x0000, 0x0000, 0x0000, 0x0000, 0x0000, 0x0000, 0x0000, 0x0000, 0x0000, 0x0000, 0x0000, 0x0000, 0x0000, 0x0000, 0x0000,
0x0000, 0x0000, 0x0000, 0x0000, 0x0000, 0x0000, 0x0000, 0x0000, 0x0000, 0x0000, 0x0000, 0x0000, 0x0000, 0x0000, 0x0000, 0x0000,
0x0000, 0x0000, 0x0000, 0x0000, 0x0000, 0x0000, 0x0000, 0x0000, 0x0000, 0x0000, 0x0000, 0x0000, 0x0000, 0x0000, 0x0000, 0x0000,
0x0000, 0x0000, 0x0000, 0x0000, 0x0000, 0x0000, 0x0000, 0x0000, 0x0000, 0x0000, 0x0000, 0x0000, 0x0000, 0x0000, 0x0000, 0x0000,
0x0000, 0x0000, 0x0000, 0x0000, 0x0000, 0x0000, 0x0000, 0x0000, 0x0000, 0x0000, 0x0000, 0x0000, 0x0000, 0x0000, 0x0000, 0x0000,
0x0000, 0x0000, 0x0000, 0x0000, 0x0000, 0x0000, 0x0000, 0x0000, 0x0000, 0x0000, 0x0000, 0x0000, 0x0000, 0x0000, 0x0000, 0x0000,
0x0000, 0x0000, 0x0000, 0x0000, 0x0000, 0x0000, 0x0000, 0x0000, 0x0000, 0x0000, 0x0000, 0x0000, 0x0000, 0x0000, 0x0000, 0x0000,
0x0000, 0x0000, 0x0000, 0x0000, 0x0000, 0x0000, 0x0000, 0x0000, 0x0000, 0x0000, 0x0000, 0x0000, 0x0000, 0x0000, 0x0000, 0x0000,
0x0000, 0x0000, 0x0000, 0x0000, 0x0000, 0x0000, 0x0000, 0x0000, 0x0000, 0x0000, 0x0000, 0x0000, 0x0000, 0x0000, 0x0000, 0x0000,
0x0000, 0x0000, 0x0000, 0x0000, 0x0000, 0x0000, 0x0000, 0x0000, 0x0000, 0x0000, 0x0000, 0x0000, 0x0000, 0x0000, 0x0000, 0x0000,
0x0000, 0x0000, 0x0000, 0x0000, 0x0000, 0x0000, 0x0000, 0x0000, 0x0000, 0x0000, 0x0000, 0x0000, 0x0000, 0x0000, 0x0000, 0x0000,
0x0000, 0x0000, 0x0000, 0x0000, 0x0000, 0x0000, 0x0000, 0x0000, 0x0000, 0x0000, 0x0000, 0x0000, 0x0000, 0x0000, 0x0000, 0x0000,
0x0000, 0x0000, 0x0000, 0x0000, 0x0000, 0x0000, 0x0000, 0x0000, 0x0000, 0x0000, 0x0000, 0x0000, 0x0000, 0x0000, 0x0000, 0x0000,
0x0000, 0x0000, 0x0000, 0x0000, 0x0000, 0x0000, 0x0000, 0x0000, 0x0000, 0x0000, 0x0000, 0x0000, 0x0000, 0x0000, 0x0000, 0x0000,
0x0000, 0x0000, 0x0000, 0x0000, 0x0000, 0x0000, 0x0000, 0x0000, 0x0000, 0x0000, 0x0000, 0x0000, 0x0000, 0x0000, 0x0000, 0x0000,
0x0000, 0x0000, 0x0000, 0x0000, 0x0000, 0x0000, 0x0000, 0x0000, 0x0000, 0x0000, 0x0000, 0x0000, 0x0000, 0x0000, 0x0000, 0x0000,
0x0000, 0x0000, 0x0000, 0x0000, 0x0000, 0x0000, 0x0000, 0x0000, 0x0000, 0x0000, 0x0000, 0x0000, 0x0000, 0x0000, 0x0000, 0x0000,
0x0000, 0x0000, 0x0000, 0x0000, 0x0000, 0x0000, 0x0000, 0x0000, 0x0000, 0x0000, 0x0000, 0x0000, 0x0000, 0x0000, 0x0000, 0x0000,
0x0000, 0x0000, 0x0000, 0x0000, 0x0000, 0x0000, 0x0000, 0x0000, 0x0000, 0x0000, 0x0000, 0x0000, 0x0000, 0x0000, 0x0000, 0x0000,
0x0000, 0x0000, 0x0000, 0x0000, 0x0000, 0x0000, 0x0000, 0x0000, 0x0000, 0x0000, 0x0000, 0x0000, 0x0000, 0x0000, 0x0000, 0x0000,
0x0000, 0x0000, 0x0000, 0x0000, 0x0000, 0x0000, 0x0000, 0x0000, 0x0000, 0x0000, 0x0000, 0x0000, 0x0000, 0x0000, 0x0000, 0x0000,
0x0000, 0x0000, 0x0000, 0x0000, 0x0000, 0x0000, 0x0000, 0x0000, 0x0000, 0x0000, 0x0000, 0x0000, 0x0000, 0x0000, 0x0000, 0x0000,
0x0000, 0x0000, 0x0000, 0x0000, 0x0000, 0x0000, 0x0000, 0x0000, 0x0000, 0x0000, 0x0000, 0x0000, 0x0000, 0x0000, 0x0000, 0x0000,
0x0000, 0x0000, 0x0000, 0x0000, 0x0000, 0x0000, 0x0000, 0x0000, 0x0000, 0x0000, 0x0000, 0x0000, 0x0000, 0x0000, 0x0000, 0x0000,
0x0000, 0x0000, 0x0000, 0x0000, 0x0000, 0x0000, 0x0000, 0x0000, 0x0000, 0x0000, 0x0000, 0x0000, 0x0000, 0x0000, 0x0000, 0x0000,
0x0000, 0x0000, 0x0000, 0x0000, 0x0000, 0x0000, 0x0000, 0x0000, 0x0000, 0x0000, 0x0000, 0x0000, 0x0000, 0x0000, 0x0000, 0x0000,
0x0000, 0x0000, 0x0000, 0x0000, 0x0000, 0x0000, 0x0000, 0x0000, 0x0000, 0x0000, 0x0000, 0x0000, 0x0000, 0x0000, 0x0000, 0x0000,
0x0000, 0x0000, 0x0000, 0x0000, 0x0000, 0x0000, 0x0000, 0x0000, 0x0000, 0x0000, 0x0000, 0x0000, 0x0000, 0x0000, 0x0000, 0x0000,
0x0000, 0x0000, 0x0000, 0x0000, 0x0000, 0x0000, 0x0000, 0x0000, 0x0000, 0x0000, 0x0000, 0x0000, 0x0000, 0x0000, 0x0000, 0x0000,
0x0000, 0x0000, 0x0000, 0x0000, 0x0000, 0x0000, 0x0000, 0x0000, 0x0000, 0x0000, 0x0000, 0x0000, 0x0000, 0x0000, 0x0000, 0x0000,
0x0000, 0x0000, 0x0000, 0x0000, 0x0000, 0x0000, 0x0000, 0x0000, 0x0000, 0x0000, 0x0000, 0x0000, 0x0000, 0x0000, 0x0000, 0x0000,
0x0000, 0x0000, 0x0000, 0x0000, 0x0000, 0x0000, 0x0000, 0x0000, 0x0000, 0x0000, 0x0000, 0x0000, 0x0000, 0x0000, 0x0000, 0x0000,
0x0000, 0x0000, 0x0000, 0x0000, 0x0000, 0x0000, 0x0000, 0x0000, 0x0000, 0x0000, 0x0000, 0x0000, 0x0000, 0x0000, 0x0000, 0x0000,
0x0000, 0x0000, 0x0000, 0x0000, 0x0000, 0x0000, 0x0000, 0x0000, 0x0000, 0x0000, 0x0000, 0x0000, 0x0000, 0x0000, 0x0000, 0x0000,
0x0000, 0x0000, 0x0000, 0x0000, 0x0000, 0x0000, 0x0000, 0x0000, 0x0000, 0x0000, 0x0000, 0x0000, 0x0000, 0x0000, 0x0000, 0x0000,
0x0000, 0x0000, 0x0000, 0x0000, 0x0000, 0x0000, 0x0000, 0x0000, 0x0000, 0x0000, 0x0000, 0x0000, 0x0000, 0x0000, 0x0000, 0x0000,
0x0000, 0x0000, 0x0000, 0x0000, 0x0000, 0x0000, 0x0000, 0x0000, 0x0000, 0x0000, 0x0000, 0x0000, 0x0000, 0x0000, 0x0000, 0x0000,
0x0000, 0x0000, 0x0000, 0x0000, 0x0000, 0x0000, 0x0000, 0x0000, 0x0000, 0x0000, 0x0000, 0x0000, 0x0000, 0x0000, 0x0000, 0x0000,
0x0000, 0x0000, 0x0000, 0x0000, 0x0000, 0x0000, 0x0000, 0x0000, 0x0000, 0x0000, 0x0000, 0x0000, 0x0000, 0x0000, 0x0000, 0x0000,
0x0000, 0x0000, 0x0000, 0x0000, 0x0000, 0x0000, 0x0000, 0x0000, 0x0000, 0x0000, 0x0000, 0x0000, 0x0000, 0x0000, 0x0000, 0x0000,
0x0000, 0x0000, 0x0000, 0x0000, 0x0000, 0x0000, 0x0000, 0x0000, 0x0000, 0x0000, 0x0000, 0x0000, 0x0000, 0x0000, 0x0000, 0x0000,
0x0000, 0x0000, 0x0000, 0x0000, 0x0000, 0x0000, 0x0000, 0x0000, 0x0000, 0x0000, 0x0000, 0x0000, 0x0000, 0x0000, 0x0000, 0x0000,
0x0000, 0x0000, 0x0000, 0x0000, 0x0000, 0x0000, 0x0000, 0x0000, 0x0000, 0x0000, 0x0000, 0x0000, 0x0000, 0x0000, 0x0000, 0x0000,
0x0000, 0x0000, 0x0000, 0x0000, 0x0000, 0x0000, 0x0000, 0x0000, 0x0000, 0x0000, 0x0000, 0x0000, 0x0000, 0x0000, 0x0000, 0x0000,
0x0000, 0x0000, 0x0000, 0x0000, 0x0000, 0x0000, 0x0000, 0x0000, 0x0000, 0x0000, 0x0000, 0x0000, 0x0000, 0x0000, 0x0000, 0x0000,
0x0000, 0x0000, 0x0000, 0x0000, 0x0000, 0x0000, 0x0000, 0x0000, 0x0000, 0x0000, 0x0000, 0x0000, 0x0000, 0x0000, 0x0000, 0x0000,
0x0000, 0x0000, 0x0000, 0x0000, 0x0000, 0x0000, 0x0000, 0x0000, 0x0000, 0x0000, 0x0000, 0x0000, 0x0000, 0x0000, 0x0000, 0x0000,
0x0000, 0x0000, 0x0000, 0x0000, 0x0000, 0x0000, 0x0000, 0x0000, 0x0000, 0x0000, 0x0000, 0x0000, 0x0000, 0x0000, 0x0000, 0x0000,
0x0000, 0x0000, 0x0000, 0x0000, 0x0000, 0x0000, 0x0000, 0x0000, 0x0000, 0x0000, 0x0000, 0x0000, 0x0000, 0x0000, 0x0000, 0x0000,
0x0000, 0x0000, 0x0000, 0x0000, 0x0000, 0x0000, 0x0000, 0x0000, 0x0000, 0x0000, 0x0000, 0x0000, 0x0000, 0x0000, 0x0000, 0x0000,
0x0000, 0x0000, 0x0000, 0x0000, 0x0000, 0x0000, 0x0000, 0x0000, 0x0000, 0x0000, 0x0000, 0x0000, 0x0000, 0x0000, 0x0000, 0x0000,
0x0000, 0x0000, 0x0000, 0x0000, 0x0000, 0x0000, 0x0000, 0x0000, 0x0000, 0x0000, 0x0000, 0x0000, 0x0000, 0x0000, 0x0000, 0x0000
};

const uint16_t icon_lumos[64 * 64] PROGMEM = {
0x0000, 0x0000, 0x0000, 0x0000, 0x0000, 0x0000, 0x0000, 0x0000, 0x0000, 0x0000, 0x0000, 0x0000, 0x0000, 0x0000, 0x0000, 0x0000,
0x0000, 0x0000, 0x0000, 0x0000, 0x0000, 0x0000, 0x0000, 0x0000, 0x0000, 0x0000, 0x0000, 0x0000, 0x0000, 0x0000, 0x0000, 0x0000,
0x0000, 0x0000, 0x0000, 0x0000, 0x0000, 0x0000, 0x0000, 0x0000, 0x0000, 0x0000, 0x0000, 0x0000, 0x0000, 0x0000, 0x0000, 0x0000,
0x0000, 0x0000, 0x0000, 0x0000, 0x0000, 0x0000, 0x0000, 0x0000, 0x0000, 0x0000, 0x0000, 0x0000, 0x0000, 0x0000, 0x0000, 0x0000,
0x0000, 0x0000, 0x0000, 0x0000, 0x0000, 0x0000, 0x0000, 0x0000, 0x0000, 0x0000, 0x0000, 0x0000, 0x0000, 0x0000, 0x0000, 0x0000,
0x0000, 0x0000, 0x0000, 0x0000, 0x0000, 0x0000, 0x0000, 0x0000, 0x0000, 0x0000, 0x0000, 0x0000, 0x0000, 0x0000, 0x0000, 0xFEEA,
0xFEEA, 0x0000, 0x0000, 0x0000, 0x0000, 0x0000, 0x0000, 0x0000, 0x0000, 0x0000, 0x0000, 0x0000, 0x0000, 0x0000, 0x0000, 0x0000,
0x0000, 0x0000, 0x0000, 0x0000, 0x0000, 0x0000, 0x0000, 0x0000, 0x0000, 0x0000, 0x0000, 0x0000, 0x0000, 0x0000, 0x0000, 0x0000,
0x0000, 0x0000, 0x0000, 0x0000, 0x0000, 0x0000, 0x0000, 0x0000, 0x0000, 0x0000, 0x0000, 0x0000, 0x0000, 0x0000, 0x0000, 0x0000,
0x0000, 0x0000, 0x0000, 0x0000, 0x0000, 0x0000, 0x0000, 0x0000, 0x0000, 0x0000, 0x0000, 0x0000, 0x0000, 0x0000, 0x0000, 0xFEEA,
0xFEEA, 0x0000, 0x0000, 0x0000, 0x0000, 0x0000, 0x0000, 0x0000, 0x0000, 0x0000, 0x0000, 0x0000, 0x0000, 0x0000, 0x0000, 0x0000,
0x0000, 0x0000, 0x0000, 0x0000, 0x0000, 0x0000, 0x0000, 0x0000, 0x0000, 0x0000, 0x0000, 0x0000, 0x0000, 0x0000, 0x0000, 0x0000,
0x0000, 0x0000, 0x0000, 0x0000, 0x0000, 0x0000, 0x0000, 0x0000, 0x0000, 0x0000, 0x0000, 0x0000, 0x0000, 0x0000, 0x0000, 0x0000,
0x0000, 0x0000, 0x0000, 0x0000, 0x0000, 0x0000, 0x0000, 0x0000, 0x0000, 0x0000, 0x0000, 0x0000, 0x0000, 0x0000, 0x0000, 0xFEEA,
0xFEEA, 0x0000, 0x0000, 0x0000, 0x0000, 0x0000, 0x0000, 0x0000, 0x0000, 0x0000, 0x0000, 0x0000, 0x0000, 0x0000, 0x0000, 0x0000,
0x0000, 0x0000, 0x0000, 0x0000, 0x0000, 0x0000, 0x0000, 0x0000, 0x0000, 0x0000, 0x0000, 0x0000, 0x0000, 0x0000, 0x0000, 0x0000,
0x0000, 0x0000, 0x0000, 0x0000, 0x0000, 0x0000, 0x0000, 0x0000, 0x0000, 0x0000, 0x0000, 0x0000, 0x0000, 0x0000, 0x0000, 0x0000,
0x0000, 0x0000, 0x0000, 0x0000, 0x0000, 0x0000, 0x0000, 0x0000, 0x0000, 0x0000, 0x0000, 0x0000, 0x0000, 0x0000, 0x0000, 0xFEEA,
0xFEEA, 0x0000, 0x0000, 0x0000, 0x0000, 0x0000, 0x0000, 0x0000, 0x0000, 0x0000, 0x0000, 0x0000, 0x0000, 0x0000, 0x0000, 0x0000,
0x0000, 0x0000, 0x0000, 0x0000, 0x0000, 0x0000, 0x0000, 0x0000, 0x0000, 0x0000, 0x0000, 0x0000, 0x0000, 0x0000, 0x0000, 0x0000,
0x0000, 0x0000, 0x0000, 0x0000, 0x0000, 0x0000, 0x0000, 0x0000, 0x0000, 0x0000, 0x0000, 0x0000, 0x0000, 0x0000, 0x0000, 0x0000,
0x0000, 0x0000, 0x0000, 0x0000, 0x0000, 0x0000, 0x0000, 0x0000, 0x0000, 0x0000, 0x0000, 0x0000, 0x0000, 0x0000, 0x0000, 0xFEEA,
0xFEEA, 0x0000, 0x0000, 0x0000, 0x0000, 0x0000, 0x0000, 0x0000, 0x0000, 0x0000, 0x0000, 0x0000, 0x0000, 0x0000, 0x0000, 0x0000,
0x0000, 0x0000, 0x0000, 0x0000, 0x0000, 0x0000, 0x0000, 0x0000, 0x0000, 0x0000, 0x0000, 0x0000, 0x0000, 0x0000, 0x0000, 0x0000,
0x0000, 0x0000, 0x0000, 0x0000, 0x0000, 0x0000, 0x0000, 0x0000, 0x0000, 0x0000, 0x0000, 0x0000, 0x0000, 0x0000, 0x0000, 0x0000,
0x0000, 0x0000, 0x0000, 0x0000, 0x0000, 0x0000, 0x0000, 0x0000, 0x0000, 0x0000, 0x0000, 0x0000, 0x0000, 0x0000, 0x0000, 0xFEEA,
0xFEEA, 0x0000, 0x0000, 0x0000, 0x0000, 0x0000, 0x0000, 0x0000, 0x0000, 0x0000, 0x0000, 0x0000, 0x0000, 0x0000, 0x0000, 0x0000,
0x0000, 0x0000, 0x0000, 0x0000, 0x0000, 0x0000, 0x0000, 0x0000, 0x0000, 0x0000, 0x0000, 0x0000, 0x0000, 0x0000, 0x0000, 0x0000,
0x0000, 0x0000, 0x0000, 0x0000, 0x0000, 0x0000, 0x0000, 0x0000, 0x0000, 0x0000, 0x0000, 0x0000, 0x0000, 0x0000, 0x0000, 0x0000,
0x0000, 0x0000, 0x0000, 0x0000, 0x0000, 0x0000, 0x0000, 0x0000, 0x0000, 0x0000, 0x0000, 0x0000, 0x0000, 0x0000, 0x0000, 0xFEEA,
0xFEEA, 0x0000, 0x0000, 0x0000, 0x0000, 0x0000, 0x0000, 0x0000, 0x0000, 0x0000, 0x0000, 0x0000, 0x0000, 0x0000, 0x0000, 0x0000,
0x0000, 0x0000, 0x0000, 0x0000, 0x0000, 0x0000, 0x0000, 0x0000, 0x0000, 0x0000, 0x0000, 0x0000, 0x0000, 0x0000, 0x0000, 0x0000,
0x0000, 0x0000, 0x0000, 0x0000, 0x0000, 0x0000, 0x0000, 0x0000, 0x0000, 0x0000, 0x0000, 0x0000, 0x0000, 0xFEEA, 0x0000, 0x0000,
0x0000, 0x0000, 0x0000, 0x0000, 0x0000, 0x0000, 0x0000, 0x0000, 0x0000, 0x0000, 0x0000, 0x0000, 0x0000, 0x0000, 0x0000, 0xFEEA,
0xFEEA, 0x0000, 0x0000, 0x0000, 0x0000, 0x0000, 0x0000, 0x0000, 0x0000, 0x0000, 0x0000, 0x0000, 0x0000, 0x0000, 0x0000, 0x0000,
0x0000, 0x0000, 0x0000, 0x0000, 0x0000, 0x0000, 0x0000, 0x0000, 0x0000, 0x0000, 0x0000, 0x0000, 0x0000, 0x0000, 0x0000, 0x0000,
0x0000, 0x0000, 0x0000, 0x0000, 0x0000, 0x0000, 0x0000, 0x0000, 0x0000, 0x0000, 0x0000, 0x0000, 0xFEEA, 0xFEEA, 0xFEEA, 0x0000,
0x0000, 0x0000, 0x0000, 0x0000, 0x0000, 0x0000, 0x0000, 0x0000, 0x0000, 0x0000, 0x0000, 0x0000, 0x0000, 0x0000, 0x0000, 0x0000,
0x0000, 0x0000, 0x0000, 0x0000, 0x0000, 0x0000, 0x0000, 0x0000, 0x0000, 0x0000, 0x0000, 0x0000, 0x0000, 0x0000, 0x0000, 0x0000,
0x0000, 0x0000, 0xFEEA, 0x0000, 0x0000, 0x0000, 0x0000, 0x0000, 0x0000, 0x0000, 0x0000, 0x0000, 0x0000, 0x0000, 0x0000, 0x0000,
0x0000, 0x0000, 0x0000, 0x0000, 0x0000, 0x0000, 0x0000, 0x0000, 0x0000, 0x0000, 0x0000, 0x0000, 0x0000, 0xFEEA, 0xFEEA, 0xFEEA,
0x0000, 0x0000, 0x0000, 0x0000, 0x0000, 0x0000, 0x0000, 0x0000, 0x0000, 0x0000, 0x0000, 0x0000, 0x0000, 0x0020, 0x0020, 0x0020,
0x0020, 0x0020, 0x0020, 0x0020, 0x0000, 0x0000, 0x0000, 0x0000, 0x0000, 0x0000, 0x0000, 0x0000, 0x0000, 0x0000, 0x0000, 0x0000,
0x0000, 0xFEEA, 0xFEEA, 0xFEEA, 0x0000, 0x0000, 0x0000, 0x0000, 0x0000, 0x0000, 0x0000, 0x0000, 0x0000, 0x0000, 0x0000, 0x0000,
0x0000, 0x0000, 0x0000, 0x0000, 0x0000, 0x0000, 0x0000, 0x0000, 0x0000, 0x0000, 0x0000, 0x0000, 0x0000, 0x0000, 0xFEEA, 0xFEEA,
0xFEEA, 0x0000, 0x0000, 0x0000, 0x0000, 0x0000, 0x0000, 0x0000, 0x0000, 0x0020, 0x0020, 0x0020, 0x0020, 0x0020, 0x0020, 0x0020,
0x0020, 0x0020, 0x0020, 0x0020, 0x0020, 0x0020, 0x0020, 0x0020, 0x0000, 0x0000, 0x0000, 0x0000, 0x0000, 0x0000, 0x0000, 0x0000,
0xFEEA, 0xFEEA, 0xFEEA, 0x0000, 0x0000, 0x0000, 0x0000, 0x0000, 0x0000, 0x0000, 0x0000, 0x0000, 0x0000, 0x0000, 0x0000, 0x0000,
0x0000, 0x0000, 0x0000, 0x0000, 0x0000, 0x0000, 0x0000, 0x0000, 0x0000, 0x0000, 0x0000, 0x0000, 0x0000, 0x0000, 0x0000, 0xFEEA,
0xFEEA, 0xFEEA, 0x0000, 0x0000, 0x0000, 0x0000, 0x0000, 0x0020, 0x0020, 0x0020, 0x0020, 0x0820, 0x0820, 0x0820, 0x0820, 0x0820,
0x0820, 0x0820, 0x0820, 0x0820, 0x0820, 0x0820, 0x0020, 0x0020, 0x0020, 0x0020, 0x0000, 0x0000, 0x0000, 0x0000, 0x0000, 0xFEEA,
0xFEEA, 0xFEEA, 0x0000, 0x0000, 0x0000, 0x0000, 0x0000, 0x0000, 0x0000, 0x0000, 0x0000, 0x0000, 0x0000, 0x0000, 0x0000, 0x0000,
0x0000, 0x0000, 0x0000, 0x0000, 0x0000, 0x0000, 0x0000, 0x0000, 0x0000, 0x0000, 0x0000, 0x0000, 0x0000, 0x0000, 0x0000, 0x0000,
0xFEEA, 0xFEEA, 0xFEEA, 0x0000, 0x0000, 0x0020, 0x0020, 0x0020, 0x0820, 0x0820, 0x0820, 0x0820, 0x0840, 0x0840, 0x0840, 0x0840,
0x0840, 0x0840, 0x0840, 0x0840, 0x0840, 0x0820, 0x0820, 0x0820, 0x0820, 0x0020, 0x0020, 0x0020, 0x0000, 0x0000, 0xFEEA, 0xFEEA,
0xFEEA, 0x0000, 0x0000, 0x0000, 0x0000, 0x0000, 0x0000, 0x0000, 0x0000, 0x0000, 0x0000, 0x0000, 0x0000, 0x0000, 0x0000, 0x0000,
0x0000, 0x0000, 0x0000, 0x0000, 0x0000, 0x0000, 0x0000, 0x0000, 0x0000, 0x0000, 0x0000, 0x0000, 0x0000, 0x0000, 0x0000, 0x0000,
0x0000, 0xFEEA, 0x0000, 0x0000, 0x0020, 0x0020, 0x0020, 0x0820, 0x0820, 0x0840, 0x0840, 0x0840, 0x0840, 0xFDE5, 0xFDE5, 0xFDE5,
0xFDE5, 0xFDE5, 0xFDE5, 0xFDE5, 0x0840, 0x0840, 0x0840, 0x0840, 0x0820, 0x0820, 0x0020, 0x0020, 0x0020, 0xFEEA, 0xFEEA, 0xFEEA,
0x0000, 0x0000, 0x0000, 0x0000, 0x0000, 0x0000, 0x0000, 0x0000, 0x0000, 0x0000, 0x0000, 0x0000, 0x0000, 0x0000, 0x0000, 0x0000,
0x0000, 0x0000, 0x0000, 0x0000, 0x0000, 0x0000, 0x0000, 0x0000, 0x0000, 0x0000, 0x0000, 0x0000, 0x0000, 0x0000, 0x0000, 0x0000,
0x0000, 0x0000, 0x0000, 0x0020, 0x0020, 0x0820, 0x0820, 0x0840, 0x0840, 0x0840, 0xFDE5, 0xFDE5, 0xFDE5, 0xFDE5, 0xFDE5, 0xFDE5,
0xFDE5, 0xFDE5, 0xFDE5, 0xFDE5, 0xFDE5, 0xFDE5, 0xFDE5, 0x0840, 0x0840, 0x0840, 0x0820, 0x0820, 0x0020, 0x0020, 0xFEEA, 0x0000,
0x0000, 0x0000, 0x0000, 0x0000, 0x0000, 0x0000, 0x0000, 0x0000, 0x0000, 0x0000, 0x0000, 0x0000, 0x0000, 0x0000, 0x0000, 0x0000,
0x0000, 0x0000, 0x0000, 0x0000, 0x0000, 0x0000, 0x0000, 0x0000, 0x0000, 0x0000, 0x0000, 0x0000, 0x0000, 0x0000, 0x0000, 0x0000,
0x0000, 0x0000, 0x0020, 0x0020, 0x0820, 0x0820, 0x0840, 0x0840, 0x0840, 0xFDE5, 0xFDE5, 0xFDE5, 0xFDE5, 0xFF52, 0xFF52, 0xFF52,
0xFF52, 0xFF52, 0xFF52, 0xFF52, 0xFDE5, 0xFDE5, 0xFDE5, 0xFDE5, 0x0840, 0x0840, 0x0840, 0x0820, 0x0820, 0x0020, 0x0020, 0x0000,
0x0000, 0x0000, 0x0000, 0x0000, 0x0000, 0x0000, 0x0000, 0x0000, 0x0000, 0x0000, 0x0000, 0x0000, 0x0000, 0x0000, 0x0000, 0x0000,
0x0000, 0x0000, 0x0000, 0x0000, 0x0000, 0x0000, 0x0000, 0x0000, 0x0000, 0x0000, 0x0000, 0x0000, 0x0000, 0x0000, 0x0000, 0x0000,
0x0000, 0x0020, 0x0020, 0x0820, 0x0820, 0x0840, 0x0840, 0xFDE5, 0xFDE5, 0xFDE5, 0xFF52, 0xFF52, 0xFF52, 0xFF52, 0xFF52, 0xFF52,
0xFF52, 0xFF52, 0xFF52, 0xFF52, 0xFF52, 0xFF52, 0xFF52, 0xFDE5, 0xFDE5, 0xFDE5, 0x0840, 0x0840, 0x0820, 0x0820, 0x0020, 0x0020,
0x0000, 0x0000, 0x0000, 0x0000, 0x0000, 0x0000, 0x0000, 0x0000, 0x0000, 0x0000, 0x0000, 0x0000, 0x0000, 0x0000, 0x0000, 0x0000,
0x0000, 0x0000, 0x0000, 0x0000, 0x0000, 0x0000, 0x0000, 0x0000, 0x0000, 0x0000, 0x0000, 0x0000, 0x0000, 0x0000, 0x0000, 0x0000,
0x0020, 0x0020, 0x0820, 0x0820, 0x0840, 0x0840, 0xFDE5, 0xFDE5, 0xFDE5, 0xFF52, 0xFF52, 0xFF52, 0xFF52, 0xFF52, 0xFF52, 0xFF52,
0xFF52, 0xFF52, 0xFF52, 0xFF52, 0xFF52, 0xFF52, 0xFF52, 0xFF52, 0xFDE5, 0xFDE5, 0xFDE5, 0x0840, 0x0840, 0x0820, 0x0820, 0x0020,
0x0020, 0x0000, 0x0000, 0x0000, 0x0000, 0x0000, 0x0000, 0x0000, 0x0000, 0x0000, 0x0000, 0x0000, 0x0000, 0x0000, 0x0000, 0x0000,
0x0000, 0x0000, 0x0000, 0x0000, 0x0000, 0x0000, 0x0000, 0x0000, 0x0000, 0x0000, 0x0000, 0x0000, 0x0000, 0x0000, 0x0000, 0x0020,
0x0020, 0x0820, 0x0820, 0x0840, 0x0840, 0xFDE5, 0xFDE5, 0xFDE5, 0xFF52, 0xFF52, 0xFF52, 0xFF52, 0xFF52, 0xFF52, 0xFF52, 0xFF52,
0xFF52, 0xFF52, 0xFF52, 0xFF52, 0xFF52, 0xFF52, 0xFF52, 0xFF52, 0xFF52, 0xFDE5, 0xFDE5, 0xFDE5, 0x0840, 0x0840, 0x0820, 0x0820,
0x0020, 0x0020, 0x0000, 0x0000, 0x0000, 0x0000, 0x0000, 0x0000, 0x0000, 0x0000, 0x0000, 0x0000, 0x0000, 0x0000, 0x0000, 0x0000,
0x0000, 0x0000, 0x0000, 0x0000, 0x0000, 0x0000, 0x0000, 0x0000, 0x0000, 0x0000, 0x0000, 0x0000, 0x0000, 0x0000, 0x0000, 0x0020,
0x0020, 0x0820, 0x0840, 0x0840, 0x1060, 0xFDE5, 0xFDE5, 0xFF52, 0xFF52, 0xFF52, 0xFF52, 0xFF52, 0xFF52, 0xFF52, 0xFF52, 0xFF52,
0xFF52, 0xFF52, 0xFF52, 0xFF52, 0xFF52, 0xFF52, 0xFF52, 0xFF52, 0xFF52, 0xFF52, 0xFDE5, 0xFDE5, 0x1060, 0x0840, 0x0840, 0x0820,
0x0020, 0x0020, 0x0000, 0x0000, 0x0000, 0x0000, 0x0000, 0x0000, 0x0000, 0x0000, 0x0000, 0x0000, 0x0000, 0x0000, 0x0000, 0x0000,
0x0000, 0x0000, 0x0000, 0x0000, 0x0000, 0x0000, 0x0000, 0x0000, 0x0000, 0x0000, 0x0000, 0x0000, 0x0000, 0x0000, 0x0020, 0x0020,
0x0820, 0x0840, 0x0840, 0x0840, 0xFDE5, 0xFDE5, 0xFF52, 0xFF52, 0xFF52, 0xFF52, 0xFF52, 0xFF52, 0xFF52, 0xFF52, 0xFF52, 0xFF52,
0xFF52, 0xFF52, 0xFF52, 0xFF52, 0xFF52, 0xFF52, 0xFF52, 0xFF52, 0xFF52, 0xFF52, 0xFF52, 0xFDE5, 0xFDE5, 0x0840, 0x0840, 0x0840,
0x0820, 0x0020, 0x0020, 0x0000, 0x0000, 0x0000, 0x0000, 0x0000, 0x0000, 0x0000, 0x0000, 0x0000, 0x0000, 0x0000, 0x0000, 0x0000,
0x0000, 0x0000, 0x0000, 0x0000, 0x0000, 0x0000, 0x0000, 0x0000, 0x0000, 0x0000, 0x0000, 0x0000, 0x0000, 0x0000, 0x0020, 0x0020,
0x0820, 0x0840, 0x0840, 0xFDE5, 0xFDE5, 0xFF52, 0xFF52, 0xFF52, 0xFF52, 0xFF52, 0xFF52, 0xFF52, 0xFF52, 0xFF52, 0xFF52, 0xFF52,
0xFF52, 0xFF52, 0xFF52, 0xFF52, 0xFF52, 0xFF52, 0xFF52, 0xFF52, 0xFF52, 0xFF52, 0xFF52, 0xFF52, 0xFDE5, 0xFDE5, 0x0840, 0x0840,
0x0820, 0x0020, 0x0020, 0x0000, 0x0000, 0x0000, 0x0000, 0x0000, 0x0000, 0x0000, 0x0000, 0x0000, 0x0000, 0x0000, 0x0000, 0x0000,
0x0000, 0x0000, 0x0000, 0x0000, 0x0000, 0x0000, 0x0000, 0x0000, 0x0000, 0x0000, 0x0000, 0x0000, 0x0000, 0x0020, 0x0020, 0x0820,
0x0840, 0x0840, 0x1060, 0xFDE5, 0xFDE5, 0xFF52, 0xFF52, 0xFF52, 0xFF52, 0xFF52, 0xFF52, 0xFF52, 0xFF52, 0xFF52, 0xFF52, 0xFF52,
0xFF52, 0xFF52, 0xFF52, 0xFF52, 0xFF52, 0xFF52, 0xFF52, 0xFF52, 0xFF52, 0xFF52, 0xFF52, 0xFF52, 0xFDE5, 0xFDE5, 0x1060, 0x0840,
0x0840, 0x0820, 0x0020, 0x0020, 0x0000, 0x0000, 0x0000, 0x0000, 0x0000, 0x0000, 0x0000, 0x0000, 0x0000, 0x0000, 0x0000, 0x0000,
0x0000, 0x0000, 0x0000, 0x0000, 0x0000, 0x0000, 0x0000, 0x0000, 0x0000, 0x0000, 0x0000, 0x0000, 0x0000, 0x0020, 0x0020, 0x0820,
0x0840, 0x0840, 0x1060, 0xFDE5, 0xFDE5, 0xFF52, 0xFF52, 0xFF52, 0xFF52, 0xFF52, 0xFF52, 0xFF52, 0xFF52, 0xFF52, 0xFF52, 0xFF52,
0xFF52, 0xFF52, 0xFF52, 0xFF52, 0xFF52, 0xFF52, 0xFF52, 0xFF52, 0xFF52, 0xFF52, 0xFF52, 0xFF52, 0xFDE5, 0xFDE5, 0x1060, 0x0840,
0x0840, 0x0820, 0x0020, 0x0020, 0x0000, 0x0000, 0x0000, 0x0000, 0x0000, 0x0000, 0x0000, 0x0000, 0x0000, 0x0000, 0x0000, 0x0000,
0x0000, 0x0000, 0x0000, 0x0000, 0x0000, 0x0000, 0x0000, 0x0000, 0x0000, 0x0000, 0x0000, 0x0000, 0x0000, 0x0020, 0x0820, 0x0820,
0x0840, 0x1060, 0xFDE5, 0xFDE5, 0xFF52, 0xFF52, 0xFF52, 0xFF52, 0xFF52, 0xFF52, 0xFF52, 0xFF52, 0xFF52, 0xFF52, 0xFF52, 0xFF52,
0xFF52, 0xFF52, 0xFF52, 0xFF52, 0xFF52, 0xFF52, 0xFF52, 0xFF52, 0xFF52, 0xFF52, 0xFF52, 0xFF52, 0xFF52, 0xFDE5, 0xFDE5, 0x1060,
0x0840, 0x0820, 0x0820, 0x0020, 0x0000, 0x0000, 0x0000, 0x0000, 0x0000, 0x0000, 0x0000, 0x0000, 0x0000, 0x0000, 0x0000, 0x0000,
0x0000, 0x0000, 0x0000, 0x0000, 0x0000, 0x0000, 0x0000, 0x0000, 0x0000, 0x0000, 0x0000, 0x0000, 0x0000, 0x0020, 0x0820, 0x0840,
0x0840, 0x1060, 0xFDE5, 0xFDE5, 0xFF52, 0xFF52, 0xFF52, 0xFF52, 0xFF52, 0xFF52, 0xFF52, 0xFF52, 0xFF52, 0xFF52, 0xFF52, 0xFF52,
0xFF52, 0xFF52, 0xFF52, 0xFF52, 0xFF52, 0xFF52, 0xFF52, 0xFF52, 0xFF52, 0xFF52, 0xFF52, 0xFF52, 0xFF52, 0xFDE5, 0xFDE5, 0x1060,
0x0840, 0x0840, 0x0820, 0x0020, 0x0000, 0x0000, 0x0000, 0x0000, 0x0000, 0x0000, 0x0000, 0x0000, 0x0000, 0x0000, 0x0000, 0x0000,
0x0000, 0x0000, 0x0000, 0x0000, 0x0000, 0xFEEA, 0xFEEA, 0xFEEA, 0xFEEA, 0xFEEA, 0xFEEA, 0xFEEA, 0xFEEA, 0x0020, 0x0820, 0x0840,
0x0840, 0x1060, 0xFDE5, 0xFDE5, 0xFF52, 0xFF52, 0xFF52, 0xFF52, 0xFF52, 0xFF52, 0xFF52, 0xFF52, 0xFF52, 0xFF52, 0xFF52, 0xFF52,
0xFF52, 0xFF52, 0xFF52, 0xFF52, 0xFF52, 0xFF52, 0xFF52, 0xFF52, 0xFF52, 0xFF52, 0xFF52, 0xFF52, 0xFF52, 0xFDE5, 0xFDE5, 0x1060,
0x0840, 0x0840, 0x0820, 0x0020, 0x0020, 0x0000, 0x0000, 0x0000, 0x0000, 0x0000, 0x0000, 0x0000, 0x0000, 0x0000, 0x0000, 0x0000,
0x0000, 0x0000, 0x0000, 0x0000, 0x0000, 0xFEEA, 0xFEEA, 0xFEEA, 0xFEEA, 0xFEEA, 0xFEEA, 0xFEEA, 0xFEEA, 0x0020, 0x0820, 0x0840,
0x0840, 0x1060, 0xFDE5, 0xFDE5, 0xFF52, 0xFF52, 0xFF52, 0xFF52, 0xFF52, 0xFF52, 0xFF52, 0xFF52, 0xFF52, 0xFF52, 0xFF52, 0xFF52,
0xFF52, 0xFF52, 0xFF52, 0xFF52, 0xFF52, 0xFF52, 0xFF52, 0xFF52, 0xFF52, 0xFF52, 0xFF52, 0xFF52, 0xFF52, 0xFDE5, 0xFDE5, 0x1060,
0x0840, 0x0840, 0x0820, 0x0020, 0xFEEA, 0xFEEA, 0xFEEA, 0xFEEA, 0xFEEA, 0xFEEA, 0xFEEA, 0xFEEA, 0x0000, 0x0000, 0x0000, 0x0000,
0x0000, 0x0000, 0x0000, 0x0000, 0x0000, 0x0000, 0x0000, 0x0000, 0x0000, 0x0000, 0x0000, 0x0000, 0x0020, 0x0020, 0x0820, 0x0840,
0x0840, 0x1060, 0xFDE5, 0xFDE5, 0xFF52, 0xFF52, 0xFF52, 0xFF52, 0xFF52, 0xFF52, 0xFF52, 0xFF52, 0xFF52, 0xFF52, 0xFF52, 0xFF52,
0xFF52, 0xFF52, 0xFF52, 0xFF52, 0xFF52, 0xFF52, 0xFF52, 0xFF52, 0xFF52, 0xFF52, 0xFF52, 0xFF52, 0xFF52, 0xFDE5, 0xFDE5, 0x1060,
0x0840, 0x0840, 0x0820, 0x0020, 0xFEEA, 0xFEEA, 0xFEEA, 0xFEEA, 0xFEEA, 0xFEEA, 0xFEEA, 0xFEEA, 0x0000, 0x0000, 0x0000, 0x0000,
0x0000, 0x0000, 0x0000, 0x0000, 0x0000, 0x0000, 0x0000, 0x0000, 0x0000, 0x0000, 0x0000, 0x0000, 0x0020, 0x0020, 0x0820, 0x0840,
0x0840, 0x1060, 0xFDE5, 0xFDE5, 0xFF52, 0xFF52, 0xFF52, 0xFF52, 0xFF52, 0xFF52, 0xFF52, 0xFF52, 0xFF52, 0xFF52, 0xFF52, 0xFF52,
0xFF52, 0xFF52, 0xFF52, 0xFF52, 0xFF52, 0xFF52, 0xFF52, 0xFF52, 0xFF52, 0xFF52, 0xFF52, 0xFF52, 0xFF52, 0xFDE5, 0xFDE5, 0x1060,
0x0840, 0x0840, 0x0820, 0x0020, 0x0020, 0x0000, 0x0000, 0x0000, 0x0000, 0x0000, 0x0000, 0x0000, 0x0000, 0x0000, 0x0000, 0x0000,
0x0000, 0x0000, 0x0000, 0x0000, 0x0000, 0x0000, 0x0000, 0x0000, 0x0000, 0x0000, 0x0000, 0x0000, 0x0020, 0x0020, 0x0820, 0x0840,
0x0840, 0x1060, 0xFDE5, 0xFDE5, 0xFF52, 0xFF52, 0xFF52, 0xFF52, 0xFF52, 0xFF52, 0xFF52, 0xFF52, 0xFF52, 0xFF52, 0xFF52, 0xFF52,
0xFF52, 0xFF52, 0xFF52, 0xFF52, 0xFF52, 0xFF52, 0xFF52, 0xFF52, 0xFF52, 0xFF52, 0xFF52, 0xFF52, 0xFF52, 0xFDE5, 0xFDE5, 0x1060,
0x0840, 0x0840, 0x0820, 0x0020, 0x0020, 0x0000, 0x0000, 0x0000, 0x0000, 0x0000, 0x0000, 0x0000, 0x0000, 0x0000, 0x0000, 0x0000,
0x0000, 0x0000, 0x0000, 0x0000, 0x0000, 0x0000, 0x0000, 0x0000, 0x0000, 0x0000, 0x0000, 0x0000, 0x0020, 0x0020, 0x0820, 0x0840,
0x0840, 0x1060, 0x1080, 0xFDE5, 0xFDE5, 0xFF52, 0xFF52, 0xFF52, 0xFF52, 0xFF52, 0xFF52, 0xFF52, 0xFF52, 0xFF52, 0xFF52, 0xFF52,
0xFF52, 0xFF52, 0xFF52, 0xFF52, 0xFF52, 0xFF52, 0xFF52, 0xFF52, 0xFF52, 0xFF52, 0xFF52, 0xFF52, 0xFDE5, 0xFDE5, 0x1080, 0x1060,
0x0840, 0x0840, 0x0820, 0x0020, 0x0020, 0x0000, 0x0000, 0x0000, 0x0000, 0x0000, 0x0000, 0x0000, 0x0000, 0x0000, 0x0000, 0x0000,
0x0000, 0x0000, 0x0000, 0x0000, 0x0000, 0x0000, 0x0000, 0x0000, 0x0000, 0x0000, 0x0000, 0x0000, 0x0020, 0x0020, 0x0820, 0x0840,
0x0840, 0x1060, 0x1080, 0xFDE5, 0xFDE5, 0xFF52, 0xFF52, 0xFF52, 0xFF52, 0xFF52, 0xFF52, 0xFF52, 0xFF52, 0xFF52, 0xFF52, 0xFF52,
0xFF52, 0xFF52, 0xFF52, 0xFF52, 0xFF52, 0xFF52, 0xFF52, 0xFF52, 0xFF52, 0xFF52, 0xFF52, 0xFF52, 0xFDE5, 0xFDE5, 0x1080, 0x1060,
0x0840, 0x0840, 0x0820, 0x0020, 0x0020, 0x0000, 0x0000, 0x0000, 0x0000, 0x0000, 0x0000, 0x0000, 0x0000, 0x0000, 0x0000, 0x0000,
0x0000, 0x0000, 0x0000, 0x0000, 0x0000, 0x0000, 0x0000, 0x0000, 0x0000, 0x0000, 0x0000, 0x0000, 0x0000, 0x0020, 0x0820, 0x0840,
0x0840, 0x1060, 0x1060, 0xFDE5, 0xFDE5, 0xFF52, 0xFF52, 0xFF52, 0xFF52, 0xFF52, 0xFF52, 0xFF52, 0xFF52, 0xFF52, 0xFF52, 0xFF52,
0xFF52, 0xFF52, 0xFF52, 0xFF52, 0xFF52, 0xFF52, 0xFF52, 0xFF52, 0xFF52, 0xFF52, 0xFF52, 0xFF52, 0xFDE5, 0xFDE5, 0x1060, 0x1060,
0x0840, 0x0840, 0x0820, 0x0020, 0x0000, 0x0000, 0x0000, 0x0000, 0x0000, 0x0000, 0x0000, 0x0000, 0x0000, 0x0000, 0x0000, 0x0000,
0x0000, 0x0000, 0x0000, 0x0000, 0x0000, 0x0000, 0x0000, 0x0000, 0x0000, 0x0000, 0x0000, 0x0000, 0x0000, 0x0020, 0x0820, 0x0820,
0x0840, 0x1060, 0x1060, 0x1080, 0xFDE5, 0xFDE5, 0xFF52, 0xFF52, 0xFF52, 0xFF52, 0xFF52, 0xFF52, 0xFF52, 0xFF52, 0xFF52, 0xFF52,
0xFF52, 0xFF52, 0xFF52, 0xFF52, 0xFF52, 0xFF52, 0xFF52, 0xFF52, 0xFF52, 0xFF52, 0xFF52, 0xFDE5, 0xFDE5, 0x1080, 0x1060, 0x1060,
0x0840, 0x0820, 0x0820, 0x0020, 0x0000, 0x0000, 0x0000, 0x0000, 0x0000, 0x0000, 0x0000, 0x0000, 0x0000, 0x0000, 0x0000, 0x0000,
0x0000, 0x0000, 0x0000, 0x0000, 0x0000, 0x0000, 0x0000, 0x0000, 0x0000, 0x0000, 0x0000, 0x0000, 0x0000, 0x0020, 0x0020, 0x0820,
0x0840, 0x0840, 0x1060, 0x1080, 0x1880, 0xFDE5, 0xFDE5, 0xFF52, 0xFF52, 0xFF52, 0xFF52, 0xFF52, 0xFF52, 0xFF52, 0xFF52, 0xFF52,
0xFF52, 0xFF52, 0xFF52, 0xFF52, 0xFF52, 0xFF52, 0xFF52, 0xFF52, 0xFF52, 0xFF52, 0xFDE5, 0xFDE5, 0x1880, 0x1080, 0x1060, 0x0840,
0x0840, 0x0820, 0x0020, 0x0020, 0x0000, 0x0000, 0x0000, 0x0000, 0x0000, 0x0000, 0x0000, 0x0000, 0x0000, 0x0000, 0x0000, 0x0000,
0x0000, 0x0000, 0x0000, 0x0000, 0x0000, 0x0000, 0x0000, 0x0000, 0x0000, 0x0000, 0x0000, 0x0000, 0x0000, 0x0020, 0x0020, 0x0820,
0x0840, 0x0840, 0x1060, 0x1060, 0x1080, 0xFDE5, 0xFDE5, 0xFDE5, 0xFF52, 0xFF52, 0xFF52, 0xFF52, 0xFF52, 0xFF52, 0xFF52, 0xFF52,
0xFF52, 0xFF52, 0xFF52, 0xFF52, 0xFF52, 0xFF52, 0xFF52, 0xFF52, 0xFF52, 0xFDE5, 0xFDE5, 0xFDE5, 0x1080, 0x1060, 0x1060, 0x0840,
0x0840, 0x0820, 0x0020, 0x0020, 0x0000, 0x0000, 0x0000, 0x0000, 0x0000, 0x0000, 0x0000, 0x0000, 0x0000, 0x0000, 0x0000, 0x0000,
0x0000, 0x0000, 0x0000, 0x0000, 0x0000, 0x0000, 0x0000, 0x0000, 0x0000, 0x0000, 0x0000, 0x0000, 0x0000, 0x0000, 0x0020, 0x0020,
0x0820, 0x0840, 0x0840, 0x1060, 0x1060, 0x1880, 0xFDE5, 0xFDE5, 0xFDE5, 0xFF52, 0xFF52, 0xFF52, 0xFF52, 0xFF52, 0xFF52, 0xFF52,
0xFF52, 0xFF52, 0xFF52, 0xFF52, 0xFF52, 0xFF52, 0xFF52, 0xFF52, 0xFDE5, 0xFDE5, 0xFDE5, 0x1880, 0x1060, 0x1060, 0x0840, 0x0840,
0x0820, 0x0020, 0x0020, 0x0000, 0x0000, 0x0000, 0x0000, 0x0000, 0x0000, 0x0000, 0x0000, 0x0000, 0x0000, 0x0000, 0x0000, 0x0000,
0x0000, 0x0000, 0x0000, 0x0000, 0x0000, 0x0000, 0x0000, 0x0000, 0x0000, 0x0000, 0x0000, 0x0000, 0x0000, 0x0000, 0x0020, 0x0020,
0x0820, 0x0840, 0x0840, 0x0840, 0x1060, 0x1080, 0x1880, 0xFDE5, 0xFDE5, 0xFDE5, 0xFDE5, 0xFDE5, 0xFDE5, 0xFDE5, 0xFDE5, 0xFDE5,
0xFDE5, 0xFDE5, 0xFDE5, 0xFDE5, 0xFDE5, 0xFDE5, 0xFDE5, 0xFDE5, 0xFDE5, 0xFDE5, 0x1880, 0x1080, 0x1060, 0x0840, 0x0840, 0x0840,
0x0820, 0x0020, 0x0020, 0x0000, 0x0000, 0x0000, 0x0000, 0x0000, 0x0000, 0x0000, 0x0000, 0x0000, 0x0000, 0x0000, 0x0000, 0x0000,
0x0000, 0x0000, 0x0000, 0x0000, 0x0000, 0x0000, 0x0000, 0x0000, 0x0000, 0x0000, 0x0000, 0x0000, 0x0000, 0x0000, 0x0000, 0x0020,
0x0020, 0x0820, 0x0840, 0x0840, 0x1060, 0x1060, 0x1080, 0x1880, 0xFDE5, 0xFDE5, 0xFDE5, 0xFDE5, 0xFDE5, 0xFDE5, 0xFDE5, 0xFDE5,
0xFDE5, 0xFDE5, 0xFDE5, 0xFDE5, 0xFDE5, 0xFDE5, 0xFDE5, 0xFDE5, 0xFDE5, 0x1880, 0x1080, 0x1060, 0x1060, 0x0840, 0x0840, 0x0820,
0x0020, 0x0020, 0x0000, 0x0000, 0x0000, 0x0000, 0x0000, 0x0000, 0x0000, 0x0000, 0x0000, 0x0000, 0x0000, 0x0000, 0x0000, 0x0000,
0x0000, 0x0000, 0x0000, 0x0000, 0x0000, 0x0000, 0x0000, 0x0000, 0x0000, 0x0000, 0x0000, 0x0000, 0x0000, 0x0000, 0x0000, 0x0020,
0x0020, 0x0820, 0xFEEA, 0x0840, 0x0840, 0x1060, 0x1060, 0x1080, 0x1880, 0xFDE5, 0xFDE5, 0xFDE5, 0xFDE5, 0xFDE5, 0xFDE5, 0xFDE5,
0xFDE5, 0xFDE5, 0xFDE5, 0xFDE5, 0xFDE5, 0xFDE5, 0xFDE5, 0xFDE5, 0x1880, 0x1080, 0x1060, 0x1060, 0x0840, 0x0840, 0x0820, 0x0820,
0x0020, 0x0020, 0x0000, 0x0000, 0x0000, 0x0000, 0x0000, 0x0000, 0x0000, 0x0000, 0x0000, 0x0000, 0x0000, 0x0000, 0x0000, 0x0000,
0x0000, 0x0000, 0x0000, 0x0000, 0x0000, 0x0000, 0x0000, 0x0000, 0x0000, 0x0000, 0x0000, 0x0000, 0x0000, 0x0000, 0x0000, 0x0000,
0x0020, 0xFEEA, 0xFEEA, 0xFEEA, 0x0840, 0x0840, 0x1060, 0x1060, 0x1060, 0xFDE5, 0xFDE5, 0xFDE5, 0xFDE5, 0xFDE5, 0xFDE5, 0xFDE5,
0xFDE5, 0xFDE5, 0xFDE5, 0xFDE5, 0xFDE5, 0xFDE5, 0xFDE5, 0xFDE5, 0x1060, 0x1060, 0x1060, 0x0840, 0x0840, 0x0820, 0x0820, 0xFEEA,
0x0020, 0x0000, 0x0000, 0x0000, 0x0000, 0x0000, 0x0000, 0x0000, 0x0000, 0x0000, 0x0000, 0x0000, 0x0000, 0x0000, 0x0000, 0x0000,
0x0000, 0x0000, 0x0000, 0x0000, 0x0000, 0x0000, 0x0000, 0x0000, 0x0000, 0x0000, 0x0000, 0x0000, 0x0000, 0x0000, 0x0000, 0x0000,
0xFEEA, 0xFEEA, 0xFEEA, 0x0820, 0x0820, 0x0840, 0x0840, 0x0840, 0x1060, 0xFDE5, 0xFDE5, 0xFDE5, 0xFDE5, 0xFDE5, 0xFDE5, 0xFDE5,
0xFDE5, 0xFDE5, 0xFDE5, 0xFDE5, 0xFDE5, 0xFDE5, 0xFDE5, 0xFDE5, 0x1060, 0x0840, 0x0840, 0x0840, 0x0820, 0x0820, 0xFEEA, 0xFEEA,
0xFEEA, 0x0000, 0x0000, 0x0000, 0x0000, 0x0000, 0x0000, 0x0000, 0x0000, 0x0000, 0x0000, 0x0000, 0x0000, 0x0000, 0x0000, 0x0000,
0x0000, 0x0000, 0x0000, 0x0000, 0x0000, 0x0000, 0x0000, 0x0000, 0x0000, 0x0000, 0x0000, 0x0000, 0x0000, 0x0000, 0x0000, 0xFEEA,
0xFEEA, 0xFEEA, 0x0020, 0x0020, 0x0820, 0x0820, 0x0840, 0x0840, 0x0840, 0x1060, 0xFDE5, 0xFDE5, 0xFDE5, 0xFDE5, 0xFDE5, 0xFDE5,
0xFDE5, 0xFDE5, 0xFDE5, 0xFDE5, 0xFDE5, 0xFDE5, 0xFDE5, 0x1060, 0x0840, 0x0840, 0x0840, 0x0820, 0x0820, 0x0020, 0x0020, 0xFEEA,
0xFEEA, 0xFEEA, 0x0000, 0x0000, 0x0000, 0x0000, 0x0000, 0x0000, 0x0000, 0x0000, 0x0000, 0x0000, 0x0000, 0x0000, 0x0000, 0x0000,
0x0000, 0x0000, 0x0000, 0x0000, 0x0000, 0x0000, 0x0000, 0x0000, 0x0000, 0x0000, 0x0000, 0x0000, 0x0000, 0x0000, 0xFEEA, 0xFEEA,
0xFEEA, 0x0000, 0x0000, 0x0020, 0x0020, 0x0820, 0x0820, 0x0840, 0x0840, 0x0840, 0xFDE5, 0xFDE5, 0xFDE5, 0xFDE5, 0xFDE5, 0xFDE5,
0xFDE5, 0xFDE5, 0xFDE5, 0xFDE5, 0xFDE5, 0xFDE5, 0xFDE5, 0x0840, 0x0840, 0x0840, 0x0820, 0x0820, 0x0020, 0x0020, 0x0000, 0x0000,
0xFEEA, 0xFEEA, 0xFEEA, 0x0000, 0x0000, 0x0000, 0x0000, 0x0000, 0x0000, 0x0000, 0x0000, 0x0000, 0x0000, 0x0000, 0x0000, 0x0000,
0x0000, 0x0000, 0x0000, 0x0000, 0x0000, 0x0000, 0x0000, 0x0000, 0x0000, 0x0000, 0x0000, 0x0000, 0x0000, 0xFEEA, 0xFEEA, 0xFEEA,
0x0000, 0x0000, 0x0000, 0x0000, 0x0020, 0x0020, 0x0020, 0x0820, 0x0820, 0x0840, 0xFDE5, 0xFDE5, 0xFDE5, 0xFDE5, 0xFDE5, 0xFDE5,
0xFDE5, 0xFDE5, 0xFDE5, 0xFDE5, 0xFDE5, 0xFDE5, 0xFDE5, 0x0840, 0x0820, 0x0820, 0x0020, 0x0020, 0x0020, 0x0000, 0x0000, 0x0000,
0x0000, 0xFEEA, 0xFEEA, 0xFEEA, 0x0000, 0x0000, 0x0000, 0x0000, 0x0000, 0x0000, 0x0000, 0x0000, 0x0000, 0x0000, 0x0000, 0x0000,
0x0000, 0x0000, 0x0000, 0x0000, 0x0000, 0x0000, 0x0000, 0x0000, 0x0000, 0x0000, 0x0000, 0x0000, 0x0000, 0x0000, 0xFEEA, 0x0000,
0x0000, 0x0000, 0x0000, 0x0000, 0x0000, 0x0020, 0x0020, 0x0020, 0x0820, 0x0820, 0xFDE5, 0xFDE5, 0xFDE5, 0xFDE5, 0xFDE5, 0xFDE5,
0xFDE5, 0xFDE5, 0xFDE5, 0xFDE5, 0xFDE5, 0xFDE5, 0xFDE5, 0x0820, 0x0820, 0x0020, 0x0020, 0x0020, 0x0000, 0x0000, 0x0000, 0x0000,
0x0000, 0x0000, 0xFEEA, 0xFEEA, 0xFEEA, 0x0000, 0x0000, 0x0000, 0x0000, 0x0000, 0x0000, 0x0000, 0x0000, 0x0000, 0x0000, 0x0000,
0x0000, 0x0000, 0x0000, 0x0000, 0x0000, 0x0000, 0x0000, 0x0000, 0x0000, 0x0000, 0x0000, 0x0000, 0x0000, 0x0000, 0x0000, 0x0000,
0x0000, 0x0000, 0x0000, 0x0000, 0x0000, 0x0000, 0x0000, 0x0020, 0x0020, 0x0020, 0x0020, 0xFDE5, 0xFDE5, 0xFDE5, 0xFDE5, 0xFDE5,
0xFEEA, 0xFEEA, 0xFDE5, 0xFDE5, 0xFDE5, 0xFDE5, 0x0020, 0x0020, 0x0020, 0x0020, 0x0000, 0x0000, 0x0000, 0x0000, 0x0000, 0x0000,
0x0000, 0x0000, 0x0000, 0xFEEA, 0x0000, 0x0000, 0x0000, 0x0000, 0x0000, 0x0000, 0x0000, 0x0000, 0x0000, 0x0000, 0x0000, 0x0000,
0x0000, 0x0000, 0x0000, 0x0000, 0x0000, 0x0000, 0x0000, 0x0000, 0x0000, 0x0000, 0x0000, 0x0000, 0x0000, 0x0000, 0x0000, 0x0000,
0x0000, 0x0000, 0x0000, 0x0000, 0x0000, 0x0000, 0x0000, 0x0000, 0x0000, 0x0020, 0x0020, 0xFDE5, 0xFDE5, 0xDD03, 0xDD03, 0xDD03,
0xFEEA, 0xFEEA, 0xDD03, 0xDD03, 0xFDE5, 0xFDE5, 0x0020, 0x0020, 0x0000, 0x0000, 0x0000, 0x0000, 0x0000, 0x0000, 0x0000, 0x0000,
0x0000, 0x0000, 0x0000, 0x0000, 0x0000, 0x0000, 0x0000, 0x0000, 0x0000, 0x0000, 0x0000, 0x0000, 0x0000, 0x0000, 0x0000, 0x0000,
0x0000, 0x0000, 0x0000, 0x0000, 0x0000, 0x0000, 0x0000, 0x0000, 0x0000, 0x0000, 0x0000, 0x0000, 0x0000, 0x0000, 0x0000, 0x0000,
0x0000, 0x0000, 0x0000, 0x0000, 0x0000, 0x0000, 0x0000, 0x0000, 0x0000, 0x0000, 0x0000, 0x0000, 0x0000, 0xDD03, 0xDD03, 0xDD03,
0xFEEA, 0xFEEA, 0xDD03, 0xDD03, 0x0000, 0x0000, 0x0000, 0x0000, 0x0000, 0x0000, 0x0000, 0x0000, 0x0000, 0x0000, 0x0000, 0x0000,
0x0000, 0x0000, 0x0000, 0x0000, 0x0000, 0x0000, 0x0000, 0x0000, 0x0000, 0x0000, 0x0000, 0x0000, 0x0000, 0x0000, 0x0000, 0x0000,
0x0000, 0x0000, 0x0000, 0x0000, 0x0000, 0x0000, 0x0000, 0x0000, 0x0000, 0x0000, 0x0000, 0x0000, 0x0000, 0x0000, 0x0000, 0x0000,
0x0000, 0x0000, 0x0000, 0x0000, 0x0000, 0x0000, 0x0000, 0x0000, 0x0000, 0x0000, 0x0000, 0x0000, 0x0000, 0xDD03, 0xDD03, 0xDD03,
0xFEEA, 0xFEEA, 0xDD03, 0xDD03, 0x0000, 0x0000, 0x0000, 0x0000, 0x0000, 0x0000, 0x0000, 0x0000, 0x0000, 0x0000, 0x0000, 0x0000,
0x0000, 0x0000, 0x0000, 0x0000, 0x0000, 0x0000, 0x0000, 0x0000, 0x0000, 0x0000, 0x0000, 0x0000, 0x0000, 0x0000, 0x0000, 0x0000,
0x0000, 0x0000, 0x0000, 0x0000, 0x0000, 0x0000, 0x0000, 0x0000, 0x0000, 0x0000, 0x0000, 0x0000, 0x0000, 0x0000, 0x0000, 0x0000,
0x0000, 0x0000, 0x0000, 0x0000, 0x0000, 0x0000, 0x0000, 0x0000, 0x0000, 0x0000, 0x0000, 0x0000, 0x0000, 0xDD03, 0xDD03, 0xDD03,
0xFEEA, 0xFEEA, 0xDD03, 0xDD03, 0x0000, 0x0000, 0x0000, 0x0000, 0x0000, 0x0000, 0x0000, 0x0000, 0x0000, 0x0000, 0x0000, 0x0000,
0x0000, 0x0000, 0x0000, 0x0000, 0x0000, 0x0000, 0x0000, 0x0000, 0x0000, 0x0000, 0x0000, 0x0000, 0x0000, 0x0000, 0x0000, 0x0000,
0x0000, 0x0000, 0x0000, 0x0000, 0x0000, 0x0000, 0x0000, 0x0000, 0x0000, 0x0000, 0x0000, 0x0000, 0x0000, 0x0000, 0x0000, 0x0000,
0x0000, 0x0000, 0x0000, 0x0000, 0x0000, 0x0000, 0x0000, 0x0000, 0x0000, 0x0000, 0x0000, 0x0000, 0x0000, 0xDD03, 0xDD03, 0xDD03,
0xFEEA, 0xFEEA, 0xDD03, 0xDD03, 0x0000, 0x0000, 0x0000, 0x0000, 0x0000, 0x0000, 0x0000, 0x0000, 0x0000, 0x0000, 0x0000, 0x0000,
0x0000, 0x0000, 0x0000, 0x0000, 0x0000, 0x0000, 0x0000, 0x0000, 0x0000, 0x0000, 0x0000, 0x0000, 0x0000, 0x0000, 0x0000, 0x0000,
0x0000, 0x0000, 0x0000, 0x0000, 0x0000, 0x0000, 0x0000, 0x0000, 0x0000, 0x0000, 0x0000, 0x0000, 0x0000, 0x0000, 0x0000, 0x0000,
0x0000, 0x0000, 0x0000, 0x0000, 0x0000, 0x0000, 0x0000, 0x0000, 0x0000, 0x0000, 0x0000, 0x0000, 0x0000, 0x0000, 0x0000, 0x0000,
0xFEEA, 0xFEEA, 0x0000, 0x0000, 0x0000, 0x0000, 0x0000, 0x0000, 0x0000, 0x0000, 0x0000, 0x0000, 0x0000, 0x0000, 0x0000, 0x0000,
0x0000, 0x0000, 0x0000, 0x0000, 0x0000, 0x0000, 0x0000, 0x0000, 0x0000, 0x0000, 0x0000, 0x0000, 0x0000, 0x0000, 0x0000, 0x0000,
0x0000, 0x0000, 0x0000, 0x0000, 0x0000, 0x0000, 0x0000, 0x0000, 0x0000, 0x0000, 0x0000, 0x0000, 0x0000, 0x0000, 0x0000, 0x0000,
0x0000, 0x0000, 0x0000, 0x0000, 0x0000, 0x0000, 0x0000, 0x0000, 0x0000, 0x0000, 0x0000, 0x0000, 0x0000, 0x0000, 0x0000, 0x0000,
0xFEEA, 0xFEEA, 0x0000, 0x0000, 0x0000, 0x0000, 0x0000, 0x0000, 0x0000, 0x0000, 0x0000, 0x0000, 0x0000, 0x0000, 0x0000, 0x0000,
0x0000, 0x0000, 0x0000, 0x0000, 0x0000, 0x0000, 0x0000, 0x0000, 0x0000, 0x0000, 0x0000, 0x0000, 0x0000, 0x0000, 0x0000, 0x0000,
0x0000, 0x0000, 0x0000, 0x0000, 0x0000, 0x0000, 0x0000, 0x0000, 0x0000, 0x0000, 0x0000, 0x0000, 0x0000, 0x0000, 0x0000, 0x0000,
0x0000, 0x0000, 0x0000, 0x0000, 0x0000, 0x0000, 0x0000, 0x0000, 0x0000, 0x0000, 0x0000, 0x0000, 0x0000, 0x0000, 0x0000, 0x0000,
0x0000, 0x0000, 0x0000, 0x0000, 0x0000, 0x0000, 0x0000, 0x0000, 0x0000, 0x0000, 0x0000, 0x0000, 0x0000, 0x0000, 0x0000, 0x0000,
0x0000, 0x0000, 0x0000, 0x0000, 0x0000, 0x0000, 0x0000, 0x0000, 0x0000, 0x0000, 0x0000, 0x0000, 0x0000, 0x0000, 0x0000, 0x0000,
0x0000, 0x0000, 0x0000, 0x0000, 0x0000, 0x0000, 0x0000, 0x0000, 0x0000, 0x0000, 0x0000, 0x0000, 0x0000, 0x0000, 0x0000, 0x0000,
0x0000, 0x0000, 0x0000, 0x0000, 0x0000, 0x0000, 0x0000, 0x0000, 0x0000, 0x0000, 0x0000, 0x0000, 0x0000, 0x0000, 0x0000, 0x0000,
0x0000, 0x0000, 0x0000, 0x0000, 0x0000, 0x0000, 0x0000, 0x0000, 0x0000, 0x0000, 0x0000, 0x0000, 0x0000, 0x0000, 0x0000, 0x0000,
0x0000, 0x0000, 0x0000, 0x0000, 0x0000, 0x0000, 0x0000, 0x0000, 0x0000, 0x0000, 0x0000, 0x0000, 0x0000, 0x0000, 0x0000, 0x0000,
0x0000, 0x0000, 0x0000, 0x0000, 0x0000, 0x0000, 0x0000, 0x0000, 0x0000, 0x0000, 0x0000, 0x0000, 0x0000, 0x0000, 0x0000, 0x0000,
0x0000, 0x0000, 0x0000, 0x0000, 0x0000, 0x0000, 0x0000, 0x0000, 0x0000, 0x0000, 0x0000, 0x0000, 0x0000, 0x0000, 0x0000, 0x0000,
0x0000, 0x0000, 0x0000, 0x0000, 0x0000, 0x0000, 0x0000, 0x0000, 0x0000, 0x0000, 0x0000, 0x0000, 0x0000, 0x0000, 0x0000, 0x0000,
0x0000, 0x0000, 0x0000, 0x0000, 0x0000, 0x0000, 0x0000, 0x0000, 0x0000, 0x0000, 0x0000, 0x0000, 0x0000, 0x0000, 0x0000, 0x0000,
0x0000, 0x0000, 0x0000, 0x0000, 0x0000, 0x0000, 0x0000, 0x0000, 0x0000, 0x0000, 0x0000, 0x0000, 0x0000, 0x0000, 0x0000, 0x0000,
0x0000, 0x0000, 0x0000, 0x0000, 0x0000, 0x0000, 0x0000, 0x0000, 0x0000, 0x0000, 0x0000, 0x0000, 0x0000, 0x0000, 0x0000, 0x0000,
0x0000, 0x0000, 0x0000, 0x0000, 0x0000, 0x0000, 0x0000, 0x0000, 0x0000, 0x0000, 0x0000, 0x0000, 0x0000, 0x0000, 0x0000, 0x0000,
0x0000, 0x0000, 0x0000, 0x0000, 0x0000, 0x0000, 0x0000, 0x0000, 0x0000, 0x0000, 0x0000, 0x0000, 0x0000, 0x0000, 0x0000, 0x0000,
0x0000, 0x0000, 0x0000, 0x0000, 0x0000, 0x0000, 0x0000, 0x0000, 0x0000, 0x0000, 0x0000, 0x0000, 0x0000, 0x0000, 0x0000, 0x0000,
0x0000, 0x0000, 0x0000, 0x0000, 0x0000, 0x0000, 0x0000, 0x0000, 0x0000, 0x0000, 0x0000, 0x0000, 0x0000, 0x0000, 0x0000, 0x0000,
0x0000, 0x0000, 0x0000, 0x0000, 0x0000, 0x0000, 0x0000, 0x0000, 0x0000, 0x0000, 0x0000, 0x0000, 0x0000, 0x0000, 0x0000, 0x0000,
0x0000, 0x0000, 0x0000, 0x0000, 0x0000, 0x0000, 0x0000, 0x0000, 0x0000, 0x0000, 0x0000, 0x0000, 0x0000, 0x0000, 0x0000, 0x0000,
0x0000, 0x0000, 0x0000, 0x0000, 0x0000, 0x0000, 0x0000, 0x0000, 0x0000, 0x0000, 0x0000, 0x0000, 0x0000, 0x0000, 0x0000, 0x0000,
0x0000, 0x0000, 0x0000, 0x0000, 0x0000, 0x0000, 0x0000, 0x0000, 0x0000, 0x0000, 0x0000, 0x0000, 0x0000, 0x0000, 0x0000, 0x0000,
0x0000, 0x0000, 0x0000, 0x0000, 0x0000, 0x0000, 0x0000, 0x0000, 0x0000, 0x0000, 0x0000, 0x0000, 0x0000, 0x0000, 0x0000, 0x0000,
0x0000, 0x0000, 0x0000, 0x0000, 0x0000, 0x0000, 0x0000, 0x0000, 0x0000, 0x0000, 0x0000, 0x0000, 0x0000, 0x0000, 0x0000, 0x0000,
0x0000, 0x0000, 0x0000, 0x0000, 0x0000, 0x0000, 0x0000, 0x0000, 0x0000, 0x0000, 0x0000, 0x0000, 0x0000, 0x0000, 0x0000, 0x0000,
0x0000, 0x0000, 0x0000, 0x0000, 0x0000, 0x0000, 0x0000, 0x0000, 0x0000, 0x0000, 0x0000, 0x0000, 0x0000, 0x0000, 0x0000, 0x0000,
0x0000, 0x0000, 0x0000, 0x0000, 0x0000, 0x0000, 0x0000, 0x0000, 0x0000, 0x0000, 0x0000, 0x0000, 0x0000, 0x0000, 0x0000, 0x0000,
0x0000, 0x0000, 0x0000, 0x0000, 0x0000, 0x0000, 0x0000, 0x0000, 0x0000, 0x0000, 0x0000, 0x0000, 0x0000, 0x0000, 0x0000, 0x0000,
0x0000, 0x0000, 0x0000, 0x0000, 0x0000, 0x0000, 0x0000, 0x0000, 0x0000, 0x0000, 0x0000, 0x0000, 0x0000, 0x0000, 0x0000, 0x0000,
0x0000, 0x0000, 0x0000, 0x0000, 0x0000, 0x0000, 0x0000, 0x0000, 0x0000, 0x0000, 0x0000, 0x0000, 0x0000, 0x0000, 0x0000, 0x0000,
0x0000, 0x0000, 0x0000, 0x0000, 0x0000, 0x0000, 0x0000, 0x0000, 0x0000, 0x0000, 0x0000, 0x0000, 0x0000, 0x0000, 0x0000, 0x0000,
0x0000, 0x0000, 0x0000, 0x0000, 0x0000, 0x0000, 0x0000, 0x0000, 0x0000, 0x0000, 0x0000, 0x0000, 0x0000, 0x0000, 0x0000, 0x0000
};

const uint16_t icon_alohomora[64 * 64] PROGMEM = {
0x0000, 0x0000, 0x0000, 0x0000, 0x0000, 0x0000, 0x0000, 0x0000, 0x0000, 0x0000, 0x0000, 0x0000, 0x0000, 0x0000, 0x0000, 0x0000,
0x0000, 0x0000, 0x0000, 0x0000, 0x0000, 0x0000, 0x0000, 0x0000, 0x0000, 0x0000, 0x0000, 0x0000, 0x0000, 0x0000, 0x0000, 0x0000,
0x0000, 0x0000, 0x0000, 0x0000, 0x0000, 0x0000, 0x0000, 0x0000, 0x0000, 0x0000, 0x0000, 0x0000, 0x0000, 0x0000, 0x0000, 0x0000,
0x0000, 0x0000, 0x0000, 0x0000, 0x0000, 0x0000, 0x0000, 0x0000, 0x0000, 0x0000, 0x0000, 0x0000, 0x0000, 0x0000, 0x0000, 0x0000,
0x0000, 0x0000, 0x0000, 0x0000, 0x0000, 0x0000, 0x0000, 0x0000, 0x0000, 0x0000, 0x0000, 0x0000, 0x0000, 0x0000, 0x0000, 0x0000,
0x0000, 0x0000, 0x0000, 0x0000, 0x0000, 0x0000, 0x0000, 0x0000, 0x0000, 0x0000, 0x0000, 0x0000, 0x0000, 0x0000, 0x0000, 0x0000,
0x0000, 0x0000, 0x0000, 0x0000, 0x0000, 0x0000, 0x0000, 0x0000, 0x0000, 0x0000, 0x0000, 0x0000, 0x0000, 0x0000, 0x0000, 0x0000,
0x0000, 0x0000, 0x0000, 0x0000, 0x0000, 0x0000, 0x0000, 0x0000, 0x0000, 0x0000, 0x0000, 0x0000, 0x0000, 0x0000, 0x0000, 0x0000,
0x0000, 0x0000, 0x0000, 0x0000, 0x0000, 0x0000, 0x0000, 0x0000, 0x0000, 0x0000, 0x0000, 0x0000, 0x0000, 0x0000, 0x0000, 0x0000,
0x0000, 0x0000, 0x0000, 0x0000, 0x0000, 0x0000, 0x0000, 0x0000, 0x0000, 0x0000, 0x0000, 0x0000, 0x0000, 0x0000, 0x0000, 0x0000,
0x0000, 0x0000, 0x0000, 0x0000, 0x0000, 0x0000, 0x0000, 0x0000, 0x0000, 0x0000, 0x0000, 0x0000, 0x0000, 0x0000, 0x0000, 0x0000,
0x0000, 0x0000, 0x0000, 0x0000, 0x0000, 0x0000, 0x0000, 0x0000, 0x0000, 0x0000, 0x0000, 0x0000, 0x0000, 0x0000, 0x0000, 0x0000,
0x0000, 0x0000, 0x0000, 0x0000, 0x0000, 0x0000, 0x0000, 0x0000, 0x0000, 0x0000, 0x0000, 0x0000, 0x0000, 0x0000, 0x0000, 0x0000,
0x0000, 0x0000, 0x0000, 0x0000, 0x0000, 0x0000, 0x0000, 0x0000, 0x0000, 0x0000, 0x0000, 0x0000, 0x0000, 0x0000, 0x0000, 0x0000,
0x0000, 0x0000, 0x0000, 0x0000, 0x0000, 0x0000, 0x0000, 0x0000, 0x0000, 0x0000, 0x0000, 0x0000, 0x0000, 0x0000, 0x0000, 0x0000,
0x0000, 0x0000, 0x0000, 0x0000, 0x0000, 0x0000, 0x0000, 0x0000, 0x0000, 0x0000, 0x0000, 0x0000, 0x0000, 0x0000, 0x0000, 0x0000,
0x0000, 0x0000, 0x0000, 0x0000, 0x0000, 0x0000, 0x0000, 0x0000, 0x0000, 0x0000, 0x0000, 0x0000, 0x0000, 0x0000, 0x0000, 0x0000,
0x0000, 0x0000, 0x0000, 0x0000, 0x0000, 0x0000, 0x0000, 0x0000, 0x0000, 0x0000, 0x0000, 0x0000, 0x0000, 0x0000, 0x0000, 0x0000,
0x0000, 0x0000, 0x0000, 0x0000, 0x0000, 0x0000, 0x0000, 0x0000, 0x0000, 0x0000, 0x0000, 0x0000, 0x0000, 0x0000, 0x0000, 0x0000,
0x0000, 0x0000, 0x0000, 0x0000, 0x0000, 0x0000, 0x0000, 0x0000, 0x0000, 0x0000, 0x0000, 0x0000, 0x0000, 0x0000, 0x0000, 0x0000,
0x0000, 0x0000, 0x0000, 0x0000, 0x0000, 0x0000, 0x0000, 0x0000, 0x0000, 0x0000, 0x0000, 0x0000, 0x0000, 0x0000, 0x0000, 0x0000,
0x0000, 0x0000, 0x0000, 0x0000, 0x0000, 0x0000, 0x0000, 0x0000, 0x0000, 0x0000, 0x0000, 0x0000, 0x0000, 0x0000, 0x0000, 0x0000,
0x0000, 0x0000, 0x0000, 0x0000, 0x0000, 0x0000, 0x0000, 0x0000, 0x0000, 0x0000, 0x0000, 0x0000, 0x0000, 0x0000, 0x0000, 0x0000,
0x0000, 0x0000, 0x0000, 0x0000, 0x0000, 0x0000, 0x0000, 0x0000, 0x0000, 0x0000, 0x0000, 0x0000, 0x0000, 0x0000, 0x0000, 0x0000,
0x0000, 0x0000, 0x0000, 0x0000, 0x0000, 0x0000, 0x0000, 0x0000, 0x0000, 0x0000, 0x0000, 0x0000, 0x0000, 0x0000, 0x0000, 0x0000,
0x0000, 0x0000, 0x0000, 0x0000, 0x0000, 0x0000, 0x0000, 0x0000, 0x0000, 0x0000, 0x0000, 0x0000, 0x0000, 0x0000, 0x0000, 0x0000,
0x0000, 0x0000, 0x0000, 0x0000, 0x0000, 0x0000, 0x0000, 0x0000, 0x0000, 0x0000, 0x0000, 0x0000, 0x0000, 0x0000, 0x0000, 0x0000,
0x0000, 0x0000, 0x0000, 0x0000, 0x0000, 0x0000, 0x0000, 0x0000, 0x0000, 0x0000, 0x0000, 0x0000, 0x0000, 0x0000, 0x0000, 0x0000,
0x0000, 0x0000, 0x0000, 0x0000, 0x0000, 0x0000, 0x0000, 0x0000, 0x0000, 0x0000, 0x0000, 0x0000, 0x0000, 0x0000, 0x0000, 0x0000,
0x0000, 0x0000, 0x0000, 0x0000, 0x0000, 0x0000, 0x0000, 0x0000, 0x0000, 0x0000, 0x0000, 0x0000, 0x0000, 0x0000, 0x0000, 0x0000,
0x0000, 0x0000, 0x0000, 0x0000, 0x0000, 0x0000, 0x0000, 0x0000, 0x0000, 0x0000, 0x0000, 0x0000, 0x0000, 0x0000, 0x0000, 0x0000,
0x0000, 0x0000, 0x0000, 0x0000, 0x0000, 0x0000, 0x0000, 0x0000, 0x0000, 0x0000, 0x0000, 0x0000, 0x0000, 0x0000, 0x0000, 0x0000,
0x0000, 0x0000, 0x0000, 0x0000, 0x0000, 0x0000, 0x0000, 0x0000, 0x0000, 0x0000, 0x0000, 0x0000, 0x0000, 0x0000, 0x0000, 0x0000,
0x0000, 0x0000, 0x0000, 0x0000, 0x0000, 0x0000, 0x0000, 0x0000, 0x0000, 0x0000, 0x0000, 0x0000, 0x0000, 0x0000, 0x0000, 0x0000,
0x0000, 0x0000, 0x0000, 0x0000, 0x0000, 0x0000, 0x0000, 0x0000, 0x0000, 0x0000, 0x0000, 0x0000, 0x0000, 0x0000, 0x0000, 0x0000,
0x0000, 0x0000, 0x0000, 0x0000, 0x0000, 0x0000, 0x0000, 0x0000, 0x0000, 0x0000, 0x0000, 0x0000, 0x0000, 0x0000, 0x0000, 0x0000,
0x0000, 0x0000, 0x0000, 0x0000, 0x0000, 0x0000, 0x0000, 0x0000, 0x0000, 0x0000, 0x0000, 0x0000, 0x0000, 0x0000, 0x0000, 0x0000,
0x0000, 0x0000, 0x0000, 0x0000, 0x0000, 0x0000, 0x0000, 0x0000, 0x0000, 0x0000, 0x0000, 0x0000, 0x0000, 0x0000, 0x0000, 0x0000,
0x0000, 0x0000, 0x0000, 0x0000, 0x0000, 0x0000, 0x0000, 0x0000, 0x0000, 0x0000, 0x0000, 0x0000, 0x0000, 0x0000, 0x0000, 0x0000,
0x0000, 0x0000, 0x0000, 0x0000, 0x0000, 0x0000, 0x0000, 0x0000, 0x0000, 0x0000, 0x0000, 0x0000, 0x0000, 0x0000, 0x0000, 0x0000,
0x0000, 0x0000, 0x0000, 0x0000, 0x0000, 0x0000, 0x0000, 0x0000, 0x0000, 0x0000, 0x0000, 0x0000, 0x0000, 0x0000, 0x0000, 0x0000,
0x0000, 0x0000, 0x0000, 0x0000, 0x0000, 0x0000, 0x0000, 0x0000, 0x0000, 0x0000, 0x0000, 0x0000, 0x0000, 0x0000, 0x0000, 0x0000,
0x0000, 0x0000, 0x0000, 0x0000, 0x0000, 0x0000, 0x0000, 0x0000, 0x0000, 0x0000, 0x0000, 0x0000, 0x0000, 0x0000, 0x0000, 0x0000,
0x0000, 0x0000, 0x0000, 0x0000, 0x0000, 0x0000, 0x0000, 0x0000, 0x0000, 0x0000, 0x0000, 0x0000, 0x0000, 0x0000, 0x0000, 0x0000,
0x0000, 0x0000, 0x0000, 0x0000, 0x0000, 0x0000, 0x0000, 0x0000, 0x0000, 0x0000, 0x0000, 0x0000, 0x0000, 0x0000, 0x0000, 0x0000,
0x0000, 0x0000, 0x0000, 0x0000, 0x0000, 0x0000, 0x0000, 0x0000, 0x0000, 0x0000, 0x0000, 0x0000, 0x0000, 0x0000, 0x0000, 0x0000,
0x0000, 0x0000, 0x0000, 0x0000, 0x0000, 0x0000, 0x0000, 0x0000, 0x0000, 0x0000, 0x0000, 0x0000, 0x0000, 0x0000, 0x0000, 0x0000,
0x0000, 0x0000, 0x0000, 0x0000, 0x0000, 0x0000, 0x0000, 0x0000, 0x0000, 0x0000, 0x0000, 0x0000, 0x0000, 0x0000, 0x0000, 0x0000,
0x0000, 0x0000, 0x0000, 0x0000, 0x0000, 0x0000, 0x0000, 0x0000, 0x0000, 0x0000, 0x0000, 0x0000, 0x0000, 0x0000, 0x0000, 0x0000,
0x0000, 0x0000, 0x0000, 0x0000, 0x0000, 0x0000, 0x0000, 0x0000, 0x0000, 0x0000, 0x0000, 0x0000, 0x0000, 0x0000, 0x0020, 0x0020,
0x0020, 0x0020, 0x0020, 0x0000, 0x0000, 0x0000, 0x0000, 0x0000, 0x0000, 0x0000, 0x0000, 0x0000, 0x0000, 0x0000, 0x0000, 0x0000,
0x0000, 0x0000, 0x0000, 0x0000, 0x0000, 0x0000, 0x0000, 0x0000, 0x0000, 0x0000, 0x0000, 0x0000, 0x0000, 0x0000, 0x0000, 0x0000,
0x0000, 0x0000, 0x0000, 0x0000, 0x0000, 0x0000, 0x0000, 0x0000, 0x0000, 0x0000, 0x0000, 0x0000, 0x0000, 0x0000, 0x0000, 0x0000,
0x0000, 0x0000, 0x0000, 0x0000, 0x0000, 0x0000, 0x0000, 0x0000, 0x0000, 0x0000, 0x0020, 0x0021, 0x0021, 0x0021, 0x0021, 0x0021,
0x0021, 0x0021, 0x0021, 0x0021, 0x0021, 0x0021, 0x0020, 0x0000, 0x0000, 0x0000, 0x0000, 0x0000, 0x0000, 0x0000, 0x0000, 0x0000,
0x0000, 0x0000, 0x0000, 0x0000, 0x0000, 0x0000, 0x0000, 0x0000, 0x0000, 0x0000, 0x0000, 0x0000, 0x0000, 0x0000, 0x0000, 0x0000,
0x0000, 0x0000, 0x0000, 0x0000, 0x0000, 0x0000, 0x0000, 0x0000, 0x0000, 0x0000, 0x0000, 0x0000, 0x0000, 0x0000, 0x0000, 0x0000,
0x0000, 0x0000, 0x0000, 0x0000, 0x0000, 0x0000, 0x0000, 0x0000, 0x0021, 0x0021, 0x0021, 0x0021, 0x0021, 0x0021, 0x0021, 0x0021,
0x0021, 0x0021, 0x0021, 0x0021, 0x0021, 0x0021, 0x0021, 0x0021, 0x0021, 0x0000, 0x0000, 0x0000, 0x0000, 0x0000, 0x0000, 0x0000,
0x0000, 0x0000, 0x0000, 0x0000, 0x0000, 0x0000, 0x0000, 0x0000, 0x0000, 0x0000, 0x0000, 0x0000, 0x0000, 0x0000, 0x0000, 0x0000,
0x0000, 0x0000, 0x0000, 0x0000, 0x0000, 0x0000, 0x0000, 0x0000, 0x0000, 0x0000, 0x0000, 0x0000, 0x0000, 0x0000, 0x0000, 0x0000,
0x0000, 0x0000, 0x0000, 0x0000, 0x0000, 0x0000, 0x0021, 0x0021, 0x0021, 0x0021, 0x0021, 0x0021, 0x0021, 0x0021, 0x0041, 0x0041,
0x0041, 0x0041, 0x0041, 0x0021, 0x0021, 0x0021, 0x0021, 0x0021, 0x0021, 0x0021, 0x0021, 0x0000, 0x0000, 0x0000, 0x0000, 0x0000,
0x0000, 0x0000, 0x0000, 0x0000, 0x0000, 0x0000, 0x0000, 0x0000, 0x0000, 0x0000, 0x0000, 0x0000, 0x0000, 0x0000, 0x0000, 0x0000,
0x0000, 0x0000, 0x0000, 0x0000, 0x0000, 0x0000, 0x0000, 0x0000, 0x0000, 0x0000, 0x0000, 0x0000, 0x0000, 0x0000, 0x0000, 0x0000,
0x0000, 0x0000, 0x0000, 0x0000, 0x0020, 0x0021, 0x0021, 0x0021, 0x0021, 0x0021, 0x0041, 0x0042, 0x0042, 0x0042, 0x0042, 0x0042,
0x0042, 0x0042, 0x0042, 0x0042, 0x0042, 0x0042, 0x0041, 0x0021, 0x0021, 0x0021, 0x0021, 0x0021, 0x0020, 0x0000, 0x0000, 0x0000,
0x0000, 0x0000, 0x0000, 0x0000, 0x0000, 0x0000, 0x0000, 0x0000, 0x0000, 0x0000, 0x0000, 0x0000, 0x0000, 0x0000, 0x0000, 0x0000,
0x0000, 0x0000, 0x0000, 0x0000, 0x0000, 0x0000, 0x0000, 0x0000, 0x0000, 0x0000, 0x0000, 0x0000, 0x0000, 0x0000, 0x0000, 0x0000,
0x0000, 0x0000, 0x0000, 0x0020, 0x0021, 0x0021, 0x0021, 0x0021, 0x0041, 0x0042, 0x0042, 0x0042, 0x0042, 0x0042, 0x0062, 0x0062,
0x0062, 0x0062, 0x0062, 0x0042, 0x0042, 0x0042, 0x0042, 0x0042, 0x0041, 0x0021, 0x0021, 0x0021, 0x0021, 0x0020, 0x0000, 0x0000,
0x0000, 0x0000, 0x0000, 0x0000, 0x0000, 0x0000, 0x0000, 0x0000, 0x0000, 0x0000, 0x0000, 0x0000, 0x0000, 0x0000, 0x0000, 0x0000,
0x0000, 0x0000, 0x0000, 0x0000, 0x0000, 0x0000, 0x0000, 0x0000, 0x0000, 0x0000, 0x0000, 0x0000, 0x0000, 0x0000, 0x0000, 0x0000,
0x0000, 0x0000, 0x0021, 0x0021, 0x0021, 0x0021, 0x0021, 0x0042, 0x0042, 0x0042, 0x0042, 0x0063, 0x0063, 0x0063, 0x0063, 0x0063,
0x0063, 0x0063, 0x0063, 0x0063, 0x0063, 0x0063, 0x0042, 0x0042, 0x0042, 0x0042, 0x0021, 0x0021, 0x0021, 0x0021, 0x0021, 0x0000,
0x0000, 0x0000, 0x0000, 0x0000, 0x0000, 0x0000, 0x0000, 0x0000, 0x0000, 0x0000, 0x0000, 0x0000, 0x0000, 0x0000, 0x0000, 0x0000,
0x0000, 0x0000, 0x0000, 0x0000, 0x0000, 0x0000, 0x0000, 0x0000, 0x0000, 0x0000, 0x0000, 0x0000, 0x0000, 0x0000, 0x0000, 0x0000,
0x0000, 0x0020, 0x0021, 0x0021, 0x0021, 0x0041, 0x0042, 0x0042, 0x0042, 0x0063, 0x0063, 0x0063, 0x0063, 0x0083, 0x0884, 0x0884,
0x0884, 0x0884, 0x0884, 0x0083, 0x0063, 0x0063, 0x0063, 0x0063, 0x0042, 0x0042, 0x0042, 0x0041, 0x0021, 0x0021, 0x0021, 0x0020,
0x0000, 0x0000, 0x0000, 0x0000, 0x0000, 0x0000, 0x0000, 0x0000, 0x0000, 0x0000, 0x0000, 0x0000, 0x0000, 0x0000, 0x0000, 0x0000,
0x0000, 0x0000, 0x0000, 0x0000, 0x0000, 0x0000, 0x0000, 0x0000, 0x0000, 0x0000, 0x0000, 0x0000, 0x0000, 0x0000, 0x0000, 0x0000,
0x0020, 0x0021, 0x0021, 0x0021, 0x0041, 0x0042, 0x0042, 0x0062, 0x0063, 0x0063, 0x0083, 0x0884, 0x0884, 0x0884, 0x0884, 0x0884,
0x08A4, 0x0884, 0x0884, 0x0884, 0x0884, 0x0884, 0x0083, 0x0063, 0x0063, 0x0062, 0x0042, 0x0042, 0x0041, 0x0021, 0x0021, 0x0021,
0x0020, 0x0000, 0x0000, 0x0000, 0x0000, 0x0000, 0x0000, 0x0000, 0x0000, 0x0000, 0x0000, 0x0000, 0x0000, 0x0000, 0x0000, 0x0000,
0x0000, 0x0000, 0x0000, 0x0000, 0x0000, 0x0000, 0x0000, 0x0000, 0x0000, 0x0000, 0x0000, 0x0000, 0x0000, 0x0000, 0x0000, 0x0000,
0x0021, 0x0021, 0x0021, 0x0041, 0x0042, 0x0042, 0x0063, 0x0063, 0x0063, 0x0884, 0x0884, 0x0884, 0x08A5, 0x08A5, 0x08A5, 0x08A5,
0x08A5, 0x08A5, 0x08A5, 0x08A5, 0x08A5, 0x0884, 0x0884, 0x0884, 0x0063, 0x0063, 0x0063, 0x0042, 0x0042, 0x0041, 0x0021, 0x0021,
0x0021, 0x0000, 0x0000, 0x0000, 0x0000, 0x0000, 0x0000, 0x0000, 0x0000, 0x0000, 0x0000, 0x0000, 0x0000, 0x0000, 0x0000, 0x0000,
0x0000, 0x0000, 0x0000, 0x0000, 0x0000, 0x0000, 0x0000, 0x0000, 0x0000, 0x0000, 0x0000, 0x0000, 0x0000, 0x0000, 0x0000, 0x0021,
0x0021, 0x0021, 0x0021, 0x0042, 0x0042, 0x0063, 0x5D5F, 0x5D5F, 0x5D5F, 0x5D5F, 0x5D5F, 0x5D5F, 0x5D5F, 0x5D5F, 0x08C6, 0x08C6,
0x08C6, 0x08C6, 0x08C6, 0x08C5, 0x08A5, 0x08A5, 0x08A5, 0x0884, 0x0884, 0x0063, 0x0063, 0x0063, 0x0042, 0x0042, 0x0021, 0x0021,
0x0021, 0x0021, 0x0000, 0x0000, 0x0000, 0x0000, 0x0000, 0x0000, 0x0000, 0x0000, 0x0000, 0x0000, 0x0000, 0x0000, 0x0000, 0x0000,
0x0000, 0x0000, 0x0000, 0x0000, 0x0000, 0x0000, 0x0000, 0x0000, 0x0000, 0x0000, 0x0000, 0x0000, 0x0000, 0x0000, 0x0000, 0x0021,
0x0021, 0x0021, 0x0042, 0x0042, 0x5D5F, 0x5D5F, 0x5D5F, 0x5D5F, 0x5D5F, 0x5D5F, 0x5D5F, 0x5D5F, 0x5D5F, 0x5D5F, 0x5D5F, 0x5D5F,
0x08E6, 0x08E6, 0x08C6, 0x08C6, 0x08C6, 0x08C6, 0x08A5, 0x08A5, 0x0884, 0x0884, 0x0063, 0x0063, 0x0062, 0x0042, 0x0042, 0x0021,
0x0021, 0x0021, 0x0000, 0x0000, 0x0000, 0x0000, 0x0000, 0x0000, 0x0000, 0x0000, 0x0000, 0x0000, 0x0000, 0x0000, 0x0000, 0x0000,
0x0000, 0x0000, 0x0000, 0x0000, 0x0000, 0x0000, 0x0000, 0x0000, 0x0000, 0x0000, 0x0000, 0x0000, 0x0000, 0x0000, 0x0021, 0x0021,
0x0021, 0x0041, 0x5D5F, 0x5D5F, 0x5D5F, 0x5D5F, 0x5D5F, 0x5D5F, 0x5D5F, 0x5D5F, 0x5D5F, 0x5D5F, 0x5D5F, 0x5D5F, 0x5D5F, 0x5D5F,
0x5D5F, 0x5D5F, 0x08E7, 0x08E7, 0x08E6, 0x08C6, 0x08C6, 0x08A5, 0x08A5, 0x0884, 0x0884, 0x0063, 0x0063, 0x0042, 0x0042, 0x0041,
0x0021, 0x0021, 0x0021, 0x0000, 0x0000, 0x0000, 0x0000, 0x0000, 0x0000, 0x0000, 0x0000, 0x0000, 0x0000, 0x0000, 0x0000, 0x0000,
0x0000, 0x0000, 0x0000, 0x0000, 0x0000, 0x0000, 0x0000, 0x0000, 0x0000, 0x0000, 0x0000, 0x0000, 0x0000, 0x0000, 0x0021, 0x0021,
0x0021, 0x5D5F, 0x5D5F, 0x5D5F, 0x5D5F, 0x5D5F, 0x5D5F, 0x5D5F, 0x5D5F, 0x5D5F, 0x5D5F, 0x5D5F, 0x5D5F, 0x5D5F, 0x5D5F, 0x5D5F,
0x5D5F, 0x5D5F, 0x5D5F, 0x0907, 0x08E7, 0x08E7, 0x08C6, 0x08C6, 0x08A5, 0x08A5, 0x0884, 0x0884, 0x0063, 0x0063, 0x0042, 0x0042,
0x0021, 0x0021, 0x0021, 0x0000, 0x0000, 0x0000, 0x0000, 0x0000, 0x0000, 0x0000, 0x0000, 0x0000, 0x0000, 0x0000, 0x0000, 0x0000,
0x0000, 0x0000, 0x0000, 0x0000, 0x0000, 0x0000, 0x0000, 0x0000, 0x0000, 0x0000, 0x0000, 0x0000, 0x0000, 0x0020, 0x0021, 0x0021,
0x5D5F, 0x5D5F, 0x5D5F, 0x5D5F, 0x5D5F, 0x5D5F, 0x5D5F, 0x5D5F, 0x5D5F, 0x5D5F, 0x5D5F, 0x5D5F, 0x5D5F, 0x5D5F, 0x5D5F, 0x5D5F,
0x5D5F, 0x5D5F, 0x5D5F, 0x5D5F, 0x0908, 0x08E7, 0x08E7, 0x08C6, 0x08C6, 0x08A5, 0x08A5, 0x0884, 0x0083, 0x0063, 0x0042, 0x0042,
0x0041, 0x0021, 0x0021, 0x0020, 0x0000, 0x0000, 0x0000, 0x0000, 0x0000, 0x0000, 0x0000, 0x0000, 0x0000, 0x0000, 0x0000, 0x0000,
0x0000, 0x0000, 0x0000, 0x0000, 0x0000, 0x0000, 0x0000, 0x0000, 0x0000, 0x0000, 0x0000, 0x0000, 0x0000, 0x0021, 0x0021, 0x5D5F,
0x5D5F, 0x5D5F, 0x5D5F, 0x5D5F, 0x5D5F, 0x5D5F, 0x5D5F, 0x5D5F, 0x5D5F, 0x5D5F, 0x5D5F, 0x5D5F, 0x5D5F, 0x5D5F, 0x5D5F, 0x5D5F,
0x5D5F, 0x5D5F, 0x5D5F, 0x5D5F, 0x5D5F, 0x0908, 0x08E7, 0x08E7, 0x08C6, 0x08C5, 0x08A5, 0x0884, 0x0884, 0x0063, 0x0063, 0x0042,
0x0042, 0x0021, 0x0021, 0x0021, 0x0000, 0x0000, 0x0000, 0x0000, 0x0000, 0x0000, 0x0000, 0x0000, 0x0000, 0x0000, 0x0000, 0x0000,
0x0000, 0x0000, 0x0000, 0x0000, 0x0000, 0x0000, 0x0000, 0x0000, 0x0000, 0x0000, 0x0000, 0x0000, 0x0000, 0x0021, 0x5D5F, 0x5D5F,
0x5D5F, 0x5D5F, 0x5D5F, 0x5D5F, 0x5D5F, 0x5D5F, 0x5D5F, 0x08C6, 0x08E6, 0x08E7, 0x0908, 0x1108, 0x1129, 0x5D5F, 0x5D5F, 0x5D5F,
0x5D5F, 0x5D5F, 0x5D5F, 0x5D5F, 0x5D5F, 0x5D5F, 0x0908, 0x08E7, 0x08E6, 0x08C6, 0x08A5, 0x08A5, 0x0884, 0x0063, 0x0063, 0x0042,
0x0042, 0x0021, 0x0021, 0x0021, 0x0000, 0x0000, 0x0000, 0x0000, 0x0000, 0x0000, 0x0000, 0x0000, 0x0000, 0x0000, 0x0000, 0x0000,
0x0000, 0x0000, 0x0000, 0x0000, 0x0000, 0x0000, 0x0000, 0x0000, 0x0000, 0x0000, 0x0000, 0x0000, 0x0000, 0x0021, 0x5D5F, 0x5D5F,
0x5D5F, 0x5D5F, 0x5D5F, 0x5D5F, 0x5D5F, 0x08A5, 0x08C5, 0x08C6, 0x08E7, 0x0907, 0x1108, 0x1129, 0x1129, 0x1149, 0x114A, 0x5D5F,
0x5D5F, 0x5D5F, 0x5D5F, 0x5D5F, 0x5D5F, 0x5D5F, 0x5D5F, 0x5D5F, 0x5D5F, 0x5D5F, 0x5D5F, 0x5D5F, 0x5D5F, 0x5D5F, 0x5D5F, 0x5D5F,
0x5D5F, 0x5D5F, 0x5D5F, 0x5D5F, 0x5D5F, 0x5D5F, 0x5D5F, 0x0000, 0x0000, 0x0000, 0x0000, 0x0000, 0x0000, 0x0000, 0x0000, 0x0000,
0x0000, 0x0000, 0x0000, 0x0000, 0x0000, 0x0000, 0x0000, 0x0000, 0x0000, 0x0000, 0x0000, 0x0000, 0x0000, 0x5D5F, 0x5D5F, 0x5D5F,
0x5D5F, 0x5D5F, 0x5D5F, 0x5D5F, 0x0884, 0x08A5, 0x08C6, 0x08C6, 0x08E7, 0x0908, 0x1108, 0x1129, 0x1129, 0x114A, 0x114A, 0x114A,
0x5D5F, 0x5D5F, 0x5D5F, 0x5D5F, 0x5D5F, 0x5D5F, 0x5D5F, 0x5D5F, 0x5D5F, 0x5D5F, 0x5D5F, 0x5D5F, 0x5D5F, 0x5D5F, 0x5D5F, 0x5D5F,
0x5D5F, 0x5D5F, 0x5D5F, 0x5D5F, 0x5D5F, 0x5D5F, 0x5D5F, 0x0000, 0x0000, 0x0000, 0x0000, 0x0000, 0x0000, 0x0000, 0x0000, 0x0000,
0x0000, 0x0000, 0x0000, 0x0000, 0x0000, 0x0000, 0x0000, 0x0000, 0x0000, 0x0000, 0x0000, 0x0000, 0x0020, 0x5D5F, 0x5D5F, 0x5D5F,
0x5D5F, 0x5D5F, 0x5D5F, 0x0884, 0x0884, 0x08A5, 0x08C6, 0x08E6, 0xDF9F, 0xDF9F, 0xDF9F, 0x1129, 0x1149, 0x114A, 0x114A, 0x114A,
0x5D5F, 0x5D5F, 0x5D5F, 0x5D5F, 0x5D5F, 0x5D5F, 0x5D5F, 0x5D5F, 0x5D5F, 0x5D5F, 0x5D5F, 0x5D5F, 0x5D5F, 0x5D5F, 0x5D5F, 0x5D5F,
0x5D5F, 0x5D5F, 0x5D5F, 0x5D5F, 0x5D5F, 0x5D5F, 0x5D5F, 0x0000, 0x0000, 0x0000, 0x0000, 0x0000, 0x0000, 0x0000, 0x0000, 0x0000,
0x0000, 0x0000, 0x0000, 0x0000, 0x0000, 0x0000, 0x0000, 0x0000, 0x0000, 0x0000, 0x0000, 0x0000, 0x5D5F, 0x5D5F, 0x5D5F, 0x5D5F,
0x5D5F, 0x5D5F, 0x5D5F, 0x0884, 0x08A4, 0x08A5, 0xDF9F, 0xDF9F, 0xDF9F, 0xDF9F, 0xDF9F, 0xDF9F, 0xDF9F, 0x114A, 0x114A, 0x114A,
0x5D5F, 0x5D5F, 0x5D5F, 0x5D5F, 0x5D5F, 0x5D5F, 0x5D5F, 0x5D5F, 0x5D5F, 0x5D5F, 0x5D5F, 0x5D5F, 0x5D5F, 0x5D5F, 0x5D5F, 0x5D5F,
0x5D5F, 0x5D5F, 0x5D5F, 0x5D5F, 0x5D5F, 0x5D5F, 0x5D5F, 0x0000, 0x0000, 0x0000, 0x0000, 0x0000, 0x0000, 0x0000, 0x0000, 0x0000,
0x0000, 0x0000, 0x0000, 0x0000, 0x0000, 0x0000, 0x0000, 0x0000, 0x0000, 0x0000, 0x0000, 0x0000, 0x5D5F, 0x5D5F, 0x5D5F, 0x5D5F,
0x5D5F, 0x5D5F, 0x0063, 0x0884, 0x0884, 0x08A5, 0xDF9F, 0xDF9F, 0x0000, 0x0000, 0x0000, 0xDF9F, 0xDF9F, 0x114A, 0x114A, 0x114A,
0x5D5F, 0x5D5F, 0x5D5F, 0x5D5F, 0x5D5F, 0x5D5F, 0x5D5F, 0x5D5F, 0x5D5F, 0x5D5F, 0x5D5F, 0x5D5F, 0x5D5F, 0x5D5F, 0x5D5F, 0x5D5F,
0x5D5F, 0x5D5F, 0x5D5F, 0x5D5F, 0x5D5F, 0x5D5F, 0x5D5F, 0x0000, 0x0000, 0x0000, 0x0000, 0x0000, 0x0000, 0x0000, 0x0000, 0x0000,
0x0000, 0x0000, 0x0000, 0x0000, 0x0000, 0x0000, 0x0000, 0x0000, 0x0000, 0x0000, 0x0000, 0x0000, 0x5D5F, 0x5D5F, 0x5D5F, 0x5D5F,
0x5D5F, 0x5D5F, 0x0063, 0x0884, 0x0884, 0xDF9F, 0xDF9F, 0x0000, 0x0000, 0x0000, 0x0000, 0x0000, 0xDF9F, 0xDF9F, 0x114A, 0x114A,
0x5D5F, 0x5D5F, 0x5D5F, 0x5D5F, 0x5D5F, 0x5D5F, 0x5D5F, 0x5D5F, 0x5D5F, 0x5D5F, 0x5D5F, 0x5D5F, 0x5D5F, 0x5D5F, 0x5D5F, 0x5D5F,
0x5D5F, 0x5D5F, 0x5D5F, 0x5D5F, 0x5D5F, 0x5D5F, 0x5D5F, 0x0000, 0x0000, 0x0000, 0x0000, 0x0000, 0x0000, 0x0000, 0x0000, 0x0000,
0x0000, 0x0000, 0x0000, 0x0000, 0x0000, 0x0000, 0x0000, 0x0000, 0x0000, 0x0000, 0x0000, 0x0000, 0x5D5F, 0x5D5F, 0x5D5F, 0x5D5F,
0x5D5F, 0x5D5F, 0x0063, 0x0083, 0x0884, 0xDF9F, 0xDF9F, 0x0000, 0x0000, 0x0000, 0x0000, 0x0000, 0xDF9F, 0xDF9F, 0x114A, 0x114A,
0x5D5F, 0x5D5F, 0x5D5F, 0x5D5F, 0x5D5F, 0x5D5F, 0x5D5F, 0x5D5F, 0x5D5F, 0x5D5F, 0x5D5F, 0x5D5F, 0x5D5F, 0x5D5F, 0x5D5F, 0x5D5F,
0x5D5F, 0x5D5F, 0x5D5F, 0x5D5F, 0x5D5F, 0x5D5F, 0x5D5F, 0x0000, 0x0000, 0x0000, 0x0000, 0x0000, 0x0000, 0x0000, 0x0000, 0x0000,
0x0000, 0x0000, 0x0000, 0x0000, 0x0000, 0x0000, 0x0000, 0x0000, 0x0000, 0x0000, 0x0000, 0x0000, 0x5D5F, 0x5D5F, 0x5D5F, 0x5D5F,
0x5D5F, 0x5D5F, 0x0063, 0x0063, 0x0884, 0xDF9F, 0xDF9F, 0x0000, 0x0000, 0x0000, 0x0000, 0x0000, 0xDF9F, 0xDF9F, 0x1129, 0x1129,
0x5D5F, 0x5D5F, 0x5D5F, 0x5D5F, 0x5D5F, 0x5D5F, 0x5D5F, 0x5D5F, 0x5D5F, 0x5D5F, 0x5D5F, 0x5D5F, 0x5D5F, 0x5D5F, 0x5D5F, 0x5D5F,
0x5D5F, 0x5D5F, 0x5D5F, 0x5D5F, 0x5D5F, 0x5D5F, 0x5D5F, 0x0000, 0x0000, 0x0000, 0x0000, 0x0000, 0x0000, 0x0000, 0x0000, 0x0000,
0x0000, 0x0000, 0x0000, 0x0000, 0x0000, 0x0000, 0x0000, 0x0000, 0x0000, 0x0000, 0x0000, 0x0000, 0x5D5F, 0x5D5F, 0x5D5F, 0x5D5F,
0x5D5F, 0x5D5F, 0x0063, 0x0063, 0x0884, 0x0884, 0xDF9F, 0xDF9F, 0x0000, 0x0000, 0x0000, 0xDF9F, 0xDF9F, 0x1129, 0x1129, 0x1129,
0x1129, 0x1129, 0x5D5F, 0x5D5F, 0x5D5F, 0x5D5F, 0x5D5F, 0x5D5F, 0x08C6, 0x08C5, 0x08A5, 0x0884, 0x0884, 0x5D5F, 0x5D5F, 0x5D5F,
0x5D5F, 0x5D5F, 0x5D5F, 0x5D5F, 0x0000, 0x0000, 0x0000, 0x0000, 0x0000, 0x0000, 0x0000, 0x0000, 0x0000, 0x0000, 0x0000, 0x0000,
0x0000, 0x0000, 0x0000, 0x0000, 0x0000, 0x0000, 0x0000, 0x0000, 0x0000, 0x0000, 0x0000, 0x0000, 0x5D5F, 0x5D5F, 0x5D5F, 0x5D5F,
0x5D5F, 0x5D5F, 0x0042, 0x0063, 0x0083, 0x0884, 0xDF9F, 0xDF9F, 0xDF9F, 0xDF9F, 0xDF9F, 0xDF9F, 0xDF9F, 0x1108, 0x1108, 0x1128,
0x1128, 0x1128, 0x5D5F, 0x5D5F, 0x5D5F, 0x5D5F, 0x5D5F, 0x5D5F, 0x08C6, 0x08A5, 0x08A5, 0x0884, 0x0083, 0x5D5F, 0x5D5F, 0x5D5F,
0x5D5F, 0x5D5F, 0x5D5F, 0x5D5F, 0x0000, 0x0000, 0x0000, 0x0000, 0x0000, 0x0000, 0x0000, 0x0000, 0x0000, 0x0000, 0x0000, 0x0000,
0x0000, 0x0000, 0x0000, 0x0000, 0x0000, 0x0000, 0x0000, 0x0000, 0x0000, 0x0000, 0x0000, 0x0000, 0x5D5F, 0x5D5F, 0x5D5F, 0x5D5F,
0x5D5F, 0x5D5F, 0x5D5F, 0x0063, 0x0063, 0x0884, 0x0884, 0x08A5, 0xDF9F, 0xDF9F, 0xDF9F, 0x08E7, 0x08E7, 0x0907, 0x0908, 0x0908,
0x0908, 0x5D5F, 0x5D5F, 0x5D5F, 0x5D5F, 0x5D5F, 0x5D5F, 0x5D5F, 0x08A5, 0x08A5, 0x0884, 0x0884, 0x0063, 0x5D5F, 0x5D5F, 0x5D5F,
0x5D5F, 0x5D5F, 0x5D5F, 0x5D5F, 0x0000, 0x0000, 0x0000, 0x0000, 0x0000, 0x0000, 0x0000, 0x0000, 0x0000, 0x0000, 0x0000, 0x0000,
0x0000, 0x0000, 0x0000, 0x0000, 0x0000, 0x0000, 0x0000, 0x0000, 0x0000, 0x0000, 0x0000, 0x0000, 0x0000, 0x5D5F, 0x5D5F, 0x5D5F,
0x5D5F, 0x5D5F, 0x5D5F, 0x0042, 0x0063, 0x0063, 0x0884, 0x0884, 0x08A5, 0x08A5, 0x08C6, 0x08C6, 0x08E6, 0x08E7, 0x08E7, 0x08E7,
0x08E7, 0x5D5F, 0x5D5F, 0x5D5F, 0x5D5F, 0x5D5F, 0x5D5F, 0x08A5, 0x08A5, 0x0884, 0x0884, 0x0063, 0x0063, 0x5D5F, 0x5D5F, 0x5D5F,
0x5D5F, 0x5D5F, 0x5D5F, 0x5D5F, 0x0000, 0x0000, 0x0000, 0x0000, 0x0000, 0x0000, 0x0000, 0x0000, 0x0000, 0x0000, 0x0000, 0x0000,
0x0000, 0x0000, 0x0000, 0x0000, 0x0000, 0x0000, 0x0000, 0x0000, 0x0000, 0x0000, 0x0000, 0x0000, 0x0000, 0x5D5F, 0x5D5F, 0x5D5F,
0x5D5F, 0x5D5F, 0x5D5F, 0x5D5F, 0x0062, 0x0063, 0x0063, 0x0884, 0x0884, 0x08A5, 0x08A5, 0x08C6, 0x08C6, 0x08C6, 0x08C6, 0x08E6,
0x5D5F, 0x5D5F, 0x5D5F, 0x5D5F, 0x5D5F, 0x5D5F, 0x5D5F, 0x08A5, 0x0884, 0x0884, 0x0063, 0x0063, 0x0062, 0x5D5F, 0x5D5F, 0x5D5F,
0x5D5F, 0x5D5F, 0x5D5F, 0x5D5F, 0x0000, 0x0000, 0x0000, 0x0000, 0x0000, 0x0000, 0x0000, 0x0000, 0x0000, 0x0000, 0x0000, 0x0000,
0x0000, 0x0000, 0x0000, 0x0000, 0x0000, 0x0000, 0x0000, 0x0000, 0x0000, 0x0000, 0x0000, 0x0000, 0x0000, 0x0000, 0x5D5F, 0x5D5F,
0x5D5F, 0x5D5F, 0x5D5F, 0x5D5F, 0x5D5F, 0x0063, 0x0063, 0x0063, 0x0884, 0x0884, 0x08A5, 0x08A5, 0x08A5, 0x08C5, 0x08C6, 0x5D5F,
0x5D5F, 0x5D5F, 0x5D5F, 0x5D5F, 0x5D5F, 0x5D5F, 0x08A5, 0x0884, 0x0884, 0x0063, 0x0063, 0x0063, 0x0042, 0x5D5F, 0x5D5F, 0x5D5F,
0x5D5F, 0x5D5F, 0x5D5F, 0x5D5F, 0x0000, 0x0000, 0x0000, 0x0000, 0x0000, 0x0000, 0x0000, 0x0000, 0x0000, 0x0000, 0x0000, 0x0000,
0x0000, 0x0000, 0x0000, 0x0000, 0x0000, 0x0000, 0x0000, 0x0000, 0x0000, 0x0000, 0x0000, 0x0000, 0x0000, 0x0000, 0x5D5F, 0x5D5F,
0x5D5F, 0x5D5F, 0x5D5F, 0x5D5F, 0x5D5F, 0x5D5F, 0x5D5F, 0x0063, 0x0063, 0x0884, 0x0884, 0x0884, 0x08A5, 0x5D5F, 0x5D5F, 0x5D5F,
0x5D5F, 0x5D5F, 0x5D5F, 0x5D5F, 0x5D5F, 0x5D5F, 0x0884, 0x0884, 0x0063, 0x0063, 0x0063, 0x0042, 0x0042, 0x5D5F, 0x5D5F, 0x5D5F,
0x5D5F, 0x5D5F, 0x5D5F, 0x5D5F, 0x0000, 0x0000, 0x0000, 0x0000, 0x0000, 0x0000, 0x0000, 0x0000, 0x0000, 0x0000, 0x0000, 0x0000,
0x0000, 0x0000, 0x0000, 0x0000, 0x0000, 0x0000, 0x0000, 0x0000, 0x0000, 0x0000, 0x0000, 0x0000, 0x0000, 0x0000, 0x0000, 0x5D5F,
0x5D5F, 0x5D5F, 0x5D5F, 0x5D5F, 0x5D5F, 0x5D5F, 0x5D5F, 0x5D5F, 0x5D5F, 0x5D5F, 0x5D5F, 0x5D5F, 0x5D5F, 0x5D5F, 0x5D5F, 0x5D5F,
0x5D5F, 0x5D5F, 0x5D5F, 0x5D5F, 0x5D5F, 0x0884, 0x0083, 0x0063, 0x0063, 0x0062, 0x0042, 0x0042, 0x0041, 0x5D5F, 0x5D5F, 0x5D5F,
0x5D5F, 0x5D5F, 0x5D5F, 0x5D5F, 0x0000, 0x0000, 0x0000, 0x0000, 0x0000, 0x0000, 0x0000, 0x0000, 0x0000, 0x0000, 0x0000, 0x0000,
0x0000, 0x0000, 0x0000, 0x0000, 0x0000, 0x0000, 0x0000, 0x0000, 0x0000, 0x0000, 0x0000, 0x0000, 0x0000, 0x0000, 0x0000, 0x0000,
0x5D5F, 0x5D5F, 0x5D5F, 0x5D5F, 0x5D5F, 0x5D5F, 0x5D5F, 0x5D5F, 0x5D5F, 0x5D5F, 0x5D5F, 0x5D5F, 0x5D5F, 0x5D5F, 0x5D5F, 0x5D5F,
0x5D5F, 0x5D5F, 0x5D5F, 0x5D5F, 0x0063, 0x0063, 0x0063, 0x0063, 0x0042, 0x0042, 0x0042, 0x0041, 0x0021, 0x0021, 0x0021, 0x0020,
0x0000, 0x0000, 0x0000, 0x0000, 0x0000, 0x0000, 0x0000, 0x0000, 0x0000, 0x0000, 0x0000, 0x0000, 0x0000, 0x0000, 0x0000, 0x0000,
0x0000, 0x0000, 0x0000, 0x0000, 0x0000, 0x0000, 0x0000, 0x0000, 0x0000, 0x0000, 0x0000, 0x0000, 0x0000, 0x0000, 0x0000, 0x0000,
0x0000, 0x5D5F, 0x5D5F, 0x5D5F, 0x5D5F, 0x5D5F, 0x5D5F, 0x5D5F, 0x5D5F, 0x5D5F, 0x5D5F, 0x5D5F, 0x5D5F, 0x5D5F, 0x5D5F, 0x5D5F,
0x5D5F, 0x5D5F, 0x5D5F, 0x0063, 0x0063, 0x0063, 0x0042, 0x0042, 0x0042, 0x0042, 0x0021, 0x0021, 0x0021, 0x0021, 0x0021, 0x0000,
0x0000, 0x0000, 0x0000, 0x0000, 0x0000, 0x0000, 0x0000, 0x0000, 0x0000, 0x0000, 0x0000, 0x0000, 0x0000, 0x0000, 0x0000, 0x0000,
0x0000, 0x0000, 0x0000, 0x0000, 0x0000, 0x0000, 0x0000, 0x0000, 0x0000, 0x0000, 0x0000, 0x0000, 0x0000, 0x0000, 0x0000, 0x0000,
0x0000, 0x0000, 0x5D5F, 0x5D5F, 0x5D5F, 0x5D5F, 0x5D5F, 0x5D5F, 0x5D5F, 0x5D5F, 0x5D5F, 0x5D5F, 0x5D5F, 0x5D5F, 0x5D5F, 0x5D5F,
0x5D5F, 0x5D5F, 0x0062, 0x0042, 0x0042, 0x0042, 0x0042, 0x0042, 0x0041, 0x0021, 0x0021, 0x0021, 0x0021, 0x0020, 0x0000, 0x0000,
0x0000, 0x0000, 0x0000, 0x0000, 0x0000, 0x0000, 0x0000, 0x0000, 0x0000, 0x0000, 0x0000, 0x0000, 0x0000, 0x0000, 0x0000, 0x0000,
0x0000, 0x0000, 0x0000, 0x0000, 0x0000, 0x0000, 0x0000, 0x0000, 0x0000, 0x0000, 0x0000, 0x0000, 0x0000, 0x0000, 0x0000, 0x0000,
0x0000, 0x0000, 0x0000, 0x0000, 0x5D5F, 0x5D5F, 0x5D5F, 0x5D5F, 0x5D5F, 0x5D5F, 0x5D5F, 0x5D5F, 0x5D5F, 0x5D5F, 0x5D5F, 0x5D5F,
0x0042, 0x0042, 0x0042, 0x0042, 0x0042, 0x0042, 0x0041, 0x0021, 0x0021, 0x0021, 0x0021, 0x0021, 0x0020, 0x0000, 0x0000, 0x0000,
0x0000, 0x0000, 0x0000, 0x0000, 0x0000, 0x0000, 0x0000, 0x0000, 0x0000, 0x0000, 0x0000, 0x0000, 0x0000, 0x0000, 0x0000, 0x0000,
0x0000, 0x0000, 0x0000, 0x0000, 0x0000, 0x0000, 0x0000, 0x0000, 0x0000, 0x0000, 0x0000, 0x0000, 0x0000, 0x0000, 0x0000, 0x0000,
0x0000, 0x0000, 0x0000, 0x0000, 0x0000, 0x0000, 0x5D5F, 0x5D5F, 0x5D5F, 0x5D5F, 0x5D5F, 0x5D5F, 0x5D5F, 0x5D5F, 0x0041, 0x0041,
0x0041, 0x0041, 0x0041, 0x0021, 0x0021, 0x0021, 0x0021, 0x0021, 0x0021, 0x0021, 0x0021, 0x0000, 0x0000, 0x0000, 0x0000, 0x0000,
0x0000, 0x0000, 0x0000, 0x0000, 0x0000, 0x0000, 0x0000, 0x0000, 0x0000, 0x0000, 0x0000, 0x0000, 0x0000, 0x0000, 0x0000, 0x0000,
0x0000, 0x0000, 0x0000, 0x0000, 0x0000, 0x0000, 0x0000, 0x0000, 0x0000, 0x0000, 0x0000, 0x0000, 0x0000, 0x0000, 0x0000, 0x0000,
0x0000, 0x0000, 0x0000, 0x0000, 0x0000, 0x0000, 0x0000, 0x0000, 0x0021, 0x0021, 0x0021, 0x0021, 0x0021, 0x0021, 0x0021, 0x0021,
0x0021, 0x0021, 0x0021, 0x0021, 0x0021, 0x0021, 0x0021, 0x0021, 0x0021, 0x0000, 0x0000, 0x0000, 0x0000, 0x0000, 0x0000, 0x0000,
0x0000, 0x0000, 0x0000, 0x0000, 0x0000, 0x0000, 0x0000, 0x0000, 0x0000, 0x0000, 0x0000, 0x0000, 0x0000, 0x0000, 0x0000, 0x0000,
0x0000, 0x0000, 0x0000, 0x0000, 0x0000, 0x0000, 0x0000, 0x0000, 0x0000, 0x0000, 0x0000, 0x0000, 0x0000, 0x0000, 0x0000, 0x0000,
0x0000, 0x0000, 0x0000, 0x0000, 0x0000, 0x0000, 0x0000, 0x0000, 0x0000, 0x0000, 0x0020, 0x0021, 0x0021, 0x0021, 0x0021, 0x0021,
0x0021, 0x0021, 0x0021, 0x0021, 0x0021, 0x0021, 0x0020, 0x0000, 0x0000, 0x0000, 0x0000, 0x0000, 0x0000, 0x0000, 0x0000, 0x0000,
0x0000, 0x0000, 0x0000, 0x0000, 0x0000, 0x0000, 0x0000, 0x0000, 0x0000, 0x0000, 0x0000, 0x0000, 0x0000, 0x0000, 0x0000, 0x0000,
0x0000, 0x0000, 0x0000, 0x0000, 0x0000, 0x0000, 0x0000, 0x0000, 0x0000, 0x0000, 0x0000, 0x0000, 0x0000, 0x0000, 0x0000, 0x0000,
0x0000, 0x0000, 0x0000, 0x0000, 0x0000, 0x0000, 0x0000, 0x0000, 0x0000, 0x0000, 0x0000, 0x0000, 0x0000, 0x0000, 0x0020, 0x0020,
0x0020, 0x0020, 0x0020, 0x0000, 0x0000, 0x0000, 0x0000, 0x0000, 0x0000, 0x0000, 0x0000, 0x0000, 0x0000, 0x0000, 0x0000, 0x0000,
0x0000, 0x0000, 0x0000, 0x0000, 0x0000, 0x0000, 0x0000, 0x0000, 0x0000, 0x0000, 0x0000, 0x0000, 0x0000, 0x0000, 0x0000, 0x0000,
0x0000, 0x0000, 0x0000, 0x0000, 0x0000, 0x0000, 0x0000, 0x0000, 0x0000, 0x0000, 0x0000, 0x0000, 0x0000, 0x0000, 0x0000, 0x0000,
0x0000, 0x0000, 0x0000, 0x0000, 0x0000, 0x0000, 0x0000, 0x0000, 0x0000, 0x0000, 0x0000, 0x0000, 0x0000, 0x0000, 0x0000, 0x0000,
0x0000, 0x0000, 0x0000, 0x0000, 0x0000, 0x0000, 0x0000, 0x0000, 0x0000, 0x0000, 0x0000, 0x0000, 0x0000, 0x0000, 0x0000, 0x0000,
0x0000, 0x0000, 0x0000, 0x0000, 0x0000, 0x0000, 0x0000, 0x0000, 0x0000, 0x0000, 0x0000, 0x0000, 0x0000, 0x0000, 0x0000, 0x0000,
0x0000, 0x0000, 0x0000, 0x0000, 0x0000, 0x0000, 0x0000, 0x0000, 0x0000, 0x0000, 0x0000, 0x0000, 0x0000, 0x0000, 0x0000, 0x0000,
0x0000, 0x0000, 0x0000, 0x0000, 0x0000, 0x0000, 0x0000, 0x0000, 0x0000, 0x0000, 0x0000, 0x0000, 0x0000, 0x0000, 0x0000, 0x0000,
0x0000, 0x0000, 0x0000, 0x0000, 0x0000, 0x0000, 0x0000, 0x0000, 0x0000, 0x0000, 0x0000, 0x0000, 0x0000, 0x0000, 0x0000, 0x0000,
0x0000, 0x0000, 0x0000, 0x0000, 0x0000, 0x0000, 0x0000, 0x0000, 0x0000, 0x0000, 0x0000, 0x0000, 0x0000, 0x0000, 0x0000, 0x0000,
0x0000, 0x0000, 0x0000, 0x0000, 0x0000, 0x0000, 0x0000, 0x0000, 0x0000, 0x0000, 0x0000, 0x0000, 0x0000, 0x0000, 0x0000, 0x0000,
0x0000, 0x0000, 0x0000, 0x0000, 0x0000, 0x0000, 0x0000, 0x0000, 0x0000, 0x0000, 0x0000, 0x0000, 0x0000, 0x0000, 0x0000, 0x0000,
0x0000, 0x0000, 0x0000, 0x0000, 0x0000, 0x0000, 0x0000, 0x0000, 0x0000, 0x0000, 0x0000, 0x0000, 0x0000, 0x0000, 0x0000, 0x0000,
0x0000, 0x0000, 0x0000, 0x0000, 0x0000, 0x0000, 0x0000, 0x0000, 0x0000, 0x0000, 0x0000, 0x0000, 0x0000, 0x0000, 0x0000, 0x0000,
0x0000, 0x0000, 0x0000, 0x0000, 0x0000, 0x0000, 0x0000, 0x0000, 0x0000, 0x0000, 0x0000, 0x0000, 0x0000, 0x0000, 0x0000, 0x0000,
0x0000, 0x0000, 0x0000, 0x0000, 0x0000, 0x0000, 0x0000, 0x0000, 0x0000, 0x0000, 0x0000, 0x0000, 0x0000, 0x0000, 0x0000, 0x0000,
0x0000, 0x0000, 0x0000, 0x0000, 0x0000, 0x0000, 0x0000, 0x0000, 0x0000, 0x0000, 0x0000, 0x0000, 0x0000, 0x0000, 0x0000, 0x0000,
0x0000, 0x0000, 0x0000, 0x0000, 0x0000, 0x0000, 0x0000, 0x0000, 0x0000, 0x0000, 0x0000, 0x0000, 0x0000, 0x0000, 0x0000, 0x0000,
0x0000, 0x0000, 0x0000, 0x0000, 0x0000, 0x0000, 0x0000, 0x0000, 0x0000, 0x0000, 0x0000, 0x0000, 0x0000, 0x0000, 0x0000, 0x0000,
0x0000, 0x0000, 0x0000, 0x0000, 0x0000, 0x0000, 0x0000, 0x0000, 0x0000, 0x0000, 0x0000, 0x0000, 0x0000, 0x0000, 0x0000, 0x0000,
0x0000, 0x0000, 0x0000, 0x0000, 0x0000, 0x0000, 0x0000, 0x0000, 0x0000, 0x0000, 0x0000, 0x0000, 0x0000, 0x0000, 0x0000, 0x0000,
0x0000, 0x0000, 0x0000, 0x0000, 0x0000, 0x0000, 0x0000, 0x0000, 0x0000, 0x0000, 0x0000, 0x0000, 0x0000, 0x0000, 0x0000, 0x0000,
0x0000, 0x0000, 0x0000, 0x0000, 0x0000, 0x0000, 0x0000, 0x0000, 0x0000, 0x0000, 0x0000, 0x0000, 0x0000, 0x0000, 0x0000, 0x0000,
0x0000, 0x0000, 0x0000, 0x0000, 0x0000, 0x0000, 0x0000, 0x0000, 0x0000, 0x0000, 0x0000, 0x0000, 0x0000, 0x0000, 0x0000, 0x0000,
0x0000, 0x0000, 0x0000, 0x0000, 0x0000, 0x0000, 0x0000, 0x0000, 0x0000, 0x0000, 0x0000, 0x0000, 0x0000, 0x0000, 0x0000, 0x0000,
0x0000, 0x0000, 0x0000, 0x0000, 0x0000, 0x0000, 0x0000, 0x0000, 0x0000, 0x0000, 0x0000, 0x0000, 0x0000, 0x0000, 0x0000, 0x0000,
0x0000, 0x0000, 0x0000, 0x0000, 0x0000, 0x0000, 0x0000, 0x0000, 0x0000, 0x0000, 0x0000, 0x0000, 0x0000, 0x0000, 0x0000, 0x0000,
0x0000, 0x0000, 0x0000, 0x0000, 0x0000, 0x0000, 0x0000, 0x0000, 0x0000, 0x0000, 0x0000, 0x0000, 0x0000, 0x0000, 0x0000, 0x0000,
0x0000, 0x0000, 0x0000, 0x0000, 0x0000, 0x0000, 0x0000, 0x0000, 0x0000, 0x0000, 0x0000, 0x0000, 0x0000, 0x0000, 0x0000, 0x0000,
0x0000, 0x0000, 0x0000, 0x0000, 0x0000, 0x0000, 0x0000, 0x0000, 0x0000, 0x0000, 0x0000, 0x0000, 0x0000, 0x0000, 0x0000, 0x0000,
0x0000, 0x0000, 0x0000, 0x0000, 0x0000, 0x0000, 0x0000, 0x0000, 0x0000, 0x0000, 0x0000, 0x0000, 0x0000, 0x0000, 0x0000, 0x0000,
0x0000, 0x0000, 0x0000, 0x0000, 0x0000, 0x0000, 0x0000, 0x0000, 0x0000, 0x0000, 0x0000, 0x0000, 0x0000, 0x0000, 0x0000, 0x0000,
0x0000, 0x0000, 0x0000, 0x0000, 0x0000, 0x0000, 0x0000, 0x0000, 0x0000, 0x0000, 0x0000, 0x0000, 0x0000, 0x0000, 0x0000, 0x0000,
0x0000, 0x0000, 0x0000, 0x0000, 0x0000, 0x0000, 0x0000, 0x0000, 0x0000, 0x0000, 0x0000, 0x0000, 0x0000, 0x0000, 0x0000, 0x0000,
0x0000, 0x0000, 0x0000, 0x0000, 0x0000, 0x0000, 0x0000, 0x0000, 0x0000, 0x0000, 0x0000, 0x0000, 0x0000, 0x0000, 0x0000, 0x0000,
0x0000, 0x0000, 0x0000, 0x0000, 0x0000, 0x0000, 0x0000, 0x0000, 0x0000, 0x0000, 0x0000, 0x0000, 0x0000, 0x0000, 0x0000, 0x0000,
0x0000, 0x0000, 0x0000, 0x0000, 0x0000, 0x0000, 0x0000, 0x0000, 0x0000, 0x0000, 0x0000, 0x0000, 0x0000, 0x0000, 0x0000, 0x0000,
0x0000, 0x0000, 0x0000, 0x0000, 0x0000, 0x0000, 0x0000, 0x0000, 0x0000, 0x0000, 0x0000, 0x0000, 0x0000, 0x0000, 0x0000, 0x0000,
0x0000, 0x0000, 0x0000, 0x0000, 0x0000, 0x0000, 0x0000, 0x0000, 0x0000, 0x0000, 0x0000, 0x0000, 0x0000, 0x0000, 0x0000, 0x0000,
0x0000, 0x0000, 0x0000, 0x0000, 0x0000, 0x0000, 0x0000, 0x0000, 0x0000, 0x0000, 0x0000, 0x0000, 0x0000, 0x0000, 0x0000, 0x0000,
0x0000, 0x0000, 0x0000, 0x0000, 0x0000, 0x0000, 0x0000, 0x0000, 0x0000, 0x0000, 0x0000, 0x0000, 0x0000, 0x0000, 0x0000, 0x0000,
0x0000, 0x0000, 0x0000, 0x0000, 0x0000, 0x0000, 0x0000, 0x0000, 0x0000, 0x0000, 0x0000, 0x0000, 0x0000, 0x0000, 0x0000, 0x0000,
0x0000, 0x0000, 0x0000, 0x0000, 0x0000, 0x0000, 0x0000, 0x0000, 0x0000, 0x0000, 0x0000, 0x0000, 0x0000, 0x0000, 0x0000, 0x0000,
0x0000, 0x0000, 0x0000, 0x0000, 0x0000, 0x0000, 0x0000, 0x0000, 0x0000, 0x0000, 0x0000, 0x0000, 0x0000, 0x0000, 0x0000, 0x0000,
0x0000, 0x0000, 0x0000, 0x0000, 0x0000, 0x0000, 0x0000, 0x0000, 0x0000, 0x0000, 0x0000, 0x0000, 0x0000, 0x0000, 0x0000, 0x0000,
0x0000, 0x0000, 0x0000, 0x0000, 0x0000, 0x0000, 0x0000, 0x0000, 0x0000, 0x0000, 0x0000, 0x0000, 0x0000, 0x0000, 0x0000, 0x0000
};

const uint16_t icon_expelliarmus[64 * 64] PROGMEM = {
0x0000, 0x0000, 0x0000, 0x0000, 0x0000, 0x0000, 0x0000, 0x0000, 0x0000, 0x0000, 0x0000, 0x0000, 0x0000, 0x0000, 0x0000, 0x0000,
0x0000, 0x0000, 0x0000, 0x0000, 0x0000, 0x0000, 0x0000, 0x0000, 0x0000, 0x0000, 0x0000, 0x0000, 0x0000, 0x0000, 0x0000, 0x0000,
0x0000, 0x0000, 0x0000, 0x0000, 0x0000, 0x0000, 0x0000, 0x0000, 0x0000, 0x0000, 0x0000, 0x0000, 0x0000, 0x0000, 0x0000, 0x0000,
0x0000, 0x0000, 0x0000, 0x0000, 0x0000, 0x0000, 0x0000, 0x0000, 0x0000, 0x0000, 0x0000, 0x0000, 0x0000, 0x0000, 0x0000, 0x0000,
0x0000, 0x0000, 0x0000, 0x0000, 0x0000, 0x0000, 0x0000, 0x0000, 0x0000, 0x0000, 0x0000, 0x0000, 0x0000, 0x0000, 0x0000, 0x0000,
0x0000, 0x0000, 0x0000, 0x0000, 0x0000, 0x0000, 0x0000, 0x0000, 0x0000, 0x0000, 0x0000, 0x0000, 0x0000, 0x0000, 0x0000, 0x0000,
0x0000, 0x0000, 0x0000, 0x0000, 0x0000, 0x0000, 0x0000, 0x0000, 0x0000, 0x0000, 0x0000, 0x0000, 0x0000, 0x0000, 0x0000, 0x0000,
0x0000, 0x0000, 0x0000, 0x0000, 0x0000, 0x0000, 0x0000, 0x0000, 0x0000, 0x0000, 0x0000, 0x0000, 0x0000, 0x0000, 0x0000, 0x0000,
0x0000, 0x0000, 0x0000, 0x0000, 0x0000, 0x0000, 0x0000, 0x0000, 0x0000, 0x0000, 0x0000, 0x0000, 0x0000, 0x0000, 0x0000, 0x0000,
0x0000, 0x0000, 0x0000, 0x0000, 0x0000, 0x0000, 0x0000, 0x0000, 0x0000, 0x0000, 0x0000, 0x0000, 0x0000, 0x0000, 0x0000, 0x0000,
0x0000, 0x0000, 0x0000, 0x0000, 0x0000, 0x0000, 0x0000, 0x0000, 0x0000, 0x0000, 0x0000, 0x0000, 0x0000, 0x0000, 0x0000, 0x0000,
0x0000, 0x0000, 0x0000, 0x0000, 0x0000, 0x0000, 0x0000, 0x0000, 0x0000, 0x0000, 0x0000, 0x0000, 0x0000, 0x0000, 0x0000, 0x0000,
0x0000, 0x0000, 0x0000, 0x0000, 0x0000, 0x0000, 0x0000, 0x0000, 0x0000, 0x0000, 0x0000, 0x0000, 0x0000, 0x0000, 0x0000, 0x0000,
0x0000, 0x0000, 0x0000, 0x0000, 0x0000, 0x0000, 0x0000, 0x0000, 0x0000, 0x0000, 0x0000, 0x0000, 0x0000, 0x0000, 0x0000, 0x0000,
0x0000, 0x0000, 0x0000, 0x0000, 0x0000, 0x0000, 0x0000, 0x0000, 0x0000, 0x0000, 0x0000, 0x0000, 0x0000, 0x0000, 0x0000, 0x0000,
0x0000, 0x0000, 0x0000, 0x0000, 0x0000, 0x0000, 0x0000, 0x0000, 0x0000, 0x0000, 0x0000, 0x0000, 0x0000, 0x0000, 0x0000, 0x0000,
0x0000, 0x0000, 0x0000, 0x0000, 0x0000, 0x0000, 0x0000, 0x0000, 0x0000, 0x0000, 0x0000, 0x0000, 0x0000, 0x0000, 0x0000, 0x0000,
0x0000, 0x0000, 0x0000, 0x0000, 0x0000, 0x0000, 0x0000, 0x0000, 0x0000, 0x0000, 0x0000, 0x0000, 0x0000, 0x0000, 0x0000, 0x0000,
0x0000, 0x0000, 0xFE9A, 0x0000, 0x0000, 0x0000, 0x0000, 0x0000, 0x0000, 0x0000, 0x0000, 0x0000, 0x0000, 0x0000, 0x0000, 0x0000,
0x0000, 0x0000, 0x0000, 0x0000, 0x0000, 0x0000, 0x0000, 0x0000, 0x0000, 0x0000, 0x0000, 0x0000, 0x0000, 0x0000, 0x0000, 0x0000,
0x0000, 0x0000, 0x0000, 0x0000, 0x0000, 0x0000, 0x0000, 0x0000, 0x0000, 0x0000, 0x0000, 0x0000, 0x0000, 0x0000, 0x0000, 0x0000,
0x0000, 0x0000, 0x0000, 0x0000, 0x0000, 0x0000, 0x0000, 0x0000, 0x0000, 0x0000, 0x0000, 0x0000, 0x0000, 0x0000, 0x0000, 0x0000,
0x0000, 0x0000, 0xFE9A, 0x0000, 0x0000, 0x0000, 0x0000, 0x0000, 0x0000, 0x0000, 0x0000, 0x0000, 0x0000, 0x0000, 0x0000, 0x0000,
0x0000, 0x0000, 0x0000, 0x0000, 0x0000, 0x0000, 0x0000, 0x0000, 0x0000, 0x0000, 0x0000, 0x0000, 0x0000, 0x0000, 0x0000, 0x0000,
0x0000, 0x0000, 0x0000, 0x0000, 0x0000, 0x0000, 0x0000, 0x0000, 0x0000, 0x0000, 0x0000, 0x0000, 0x0000, 0x0000, 0x0000, 0x0000,
0x0000, 0x0000, 0x0000, 0x0000, 0x0000, 0x0000, 0x0000, 0x0000, 0x0000, 0x0000, 0x0000, 0x0000, 0x0000, 0x0000, 0x0000, 0x0000,
0x0000, 0xFE9A, 0x0000, 0x0000, 0x0000, 0x0000, 0x0000, 0x0000, 0x0000, 0x0000, 0x0000, 0x0000, 0x0000, 0x0000, 0x0000, 0x0000,
0x0000, 0x0000, 0x0000, 0x0000, 0x0000, 0x0000, 0x0000, 0x0000, 0x0000, 0x0000, 0x0000, 0x0000, 0x0000, 0x0000, 0x0000, 0x0000,
0x0000, 0x0000, 0x0000, 0x0000, 0x0000, 0x0000, 0x0000, 0x0000, 0x0000, 0x0000, 0x0000, 0x0000, 0x0000, 0x0000, 0x0000, 0x0000,
0x0000, 0x0000, 0x0000, 0x0000, 0x0000, 0x0000, 0x0000, 0x0000, 0x0000, 0x0000, 0x0000, 0x0000, 0x0000, 0x0000, 0x0000, 0x0000,
0x0000, 0xFE9A, 0x0000, 0x0000, 0x0000, 0x0000, 0x0000, 0x0000, 0x0000, 0x0000, 0x0000, 0x0000, 0x0000, 0x0000, 0x0000, 0x0000,
0x0000, 0x0000, 0x0000, 0x0000, 0x0000, 0x0000, 0x0000, 0x0000, 0x0000, 0x0000, 0x0000, 0x0000, 0x0000, 0x0000, 0x0000, 0x0000,
0x0000, 0x0000, 0x0000, 0x0000, 0x0000, 0x0000, 0x0000, 0x0000, 0x0000, 0x0000, 0x0000, 0x0000, 0x0000, 0x0000, 0x0000, 0x0000,
0x0000, 0x0000, 0x0000, 0x0000, 0x0000, 0x0000, 0x0000, 0x0000, 0x0000, 0x0000, 0x0000, 0x0000, 0x0000, 0x0000, 0x0000, 0x0000,
0x0000, 0xFE9A, 0x0000, 0x0000, 0x0000, 0x0000, 0x0000, 0x0000, 0x0000, 0x0000, 0x0000, 0x0000, 0x0000, 0x0000, 0x0000, 0x0000,
0x0000, 0x0000, 0x0000, 0x0000, 0x0000, 0x0000, 0x0000, 0x0000, 0x0000, 0x0000, 0x0000, 0x0000, 0x0000, 0x0000, 0x0000, 0x0000,
0x0000, 0x0000, 0x0000, 0x0000, 0x0000, 0x0000, 0x0000, 0x0000, 0x0000, 0x0000, 0x0000, 0x0000, 0x0000, 0x0000, 0x0000, 0x0000,
0x0000, 0x0000, 0x0000, 0x0000, 0x0000, 0x0000, 0x0000, 0x0000, 0x0000, 0x0000, 0x0000, 0x0000, 0x0000, 0x0000, 0x0000, 0x0000,
0x0000, 0xFE9A, 0x0000, 0x0000, 0x0000, 0x0000, 0x0000, 0x0000, 0x0000, 0x0000, 0x0000, 0x0000, 0x0000, 0x0000, 0x0000, 0x0000,
0x0000, 0x0000, 0x0000, 0x0000, 0x0000, 0x0000, 0x0000, 0x0000, 0x0000, 0x0000, 0x0000, 0x0000, 0x0000, 0x0000, 0x0000, 0x0000,
0x0000, 0x0000, 0x0000, 0x0000, 0x0000, 0x0000, 0x0000, 0x0000, 0x0000, 0x0000, 0x0000, 0x0000, 0x0000, 0x0000, 0x0000, 0x0000,
0x0000, 0x0000, 0x0000, 0x0000, 0x0000, 0x0000, 0x0000, 0x0000, 0x0000, 0x0000, 0x0000, 0x0000, 0x0000, 0x0000, 0x0000, 0x0000,
0xFE9A, 0x0000, 0x0000, 0x0000, 0x0000, 0x0000, 0x0000, 0x0000, 0x0000, 0x0000, 0x0000, 0x0000, 0x0000, 0x0000, 0x0000, 0x0000,
0x0000, 0x0000, 0x0000, 0x0000, 0x0000, 0x0000, 0x0000, 0x0000, 0x0000, 0x0000, 0x0000, 0x0000, 0x0000, 0x0000, 0x0000, 0x0000,
0x0000, 0x0000, 0x0000, 0x0000, 0x0000, 0x0000, 0x0000, 0x0000, 0x0000, 0x0000, 0x0000, 0x0000, 0x0000, 0x0000, 0x0000, 0x0000,
0x0000, 0x0000, 0x0000, 0x0000, 0x0000, 0x0000, 0x0000, 0x0000, 0x0000, 0x0000, 0x0000, 0x0000, 0x0000, 0x0000, 0x0000, 0x0800,
0xFE9A, 0x0800, 0x0000, 0x0000, 0x0000, 0x0000, 0x0000, 0x0000, 0x0000, 0x0000, 0x0000, 0x0000, 0x0000, 0x0000, 0x0000, 0x0000,
0x0000, 0x0000, 0x0000, 0x0000, 0x0000, 0x0000, 0x0000, 0x0000, 0x0000, 0x0000, 0x0000, 0x0000, 0x0000, 0x0000, 0x0000, 0x0000,
0x0000, 0x0000, 0x0000, 0x0000, 0x0000, 0x0000, 0x0000, 0x0000, 0x0000, 0x0000, 0x0000, 0x0000, 0x0000, 0x0000, 0x0000, 0x0000,
0x0000, 0x0000, 0x0000, 0x0000, 0x0000, 0x0000, 0x0000, 0x0000, 0x0000, 0x0000, 0x0800, 0x0800, 0x0800, 0x0800, 0x0800, 0x0800,
0xFE9A, 0x0800, 0x0800, 0x0800, 0x0800, 0x0800, 0x0800, 0x0000, 0x0000, 0x0000, 0x0000, 0x0000, 0x0000, 0x0000, 0x0000, 0x0000,
0x0000, 0x0000, 0x0000, 0x0000, 0x0000, 0x0000, 0x0000, 0x0000, 0x0000, 0x0000, 0x0000, 0x0000, 0x0000, 0x0000, 0x0000, 0x0000,
0x0000, 0x0000, 0x0000, 0x0000, 0x0000, 0x0000, 0x0000, 0x0000, 0x0000, 0x0000, 0x0000, 0x0000, 0x0000, 0x0000, 0x0000, 0x0000,
0x0000, 0x0000, 0x0000, 0x0000, 0x0000, 0x0000, 0x0000, 0x0000, 0x0800, 0x0800, 0x0800, 0x0800, 0x0800, 0x0800, 0x0800, 0xFE9A,
0xFE9A, 0x0800, 0x0800, 0x0800, 0x0800, 0x0800, 0x0800, 0x0800, 0x0800, 0x0000, 0x0000, 0x0000, 0x0000, 0x0000, 0x0000, 0x0000,
0x0000, 0x0000, 0x0000, 0x0000, 0x0000, 0x0000, 0x0000, 0x0000, 0x0000, 0x0000, 0x0000, 0x0000, 0x0000, 0x0000, 0x0000, 0x0000,
0x0000, 0x0000, 0x0000, 0x0000, 0x0000, 0x0000, 0x0000, 0x0000, 0x0000, 0x0000, 0x0000, 0x0000, 0x0000, 0x0000, 0x0000, 0x0000,
0x0000, 0x0000, 0x0000, 0x0000, 0x0000, 0x0000, 0x0800, 0x0800, 0x0800, 0x0800, 0x0800, 0x0800, 0x0800, 0x0800, 0x1000, 0xFE9A,
0x1000, 0x1000, 0x1000, 0x0800, 0x0800, 0x0800, 0x0800, 0x0800, 0x0800, 0x0800, 0x0800, 0x0000, 0x0000, 0x0000, 0x0000, 0x0000,
0x0000, 0x0000, 0x0000, 0x0000, 0x0000, 0x0000, 0x0000, 0x0000, 0x0000, 0x0000, 0x0000, 0x0000, 0x0000, 0x0000, 0x0000, 0x0000,
0x0000, 0x0000, 0x0000, 0x0000, 0x0000, 0x0000, 0x0000, 0x0000, 0x0000, 0x0000, 0x0000, 0x0000, 0x0000, 0x0000, 0x0000, 0x0000,
0x0000, 0x0000, 0x0000, 0x0000, 0x0800, 0x0800, 0x0800, 0x0800, 0x0800, 0x0800, 0x1000, 0x1000, 0x1020, 0x1020, 0x1020, 0xFE9A,
0x1020, 0x1020, 0x1020, 0x1020, 0x1020, 0x1000, 0x1000, 0x0800, 0x0800, 0x0800, 0x0800, 0x0800, 0x0800, 0x0000, 0x0000, 0x0000,
0x0000, 0x0000, 0x0000, 0x0000, 0x0000, 0x0000, 0x0000, 0x0000, 0x0000, 0x0000, 0x0000, 0x0000, 0x0000, 0x0000, 0x0000, 0x0000,
0x0000, 0x0000, 0x0000, 0x0000, 0x0000, 0x0000, 0x0000, 0x0000, 0x0000, 0x0000, 0x0000, 0x0000, 0x0000, 0x0000, 0x0000, 0x0000,
0x0000, 0x0000, 0x0000, 0x0800, 0x0800, 0x0800, 0x0800, 0x0800, 0x1000, 0x1020, 0x1020, 0x1020, 0x1020, 0x1020, 0xFE9A, 0xFE9A,
0x1820, 0x1820, 0x1820, 0x1020, 0x1020, 0x1020, 0x1020, 0x1020, 0x1000, 0x0800, 0x0800, 0x0800, 0x0800, 0x0800, 0x0000, 0x0000,
0x0000, 0x0000, 0x0000, 0x0000, 0x0000, 0x0000, 0x0000, 0x0000, 0x0000, 0x0000, 0x0000, 0x0000, 0x0000, 0x0000, 0x0000, 0x0000,
0x0000, 0x0000, 0x0000, 0x0000, 0x0000, 0x0000, 0x0000, 0x0000, 0x0000, 0x0000, 0x0000, 0x0000, 0x0000, 0x0000, 0x0000, 0x0000,
0x0000, 0x0000, 0x0800, 0x0800, 0x0800, 0x0800, 0x1000, 0x1000, 0x1020, 0x1020, 0x1820, 0x1820, 0x1820, 0x1820, 0xFE9A, 0x1820,
0x1820, 0x1820, 0x1820, 0x1820, 0x1820, 0x1820, 0x1820, 0x1020, 0x1020, 0x1000, 0x1000, 0x0800, 0x0800, 0x0800, 0x0800, 0x0000,
0x0000, 0x0000, 0x0000, 0x0000, 0x0000, 0x0000, 0x0000, 0x0000, 0x0000, 0x0000, 0x0000, 0x0000, 0x0000, 0x0000, 0x0000, 0x0000,
0x0000, 0x0000, 0x0000, 0x0000, 0x0000, 0x0000, 0x0000, 0x0000, 0x0000, 0x0000, 0x0000, 0x0000, 0x0000, 0x0000, 0x0000, 0x0000,
0x0000, 0x0800, 0x0800, 0x0800, 0x0800, 0x1000, 0x1020, 0x1020, 0x1820, 0x1820, 0x1820, 0x1820, 0x1820, 0x2020, 0xFE9A, 0x2020,
0x2020, 0x2020, 0x2020, 0x2020, 0x1820, 0x1820, 0x1820, 0x1820, 0x1820, 0x1020, 0x1020, 0x1000, 0x0800, 0x0800, 0x0800, 0x0800,
0x0000, 0x0000, 0x0000, 0x0000, 0x0000, 0x0000, 0x0000, 0x0000, 0x0000, 0x0000, 0x0000, 0x0000, 0x0000, 0x0000, 0x0000, 0x0000,
0x0000, 0x0000, 0x0000, 0x0000, 0x0000, 0x0000, 0x0000, 0x0000, 0x0000, 0x0000, 0x0000, 0x0000, 0x0000, 0x0000, 0x0000, 0x0000,
0x0800, 0x0800, 0x0800, 0x0800, 0x1000, 0x1020, 0x1020, 0x1820, 0x1820, 0x1820, 0x2020, 0x2020, 0x2020, 0x2020, 0xFE9A, 0x2841,
0x2841, 0x2841, 0x2041, 0x2020, 0x2020, 0x2020, 0x2020, 0x1820, 0x1820, 0x1820, 0x1020, 0x1020, 0x1000, 0x0800, 0x0800, 0x0800,
0x0800, 0x0000, 0x0000, 0x0000, 0x0000, 0x0000, 0x0000, 0x0000, 0x0000, 0x0000, 0x0000, 0x0000, 0x0000, 0x0000, 0x0000, 0x0000,
0x0000, 0x0000, 0x0000, 0x0000, 0x0000, 0x0000, 0x0000, 0x0000, 0x0000, 0x0000, 0x0000, 0x0000, 0x0000, 0x0000, 0x0000, 0x0800,
0x0800, 0x0800, 0x0800, 0x1000, 0x1020, 0x1020, 0x1820, 0x1820, 0x2020, 0x2020, 0x2020, 0x2841, 0x2841, 0xFE9A, 0xFE9A, 0x2841,
0x2841, 0x2841, 0x2841, 0x2841, 0x2841, 0x2841, 0x2020, 0x2020, 0x2020, 0x1820, 0x1820, 0x1020, 0x1020, 0x1000, 0x0800, 0x0800,
0x0800, 0x0800, 0x0000, 0x0000, 0x0000, 0x0000, 0x0000, 0x0000, 0x0000, 0x0000, 0x0000, 0x0000, 0x0000, 0x0000, 0x0000, 0x0000,
0x0000, 0x0000, 0x0000, 0x0000, 0x0000, 0x0000, 0x0000, 0x0000, 0x0000, 0x0000, 0x0000, 0x0000, 0x0000, 0x0000, 0x0000, 0x0800,
0x0800, 0x0800, 0x1000, 0x1020, 0x1020, 0x1820, 0x1820, 0x2020, 0x2020, 0x2841, 0x2841, 0x2841, 0x2841, 0xFE9A, 0x3041, 0x3041,
0x3041, 0x3041, 0x3041, 0x3041, 0x2841, 0x2841, 0x2841, 0x2841, 0x2020, 0x2020, 0x1820, 0x1820, 0x1020, 0x1020, 0x1000, 0x0800,
0x0800, 0x0800, 0x0000, 0x0000, 0x0000, 0x0000, 0x0000, 0x0000, 0x0000, 0x0000, 0x0000, 0x0000, 0x0000, 0x0000, 0x0000, 0x0000,
0x0000, 0x0000, 0x0000, 0x0000, 0x0000, 0x0000, 0x0000, 0x0000, 0x0000, 0x0000, 0x0000, 0x0000, 0x0000, 0x0000, 0x0800, 0x0800,
0x0800, 0x1000, 0x1020, 0x1020, 0x1820, 0x1820, 0x2020, 0x2020, 0x2841, 0x2841, 0x2841, 0x3041, 0x3041, 0xFE9A, 0x3841, 0x3841,
0x3841, 0x3841, 0x3841, 0x3041, 0x3041, 0x3041, 0x2841, 0x2841, 0x2841, 0x2020, 0x2020, 0x1820, 0x1820, 0x1020, 0x1020, 0x1000,
0x0800, 0x0800, 0x0800, 0x0000, 0x0000, 0x0000, 0x0000, 0x0000, 0x0000, 0x0000, 0x0000, 0x0000, 0x0000, 0x0000, 0x0000, 0x0000,
0x0000, 0x0000, 0x0000, 0x0000, 0x0000, 0x0000, 0x0000, 0x0000, 0x0000, 0x0000, 0x0000, 0x0000, 0x0000, 0x0000, 0x0800, 0x0800,
0x0800, 0x1000, 0x1020, 0x1820, 0x1820, 0x2020, 0x2020, 0x2841, 0x2841, 0x3041, 0x3041, 0x3041, 0xFE9A, 0xFE9A, 0x3861, 0x3861,
0x3861, 0x3861, 0x3861, 0x3861, 0x3861, 0x3041, 0x3041, 0x3041, 0x2841, 0x2841, 0x2020, 0x2020, 0x1820, 0x1820, 0x1020, 0x1000,
0x0800, 0x0800, 0x0800, 0x0000, 0x0000, 0x0000, 0x0000, 0x0000, 0x0000, 0x0000, 0x0000, 0x0000, 0x0000, 0x0000, 0x0000, 0x0000,
0x0000, 0x0000, 0x0000, 0x0000, 0x0000, 0x0000, 0x0000, 0x0000, 0x0000, 0x0000, 0x0000, 0x0000, 0x0000, 0x0800, 0x0800, 0x0800,
0x1000, 0x1020, 0x1820, 0x1820, 0x2020, 0x2020, 0x2841, 0x2841, 0x3041, 0x3041, 0x3841, 0x3861, 0xFE9A, 0xFE9A, 0x4061, 0x4061,
0x4061, 0x4061, 0x4061, 0x4061, 0x3861, 0x3861, 0x3841, 0x3041, 0x3041, 0x2841, 0x2841, 0x2020, 0x2020, 0x1820, 0x1820, 0x1020,
0x1000, 0x0800, 0x0800, 0x0800, 0x0000, 0x0000, 0x0000, 0x0000, 0x0000, 0x0000, 0x0000, 0x0000, 0x0000, 0x0000, 0x0000, 0x0000,
0x0000, 0x0000, 0x0000, 0x0000, 0x0000, 0x0000, 0x0000, 0x0000, 0x0000, 0x0000, 0x0000, 0x0000, 0x0000, 0x0800, 0x0800, 0x0800,
0x1020, 0x1020, 0x1820, 0x1820, 0x2020, 0x2041, 0x2841, 0x3041, 0x3041, 0x3841, 0x3861, 0x4061, 0xFE9A, 0x4061, 0x4861, 0x4861,
0x4861, 0x4861, 0x4861, 0x4061, 0x4061, 0x4061, 0x3861, 0x3841, 0x3041, 0x3041, 0x2841, 0x2041, 0x2020, 0x1820, 0x1820, 0x1020,
0x1020, 0x0800, 0x0800, 0x0800, 0x0000, 0x0000, 0x0000, 0x0000, 0x0000, 0x0000, 0x0000, 0x0000, 0x0000, 0x0000, 0x0000, 0x0000,
0x0000, 0x0000, 0x0000, 0x0000, 0x0000, 0x0000, 0x0000, 0x0000, 0x0000, 0x0000, 0x0000, 0x0000, 0x0800, 0x0800, 0x0800, 0x1000,
0x1020, 0x1820, 0x1820, 0x2020, 0x2020, 0x2841, 0x2841, 0x3041, 0x3841, 0x3861, 0x4061, 0xFE9A, 0xFE9A, 0xFE9A, 0xFE9A, 0xFE9A,
0xFE9A, 0xFE9A, 0xFE9A, 0xFE9A, 0xFE9A, 0xFE9A, 0xFE9A, 0x3861, 0x3841, 0x3041, 0x2841, 0x2841, 0x2020, 0x2020, 0x1820, 0x1820,
0x1020, 0x1000, 0x0800, 0x0800, 0x0800, 0x0000, 0x0000, 0x0000, 0x0000, 0x0000, 0x0000, 0x0000, 0x0000, 0x0000, 0x0000, 0x0000,
0x0000, 0x0000, 0x0000, 0x0000, 0x0000, 0x0000, 0x0000, 0x0000, 0x0000, 0x0000, 0x0000, 0x0000, 0x0800, 0x0800, 0x0800, 0x1000,
0x1020, 0x1820, 0x1820, 0x2020, 0x2841, 0x2841, 0x3041, 0x3041, 0x3861, 0x4061, 0x4061, 0xFE9A, 0xFA28, 0xFA28, 0xFA28, 0xFA28,
0xFA28, 0xFA28, 0xFA28, 0xFA28, 0xFA28, 0xFA28, 0xFE9A, 0x4061, 0x3861, 0x3041, 0x3041, 0x2841, 0x2841, 0x2020, 0x1820, 0x1820,
0x1020, 0x1000, 0x0800, 0x0800, 0x0800, 0x0000, 0x0000, 0x0000, 0x0000, 0x0000, 0x0000, 0x0000, 0x0000, 0x0000, 0x0000, 0x0000,
0x0000, 0x0000, 0x0000, 0x0000, 0x0000, 0x0000, 0x0000, 0x0000, 0x0000, 0x0000, 0x0000, 0x0000, 0x0800, 0x0800, 0x0800, 0x1020,
0x1020, 0x1820, 0x1820, 0x2020, 0x2841, 0x2841, 0x3041, 0x3841, 0x3861, 0x4061, 0x4861, 0xFE9A, 0xFA28, 0xFA28, 0xFA28, 0xFA28,
0xFA28, 0xFA28, 0xFA28, 0xFA28, 0xFA28, 0xFE9A, 0x4861, 0x4061, 0x3861, 0x3841, 0x3041, 0x2841, 0x2841, 0x2020, 0x1820, 0x1820,
0x1020, 0x1020, 0x0800, 0x0800, 0x0800, 0x0000, 0x0000, 0x0000, 0x0000, 0x0000, 0x0000, 0x0000, 0x0000, 0x0000, 0x0000, 0x0000,
0x0000, 0x0000, 0x0000, 0x0000, 0x0000, 0x0000, 0x0000, 0x0000, 0x0000, 0x0000, 0x0000, 0x0000, 0x0800, 0x0800, 0x0800, 0x1020,
0x1020, 0x1820, 0x2020, 0x2020, 0x2841, 0x3041, 0x3041, 0x3861, 0x4061, 0x4061, 0x4861, 0xFE9A, 0xFA28, 0xFA28, 0xFA28, 0xFA28,
0xFA28, 0xFA28, 0xFA28, 0xFA28, 0xFA28, 0xFE9A, 0x4861, 0x4061, 0x4061, 0x3861, 0x3041, 0x3041, 0x2841, 0x2020, 0x2020, 0x1820,
0x1020, 0x1020, 0x0800, 0x0800, 0x0800, 0x0000, 0x0000, 0x0000, 0x0000, 0x0000, 0x0000, 0x0000, 0x0000, 0x0000, 0x0000, 0x0000,
0x0000, 0x0000, 0x0000, 0x0000, 0x0000, 0x0000, 0x0000, 0x0000, 0x0000, 0x0000, 0x0000, 0x0000, 0x0800, 0x0800, 0x1000, 0x1020,
0x1820, 0x1820, 0x2020, 0x2041, 0x2841, 0x3041, 0x3841, 0x3861, 0x4061, 0x4861, 0xFE9A, 0xFA28, 0xFA28, 0xFA28, 0xFA28, 0xFA28,
0xFA28, 0xFA28, 0xFA28, 0xFA28, 0xFA28, 0xFE9A, 0x4861, 0x4861, 0x4061, 0x3861, 0x3841, 0x3041, 0x2841, 0x2041, 0x2020, 0x1820,
0x1820, 0x1020, 0x1000, 0x0800, 0x0800, 0x0000, 0x0000, 0x0000, 0x0000, 0x0000, 0x0000, 0x0000, 0x0000, 0x0000, 0x0000, 0x0000,
0x0000, 0x0000, 0x0000, 0x0000, 0x0000, 0x0000, 0x0000, 0x0000, 0x0000, 0x0000, 0x0000, 0x0000, 0x0800, 0x0800, 0x1000, 0x1020,
0x1820, 0x1820, 0x2020, 0x2841, 0x2841, 0x3041, 0x3841, 0x3861, 0x4061, 0x4861, 0xFE9A, 0xFA28, 0xFA28, 0xFA28, 0xFA28, 0xFA28,
0xFA28, 0xFA28, 0xFA28, 0xFA28, 0xFE9A, 0x5082, 0x4861, 0x4861, 0x4061, 0x3861, 0x3841, 0x3041, 0x2841, 0x2841, 0x2020, 0x1820,
0x1820, 0x1020, 0x1000, 0x0800, 0x0800, 0x0000, 0x0000, 0x0000, 0x0000, 0x0000, 0x0000, 0x0000, 0x0000, 0x0000, 0x0000, 0x0000,
0x0000, 0x0000, 0x0000, 0x0000, 0x0000, 0x0000, 0x0000, 0xFC10, 0xFC10, 0xFC10, 0xFC10, 0xFC10, 0xFC10, 0xFC10, 0xFC10, 0xFC10,
0xFC10, 0xFC10, 0xFC10, 0xFC10, 0xFC10, 0xFC10, 0x3841, 0x3861, 0x4061, 0x4861, 0xFE9A, 0xFA28, 0xFA28, 0xFA28, 0xFA28, 0xFA28,
0xFA28, 0xFA28, 0xFA28, 0xFA28, 0xFE9A, 0x5082, 0x4861, 0x4861, 0x4061, 0x3861, 0x3841, 0xFC10, 0xFC10, 0xFC10, 0xFC10, 0xFC10,
0xFC10, 0xFC10, 0xFC10, 0xFC10, 0xFC10, 0xFC10, 0xFC10, 0xFC10, 0xFC10, 0xFC10, 0x0000, 0x0000, 0x0000, 0x0000, 0x0000, 0x0000,
0x0000, 0x0000, 0x0000, 0x0000, 0x0000, 0x0000, 0x0000, 0xFC10, 0xFC10, 0xFC10, 0xFC10, 0xFC10, 0xFC10, 0xFC10, 0xFC10, 0xFC10,
0xFC10, 0xFC10, 0xFC10, 0xFC10, 0xFC10, 0xFC10, 0x3841, 0x3861, 0x4061, 0xFE9A, 0xFA28, 0xFA28, 0xFA28, 0xFA28, 0xFA28, 0xFA28,
0xFA28, 0xFA28, 0xFA28, 0xFA28, 0xFE9A, 0x5082, 0x4861, 0x4861, 0x4061, 0x3861, 0x3841, 0xFC10, 0xFC10, 0xFC10, 0xFC10, 0xFC10,
0xFC10, 0xFC10, 0xFC10, 0xFC10, 0xFC10, 0xFC10, 0xFC10, 0xFC10, 0xFC10, 0xFC10, 0x0000, 0x0000, 0x0000, 0x0000, 0x0000, 0x0000,
0x0000, 0x0000, 0x0000, 0x0000, 0x0000, 0x0000, 0x0000, 0x0000, 0x0000, 0x0000, 0x0000, 0x0000, 0x0800, 0x0800, 0x1000, 0x1020,
0x1820, 0x1820, 0x2020, 0x2041, 0x2841, 0x3041, 0x3841, 0x3861, 0x4061, 0xFE9A, 0xFE9A, 0xFE9A, 0xFE9A, 0xFE9A, 0xFE9A, 0xFE9A,
0xFE9A, 0xFE9A, 0xFE9A, 0xFE9A, 0x5082, 0x5082, 0x4861, 0x4861, 0x4061, 0x3861, 0x3841, 0x3041, 0x2841, 0x2041, 0x2020, 0x1820,
0x1820, 0x1020, 0x1000, 0x0800, 0x0800, 0x0000, 0x0000, 0x0000, 0x0000, 0x0000, 0x0000, 0x0000, 0x0000, 0x0000, 0x0000, 0x0000,
0x0000, 0x0000, 0x0000, 0x0000, 0x0000, 0x0000, 0x0000, 0x0000, 0x0000, 0x0000, 0x0000, 0x0000, 0x0800, 0x0800, 0x0800, 0x1020,
0x1020, 0x1820, 0x2020, 0x2020, 0x2841, 0x3041, 0x3041, 0x3861, 0x4061, 0x4061, 0x4861, 0x4861, 0x5082, 0x5082, 0x5082, 0x5882,
0x5882, 0x5882, 0xFE9A, 0xFE9A, 0x5082, 0x4861, 0x4861, 0x4061, 0x4061, 0x3861, 0x3041, 0x3041, 0x2841, 0x2020, 0x2020, 0x1820,
0x1020, 0x1020, 0x0800, 0x0800, 0x0800, 0x0000, 0x0000, 0x0000, 0x0000, 0x0000, 0x0000, 0x0000, 0x0000, 0x0000, 0x0000, 0x0000,
0x0000, 0x0000, 0x0000, 0x0000, 0x0000, 0x0000, 0x0000, 0x0000, 0x0000, 0x0000, 0x0000, 0x0000, 0x0800, 0x0800, 0x0800, 0x1020,
0x1020, 0x1820, 0x1820, 0x2020, 0x2841, 0x2841, 0x3041, 0x3841, 0x3861, 0x4061, 0x4861, 0x4861, 0x4882, 0x5082, 0x5082, 0x5082,
0x5082, 0xFE9A, 0xFE9A, 0x5082, 0x4882, 0x4861, 0x4861, 0x4061, 0x3861, 0x3841, 0x3041, 0x2841, 0x2841, 0x2020, 0x1820, 0x1820,
0x1020, 0x1020, 0x0800, 0x0800, 0x0800, 0x0000, 0x0000, 0x0000, 0x0000, 0x0000, 0x0000, 0x0000, 0x0000, 0x0000, 0x0000, 0x0000,
0x0000, 0x0000, 0x0000, 0x0000, 0x0000, 0x0000, 0x0000, 0x0000, 0x0000, 0x0000, 0x0000, 0x0000, 0x0800, 0x0800, 0x0800, 0x1000,
0x1020, 0x1820, 0x1820, 0x2020, 0x2841, 0x2841, 0x3041, 0x3041, 0x3861, 0x4061, 0x4061, 0x4861, 0x4861, 0x4861, 0x5082, 0x5082,
0x5082, 0xFE9A, 0xFE9A, 0x4861, 0x4861, 0x4861, 0x4061, 0x4061, 0x3861, 0x3041, 0x3041, 0x2841, 0x2841, 0x2020, 0x1820, 0x1820,
0x1020, 0x1000, 0x0800, 0x0800, 0x0800, 0x0000, 0x0000, 0x0000, 0x0000, 0x0000, 0x0000, 0x0000, 0x0000, 0x0000, 0x0000, 0x0000,
0x0000, 0x0000, 0x0000, 0x0000, 0x0000, 0x0000, 0x0000, 0x0000, 0x0000, 0x0000, 0x0000, 0x0000, 0x0800, 0x0800, 0x0800, 0x1000,
0x1020, 0x1820, 0x1820, 0x2020, 0x2020, 0x2841, 0x2841, 0x3041, 0x3841, 0x3861, 0x4061, 0x4061, 0x4861, 0x4861, 0x4861, 0x4861,
0x4861, 0xFE9A, 0xFE9A, 0x4861, 0x4861, 0x4061, 0x4061, 0x3861, 0x3841, 0x3041, 0x2841, 0x2841, 0x2020, 0x2020, 0x1820, 0x1820,
0x1020, 0x1000, 0x0800, 0x0800, 0x0800, 0x0000, 0x0000, 0x0000, 0x0000, 0x0000, 0x0000, 0x0000, 0x0000, 0x0000, 0x0000, 0x0000,
0x0000, 0x0000, 0x0000, 0x0000, 0x0000, 0x0000, 0x0000, 0x0000, 0x0000, 0x0000, 0x0000, 0x0000, 0x0000, 0x0800, 0x0800, 0x0800,
0x1020, 0x1020, 0x1820, 0x1820, 0x2020, 0x2041, 0x2841, 0x3041, 0x3041, 0x3841, 0x3861, 0x4061, 0x4061, 0x4061, 0x4861, 0x4861,
0xFE9A, 0xFE9A, 0x4861, 0x4061, 0x4061, 0x4061, 0x3861, 0x3841, 0x3041, 0x3041, 0x2841, 0x2041, 0x2020, 0x1820, 0x1820, 0x1020,
0x1020, 0x0800, 0x0800, 0x0800, 0x0000, 0x0000, 0x0000, 0x0000, 0x0000, 0x0000, 0x0000, 0x0000, 0x0000, 0x0000, 0x0000, 0x0000,
0x0000, 0x0000, 0x0000, 0x0000, 0x0000, 0x0000, 0x0000, 0x0000, 0x0000, 0x0000, 0x0000, 0x0000, 0x0000, 0x0800, 0x0800, 0x0800,
0x1000, 0x1020, 0x1820, 0x1820, 0x2020, 0x2020, 0x2841, 0x2841, 0x3041, 0x3041, 0x3841, 0x3861, 0x3861, 0x4061, 0x4061, 0x4061,
0xFE9A, 0xFE9A, 0x4061, 0x4061, 0x3861, 0x3861, 0x3841, 0x3041, 0x3041, 0x2841, 0x2841, 0x2020, 0x2020, 0x1820, 0x1820, 0x1020,
0x1000, 0x0800, 0x0800, 0x0800, 0x0000, 0x0000, 0x0000, 0x0000, 0x0000, 0x0000, 0x0000, 0x0000, 0x0000, 0x0000, 0x0000, 0x0000,
0x0000, 0x0000, 0x0000, 0x0000, 0x0000, 0x0000, 0x0000, 0x0000, 0x0000, 0x0000, 0x0000, 0x0000, 0x0000, 0x0000, 0x0800, 0x0800,
0x0800, 0x1000, 0x1020, 0x1820, 0x1820, 0x2020, 0x2020, 0x2841, 0x2841, 0x3041, 0x3041, 0x3041, 0x3861, 0x3861, 0x3861, 0x3861,
0xFE9A, 0xFE9A, 0x3861, 0x3861, 0x3861, 0x3041, 0x3041, 0x3041, 0x2841, 0x2841, 0x2020, 0x2020, 0x1820, 0x1820, 0x1020, 0x1000,
0x0800, 0x0800, 0x0800, 0x0000, 0x0000, 0x0000, 0x0000, 0x0000, 0x0000, 0x0000, 0x0000, 0x0000, 0x0000, 0x0000, 0x0000, 0x0000,
0x0000, 0x0000, 0x0000, 0x0000, 0x0000, 0x0000, 0x0000, 0x0000, 0x0000, 0x0000, 0x0000, 0x0000, 0x0000, 0x0000, 0x0800, 0x0800,
0x0800, 0x1000, 0x1020, 0x1020, 0x1820, 0x1820, 0x2020, 0x2020, 0x2841, 0x2841, 0x2841, 0x3041, 0x3041, 0x3041, 0x3841, 0x3841,
0xFE9A, 0x3841, 0x3841, 0x3041, 0x3041, 0x3041, 0x2841, 0x2841, 0x2841, 0x2020, 0x2020, 0x1820, 0x1820, 0x1020, 0x1020, 0x1000,
0x0800, 0x0800, 0x0800, 0x0000, 0x0000, 0x0000, 0x0000, 0x0000, 0x0000, 0x0000, 0x0000, 0x0000, 0x0000, 0x0000, 0x0000, 0x0000,
0x0000, 0x0000, 0x0000, 0x0000, 0x0000, 0x0000, 0x0000, 0x0000, 0x0000, 0x0000, 0x0000, 0x0000, 0x0000, 0x0000, 0x0000, 0x0800,
0x0800, 0x0800, 0x1000, 0x1020, 0x1020, 0x1820, 0x1820, 0x2020, 0x2020, 0x2841, 0x2841, 0x2841, 0x2841, 0x3041, 0x3041, 0xFE9A,
0xFE9A, 0x3041, 0x3041, 0x3041, 0x2841, 0x2841, 0x2841, 0x2841, 0x2020, 0x2020, 0x1820, 0x1820, 0x1020, 0x1020, 0x1000, 0x0800,
0x0800, 0x0800, 0x0000, 0x0000, 0x0000, 0x0000, 0x0000, 0x0000, 0x0000, 0x0000, 0x0000, 0x0000, 0x0000, 0x0000, 0x0000, 0x0000,
0x0000, 0x0000, 0x0000, 0x0000, 0x0000, 0x0000, 0x0000, 0x0000, 0x0000, 0x0000, 0x0000, 0x0000, 0x0000, 0x0000, 0x0000, 0x0800,
0x0800, 0x0800, 0x0800, 0x1000, 0x1020, 0x1020, 0x1820, 0x1820, 0x2020, 0x2020, 0x2020, 0x2841, 0x2841, 0x2841, 0x2841, 0xFE9A,
0xFE9A, 0x2841, 0x2841, 0x2841, 0x2841, 0x2841, 0x2020, 0x2020, 0x2020, 0x1820, 0x1820, 0x1020, 0x1020, 0x1000, 0x0800, 0x0800,
0x0800, 0x0800, 0x0000, 0x0000, 0x0000, 0x0000, 0x0000, 0x0000, 0x0000, 0x0000, 0x0000, 0x0000, 0x0000, 0x0000, 0x0000, 0x0000,
0x0000, 0x0000, 0x0000, 0x0000, 0x0000, 0x0000, 0x0000, 0x0000, 0x0000, 0x0000, 0x0000, 0x0000, 0x0000, 0x0000, 0x0000, 0x0000,
0x0800, 0x0800, 0x0800, 0x0800, 0x1000, 0x1020, 0x1020, 0x1820, 0x1820, 0x1820, 0x2020, 0x2020, 0x2020, 0x2020, 0x2041, 0xFE9A,
0x2841, 0x2841, 0x2041, 0x2020, 0x2020, 0x2020, 0x2020, 0x1820, 0x1820, 0x1820, 0x1020, 0x1020, 0x1000, 0x0800, 0x0800, 0x0800,
0x0800, 0x0000, 0x0000, 0x0000, 0x0000, 0x0000, 0x0000, 0x0000, 0x0000, 0x0000, 0x0000, 0x0000, 0x0000, 0x0000, 0x0000, 0x0000,
0x0000, 0x0000, 0x0000, 0x0000, 0x0000, 0x0000, 0x0000, 0x0000, 0x0000, 0x0000, 0x0000, 0x0000, 0x0000, 0x0000, 0x0000, 0x0000,
0x0000, 0x0800, 0x0800, 0x0800, 0x0800, 0x1000, 0x1020, 0x1020, 0x1820, 0x1820, 0x1820, 0x1820, 0x1820, 0x2020, 0xFE9A, 0xFE9A,
0x2020, 0x2020, 0x2020, 0x2020, 0x1820, 0x1820, 0x1820, 0x1820, 0x1820, 0x1020, 0x1020, 0x1000, 0x0800, 0x0800, 0x0800, 0x0800,
0x0000, 0x0000, 0x0000, 0x0000, 0x0000, 0x0000, 0x0000, 0x0000, 0x0000, 0x0000, 0x0000, 0x0000, 0x0000, 0x0000, 0x0000, 0x0000,
0x0000, 0x0000, 0x0000, 0x0000, 0x0000, 0x0000, 0x0000, 0x0000, 0x0000, 0x0000, 0x0000, 0x0000, 0x0000, 0x0000, 0x0000, 0x0000,
0x0000, 0x0000, 0x0800, 0x0800, 0x0800, 0x0800, 0x1000, 0x1000, 0x1020, 0x1020, 0x1820, 0x1820, 0x1820, 0x1820, 0xFE9A, 0xFE9A,
0x1820, 0x1820, 0x1820, 0x1820, 0x1820, 0x1820, 0x1820, 0x1020, 0x1020, 0x1000, 0x1000, 0x0800, 0x0800, 0x0800, 0x0800, 0x0000,
0x0000, 0x0000, 0x0000, 0x0000, 0x0000, 0x0000, 0x0000, 0x0000, 0x0000, 0x0000, 0x0000, 0x0000, 0x0000, 0x0000, 0x0000, 0x0000,
0x0000, 0x0000, 0x0000, 0x0000, 0x0000, 0x0000, 0x0000, 0x0000, 0x0000, 0x0000, 0x0000, 0x0000, 0x0000, 0x0000, 0x0000, 0x0000,
0x0000, 0x0000, 0x0000, 0x0800, 0x0800, 0x0800, 0x0800, 0x0800, 0x1000, 0x1020, 0x1020, 0x1020, 0x1020, 0x1020, 0xFE9A, 0x1820,
0x1820, 0x1820, 0x1820, 0x1020, 0x1020, 0x1020, 0x1020, 0x1020, 0x1000, 0x0800, 0x0800, 0x0800, 0x0800, 0x0800, 0x0000, 0x0000,
0x0000, 0x0000, 0x0000, 0x0000, 0x0000, 0x0000, 0x0000, 0x0000, 0x0000, 0x0000, 0x0000, 0x0000, 0x0000, 0x0000, 0x0000, 0x0000,
0x0000, 0x0000, 0x0000, 0x0000, 0x0000, 0x0000, 0x0000, 0x0000, 0x0000, 0x0000, 0x0000, 0x0000, 0x0000, 0x0000, 0x0000, 0x0000,
0x0000, 0x0000, 0x0000, 0x0000, 0x0800, 0x0800, 0x0800, 0x0800, 0x0800, 0x0800, 0x1000, 0x1000, 0x1020, 0xFE9A, 0xFE9A, 0x1020,
0x1020, 0x1020, 0x1020, 0x1020, 0x1020, 0x1000, 0x1000, 0x0800, 0x0800, 0x0800, 0x0800, 0x0800, 0x0800, 0x0000, 0x0000, 0x0000,
0x0000, 0x0000, 0x0000, 0x0000, 0x0000, 0x0000, 0x0000, 0x0000, 0x0000, 0x0000, 0x0000, 0x0000, 0x0000, 0x0000, 0x0000, 0x0000,
0x0000, 0x0000, 0x0000, 0x0000, 0x0000, 0x0000, 0x0000, 0x0000, 0x0000, 0x0000, 0x0000, 0x0000, 0x0000, 0x0000, 0x0000, 0x0000,
0x0000, 0x0000, 0x0000, 0x0000, 0x0000, 0x0000, 0x0800, 0x0800, 0x0800, 0x0800, 0x0800, 0x0800, 0x0800, 0xFE9A, 0xFE9A, 0x1000,
0x1000, 0x1000, 0x1000, 0x0800, 0x0800, 0x0800, 0x0800, 0x0800, 0x0800, 0x0800, 0x0800, 0x0000, 0x0000, 0x0000, 0x0000, 0x0000,
0x0000, 0x0000, 0x0000, 0x0000, 0x0000, 0x0000, 0x0000, 0x0000, 0x0000, 0x0000, 0x0000, 0x0000, 0x0000, 0x0000, 0x0000, 0x0000,
0x0000, 0x0000, 0x0000, 0x0000, 0x0000, 0x0000, 0x0000, 0x0000, 0x0000, 0x0000, 0x0000, 0x0000, 0x0000, 0x0000, 0x0000, 0x0000,
0x0000, 0x0000, 0x0000, 0x0000, 0x0000, 0x0000, 0x0000, 0x0000, 0x0800, 0x0800, 0x0800, 0x0800, 0x0800, 0xFE9A, 0x0800, 0x0800,
0x0800, 0x0800, 0x0800, 0x0800, 0x0800, 0x0800, 0x0800, 0x0800, 0x0800, 0x0000, 0x0000, 0x0000, 0x0000, 0x0000, 0x0000, 0x0000,
0x0000, 0x0000, 0x0000, 0x0000, 0x0000, 0x0000, 0x0000, 0x0000, 0x0000, 0x0000, 0x0000, 0x0000, 0x0000, 0x0000, 0x0000, 0x0000,
0x0000, 0x0000, 0x0000, 0x0000, 0x0000, 0x0000, 0x0000, 0x0000, 0x0000, 0x0000, 0x0000, 0x0000, 0x0000, 0x0000, 0x0000, 0x0000,
0x0000, 0x0000, 0x0000, 0x0000, 0x0000, 0x0000, 0x0000, 0x0000, 0x0000, 0x0000, 0x0800, 0x0800, 0xFE9A, 0xFE9A, 0x0800, 0x0800,
0x0800, 0x0800, 0x0800, 0x0800, 0x0800, 0x0800, 0x0800, 0x0000, 0x0000, 0x0000, 0x0000, 0x0000, 0x0000, 0x0000, 0x0000, 0x0000,
0x0000, 0x0000, 0x0000, 0x0000, 0x0000, 0x0000, 0x0000, 0x0000, 0x0000, 0x0000, 0x0000, 0x0000, 0x0000, 0x0000, 0x0000, 0x0000,
0x0000, 0x0000, 0x0000, 0x0000, 0x0000, 0x0000, 0x0000, 0x0000, 0x0000, 0x0000, 0x0000, 0x0000, 0x0000, 0x0000, 0x0000, 0x0000,
0x0000, 0x0000, 0x0000, 0x0000, 0x0000, 0x0000, 0x0000, 0x0000, 0x0000, 0x0000, 0x0000, 0x0000, 0xFE9A, 0x0000, 0x0000, 0x0800,
0x0800, 0x0800, 0x0000, 0x0000, 0x0000, 0x0000, 0x0000, 0x0000, 0x0000, 0x0000, 0x0000, 0x0000, 0x0000, 0x0000, 0x0000, 0x0000,
0x0000, 0x0000, 0x0000, 0x0000, 0x0000, 0x0000, 0x0000, 0x0000, 0x0000, 0x0000, 0x0000, 0x0000, 0x0000, 0x0000, 0x0000, 0x0000,
0x0000, 0x0000, 0x0000, 0x0000, 0x0000, 0x0000, 0x0000, 0x0000, 0x0000, 0x0000, 0x0000, 0x0000, 0x0000, 0x0000, 0x0000, 0x0000,
0x0000, 0x0000, 0x0000, 0x0000, 0x0000, 0x0000, 0x0000, 0x0000, 0x0000, 0x0000, 0x0000, 0x0000, 0xFE9A, 0x0000, 0x0000, 0x0000,
0x0000, 0x0000, 0x0000, 0x0000, 0x0000, 0x0000, 0x0000, 0x0000, 0x0000, 0x0000, 0x0000, 0x0000, 0x0000, 0x0000, 0x0000, 0x0000,
0x0000, 0x0000, 0x0000, 0x0000, 0x0000, 0x0000, 0x0000, 0x0000, 0x0000, 0x0000, 0x0000, 0x0000, 0x0000, 0x0000, 0x0000, 0x0000,
0x0000, 0x0000, 0x0000, 0x0000, 0x0000, 0x0000, 0x0000, 0x0000, 0x0000, 0x0000, 0x0000, 0x0000, 0x0000, 0x0000, 0x0000, 0x0000,
0x0000, 0x0000, 0x0000, 0x0000, 0x0000, 0x0000, 0x0000, 0x0000, 0x0000, 0x0000, 0x0000, 0x0000, 0xFE9A, 0x0000, 0x0000, 0x0000,
0x0000, 0x0000, 0x0000, 0x0000, 0x0000, 0x0000, 0x0000, 0x0000, 0x0000, 0x0000, 0x0000, 0x0000, 0x0000, 0x0000, 0x0000, 0x0000,
0x0000, 0x0000, 0x0000, 0x0000, 0x0000, 0x0000, 0x0000, 0x0000, 0x0000, 0x0000, 0x0000, 0x0000, 0x0000, 0x0000, 0x0000, 0x0000,
0x0000, 0x0000, 0x0000, 0x0000, 0x0000, 0x0000, 0x0000, 0x0000, 0x0000, 0x0000, 0x0000, 0x0000, 0x0000, 0x0000, 0x0000, 0x0000,
0x0000, 0x0000, 0x0000, 0x0000, 0x0000, 0x0000, 0x0000, 0x0000, 0x0000, 0x0000, 0x0000, 0xFE9A, 0x0000, 0x0000, 0x0000, 0x0000,
0x0000, 0x0000, 0x0000, 0x0000, 0x0000, 0x0000, 0x0000, 0x0000, 0x0000, 0x0000, 0x0000, 0x0000, 0x0000, 0x0000, 0x0000, 0x0000,
0x0000, 0x0000, 0x0000, 0x0000, 0x0000, 0x0000, 0x0000, 0x0000, 0x0000, 0x0000, 0x0000, 0x0000, 0x0000, 0x0000, 0x0000, 0x0000,
0x0000, 0x0000, 0x0000, 0x0000, 0x0000, 0x0000, 0x0000, 0x0000, 0x0000, 0x0000, 0x0000, 0x0000, 0x0000, 0x0000, 0x0000, 0x0000,
0x0000, 0x0000, 0x0000, 0x0000, 0x0000, 0x0000, 0x0000, 0x0000, 0x0000, 0x0000, 0x0000, 0xFE9A, 0x0000, 0x0000, 0x0000, 0x0000,
0x0000, 0x0000, 0x0000, 0x0000, 0x0000, 0x0000, 0x0000, 0x0000, 0x0000, 0x0000, 0x0000, 0x0000, 0x0000, 0x0000, 0x0000, 0x0000,
0x0000, 0x0000, 0x0000, 0x0000, 0x0000, 0x0000, 0x0000, 0x0000, 0x0000, 0x0000, 0x0000, 0x0000, 0x0000, 0x0000, 0x0000, 0x0000,
0x0000, 0x0000, 0x0000, 0x0000, 0x0000, 0x0000, 0x0000, 0x0000, 0x0000, 0x0000, 0x0000, 0x0000, 0x0000, 0x0000, 0x0000, 0x0000,
0x0000, 0x0000, 0x0000, 0x0000, 0x0000, 0x0000, 0x0000, 0x0000, 0x0000, 0x0000, 0x0000, 0xFE9A, 0x0000, 0x0000, 0x0000, 0x0000,
0x0000, 0x0000, 0x0000, 0x0000, 0x0000, 0x0000, 0x0000, 0x0000, 0x0000, 0x0000, 0x0000, 0x0000, 0x0000, 0x0000, 0x0000, 0x0000,
0x0000, 0x0000, 0x0000, 0x0000, 0x0000, 0x0000, 0x0000, 0x0000, 0x0000, 0x0000, 0x0000, 0x0000, 0x0000, 0x0000, 0x0000, 0x0000,
0x0000, 0x0000, 0x0000, 0x0000, 0x0000, 0x0000, 0x0000, 0x0000, 0x0000, 0x0000, 0x0000, 0x0000, 0x0000, 0x0000, 0x0000, 0x0000,
0x0000, 0x0000, 0x0000, 0x0000, 0x0000, 0x0000, 0x0000, 0x0000, 0x0000, 0x0000, 0xFE9A, 0x0000, 0x0000, 0x0000, 0x0000, 0x0000,
0x0000, 0x0000, 0x0000, 0x0000, 0x0000, 0x0000, 0x0000, 0x0000, 0x0000, 0x0000, 0x0000, 0x0000, 0x0000, 0x0000, 0x0000, 0x0000,
0x0000, 0x0000, 0x0000, 0x0000, 0x0000, 0x0000, 0x0000, 0x0000, 0x0000, 0x0000, 0x0000, 0x0000, 0x0000, 0x0000, 0x0000, 0x0000,
0x0000, 0x0000, 0x0000, 0x0000, 0x0000, 0x0000, 0x0000, 0x0000, 0x0000, 0x0000, 0x0000, 0x0000, 0x0000, 0x0000, 0x0000, 0x0000,
0x0000, 0x0000, 0x0000, 0x0000, 0x0000, 0x0000, 0x0000, 0x0000, 0x0000, 0x0000, 0xFE9A, 0x0000, 0x0000, 0x0000, 0x0000, 0x0000,
0x0000, 0x0000, 0x0000, 0x0000, 0x0000, 0x0000, 0x0000, 0x0000, 0x0000, 0x0000, 0x0000, 0x0000, 0x0000, 0x0000, 0x0000, 0x0000,
0x0000, 0x0000, 0x0000, 0x0000, 0x0000, 0x0000, 0x0000, 0x0000, 0x0000, 0x0000, 0x0000, 0x0000, 0x0000, 0x0000, 0x0000, 0x0000,
0x0000, 0x0000, 0x0000, 0x0000, 0x0000, 0x0000, 0x0000, 0x0000, 0x0000, 0x0000, 0x0000, 0x0000, 0x0000, 0x0000, 0x0000, 0x0000,
0x0000, 0x0000, 0x0000, 0x0000, 0x0000, 0x0000, 0x0000, 0x0000, 0x0000, 0x0000, 0x0000, 0x0000, 0x0000, 0x0000, 0x0000, 0x0000,
0x0000, 0x0000, 0x0000, 0x0000, 0x0000, 0x0000, 0x0000, 0x0000, 0x0000, 0x0000, 0x0000, 0x0000, 0x0000, 0x0000, 0x0000, 0x0000,
0x0000, 0x0000, 0x0000, 0x0000, 0x0000, 0x0000, 0x0000, 0x0000, 0x0000, 0x0000, 0x0000, 0x0000, 0x0000, 0x0000, 0x0000, 0x0000,
0x0000, 0x0000, 0x0000, 0x0000, 0x0000, 0x0000, 0x0000, 0x0000, 0x0000, 0x0000, 0x0000, 0x0000, 0x0000, 0x0000, 0x0000, 0x0000,
0x0000, 0x0000, 0x0000, 0x0000, 0x0000, 0x0000, 0x0000, 0x0000, 0x0000, 0x0000, 0x0000, 0x0000, 0x0000, 0x0000, 0x0000, 0x0000,
0x0000, 0x0000, 0x0000, 0x0000, 0x0000, 0x0000, 0x0000, 0x0000, 0x0000, 0x0000, 0x0000, 0x0000, 0x0000, 0x0000, 0x0000, 0x0000,
0x0000, 0x0000, 0x0000, 0x0000, 0x0000, 0x0000, 0x0000, 0x0000, 0x0000, 0x0000, 0x0000, 0x0000, 0x0000, 0x0000, 0x0000, 0x0000,
0x0000, 0x0000, 0x0000, 0x0000, 0x0000, 0x0000, 0x0000, 0x0000, 0x0000, 0x0000, 0x0000, 0x0000, 0x0000, 0x0000, 0x0000, 0x0000,
0x0000, 0x0000, 0x0000, 0x0000, 0x0000, 0x0000, 0x0000, 0x0000, 0x0000, 0x0000, 0x0000, 0x0000, 0x0000, 0x0000, 0x0000, 0x0000,
0x0000, 0x0000, 0x0000, 0x0000, 0x0000, 0x0000, 0x0000, 0x0000, 0x0000, 0x0000, 0x0000, 0x0000, 0x0000, 0x0000, 0x0000, 0x0000,
0x0000, 0x0000, 0x0000, 0x0000, 0x0000, 0x0000, 0x0000, 0x0000, 0x0000, 0x0000, 0x0000, 0x0000, 0x0000, 0x0000, 0x0000, 0x0000
};

const uint16_t icon_stupefy[64 * 64] PROGMEM = {
0x0000, 0x0000, 0x0000, 0x0000, 0x0000, 0x0000, 0x0000, 0x0000, 0x0000, 0x0000, 0x0000, 0x0000, 0x0000, 0x0000, 0x0000, 0x0000,
0x0000, 0x0000, 0x0000, 0x0000, 0x0000, 0x0000, 0x0000, 0x0000, 0x0000, 0x0000, 0x0000, 0x0000, 0x0000, 0x0000, 0x0000, 0x0000,
0x0000, 0x0000, 0x0000, 0x0000, 0x0000, 0x0000, 0x0000, 0x0000, 0x0000, 0x0000, 0x0000, 0x0000, 0x0000, 0x0000, 0x0000, 0x0000,
0x0000, 0x0000, 0x0000, 0x0000, 0x0000, 0x0000, 0x0000, 0x0000, 0x0000, 0x0000, 0x0000, 0x0000, 0x0000, 0x0000, 0x0000, 0x0000,
0x0000, 0x0000, 0x0000, 0x0000, 0x0000, 0x0000, 0x0000, 0x0000, 0x0000, 0x0000, 0x0000, 0x0000, 0x0000, 0x0000, 0x0000, 0x0000,
0x0000, 0x0000, 0x0000, 0x0000, 0x0000, 0x0000, 0x0000, 0x0000, 0x0000, 0x0000, 0x0000, 0x0000, 0x0000, 0x0000, 0x0000, 0x0000,
0x0000, 0x0000, 0x0000, 0x0000, 0x0000, 0x0000, 0x0000, 0x0000, 0x0000, 0x0000, 0x0000, 0x0000, 0x0000, 0x0000, 0x0000, 0x0000,
0x0000, 0x0000, 0x0000, 0x0000, 0x0000, 0x0000, 0x0000, 0x0000, 0x0000, 0x0000, 0x0000, 0x0000, 0x0000, 0x0000, 0x0000, 0x0000,
0x0000, 0x0000, 0x0000, 0x0000, 0x0000, 0x0000, 0x0000, 0x0000, 0x0000, 0x0000, 0x0000, 0x0000, 0x0000, 0x0000, 0x0000, 0x0000,
0x0000, 0x0000, 0x0000, 0x0000, 0x0000, 0x0000, 0x0000, 0x0000, 0x0000, 0x0000, 0x0000, 0x0000, 0x0000, 0x0000, 0x0000, 0x0000,
0x0000, 0x0000, 0x0000, 0x0000, 0x0000, 0x0000, 0x0000, 0x0000, 0x0000, 0x0000, 0x0000, 0x0000, 0x0000, 0x0000, 0x0000, 0x0000,
0x0000, 0x0000, 0x0000, 0x0000, 0x0000, 0x0000, 0x0000, 0x0000, 0x0000, 0x0000, 0x0000, 0x0000, 0x0000, 0x0000, 0x0000, 0x0000,
0x0000, 0x0000, 0x0000, 0x0000, 0x0000, 0x0000, 0x0000, 0x0000, 0x0000, 0x0000, 0x0000, 0x0000, 0x0000, 0x0000, 0x0000, 0x0000,
0x0000, 0x0000, 0x0000, 0x0000, 0x0000, 0x0000, 0x0000, 0x0000, 0x0000, 0x0000, 0x0000, 0x0000, 0x0000, 0x0000, 0x0000, 0x0000,
0x0000, 0x0000, 0x0000, 0x0000, 0x0000, 0x0000, 0x0000, 0x0000, 0x0000, 0x0000, 0x0000, 0x0000, 0x0000, 0x0000, 0x0000, 0x0000,
0x0000, 0x0000, 0x0000, 0x0000, 0x0000, 0x0000, 0x0000, 0x0000, 0x0000, 0x0000, 0x0000, 0x0000, 0x0000, 0x0000, 0x0000, 0x0000,
0x0000, 0x0000, 0x0000, 0x0000, 0x0000, 0x0000, 0x0000, 0x0000, 0x0000, 0x0000, 0x0000, 0x0000, 0x0000, 0x0000, 0x0000, 0x0000,
0x0000, 0x0000, 0x0000, 0x0000, 0x0000, 0x0000, 0x0000, 0x0000, 0x0000, 0x0000, 0x0000, 0x0000, 0x0000, 0x0000, 0x0000, 0x0000,
0x0000, 0x0000, 0x0000, 0x0000, 0x0000, 0x0000, 0x0000, 0x0000, 0x0000, 0x0000, 0x0000, 0x0000, 0x0000, 0x0000, 0x0000, 0x0000,
0x0000, 0x0000, 0x0000, 0x0000, 0x0000, 0x0000, 0x0000, 0x0000, 0x0000, 0x0000, 0x0000, 0x0000, 0x0000, 0x0000, 0x0000, 0x0000,
0x0000, 0x0000, 0x0000, 0x0000, 0x0000, 0x0000, 0x0000, 0x0000, 0x0000, 0x0000, 0x0000, 0x0000, 0x0000, 0x0000, 0x0000, 0x0000,
0x0000, 0x0000, 0x0000, 0x0000, 0x0000, 0x0000, 0x0000, 0x0000, 0x0000, 0x0000, 0x0000, 0x0000, 0x0000, 0x0000, 0x0000, 0xF55F,
0xF55F, 0xF55F, 0x0000, 0x0000, 0x0000, 0x0000, 0x0000, 0x0000, 0x0000, 0x0000, 0x0000, 0x0000, 0x0000, 0x0000, 0x0000, 0x0000,
0x0000, 0x0000, 0x0000, 0x0000, 0x0000, 0x0000, 0x0000, 0x0000, 0x0000, 0x0000, 0x0000, 0x0000, 0x0000, 0x0000, 0x0000, 0x0000,
0x0000, 0x0000, 0x0000, 0x0000, 0x0000, 0x0000, 0x0000, 0x0000, 0x0000, 0x0000, 0x0000, 0x0000, 0x0000, 0x0000, 0x0000, 0x0000,
0x0000, 0x0000, 0x0000, 0x0000, 0x0000, 0x0000, 0x0000, 0x0000, 0x0000, 0x0000, 0x0000, 0x0000, 0x0000, 0x0000, 0x0000, 0xF55F,
0xF55F, 0xF55F, 0x0000, 0x0000, 0x0000, 0x0000, 0x0000, 0x0000, 0x0000, 0x0000, 0x0000, 0x0000, 0x0000, 0x0000, 0x0000, 0x0000,
0x0000, 0x0000, 0x0000, 0x0000, 0x0000, 0x0000, 0x0000, 0x0000, 0x0000, 0x0000, 0x0000, 0x0000, 0x0000, 0x0000, 0x0000, 0x0000,
0x0000, 0x0000, 0x0000, 0x0000, 0x0000, 0x0000, 0x0000, 0x0000, 0x0000, 0x0000, 0x0000, 0x0000, 0x0000, 0x0000, 0x0000, 0x0000,
0x0000, 0x0000, 0x0000, 0x0000, 0x0000, 0x0000, 0x0000, 0x0000, 0x0000, 0x0000, 0x0000, 0x0000, 0x0000, 0x0000, 0x0000, 0xF55F,
0xF55F, 0xF55F, 0x0000, 0x0000, 0x0000, 0x0000, 0x0000, 0x0000, 0x0000, 0x0000, 0x0000, 0x0000, 0x0000, 0x0000, 0x0000, 0x0000,
0x0000, 0x0000, 0x0000, 0x0000, 0x0000, 0x0000, 0x0000, 0x0000, 0x0000, 0x0000, 0x0000, 0x0000, 0x0000, 0x0000, 0x0000, 0x0000,
0x0000, 0x0000, 0x0000, 0x0000, 0x0000, 0x0000, 0x0000, 0x0000, 0x0000, 0x0000, 0x0000, 0x0000, 0x0000, 0x0000, 0x0000, 0x0000,
0x0000, 0x0000, 0x0000, 0x0000, 0x0000, 0x0000, 0x0000, 0x0000, 0x0000, 0x0000, 0x0000, 0x0000, 0x0000, 0x0000, 0x0000, 0xF55F,
0xF55F, 0xF55F, 0x0000, 0x0000, 0x0000, 0x0000, 0x0000, 0x0000, 0x0000, 0x0000, 0x0000, 0x0000, 0x0000, 0x0000, 0x0000, 0x0000,
0x0000, 0x0000, 0x0000, 0x0000, 0x0000, 0x0000, 0x0000, 0x0000, 0x0000, 0x0000, 0x0000, 0x0000, 0x0000, 0x0000, 0x0000, 0x0000,
0x0000, 0x0000, 0x0000, 0x0000, 0x0000, 0x0000, 0x0000, 0x0000, 0x0000, 0x0000, 0x0000, 0x0000, 0x0000, 0x0000, 0x0000, 0x0000,
0x0000, 0x0000, 0x0000, 0x0000, 0x0000, 0x0000, 0x0000, 0x0000, 0x0000, 0x0000, 0x0000, 0x0000, 0x0000, 0x0000, 0x0000, 0xF55F,
0xF55F, 0xF55F, 0x0000, 0x0000, 0x0000, 0x0000, 0x0000, 0x0000, 0x0000, 0x0000, 0x0000, 0x0000, 0x0000, 0x0000, 0x0000, 0x0000,
0x0000, 0x0000, 0x0000, 0x0000, 0x0000, 0x0000, 0x0000, 0x0000, 0x0000, 0x0000, 0x0000, 0x0000, 0x0000, 0x0000, 0x0000, 0x0000,
0x0000, 0x0000, 0x0000, 0x0000, 0x0000, 0x0000, 0x0000, 0x0000, 0x0000, 0x0000, 0x0000, 0x0000, 0x0000, 0x0000, 0x0000, 0x0000,
0x0000, 0x0000, 0x0000, 0x0000, 0x0000, 0x0000, 0x0000, 0x0000, 0x0000, 0x0000, 0x0000, 0x0000, 0x0000, 0x0000, 0x0000, 0xF55F,
0xF55F, 0xF55F, 0x0000, 0x0000, 0x0000, 0x0000, 0x0000, 0x0000, 0x0000, 0x0000, 0x0000, 0x0000, 0x0000, 0x0000, 0x0000, 0x0000,
0x0000, 0x0000, 0x0000, 0x0000, 0x0000, 0x0000, 0x0000, 0x0000, 0x0000, 0x0000, 0x0000, 0x0000, 0x0000, 0x0000, 0x0000, 0x0000,
0x0000, 0x0000, 0x0000, 0x0000, 0x0000, 0x0000, 0x0000, 0x0000, 0x0000, 0x0000, 0x0000, 0x0000, 0x0000, 0x0000, 0x0000, 0x0000,
0x0000, 0x0000, 0x0000, 0x0000, 0x0000, 0x0000, 0x0000, 0x0000, 0x0000, 0x0000, 0x0000, 0x0000, 0x0000, 0x0000, 0x0000, 0xF55F,
0xF55F, 0xF55F, 0x0000, 0x0000, 0x0000, 0x0000, 0x0000, 0x0000, 0x0000, 0x0000, 0x0000, 0x0000, 0x0000, 0x0000, 0x0000, 0x0000,
0x0000, 0x0000, 0x0000, 0x0000, 0x0000, 0x0000, 0x0000, 0x0000, 0x0000, 0x0000, 0x0000, 0x0000, 0x0000, 0x0000, 0x0000, 0x0000,
0x0000, 0x0000, 0x0000, 0x0000, 0x0000, 0x0000, 0x0000, 0x0000, 0x0000, 0x0000, 0x0000, 0x0000, 0x0000, 0x0000, 0xF55F, 0x0000,
0x0000, 0x0000, 0x0000, 0x0000, 0x0000, 0x0000, 0x0000, 0x0000, 0x0000, 0x0000, 0x0001, 0x0001, 0x0001, 0x0001, 0x0001, 0xF55F,
0xF55F, 0xF55F, 0x0001, 0x0001, 0x0001, 0x0001, 0x0001, 0x0000, 0x0000, 0x0000, 0x0000, 0x0000, 0x0000, 0x0000, 0x0000, 0x0000,
0x0000, 0x0000, 0xF55F, 0x0000, 0x0000, 0x0000, 0x0000, 0x0000, 0x0000, 0x0000, 0x0000, 0x0000, 0x0000, 0x0000, 0x0000, 0x0000,
0x0000, 0x0000, 0x0000, 0x0000, 0x0000, 0x0000, 0x0000, 0x0000, 0x0000, 0x0000, 0x0000, 0x0000, 0x0000, 0xF55F, 0xF55F, 0xF55F,
0x0000, 0x0000, 0x0000, 0x0000, 0x0000, 0x0000, 0x0000, 0x0000, 0x0001, 0x0001, 0x0001, 0x0801, 0xDBDF, 0xDBDF, 0xDBDF, 0xF55F,
0xF55F, 0xF55F, 0xDBDF, 0xDBDF, 0xDBDF, 0x0801, 0x0001, 0x0001, 0x0001, 0x0000, 0x0000, 0x0000, 0x0000, 0x0000, 0x0000, 0x0000,
0x0000, 0xF55F, 0xF55F, 0xF55F, 0x0000, 0x0000, 0x0000, 0x0000, 0x0000, 0x0000, 0x0000, 0x0000, 0x0000, 0x0000, 0x0000, 0x0000,
0x0000, 0x0000, 0x0000, 0x0000, 0x0000, 0x0000, 0x0000, 0x0000, 0x0000, 0x0000, 0x0000, 0x0000, 0xF55F, 0xF55F, 0xF55F, 0xF55F,
0xF55F, 0x0000, 0x0000, 0x0000, 0x0000, 0x0000, 0x0001, 0x0001, 0x0801, 0xDBDF, 0xDBDF, 0xDBDF, 0xDBDF, 0xDBDF, 0xDBDF, 0xF55F,
0xF55F, 0xF55F, 0xDBDF, 0xDBDF, 0xDBDF, 0xDBDF, 0xDBDF, 0xDBDF, 0x0801, 0x0001, 0x0001, 0x0000, 0x0000, 0x0000, 0x0000, 0x0000,
0xF55F, 0xF55F, 0xF55F, 0xF55F, 0xF55F, 0x0000, 0x0000, 0x0000, 0x0000, 0x0000, 0x0000, 0x0000, 0x0000, 0x0000, 0x0000, 0x0000,
0x0000, 0x0000, 0x0000, 0x0000, 0x0000, 0x0000, 0x0000, 0x0000, 0x0000, 0x0000, 0x0000, 0x0000, 0x0000, 0xF55F, 0xF55F, 0xF55F,
0xF55F, 0xF55F, 0x0000, 0x0000, 0x0001, 0x0001, 0x0801, 0xDBDF, 0xDBDF, 0xDBDF, 0xDBDF, 0xDBDF, 0xDBDF, 0xDBDF, 0xDBDF, 0xF55F,
0xF55F, 0xF55F, 0xDBDF, 0xDBDF, 0xDBDF, 0xDBDF, 0xDBDF, 0xDBDF, 0xDBDF, 0xDBDF, 0x0801, 0x0001, 0x0001, 0x0000, 0x0000, 0xF55F,
0xF55F, 0xF55F, 0xF55F, 0xF55F, 0x0000, 0x0000, 0x0000, 0x0000, 0x0000, 0x0000, 0x0000, 0x0000, 0x0000, 0x0000, 0x0000, 0x0000,
0x0000, 0x0000, 0x0000, 0x0000, 0x0000, 0x0000, 0x0000, 0x0000, 0x0000, 0x0000, 0x0000, 0x0000, 0x0000, 0x0000, 0xF55F, 0xF55F,
0xF55F, 0xF55F, 0xF55F, 0x0001, 0x0001, 0x0801, 0xDBDF, 0xDBDF, 0xDBDF, 0xDBDF, 0xDBDF, 0xDBDF, 0x1022, 0x1022, 0x1023, 0xF55F,
0xF55F, 0xF55F, 0x1023, 0x1022, 0x1022, 0xDBDF, 0xDBDF, 0xDBDF, 0xDBDF, 0xDBDF, 0xDBDF, 0x0801, 0x0001, 0x0001, 0xF55F, 0xF55F,
0xF55F, 0xF55F, 0xF55F, 0x0000, 0x0000, 0x0000, 0x0000, 0x0000, 0x0000, 0x0000, 0x0000, 0x0000, 0x0000, 0x0000, 0x0000, 0x0000,
0x0000, 0x0000, 0x0000, 0x0000, 0x0000, 0x0000, 0x0000, 0x0000, 0x0000, 0x0000, 0x0000, 0x0000, 0x0000, 0x0000, 0x0000, 0xF55F,
0xF55F, 0xF55F, 0xF55F, 0xF55F, 0xDBDF, 0xDBDF, 0xDBDF, 0xDBDF, 0xDBDF, 0xDBDF, 0x1023, 0x1023, 0x1023, 0x1023, 0x1023, 0xF55F,
0xF55F, 0xF55F, 0x1023, 0x1023, 0x1023, 0x1023, 0x1023, 0xDBDF, 0xDBDF, 0xDBDF, 0xDBDF, 0xDBDF, 0xDBDF, 0xF55F, 0xF55F, 0xF55F,
0xF55F, 0xF55F, 0x0000, 0x0000, 0x0000, 0x0000, 0x0000, 0x0000, 0x0000, 0x0000, 0x0000, 0x0000, 0x0000, 0x0000, 0x0000, 0x0000,
0x0000, 0x0000, 0x0000, 0x0000, 0x0000, 0x0000, 0x0000, 0x0000, 0x0000, 0x0000, 0x0000, 0x0000, 0x0000, 0x0000, 0x0000, 0x0000,
0xF55F, 0xF55F, 0xF55F, 0xF55F, 0xF55F, 0xDBDF, 0xDBDF, 0xDBDF, 0x1023, 0x1023, 0x1023, 0x1023, 0x1023, 0x1844, 0x1844, 0xF55F,
0xF55F, 0xF55F, 0x1844, 0x1844, 0x1023, 0x1023, 0x1023, 0x1023, 0x1023, 0xDBDF, 0xDBDF, 0xDBDF, 0xF55F, 0xF55F, 0xF55F, 0xF55F,
0xF55F, 0x0000, 0x0000, 0x0000, 0x0000, 0x0000, 0x0000, 0x0000, 0x0000, 0x0000, 0x0000, 0x0000, 0x0000, 0x0000, 0x0000, 0x0000,
0x0000, 0x0000, 0x0000, 0x0000, 0x0000, 0x0000, 0x0000, 0x0000, 0x0000, 0x0000, 0x0000, 0x0000, 0x0000, 0x0000, 0x0000, 0x0000,
0x0001, 0xF55F, 0xF55F, 0xF55F, 0xF55F, 0xF55F, 0x1022, 0x1023, 0x1023, 0x1023, 0x1844, 0x1844, 0x1844, 0x1844, 0x1844, 0xF55F,
0xF55F, 0xF55F, 0x1844, 0x1844, 0x1844, 0x1844, 0x1844, 0x1023, 0x1023, 0x1023, 0x1022, 0xF55F, 0xF55F, 0xF55F, 0xF55F, 0xF55F,
0x0001, 0x0000, 0x0000, 0x0000, 0x0000, 0x0000, 0x0000, 0x0000, 0x0000, 0x0000, 0x0000, 0x0000, 0x0000, 0x0000, 0x0000, 0x0000,
0x0000, 0x0000, 0x0000, 0x0000, 0x0000, 0x0000, 0x0000, 0x0000, 0x0000, 0x0000, 0x0000, 0x0000, 0x0000, 0x0000, 0x0000, 0x0001,
0x0001, 0xDBDF, 0xF55F, 0xF55F, 0xF55F, 0xF55F, 0xF55F, 0x1023, 0x1824, 0x1844, 0x1844, 0x1845, 0x1845, 0x2045, 0x2045, 0x2045,
0x2045, 0x2045, 0x2045, 0x2045, 0x1845, 0x1845, 0x1844, 0x1844, 0x1824, 0x1023, 0xF55F, 0xF55F, 0xF55F, 0xF55F, 0xF55F, 0xDBDF,
0x0001, 0x0001, 0x0000, 0x0000, 0x0000, 0x0000, 0x0000, 0x0000, 0x0000, 0x0000, 0x0000, 0x0000, 0x0000, 0x0000, 0x0000, 0x0000,
0x0000, 0x0000, 0x0000, 0x0000, 0x0000, 0x0000, 0x0000, 0x0000, 0x0000, 0x0000, 0x0000, 0x0000, 0x0000, 0x0000, 0x0000, 0x0001,
0x0801, 0xDBDF, 0xDBDF, 0xF55F, 0xF55F, 0xF55F, 0xF55F, 0xF55F, 0x1844, 0x1845, 0x1845, 0x2045, 0x2045, 0x2046, 0x2066, 0x2066,
0x2066, 0x2066, 0x2066, 0x2046, 0x2045, 0x2045, 0x1845, 0x1845, 0x1844, 0xF55F, 0xF55F, 0xF55F, 0xF55F, 0xF55F, 0xDBDF, 0xDBDF,
0x0801, 0x0001, 0x0000, 0x0000, 0x0000, 0x0000, 0x0000, 0x0000, 0x0000, 0x0000, 0x0000, 0x0000, 0x0000, 0x0000, 0x0000, 0x0000,
0x0000, 0x0000, 0x0000, 0x0000, 0x0000, 0x0000, 0x0000, 0x0000, 0x0000, 0x0000, 0x0000, 0x0000, 0x0000, 0x0000, 0x0001, 0x0801,
0xDBDF, 0xDBDF, 0xDBDF, 0x1022, 0xF55F, 0xF55F, 0xF55F, 0xF55F, 0xF55F, 0x2045, 0x2045, 0x2066, 0x2066, 0x2866, 0x2867, 0x2867,
0x2867, 0x2867, 0x2867, 0x2866, 0x2066, 0x2066, 0x2045, 0x2045, 0xF55F, 0xF55F, 0xF55F, 0xF55F, 0xF55F, 0x1022, 0xDBDF, 0xDBDF,
0xDBDF, 0x0801, 0x0001, 0x0000, 0x0000, 0x0000, 0x0000, 0x0000, 0x0000, 0x0000, 0x0000, 0x0000, 0x0000, 0x0000, 0x0000, 0x0000,
0x0000, 0x0000, 0x0000, 0x0000, 0x0000, 0x0000, 0x0000, 0x0000, 0x0000, 0x0000, 0x0000, 0x0000, 0x0000, 0x0000, 0x0001, 0xDBDF,
0xDBDF, 0xDBDF, 0xDBDF, 0x1023, 0x1023, 0xF55F, 0xF55F, 0xF55F, 0x2045, 0x2046, 0x2066, 0x2866, 0x2867, 0x2867, 0x2867, 0x2867,
0x2867, 0x2867, 0x2867, 0x2867, 0x2867, 0x2866, 0x2066, 0x2046, 0x2045, 0xF55F, 0xF55F, 0xF55F, 0x1023, 0x1023, 0xDBDF, 0xDBDF,
0xDBDF, 0xDBDF, 0x0001, 0x0000, 0x0000, 0x0000, 0x0000, 0x0000, 0x0000, 0x0000, 0x0000, 0x0000, 0x0000, 0x0000, 0x0000, 0x0000,
0x0000, 0x0000, 0x0000, 0x0000, 0x0000, 0x0000, 0x0000, 0x0000, 0x0000, 0x0000, 0x0000, 0x0000, 0x0000, 0x0001, 0x0801, 0xDBDF,
0xDBDF, 0xDBDF, 0x1023, 0x1023, 0x1824, 0x1844, 0xF55F, 0x2045, 0x2066, 0x2866, 0x2867, 0x2867, 0x2867, 0x3068, 0x3088, 0x3088,
0x3088, 0x3088, 0x3088, 0x3068, 0x2867, 0x2867, 0x2867, 0x2866, 0x2066, 0x2045, 0xF55F, 0x1844, 0x1824, 0x1023, 0x1023, 0xDBDF,
0xDBDF, 0xDBDF, 0x0801, 0x0001, 0x0000, 0x0000, 0x0000, 0x0000, 0x0000, 0x0000, 0x0000, 0x0000, 0x0000, 0x0000, 0x0000, 0x0000,
0x0000, 0x0000, 0x0000, 0x0000, 0x0000, 0x0000, 0x0000, 0x0000, 0x0000, 0x0000, 0x0000, 0x0000, 0x0000, 0x0001, 0xDBDF, 0xDBDF,
0xDBDF, 0xDBDF, 0x1023, 0x1023, 0x1844, 0x1844, 0x2045, 0x2046, 0x2866, 0x2867, 0x2867, 0x3068, 0x3088, 0x3088, 0xE4BF, 0xE4BF,
0xE4BF, 0xE4BF, 0xE4BF, 0x3088, 0x3088, 0x3068, 0x2867, 0x2867, 0x2866, 0x2046, 0x2045, 0x1844, 0x1844, 0x1023, 0x1023, 0xDBDF,
0xDBDF, 0xDBDF, 0xDBDF, 0x0001, 0x0000, 0x0000, 0x0000, 0x0000, 0x0000, 0x0000, 0x0000, 0x0000, 0x0000, 0x0000, 0x0000, 0x0000,
0x0000, 0x0000, 0x0000, 0x0000, 0x0000, 0x0000, 0x0000, 0x0000, 0x0000, 0x0000, 0x0000, 0x0000, 0x0001, 0x0001, 0xDBDF, 0xDBDF,
0xDBDF, 0x1023, 0x1023, 0x1844, 0x1844, 0x1845, 0x2045, 0x2066, 0x2867, 0x2867, 0x3068, 0x3088, 0xE4BF, 0xE4BF, 0xE4BF, 0xE4BF,
0xE4BF, 0xE4BF, 0xE4BF, 0xE4BF, 0xE4BF, 0x3088, 0x3068, 0x2867, 0x2867, 0x2066, 0x2045, 0x1845, 0x1844, 0x1844, 0x1023, 0x1023,
0xDBDF, 0xDBDF, 0xDBDF, 0x0001, 0x0001, 0x0000, 0x0000, 0x0000, 0x0000, 0x0000, 0x0000, 0x0000, 0x0000, 0x0000, 0x0000, 0x0000,
0x0000, 0x0000, 0x0000, 0x0000, 0x0000, 0x0000, 0x0000, 0x0000, 0x0000, 0x0000, 0x0000, 0x0000, 0x0001, 0x0801, 0xDBDF, 0xDBDF,
0xDBDF, 0x1023, 0x1023, 0x1844, 0x1845, 0x2045, 0x2066, 0x2866, 0x2867, 0x3068, 0x3088, 0xE4BF, 0xE4BF, 0xE4BF, 0xE4BF, 0xE4BF,
0xE4BF, 0xE4BF, 0xE4BF, 0xE4BF, 0xE4BF, 0xE4BF, 0x3088, 0x3068, 0x2867, 0x2866, 0x2066, 0x2045, 0x1845, 0x1844, 0x1023, 0x1023,
0xDBDF, 0xDBDF, 0xDBDF, 0x0801, 0x0001, 0x0000, 0x0000, 0x0000, 0x0000, 0x0000, 0x0000, 0x0000, 0x0000, 0x0000, 0x0000, 0x0000,
0x0000, 0x0000, 0x0000, 0x0000, 0x0000, 0x0000, 0x0000, 0x0000, 0x0000, 0x0000, 0x0000, 0x0000, 0x0001, 0xDBDF, 0xDBDF, 0xDBDF,
0x1022, 0x1023, 0x1023, 0x1844, 0x1845, 0x2045, 0x2066, 0x2867, 0x2867, 0x3088, 0xE4BF, 0xE4BF, 0xE4BF, 0xE4BF, 0xE4BF, 0xE4BF,
0xE4BF, 0xE4BF, 0xE4BF, 0xE4BF, 0xE4BF, 0xE4BF, 0xE4BF, 0x3088, 0x2867, 0x2867, 0x2066, 0x2045, 0x1845, 0x1844, 0x1023, 0x1023,
0x1022, 0xDBDF, 0xDBDF, 0xDBDF, 0x0001, 0x0000, 0x0000, 0x0000, 0x0000, 0x0000, 0x0000, 0x0000, 0x0000, 0x0000, 0x0000, 0x0000,
0x0000, 0x0000, 0x0000, 0x0000, 0x0000, 0x0000, 0x0000, 0x0000, 0x0000, 0x0000, 0x0000, 0x0000, 0x0001, 0xDBDF, 0xDBDF, 0xDBDF,
0x1022, 0x1023, 0x1844, 0x1844, 0x2045, 0x2046, 0x2866, 0x2867, 0x3068, 0x3088, 0xE4BF, 0xE4BF, 0xE4BF, 0xE4BF, 0xE4BF, 0xE4BF,
0xE4BF, 0xE4BF, 0xE4BF, 0xE4BF, 0xE4BF, 0xE4BF, 0xE4BF, 0x3088, 0x3068, 0x2867, 0x2866, 0x2046, 0x2045, 0x1844, 0x1844, 0x1023,
0x1022, 0xDBDF, 0xDBDF, 0xDBDF, 0x0001, 0x0000, 0x0000, 0x0000, 0x0000, 0x0000, 0x0000, 0x0000, 0x0000, 0x0000, 0x0000, 0x0000,
0x0000, 0x0000, 0x0000, 0x0000, 0x0000, 0x0000, 0x0000, 0x0000, 0x0000, 0x0000, 0x0000, 0x0000, 0x0001, 0xDBDF, 0xDBDF, 0xDBDF,
0x1023, 0x1023, 0x1844, 0x1844, 0x2045, 0x2066, 0x2867, 0x2867, 0x3088, 0xE4BF, 0xE4BF, 0xE4BF, 0xE4BF, 0xE4BF, 0xE4BF, 0xE4BF,
0xE4BF, 0xE4BF, 0xE4BF, 0xE4BF, 0xE4BF, 0xE4BF, 0xE4BF, 0xE4BF, 0x3088, 0x2867, 0x2867, 0x2066, 0x2045, 0x1844, 0x1844, 0x1023,
0x1023, 0xDBDF, 0xDBDF, 0xDBDF, 0x0001, 0x0000, 0x0000, 0x0000, 0x0000, 0x0000, 0x0000, 0x0000, 0x0000, 0x0000, 0x0000, 0x0000,
0x0000, 0x0000, 0x0000, 0x0000, 0x0000, 0xF55F, 0xF55F, 0xF55F, 0xF55F, 0xF55F, 0xF55F, 0xF55F, 0xF55F, 0xF55F, 0xF55F, 0xF55F,
0xF55F, 0xF55F, 0xF55F, 0xF55F, 0x2045, 0x2066, 0x2867, 0x2867, 0x3088, 0xE4BF, 0xE4BF, 0xE4BF, 0xE4BF, 0xE4BF, 0xE4BF, 0xE4BF,
0xE4BF, 0xE4BF, 0xE4BF, 0xE4BF, 0xE4BF, 0xE4BF, 0xE4BF, 0xE4BF, 0x3088, 0x2867, 0x2867, 0x2066, 0x2045, 0xF55F, 0xF55F, 0xF55F,
0xF55F, 0xF55F, 0xF55F, 0xF55F, 0xF55F, 0xF55F, 0xF55F, 0xF55F, 0xF55F, 0xF55F, 0xF55F, 0xF55F, 0x0000, 0x0000, 0x0000, 0x0000,
0x0000, 0x0000, 0x0000, 0x0000, 0x0000, 0xF55F, 0xF55F, 0xF55F, 0xF55F, 0xF55F, 0xF55F, 0xF55F, 0xF55F, 0xF55F, 0xF55F, 0xF55F,
0xF55F, 0xF55F, 0xF55F, 0xF55F, 0x2045, 0x2066, 0x2867, 0x2867, 0x3088, 0xE4BF, 0xE4BF, 0xE4BF, 0xE4BF, 0xE4BF, 0xE4BF, 0xE4BF,
0xE4BF, 0xE4BF, 0xE4BF, 0xE4BF, 0xE4BF, 0xE4BF, 0xE4BF, 0xE4BF, 0x3088, 0x2867, 0x2867, 0x2066, 0x2045, 0xF55F, 0xF55F, 0xF55F,
0xF55F, 0xF55F, 0xF55F, 0xF55F, 0xF55F, 0xF55F, 0xF55F, 0xF55F, 0xF55F, 0xF55F, 0xF55F, 0xF55F, 0x0000, 0x0000, 0x0000, 0x0000,
0x0000, 0x0000, 0x0000, 0x0000, 0x0000, 0xF55F, 0xF55F, 0xF55F, 0xF55F, 0xF55F, 0xF55F, 0xF55F, 0xF55F, 0xF55F, 0xF55F, 0xF55F,
0xF55F, 0xF55F, 0xF55F, 0xF55F, 0x2045, 0x2066, 0x2867, 0x2867, 0x3088, 0xE4BF, 0xE4BF, 0xE4BF, 0xE4BF, 0xE4BF, 0xE4BF, 0xE4BF,
0xE4BF, 0xE4BF, 0xE4BF, 0xE4BF, 0xE4BF, 0xE4BF, 0xE4BF, 0xE4BF, 0x3088, 0x2867, 0x2867, 0x2066, 0x2045, 0xF55F, 0xF55F, 0xF55F,
0xF55F, 0xF55F, 0xF55F, 0xF55F, 0xF55F, 0xF55F, 0xF55F, 0xF55F, 0xF55F, 0xF55F, 0xF55F, 0xF55F, 0x0000, 0x0000, 0x0000, 0x0000,
0x0000, 0x0000, 0x0000, 0x0000, 0x0000, 0x0000, 0x0000, 0x0000, 0x0000, 0x0000, 0x0000, 0x0000, 0x0001, 0xDBDF, 0xDBDF, 0xDBDF,
0x1023, 0x1023, 0x1844, 0x1844, 0x2045, 0x2066, 0x2867, 0x2867, 0x3088, 0xE4BF, 0xE4BF, 0xE4BF, 0xE4BF, 0xE4BF, 0xE4BF, 0xE4BF,
0xE4BF, 0xE4BF, 0xE4BF, 0xE4BF, 0xE4BF, 0xE4BF, 0xE4BF, 0xE4BF, 0x3088, 0x2867, 0x2867, 0x2066, 0x2045, 0x1844, 0x1844, 0x1023,
0x1023, 0xDBDF, 0xDBDF, 0xDBDF, 0x0001, 0x0000, 0x0000, 0x0000, 0x0000, 0x0000, 0x0000, 0x0000, 0x0000, 0x0000, 0x0000, 0x0000,
0x0000, 0x0000, 0x0000, 0x0000, 0x0000, 0x0000, 0x0000, 0x0000, 0x0000, 0x0000, 0x0000, 0x0000, 0x0001, 0xDBDF, 0xDBDF, 0xDBDF,
0x1022, 0x1023, 0x1844, 0x1844, 0x2045, 0x2046, 0x2866, 0x2867, 0x3068, 0x3088, 0xE4BF, 0xE4BF, 0xE4BF, 0xE4BF, 0xE4BF, 0xE4BF,
0xE4BF, 0xE4BF, 0xE4BF, 0xE4BF, 0xE4BF, 0xE4BF, 0xE4BF, 0x3088, 0x3068, 0x2867, 0x2866, 0x2046, 0x2045, 0x1844, 0x1844, 0x1023,
0x1022, 0xDBDF, 0xDBDF, 0xDBDF, 0x0001, 0x0000, 0x0000, 0x0000, 0x0000, 0x0000, 0x0000, 0x0000, 0x0000, 0x0000, 0x0000, 0x0000,
0x0000, 0x0000, 0x0000, 0x0000, 0x0000, 0x0000, 0x0000, 0x0000, 0x0000, 0x0000, 0x0000, 0x0000, 0x0001, 0xDBDF, 0xDBDF, 0xDBDF,
0x1022, 0x1023, 0x1023, 0x1844, 0x1845, 0x2045, 0x2066, 0x2867, 0x2867, 0x3088, 0xE4BF, 0xE4BF, 0xE4BF, 0xE4BF, 0xE4BF, 0xE4BF,
0xE4BF, 0xE4BF, 0xE4BF, 0xE4BF, 0xE4BF, 0xE4BF, 0xE4BF, 0x3088, 0x2867, 0x2867, 0x2066, 0x2045, 0x1845, 0x1844, 0x1023, 0x1023,
0x1022, 0xDBDF, 0xDBDF, 0xDBDF, 0x0001, 0x0000, 0x0000, 0x0000, 0x0000, 0x0000, 0x0000, 0x0000, 0x0000, 0x0000, 0x0000, 0x0000,
0x0000, 0x0000, 0x0000, 0x0000, 0x0000, 0x0000, 0x0000, 0x0000, 0x0000, 0x0000, 0x0000, 0x0000, 0x0001, 0x0801, 0xDBDF, 0xDBDF,
0xDBDF, 0x1023, 0x1023, 0x1844, 0x1845, 0x2045, 0x2066, 0x2866, 0x2867, 0x3068, 0x3088, 0xE4BF, 0xE4BF, 0xE4BF, 0xE4BF, 0xE4BF,
0xE4BF, 0xE4BF, 0xE4BF, 0xE4BF, 0xE4BF, 0xE4BF, 0x3088, 0x3068, 0x2867, 0x2866, 0x2066, 0x2045, 0x1845, 0x1844, 0x1023, 0x1023,
0xDBDF, 0xDBDF, 0xDBDF, 0x0801, 0x0001, 0x0000, 0x0000, 0x0000, 0x0000, 0x0000, 0x0000, 0x0000, 0x0000, 0x0000, 0x0000, 0x0000,
0x0000, 0x0000, 0x0000, 0x0000, 0x0000, 0x0000, 0x0000, 0x0000, 0x0000, 0x0000, 0x0000, 0x0000, 0x0001, 0x0001, 0xDBDF, 0xDBDF,
0xDBDF, 0x1023, 0x1023, 0x1844, 0x1844, 0x1845, 0x2045, 0x2066, 0x2867, 0x2867, 0x3068, 0x3088, 0xE4BF, 0xE4BF, 0xE4BF, 0xE4BF,
0xE4BF, 0xE4BF, 0xE4BF, 0xE4BF, 0xE4BF, 0x3088, 0x3068, 0x2867, 0x2867, 0x2066, 0x2045, 0x1845, 0x1844, 0x1844, 0x1023, 0x1023,
0xDBDF, 0xDBDF, 0xDBDF, 0x0001, 0x0001, 0x0000, 0x0000, 0x0000, 0x0000, 0x0000, 0x0000, 0x0000, 0x0000, 0x0000, 0x0000, 0x0000,
0x0000, 0x0000, 0x0000, 0x0000, 0x0000, 0x0000, 0x0000, 0x0000, 0x0000, 0x0000, 0x0000, 0x0000, 0x0000, 0x0001, 0xDBDF, 0xDBDF,
0xDBDF, 0xDBDF, 0x1023, 0x1023, 0x1844, 0x1844, 0x2045, 0x2046, 0x2866, 0x2867, 0x2867, 0x3068, 0x3088, 0x3088, 0xE4BF, 0xE4BF,
0xE4BF, 0xE4BF, 0xE4BF, 0x3088, 0x3088, 0x3068, 0x2867, 0x2867, 0x2866, 0x2046, 0x2045, 0x1844, 0x1844, 0x1023, 0x1023, 0xDBDF,
0xDBDF, 0xDBDF, 0xDBDF, 0x0001, 0x0000, 0x0000, 0x0000, 0x0000, 0x0000, 0x0000, 0x0000, 0x0000, 0x0000, 0x0000, 0x0000, 0x0000,
0x0000, 0x0000, 0x0000, 0x0000, 0x0000, 0x0000, 0x0000, 0x0000, 0x0000, 0x0000, 0x0000, 0x0000, 0x0000, 0x0001, 0x0801, 0xDBDF,
0xDBDF, 0xDBDF, 0x1023, 0x1023, 0x1824, 0x1844, 0xF55F, 0x2045, 0x2066, 0x2866, 0x2867, 0x2867, 0x2867, 0x3068, 0x3088, 0x3088,
0x3088, 0x3088, 0x3088, 0x3068, 0x2867, 0x2867, 0x2867, 0x2866, 0x2066, 0x2045, 0xF55F, 0x1844, 0x1824, 0x1023, 0x1023, 0xDBDF,
0xDBDF, 0xDBDF, 0x0801, 0x0001, 0x0000, 0x0000, 0x0000, 0x0000, 0x0000, 0x0000, 0x0000, 0x0000, 0x0000, 0x0000, 0x0000, 0x0000,
0x0000, 0x0000, 0x0000, 0x0000, 0x0000, 0x0000, 0x0000, 0x0000, 0x0000, 0x0000, 0x0000, 0x0000, 0x0000, 0x0000, 0x0001, 0xDBDF,
0xDBDF, 0xDBDF, 0xDBDF, 0x1023, 0x1023, 0xF55F, 0xF55F, 0xF55F, 0x2045, 0x2046, 0x2066, 0x2866, 0x2867, 0x2867, 0x2867, 0x2867,
0x2867, 0x2867, 0x2867, 0x2867, 0x2867, 0x2866, 0x2066, 0x2046, 0x2045, 0xF55F, 0xF55F, 0xF55F, 0x1023, 0x1023, 0xDBDF, 0xDBDF,
0xDBDF, 0xDBDF, 0x0001, 0x0000, 0x0000, 0x0000, 0x0000, 0x0000, 0x0000, 0x0000, 0x0000, 0x0000, 0x0000, 0x0000, 0x0000, 0x0000,
0x0000, 0x0000, 0x0000, 0x0000, 0x0000, 0x0000, 0x0000, 0x0000, 0x0000, 0x0000, 0x0000, 0x0000, 0x0000, 0x0000, 0x0001, 0x0801,
0xDBDF, 0xDBDF, 0xDBDF, 0x1022, 0xF55F, 0xF55F, 0xF55F, 0xF55F, 0xF55F, 0x2045, 0x2045, 0x2066, 0x2066, 0x2866, 0x2867, 0x2867,
0x2867, 0x2867, 0x2867, 0x2866, 0x2066, 0x2066, 0x2045, 0x2045, 0xF55F, 0xF55F, 0xF55F, 0xF55F, 0xF55F, 0x1022, 0xDBDF, 0xDBDF,
0xDBDF, 0x0801, 0x0001, 0x0000, 0x0000, 0x0000, 0x0000, 0x0000, 0x0000, 0x0000, 0x0000, 0x0000, 0x0000, 0x0000, 0x0000, 0x0000,
0x0000, 0x0000, 0x0000, 0x0000, 0x0000, 0x0000, 0x0000, 0x0000, 0x0000, 0x0000, 0x0000, 0x0000, 0x0000, 0x0000, 0x0000, 0x0001,
0x0801, 0xDBDF, 0xDBDF, 0xF55F, 0xF55F, 0xF55F, 0xF55F, 0xF55F, 0x1844, 0x1845, 0x1845, 0x2045, 0x2045, 0x2046, 0x2066, 0x2066,
0x2066, 0x2066, 0x2066, 0x2046, 0x2045, 0x2045, 0x1845, 0x1845, 0x1844, 0xF55F, 0xF55F, 0xF55F, 0xF55F, 0xF55F, 0xDBDF, 0xDBDF,
0x0801, 0x0001, 0x0000, 0x0000, 0x0000, 0x0000, 0x0000, 0x0000, 0x0000, 0x0000, 0x0000, 0x0000, 0x0000, 0x0000, 0x0000, 0x0000,
0x0000, 0x0000, 0x0000, 0x0000, 0x0000, 0x0000, 0x0000, 0x0000, 0x0000, 0x0000, 0x0000, 0x0000, 0x0000, 0x0000, 0x0000, 0x0001,
0x0001, 0xDBDF, 0xF55F, 0xF55F, 0xF55F, 0xF55F, 0xF55F, 0x1023, 0x1824, 0x1844, 0x1844, 0x1845, 0x1845, 0x2045, 0x2045, 0x2045,
0x2045, 0x2045, 0x2045, 0x2045, 0x1845, 0x1845, 0x1844, 0x1844, 0x1824, 0x1023, 0xF55F, 0xF55F, 0xF55F, 0xF55F, 0xF55F, 0xDBDF,
0x0001, 0x0001, 0x0000, 0x0000, 0x0000, 0x0000, 0x0000, 0x0000, 0x0000, 0x0000, 0x0000, 0x0000, 0x0000, 0x0000, 0x0000, 0x0000,
0x0000, 0x0000, 0x0000, 0x0000, 0x0000, 0x0000, 0x0000, 0x0000, 0x0000, 0x0000, 0x0000, 0x0000, 0x0000, 0x0000, 0x0000, 0x0000,
0x0001, 0xF55F, 0xF55F, 0xF55F, 0xF55F, 0xF55F, 0x1022, 0x1023, 0x1023, 0x1023, 0x1844, 0x1844, 0x1844, 0x1844, 0x1844, 0xF55F,
0xF55F, 0xF55F, 0x1844, 0x1844, 0x1844, 0x1844, 0x1844, 0x1023, 0x1023, 0x1023, 0x1022, 0xF55F, 0xF55F, 0xF55F, 0xF55F, 0xF55F,
0x0001, 0x0000, 0x0000, 0x0000, 0x0000, 0x0000, 0x0000, 0x0000, 0x0000, 0x0000, 0x0000, 0x0000, 0x0000, 0x0000, 0x0000, 0x0000,
0x0000, 0x0000, 0x0000, 0x0000, 0x0000, 0x0000, 0x0000, 0x0000, 0x0000, 0x0000, 0x0000, 0x0000, 0x0000, 0x0000, 0x0000, 0x0000,
0xF55F, 0xF55F, 0xF55F, 0xF55F, 0xF55F, 0xDBDF, 0xDBDF, 0xDBDF, 0x1023, 0x1023, 0x1023, 0x1023, 0x1023, 0x1844, 0x1844, 0xF55F,
0xF55F, 0xF55F, 0x1844, 0x1844, 0x1023, 0x1023, 0x1023, 0x1023, 0x1023, 0xDBDF, 0xDBDF, 0xDBDF, 0xF55F, 0xF55F, 0xF55F, 0xF55F,
0xF55F, 0x0000, 0x0000, 0x0000, 0x0000, 0x0000, 0x0000, 0x0000, 0x0000, 0x0000, 0x0000, 0x0000, 0x0000, 0x0000, 0x0000, 0x0000,
0x0000, 0x0000, 0x0000, 0x0000, 0x0000, 0x0000, 0x0000, 0x0000, 0x0000, 0x0000, 0x0000, 0x0000, 0x0000, 0x0000, 0x0000, 0xF55F,
0xF55F, 0xF55F, 0xF55F, 0xF55F, 0xDBDF, 0xDBDF, 0xDBDF, 0xDBDF, 0xDBDF, 0xDBDF, 0x1023, 0x1023, 0x1023, 0x1023, 0x1023, 0xF55F,
0xF55F, 0xF55F, 0x1023, 0x1023, 0x1023, 0x1023, 0x1023, 0xDBDF, 0xDBDF, 0xDBDF, 0xDBDF, 0xDBDF, 0xDBDF, 0xF55F, 0xF55F, 0xF55F,
0xF55F, 0xF55F, 0x0000, 0x0000, 0x0000, 0x0000, 0x0000, 0x0000, 0x0000, 0x0000, 0x0000, 0x0000, 0x0000, 0x0000, 0x0000, 0x0000,
0x0000, 0x0000, 0x0000, 0x0000, 0x0000, 0x0000, 0x0000, 0x0000, 0x0000, 0x0000, 0x0000, 0x0000, 0x0000, 0x0000, 0xF55F, 0xF55F,
0xF55F, 0xF55F, 0xF55F, 0x0001, 0x0001, 0x0801, 0xDBDF, 0xDBDF, 0xDBDF, 0xDBDF, 0xDBDF, 0xDBDF, 0x1022, 0x1022, 0x1023, 0xF55F,
0xF55F, 0xF55F, 0x1023, 0x1022, 0x1022, 0xDBDF, 0xDBDF, 0xDBDF, 0xDBDF, 0xDBDF, 0xDBDF, 0x0801, 0x0001, 0x0001, 0xF55F, 0xF55F,
0xF55F, 0xF55F, 0xF55F, 0x0000, 0x0000, 0x0000, 0x0000, 0x0000, 0x0000, 0x0000, 0x0000, 0x0000, 0x0000, 0x0000, 0x0000, 0x0000,
0x0000, 0x0000, 0x0000, 0x0000, 0x0000, 0x0000, 0x0000, 0x0000, 0x0000, 0x0000, 0x0000, 0x0000, 0x0000, 0xF55F, 0xF55F, 0xF55F,
0xF55F, 0xF55F, 0x0000, 0x0000, 0x0001, 0x0001, 0x0801, 0xDBDF, 0xDBDF, 0xDBDF, 0xDBDF, 0xDBDF, 0xDBDF, 0xDBDF, 0xDBDF, 0xF55F,
0xF55F, 0xF55F, 0xDBDF, 0xDBDF, 0xDBDF, 0xDBDF, 0xDBDF, 0xDBDF, 0xDBDF, 0xDBDF, 0x0801, 0x0001, 0x0001, 0x0000, 0x0000, 0xF55F,
0xF55F, 0xF55F, 0xF55F, 0xF55F, 0x0000, 0x0000, 0x0000, 0x0000, 0x0000, 0x0000, 0x0000, 0x0000, 0x0000, 0x0000, 0x0000, 0x0000,
0x0000, 0x0000, 0x0000, 0x0000, 0x0000, 0x0000, 0x0000, 0x0000, 0x0000, 0x0000, 0x0000, 0x0000, 0xF55F, 0xF55F, 0xF55F, 0xF55F,
0xF55F, 0x0000, 0x0000, 0x0000, 0x0000, 0x0000, 0x0001, 0x0001, 0x0801, 0xDBDF, 0xDBDF, 0xDBDF, 0xDBDF, 0xDBDF, 0xDBDF, 0xF55F,
0xF55F, 0xF55F, 0xDBDF, 0xDBDF, 0xDBDF, 0xDBDF, 0xDBDF, 0xDBDF, 0x0801, 0x0001, 0x0001, 0x0000, 0x0000, 0x0000, 0x0000, 0x0000,
0xF55F, 0xF55F, 0xF55F, 0xF55F, 0xF55F, 0x0000, 0x0000, 0x0000, 0x0000, 0x0000, 0x0000, 0x0000, 0x0000, 0x0000, 0x0000, 0x0000,
0x0000, 0x0000, 0x0000, 0x0000, 0x0000, 0x0000, 0x0000, 0x0000, 0x0000, 0x0000, 0x0000, 0x0000, 0x0000, 0xF55F, 0xF55F, 0xF55F,
0x0000, 0x0000, 0x0000, 0x0000, 0x0000, 0x0000, 0x0000, 0x0000, 0x0001, 0x0001, 0x0001, 0x0801, 0xDBDF, 0xDBDF, 0xDBDF, 0xF55F,
0xF55F, 0xF55F, 0xDBDF, 0xDBDF, 0xDBDF, 0x0801, 0x0001, 0x0001, 0x0001, 0x0000, 0x0000, 0x0000, 0x0000, 0x0000, 0x0000, 0x0000,
0x0000, 0xF55F, 0xF55F, 0xF55F, 0x0000, 0x0000, 0x0000, 0x0000, 0x0000, 0x0000, 0x0000, 0x0000, 0x0000, 0x0000, 0x0000, 0x0000,
0x0000, 0x0000, 0x0000, 0x0000, 0x0000, 0x0000, 0x0000, 0x0000, 0x0000, 0x0000, 0x0000, 0x0000, 0x0000, 0x0000, 0xF55F, 0x0000,
0x0000, 0x0000, 0x0000, 0x0000, 0x0000, 0x0000, 0x0000, 0x0000, 0x0000, 0x0000, 0x0001, 0x0001, 0x0001, 0x0001, 0x0001, 0xF55F,
0xF55F, 0xF55F, 0x0001, 0x0001, 0x0001, 0x0001, 0x0001, 0x0000, 0x0000, 0x0000, 0x0000, 0x0000, 0x0000, 0x0000, 0x0000, 0x0000,
0x0000, 0x0000, 0xF55F, 0x0000, 0x0000, 0x0000, 0x0000, 0x0000, 0x0000, 0x0000, 0x0000, 0x0000, 0x0000, 0x0000, 0x0000, 0x0000,
0x0000, 0x0000, 0x0000, 0x0000, 0x0000, 0x0000, 0x0000, 0x0000, 0x0000, 0x0000, 0x0000, 0x0000, 0x0000, 0x0000, 0x0000, 0x0000,
0x0000, 0x0000, 0x0000, 0x0000, 0x0000, 0x0000, 0x0000, 0x0000, 0x0000, 0x0000, 0x0000, 0x0000, 0x0000, 0x0000, 0x0000, 0xF55F,
0xF55F, 0xF55F, 0x0000, 0x0000, 0x0000, 0x0000, 0x0000, 0x0000, 0x0000, 0x0000, 0x0000, 0x0000, 0x0000, 0x0000, 0x0000, 0x0000,
0x0000, 0x0000, 0x0000, 0x0000, 0x0000, 0x0000, 0x0000, 0x0000, 0x0000, 0x0000, 0x0000, 0x0000, 0x0000, 0x0000, 0x0000, 0x0000,
0x0000, 0x0000, 0x0000, 0x0000, 0x0000, 0x0000, 0x0000, 0x0000, 0x0000, 0x0000, 0x0000, 0x0000, 0x0000, 0x0000, 0x0000, 0x0000,
0x0000, 0x0000, 0x0000, 0x0000, 0x0000, 0x0000, 0x0000, 0x0000, 0x0000, 0x0000, 0x0000, 0x0000, 0x0000, 0x0000, 0x0000, 0xF55F,
0xF55F, 0xF55F, 0x0000, 0x0000, 0x0000, 0x0000, 0x0000, 0x0000, 0x0000, 0x0000, 0x0000, 0x0000, 0x0000, 0x0000, 0x0000, 0x0000,
0x0000, 0x0000, 0x0000, 0x0000, 0x0000, 0x0000, 0x0000, 0x0000, 0x0000, 0x0000, 0x0000, 0x0000, 0x0000, 0x0000, 0x0000, 0x0000,
0x0000, 0x0000, 0x0000, 0x0000, 0x0000, 0x0000, 0x0000, 0x0000, 0x0000, 0x0000, 0x0000, 0x0000, 0x0000, 0x0000, 0x0000, 0x0000,
0x0000, 0x0000, 0x0000, 0x0000, 0x0000, 0x0000, 0x0000, 0x0000, 0x0000, 0x0000, 0x0000, 0x0000, 0x0000, 0x0000, 0x0000, 0xF55F,
0xF55F, 0xF55F, 0x0000, 0x0000, 0x0000, 0x0000, 0x0000, 0x0000, 0x0000, 0x0000, 0x0000, 0x0000, 0x0000, 0x0000, 0x0000, 0x0000,
0x0000, 0x0000, 0x0000, 0x0000, 0x0000, 0x0000, 0x0000, 0x0000, 0x0000, 0x0000, 0x0000, 0x0000, 0x0000, 0x0000, 0x0000, 0x0000,
0x0000, 0x0000, 0x0000, 0x0000, 0x0000, 0x0000, 0x0000, 0x0000, 0x0000, 0x0000, 0x0000, 0x0000, 0x0000, 0x0000, 0x0000, 0x0000,
0x0000, 0x0000, 0x0000, 0x0000, 0x0000, 0x0000, 0x0000, 0x0000, 0x0000, 0x0000, 0x0000, 0x0000, 0x0000, 0x0000, 0x0000, 0xF55F,
0xF55F, 0xF55F, 0x0000, 0x0000, 0x0000, 0x0000, 0x0000, 0x0000, 0x0000, 0x0000, 0x0000, 0x0000, 0x0000, 0x0000, 0x0000, 0x0000,
0x0000, 0x0000, 0x0000, 0x0000, 0x0000, 0x0000, 0x0000, 0x0000, 0x0000, 0x0000, 0x0000, 0x0000, 0x0000, 0x0000, 0x0000, 0x0000,
0x0000, 0x0000, 0x0000, 0x0000, 0x0000, 0x0000, 0x0000, 0x0000, 0x0000, 0x0000, 0x0000, 0x0000, 0x0000, 0x0000, 0x0000, 0x0000,
0x0000, 0x0000, 0x0000, 0x0000, 0x0000, 0x0000, 0x0000, 0x0000, 0x0000, 0x0000, 0x0000, 0x0000, 0x0000, 0x0000, 0x0000, 0xF55F,
0xF55F, 0xF55F, 0x0000, 0x0000, 0x0000, 0x0000, 0x0000, 0x0000, 0x0000, 0x0000, 0x0000, 0x0000, 0x0000, 0x0000, 0x0000, 0x0000,
0x0000, 0x0000, 0x0000, 0x0000, 0x0000, 0x0000, 0x0000, 0x0000, 0x0000, 0x0000, 0x0000, 0x0000, 0x0000, 0x0000, 0x0000, 0x0000,
0x0000, 0x0000, 0x0000, 0x0000, 0x0000, 0x0000, 0x0000, 0x0000, 0x0000, 0x0000, 0x0000, 0x0000, 0x0000, 0x0000, 0x0000, 0x0000,
0x0000, 0x0000, 0x0000, 0x0000, 0x0000, 0x0000, 0x0000, 0x0000, 0x0000, 0x0000, 0x0000, 0x0000, 0x0000, 0x0000, 0x0000, 0xF55F,
0xF55F, 0xF55F, 0x0000, 0x0000, 0x0000, 0x0000, 0x0000, 0x0000, 0x0000, 0x0000, 0x0000, 0x0000, 0x0000, 0x0000, 0x0000, 0x0000,
0x0000, 0x0000, 0x0000, 0x0000, 0x0000, 0x0000, 0x0000, 0x0000, 0x0000, 0x0000, 0x0000, 0x0000, 0x0000, 0x0000, 0x0000, 0x0000,
0x0000, 0x0000, 0x0000, 0x0000, 0x0000, 0x0000, 0x0000, 0x0000, 0x0000, 0x0000, 0x0000, 0x0000, 0x0000, 0x0000, 0x0000, 0x0000,
0x0000, 0x0000, 0x0000, 0x0000, 0x0000, 0x0000, 0x0000, 0x0000, 0x0000, 0x0000, 0x0000, 0x0000, 0x0000, 0x0000, 0x0000, 0xF55F,
0xF55F, 0xF55F, 0x0000, 0x0000, 0x0000, 0x0000, 0x0000, 0x0000, 0x0000, 0x0000, 0x0000, 0x0000, 0x0000, 0x0000, 0x0000, 0x0000,
0x0000, 0x0000, 0x0000, 0x0000, 0x0000, 0x0000, 0x0000, 0x0000, 0x0000, 0x0000, 0x0000, 0x0000, 0x0000, 0x0000, 0x0000, 0x0000,
0x0000, 0x0000, 0x0000, 0x0000, 0x0000, 0x0000, 0x0000, 0x0000, 0x0000, 0x0000, 0x0000, 0x0000, 0x0000, 0x0000, 0x0000, 0x0000,
0x0000, 0x0000, 0x0000, 0x0000, 0x0000, 0x0000, 0x0000, 0x0000, 0x0000, 0x0000, 0x0000, 0x0000, 0x0000, 0x0000, 0x0000, 0x0000,
0x0000, 0x0000, 0x0000, 0x0000, 0x0000, 0x0000, 0x0000, 0x0000, 0x0000, 0x0000, 0x0000, 0x0000, 0x0000, 0x0000, 0x0000, 0x0000,
0x0000, 0x0000, 0x0000, 0x0000, 0x0000, 0x0000, 0x0000, 0x0000, 0x0000, 0x0000, 0x0000, 0x0000, 0x0000, 0x0000, 0x0000, 0x0000,
0x0000, 0x0000, 0x0000, 0x0000, 0x0000, 0x0000, 0x0000, 0x0000, 0x0000, 0x0000, 0x0000, 0x0000, 0x0000, 0x0000, 0x0000, 0x0000,
0x0000, 0x0000, 0x0000, 0x0000, 0x0000, 0x0000, 0x0000, 0x0000, 0x0000, 0x0000, 0x0000, 0x0000, 0x0000, 0x0000, 0x0000, 0x0000,
0x0000, 0x0000, 0x0000, 0x0000, 0x0000, 0x0000, 0x0000, 0x0000, 0x0000, 0x0000, 0x0000, 0x0000, 0x0000, 0x0000, 0x0000, 0x0000,
0x0000, 0x0000, 0x0000, 0x0000, 0x0000, 0x0000, 0x0000, 0x0000, 0x0000, 0x0000, 0x0000, 0x0000, 0x0000, 0x0000, 0x0000, 0x0000,
0x0000, 0x0000, 0x0000, 0x0000, 0x0000, 0x0000, 0x0000, 0x0000, 0x0000, 0x0000, 0x0000, 0x0000, 0x0000, 0x0000, 0x0000, 0x0000,
0x0000, 0x0000, 0x0000, 0x0000, 0x0000, 0x0000, 0x0000, 0x0000, 0x0000, 0x0000, 0x0000, 0x0000, 0x0000, 0x0000, 0x0000, 0x0000,
0x0000, 0x0000, 0x0000, 0x0000, 0x0000, 0x0000, 0x0000, 0x0000, 0x0000, 0x0000, 0x0000, 0x0000, 0x0000, 0x0000, 0x0000, 0x0000,
0x0000, 0x0000, 0x0000, 0x0000, 0x0000, 0x0000, 0x0000, 0x0000, 0x0000, 0x0000, 0x0000, 0x0000, 0x0000, 0x0000, 0x0000, 0x0000,
0x0000, 0x0000, 0x0000, 0x0000, 0x0000, 0x0000, 0x0000, 0x0000, 0x0000, 0x0000, 0x0000, 0x0000, 0x0000, 0x0000, 0x0000, 0x0000,
0x0000, 0x0000, 0x0000, 0x0000, 0x0000, 0x0000, 0x0000, 0x0000, 0x0000, 0x0000, 0x0000, 0x0000, 0x0000, 0x0000, 0x0000, 0x0000,
0x0000, 0x0000, 0x0000, 0x0000, 0x0000, 0x0000, 0x0000, 0x0000, 0x0000, 0x0000, 0x0000, 0x0000, 0x0000, 0x0000, 0x0000, 0x0000,
0x0000, 0x0000, 0x0000, 0x0000, 0x0000, 0x0000, 0x0000, 0x0000, 0x0000, 0x0000, 0x0000, 0x0000, 0x0000, 0x0000, 0x0000, 0x0000
};

const uint16_t icon_protego[64 * 64] PROGMEM = {
0x0000, 0x0000, 0x0000, 0x0000, 0x0000, 0x0000, 0x0000, 0x0000, 0x0000, 0x0000, 0x0000, 0x0000, 0x0000, 0x0000, 0x0000, 0x0000,
0x0000, 0x0000, 0x0000, 0x0000, 0x0000, 0x0000, 0x0000, 0x0000, 0x0000, 0x0000, 0x0000, 0x0000, 0x0000, 0x0000, 0x0000, 0x0000,
0x0000, 0x0000, 0x0000, 0x0000, 0x0000, 0x0000, 0x0000, 0x0000, 0x0000, 0x0000, 0x0000, 0x0000, 0x0000, 0x0000, 0x0000, 0x0000,
0x0000, 0x0000, 0x0000, 0x0000, 0x0000, 0x0000, 0x0000, 0x0000, 0x0000, 0x0000, 0x0000, 0x0000, 0x0000, 0x0000, 0x0000, 0x0000,
0x0000, 0x0000, 0x0000, 0x0000, 0x0000, 0x0000, 0x0000, 0x0000, 0x0000, 0x0000, 0x0000, 0x0000, 0x0000, 0x0000, 0x0000, 0x0000,
0x0000, 0x0000, 0x0000, 0x0000, 0x0000, 0x0000, 0x0000, 0x0000, 0x0000, 0x0000, 0x0000, 0x0000, 0x0000, 0x0000, 0x0000, 0x0000,
0x0000, 0x0000, 0x0000, 0x0000, 0x0000, 0x0000, 0x0000, 0x0000, 0x0000, 0x0000, 0x0000, 0x0000, 0x0000, 0x0000, 0x0000, 0x0000,
0x0000, 0x0000, 0x0000, 0x0000, 0x0000, 0x0000, 0x0000, 0x0000, 0x0000, 0x0000, 0x0000, 0x0000, 0x0000, 0x0000, 0x0000, 0x0000,
0x0000, 0x0000, 0x0000, 0x0000, 0x0000, 0x0000, 0x0000, 0x0000, 0x0000, 0x0000, 0x0000, 0x0000, 0x0000, 0x0000, 0x0000, 0x0000,
0x0000, 0x0000, 0x0000, 0x0000, 0x0000, 0x0000, 0x0000, 0x0000, 0x0000, 0x0000, 0x0000, 0x0000, 0x0000, 0x0000, 0x0000, 0x0000,
0x0000, 0x0000, 0x0000, 0x0000, 0x0000, 0x0000, 0x0000, 0x0000, 0x0000, 0x0000, 0x0000, 0x0000, 0x0000, 0x0000, 0x0000, 0x0000,
0x0000, 0x0000, 0x0000, 0x0000, 0x0000, 0x0000, 0x0000, 0x0000, 0x0000, 0x0000, 0x0000, 0x0000, 0x0000, 0x0000, 0x0000, 0x0000,
0x0000, 0x0000, 0x0000, 0x0000, 0x0000, 0x0000, 0x0000, 0x0000, 0x0000, 0x0000, 0x0000, 0x0000, 0x0000, 0x0000, 0x0000, 0x0000,
0x0000, 0x0000, 0x0000, 0x0000, 0x0000, 0x0000, 0x0000, 0x0000, 0x0000, 0x0000, 0x0000, 0x0000, 0x0000, 0x0000, 0x0000, 0x0000,
0x0000, 0x0000, 0x0000, 0x0000, 0x0000, 0x0000, 0x0000, 0x0000, 0x0000, 0x0000, 0x0000, 0x0000, 0x0000, 0x0000, 0x0000, 0x0000,
0x0000, 0x0000, 0x0000, 0x0000, 0x0000, 0x0000, 0x0000, 0x0000, 0x0000, 0x0000, 0x0000, 0x0000, 0x0000, 0x0000, 0x0000, 0x0000,
0x0000, 0x0000, 0x0000, 0x0000, 0x0000, 0x0000, 0x0000, 0x0000, 0x0000, 0x0000, 0x0000, 0x0000, 0x0000, 0x0000, 0x0000, 0x0000,
0x0000, 0x0000, 0x0000, 0x0000, 0x0000, 0x0000, 0x0000, 0x0000, 0x0000, 0x0000, 0x0000, 0x0000, 0x0000, 0x0000, 0x0000, 0x0000,
0x0000, 0x0000, 0x0000, 0x0000, 0x0000, 0x0000, 0x0000, 0x0000, 0x0000, 0x0000, 0x0000, 0x0000, 0x0000, 0x0000, 0x0000, 0x0000,
0x0000, 0x0000, 0x0000, 0x0000, 0x0000, 0x0000, 0x0000, 0x0000, 0x0000, 0x0000, 0x0000, 0x0000, 0x0000, 0x0000, 0x0000, 0x0000,
0x0000, 0x0000, 0x0000, 0x0000, 0x0000, 0x0000, 0x0000, 0x0000, 0x0000, 0x0000, 0x0000, 0x0000, 0x0000, 0x0000, 0x0000, 0x0000,
0x0000, 0x0000, 0x0000, 0x0000, 0x0000, 0x0000, 0x0000, 0x0000, 0x0000, 0x0000, 0x0000, 0x0000, 0x0000, 0x0000, 0x0000, 0x0000,
0x0000, 0x0000, 0x0000, 0x0000, 0x0000, 0x0000, 0x0000, 0x0000, 0x0000, 0x0000, 0x0000, 0x0000, 0x0000, 0x0000, 0x0000, 0x0000,
0x0000, 0x0000, 0x0000, 0x0000, 0x0000, 0x0000, 0x0000, 0x0000, 0x0000, 0x0000, 0x0000, 0x0000, 0x0000, 0x0000, 0x0000, 0x0000,
0x0000, 0x0000, 0x0000, 0x0000, 0x0000, 0x0000, 0x0000, 0x0000, 0x0000, 0x0000, 0x0000, 0x0000, 0x0000, 0x0000, 0x0000, 0x0000,
0x0000, 0x0000, 0x0000, 0x0000, 0x0000, 0x0000, 0x0000, 0x0000, 0x0000, 0x0000, 0x0000, 0x0000, 0x0000, 0x0000, 0x0000, 0x0000,
0x0000, 0x0000, 0x0000, 0x0000, 0x0000, 0x0000, 0x0000, 0x0000, 0x0000, 0x0000, 0x0000, 0x0000, 0x0000, 0x0000, 0x0000, 0x0000,
0x0000, 0x0000, 0x0000, 0x0000, 0x0000, 0x0000, 0x0000, 0x0000, 0x0000, 0x0000, 0x0000, 0x0000, 0x0000, 0x0000, 0x0000, 0x0000,
0x0000, 0x0000, 0x0000, 0x0000, 0x0000, 0x0000, 0x0000, 0x0000, 0x0000, 0x0000, 0x0000, 0x0000, 0x0000, 0x0000, 0x0000, 0x0000,
0x0000, 0x0000, 0x0000, 0x0000, 0x0000, 0x0000, 0x0000, 0x0000, 0x0000, 0x0000, 0x0000, 0x0000, 0x0000, 0x0000, 0x0000, 0x6FF7,
0x6FF7, 0x6FF7, 0x0000, 0x0000, 0x0000, 0x0000, 0x0000, 0x0000, 0x0000, 0x0000, 0x0000, 0x0000, 0x0000, 0x0000, 0x0000, 0x0000,
0x0000, 0x0000, 0x0000, 0x0000, 0x0000, 0x0000, 0x0000, 0x0000, 0x0000, 0x0000, 0x0000, 0x0000, 0x0000, 0x0000, 0x0000, 0x0000,
0x0000, 0x0000, 0x0000, 0x0000, 0x0000, 0x0000, 0x0000, 0x0000, 0x0000, 0x0000, 0x0000, 0x0000, 0x0000, 0x0000, 0x0000, 0x0000,
0x0000, 0x0000, 0x0000, 0x0000, 0x0000, 0x0000, 0x0000, 0x0000, 0x0000, 0x0000, 0x0000, 0x0000, 0x0000, 0x6FF7, 0x6FF7, 0x1B6A,
0x1B6A, 0x1B6A, 0x6FF7, 0x6FF7, 0x0000, 0x0000, 0x0000, 0x0000, 0x0000, 0x0000, 0x0000, 0x0000, 0x0000, 0x0000, 0x0000, 0x0000,
0x0000, 0x0000, 0x0000, 0x0000, 0x0000, 0x0000, 0x0000, 0x0000, 0x0000, 0x0000, 0x0000, 0x0000, 0x0000, 0x0000, 0x0000, 0x0000,
0x0000, 0x0000, 0x0000, 0x0000, 0x0000, 0x0000, 0x0000, 0x0000, 0x0000, 0x0000, 0x0000, 0x0000, 0x0000, 0x0000, 0x0000, 0x0000,
0x0000, 0x0000, 0x0000, 0x0000, 0x0000, 0x0000, 0x0000, 0x0000, 0x0000, 0x0000, 0x6FF7, 0x6FF7, 0x6FF7, 0x1B6A, 0x1B6A, 0x1B6A,
0x1B6A, 0x1B6A, 0x1B6A, 0x1B6A, 0x6FF7, 0x6FF7, 0x6FF7, 0x0000, 0x0000, 0x0000, 0x0000, 0x0000, 0x0000, 0x0000, 0x0000, 0x0000,
0x0000, 0x0000, 0x0000, 0x0000, 0x0000, 0x0000, 0x0000, 0x0000, 0x0000, 0x0000, 0x0000, 0x0000, 0x0000, 0x0000, 0x0000, 0x0000,
0x0000, 0x0000, 0x0000, 0x0000, 0x0000, 0x0000, 0x0000, 0x0000, 0x0000, 0x0000, 0x0000, 0x0000, 0x0000, 0x0000, 0x0000, 0x0000,
0x0000, 0x0000, 0x0000, 0x0000, 0x0000, 0x0000, 0x0000, 0x0000, 0x6FF7, 0x6FF7, 0x1B6A, 0x1B6A, 0x1B6A, 0x1B6A, 0x1B6A, 0x1B6A,
0x1B6A, 0x1B6A, 0x1B6A, 0x1B6A, 0x1B6A, 0x1B6A, 0x1B6A, 0x6FF7, 0x6FF7, 0x0000, 0x0000, 0x0000, 0x0000, 0x0000, 0x0000, 0x0000,
0x0000, 0x0000, 0x0000, 0x0000, 0x0000, 0x0000, 0x0000, 0x0000, 0x0000, 0x0000, 0x0000, 0x0000, 0x0000, 0x0000, 0x0000, 0x0000,
0x0000, 0x0000, 0x0000, 0x0000, 0x0000, 0x0000, 0x0000, 0x0000, 0x0000, 0x0000, 0x0000, 0x0000, 0x0000, 0x0000, 0x0000, 0x0000,
0x0000, 0x0000, 0x0000, 0x0000, 0x0000, 0x6FF7, 0x6FF7, 0x6FF7, 0x1B6A, 0x1B6A, 0x1B6A, 0x1B6A, 0x1B6A, 0x1B6A, 0x1B6A, 0x1B6A,
0x1B6A, 0x1B6A, 0x1B6A, 0x1B6A, 0x1B6A, 0x1B6A, 0x1B6A, 0x1B6A, 0x1B6A, 0x6FF7, 0x6FF7, 0x6FF7, 0x0000, 0x0000, 0x0000, 0x0000,
0x0000, 0x0000, 0x0000, 0x0000, 0x0000, 0x0000, 0x0000, 0x0000, 0x0000, 0x0000, 0x0000, 0x0000, 0x0000, 0x0000, 0x0000, 0x0000,
0x0000, 0x0000, 0x0000, 0x0000, 0x0000, 0x0000, 0x0000, 0x0000, 0x0000, 0x0000, 0x0000, 0x0000, 0x0000, 0x0000, 0x0000, 0x0000,
0x0000, 0x0000, 0x0000, 0x6FF7, 0x6FF7, 0x1B6A, 0x1B6A, 0x1B6A, 0x1B6A, 0x1B6A, 0x1B6A, 0x1B6A, 0x1B6A, 0x1B6A, 0x1B6A, 0x1B6A,
0x1B6A, 0x1B6A, 0x1B6A, 0x1B6A, 0x1B6A, 0x1B6A, 0x1B6A, 0x1B6A, 0x1B6A, 0x1B6A, 0x1B6A, 0x1B6A, 0x6FF7, 0x6FF7, 0x0000, 0x0000,
0x0000, 0x0000, 0x0000, 0x0000, 0x0000, 0x0000, 0x0000, 0x0000, 0x0000, 0x0000, 0x0000, 0x0000, 0x0000, 0x0000, 0x0000, 0x0000,
0x0000, 0x0000, 0x0000, 0x0000, 0x0000, 0x0000, 0x0000, 0x0000, 0x0000, 0x0000, 0x0000, 0x0000, 0x0000, 0x0000, 0x0000, 0x0000,
0x6FF7, 0x6FF7, 0x6FF7, 0x1B6A, 0x1B6A, 0x1B6A, 0x1B6A, 0x1B6A, 0x1B6A, 0x1B6A, 0x1B6A, 0x1B6A, 0x1B6A, 0x1B6A, 0x1B6A, 0x1B6A,
0x1B6A, 0x1B6A, 0x1B6A, 0x1B6A, 0x1B6A, 0x1B6A, 0x1B6A, 0x1B6A, 0x1B6A, 0x1B6A, 0x1B6A, 0x1B6A, 0x1B6A, 0x1B6A, 0x6FF7, 0x6FF7,
0x6FF7, 0x0000, 0x0000, 0x0000, 0x0000, 0x0000, 0x0000, 0x0000, 0x0000, 0x0000, 0x0000, 0x0000, 0x0000, 0x0000, 0x0000, 0x0000,
0x0000, 0x0000, 0x0000, 0x0000, 0x0000, 0x0000, 0x0000, 0x0000, 0x0000, 0x0000, 0x0000, 0x0000, 0x0000, 0x0000, 0x6FF7, 0x6FF7,
0x1B6A, 0x1B6A, 0x1B6A, 0x1B6A, 0x1B6A, 0x1B6A, 0x1B6A, 0x1B6A, 0x1B6A, 0x1B6A, 0x1B6A, 0x1B6A, 0x1B6A, 0x1B6A, 0x1B6A, 0x1B6A,
0x1B6A, 0x1B6A, 0x1B6A, 0x1B6A, 0x1B6A, 0x1B6A, 0x1B6A, 0x1B6A, 0x1B6A, 0x1B6A, 0x1B6A, 0x1B6A, 0x1B6A, 0x1B6A, 0x1B6A, 0x1B6A,
0x1B6A, 0x6FF7, 0x6FF7, 0x0000, 0x0000, 0x0000, 0x0000, 0x0000, 0x0000, 0x0000, 0x0000, 0x0000, 0x0000, 0x0000, 0x0000, 0x0000,
0x0000, 0x0000, 0x0000, 0x0000, 0x0000, 0x0000, 0x0000, 0x0000, 0x0000, 0x0000, 0x0000, 0x0000, 0x6FF7, 0x6FF7, 0x1B6A, 0x1B6A,
0x1B6A, 0x1B6A, 0x1B6A, 0x1B6A, 0x1B6A, 0x1B6A, 0x1B6A, 0x1B6A, 0x1B6A, 0x1B6A, 0x1B6A, 0x1B6A, 0x1B6A, 0x1B6A, 0x1B6A, 0x1B6A,
0x1B6A, 0x1B6A, 0x1B6A, 0x1B6A, 0x1B6A, 0x1B6A, 0x1B6A, 0x1B6A, 0x1B6A, 0x1B6A, 0x1B6A, 0x1B6A, 0x1B6A, 0x1B6A, 0x1B6A, 0x1B6A,
0x1B6A, 0x1B6A, 0x1B6A, 0x6FF7, 0x6FF7, 0x0000, 0x0000, 0x0000, 0x0000, 0x0000, 0x0000, 0x0000, 0x0000, 0x0000, 0x0000, 0x0000,
0x0000, 0x0000, 0x0000, 0x0000, 0x0000, 0x0000, 0x0000, 0x0000, 0x0000, 0x0000, 0x0000, 0x0000, 0x6FF7, 0x1B6A, 0x1B6A, 0x1B6A,
0x1B6A, 0x1B6A, 0x1B6A, 0x1B6A, 0x1B6A, 0x1B6A, 0x1B6A, 0x1B6A, 0x1B6A, 0x1B6A, 0x1B6A, 0x1B6A, 0x1B6A, 0x1B6A, 0x1B6A, 0x1B6A,
0x1B6A, 0x1B6A, 0x1B6A, 0x1B6A, 0x1B6A, 0x1B6A, 0x1B6A, 0x1B6A, 0x1B6A, 0x1B6A, 0x1B6A, 0x1B6A, 0x1B6A, 0x1B6A, 0x1B6A, 0x1B6A,
0x1B6A, 0x1B6A, 0x1B6A, 0x1B6A, 0x6FF7, 0x0000, 0x0000, 0x0000, 0x0000, 0x0000, 0x0000, 0x0000, 0x0000, 0x0000, 0x0000, 0x0000,
0x0000, 0x0000, 0x0000, 0x0000, 0x0000, 0x0000, 0x0000, 0x0000, 0x0000, 0x0000, 0x0000, 0x0000, 0x6FF7, 0x1B6A, 0x1B6A, 0x1B6A,
0x1B6A, 0x1B6A, 0x1B6A, 0x1B6A, 0x1B6A, 0x1B6A, 0x1B6A, 0x1B6A, 0x1B6A, 0x1B6A, 0x1B6A, 0x1B6A, 0x1B6A, 0x1B6A, 0x1B6A, 0x1B6A,
0x1B6A, 0x1B6A, 0x1B6A, 0x1B6A, 0x1B6A, 0x1B6A, 0x1B6A, 0x1B6A, 0x1B6A, 0x1B6A, 0x1B6A, 0x1B6A, 0x1B6A, 0x1B6A, 0x1B6A, 0x1B6A,
0x1B6A, 0x1B6A, 0x1B6A, 0x1B6A, 0x6FF7, 0x0000, 0x0000, 0x0000, 0x0000, 0x0000, 0x0000, 0x0000, 0x0000, 0x0000, 0x0000, 0x0000,
0x0000, 0x0000, 0x0000, 0x0000, 0x0000, 0x0000, 0x0000, 0x0000, 0x0000, 0x0000, 0x0000, 0x0000, 0x6FF7, 0x1B6A, 0x1B6A, 0x1B6A,
0x1B6A, 0x1B6A, 0x1B6A, 0x1B6A, 0x1B6A, 0x1B6A, 0x1B6A, 0x1B6A, 0x1B6A, 0x1B6A, 0x1B6A, 0x1B6A, 0x1B6A, 0x1B6A, 0x1B6A, 0x1B6A,
0x1B6A, 0x1B6A, 0x1B6A, 0x1B6A, 0x1B6A, 0x1B6A, 0x1B6A, 0x1B6A, 0x1B6A, 0x1B6A, 0x1B6A, 0x1B6A, 0x1B6A, 0x1B6A, 0x1B6A, 0x1B6A,
0x1B6A, 0x1B6A, 0x1B6A, 0x1B6A, 0x6FF7, 0x0000, 0x0000, 0x0000, 0x0000, 0x0000, 0x0000, 0x0000, 0x0000, 0x0000, 0x0000, 0x0000,
0x0000, 0x0000, 0x0000, 0x0000, 0x0000, 0x0000, 0x0000, 0x0000, 0x0000, 0x0000, 0x0000, 0x0000, 0x0000, 0x6FF7, 0x1B6A, 0x1B6A,
0x1B6A, 0x1B6A, 0x1B6A, 0x1B6A, 0x1B6A, 0x1B6A, 0x1B6A, 0x1B6A, 0x1B6A, 0x1B6A, 0x1B6A, 0x1B6A, 0x1B6A, 0x1B6A, 0x1B6A, 0x1B6A,
0x1B6A, 0x1B6A, 0x1B6A, 0x1B6A, 0x1B6A, 0x1B6A, 0x1B6A, 0x1B6A, 0x1B6A, 0x1B6A, 0x1B6A, 0x1B6A, 0x1B6A, 0x1B6A, 0x1B6A, 0x1B6A,
0x1B6A, 0x1B6A, 0x1B6A, 0x6FF7, 0x0000, 0x0000, 0x0000, 0x0000, 0x0000, 0x0000, 0x0000, 0x0000, 0x0000, 0x0000, 0x0000, 0x0000,
0x0000, 0x0000, 0x0000, 0x0000, 0x0000, 0x0000, 0x0000, 0x0000, 0x0000, 0x0000, 0x0000, 0x0000, 0x0000, 0x6FF7, 0x1B6A, 0x1B6A,
0x1B6A, 0x1B6A, 0x1B6A, 0x1B6A, 0x1B6A, 0x1B6A, 0x1B6A, 0x1B6A, 0x1B6A, 0x1B6A, 0x1B6A, 0x1B6A, 0x1B6A, 0x1B6A, 0x1B6A, 0x1B6A,
0x1B6A, 0x1B6A, 0x1B6A, 0x1B6A, 0x1B6A, 0x1B6A, 0x1B6A, 0x1B6A, 0x1B6A, 0x1B6A, 0x1B6A, 0x1B6A, 0x1B6A, 0x1B6A, 0x1B6A, 0x1B6A,
0x1B6A, 0x1B6A, 0x1B6A, 0x6FF7, 0x0000, 0x0000, 0x0000, 0x0000, 0x0000, 0x0000, 0x0000, 0x0000, 0x0000, 0x0000, 0x0000, 0x0000,
0x0000, 0x0000, 0x0000, 0x0000, 0x0000, 0x0000, 0x0000, 0x0000, 0x0000, 0x0000, 0x0000, 0x0000, 0x0000, 0x6FF7, 0x1B6A, 0x1B6A,
0x1B6A, 0x1B6A, 0x1B6A, 0x1B6A, 0x1B6A, 0x1B6A, 0x1B6A, 0x1B6A, 0x1B6A, 0x1B6A, 0x1B6A, 0x1B6A, 0x1B6A, 0x1B6A, 0x1B6A, 0x1B6A,
0x1B6A, 0x1B6A, 0x1B6A, 0x1B6A, 0x1B6A, 0x1B6A, 0x1B6A, 0x1B6A, 0x1B6A, 0x1B6A, 0x1B6A, 0x1B6A, 0x1B6A, 0x1B6A, 0x1B6A, 0x1B6A,
0x1B6A, 0x1B6A, 0x1B6A, 0x6FF7, 0x0000, 0x0000, 0x0000, 0x0000, 0x0000, 0x0000, 0x0000, 0x0000, 0x0000, 0x0000, 0x0000, 0x0000,
0x0000, 0x0000, 0x0000, 0x0000, 0x0000, 0x0000, 0x0000, 0x0000, 0x0000, 0x0000, 0x0000, 0x0000, 0x0000, 0x6FF7, 0x1B6A, 0x1B6A,
0x1B6A, 0x1B6A, 0x1B6A, 0x1B6A, 0x1B6A, 0x1B6A, 0x1B6A, 0x1B6A, 0x1B6A, 0x1B6A, 0x1B6A, 0x1B6A, 0x1B6A, 0x1B6A, 0x1B6A, 0x1B6A,
0x1B6A, 0x1B6A, 0x1B6A, 0x1B6A, 0x1B6A, 0x1B6A, 0x1B6A, 0x1B6A, 0x1B6A, 0xDFFE, 0x1B6A, 0x1B6A, 0x1B6A, 0x1B6A, 0x1B6A, 0x1B6A,
0x1B6A, 0x1B6A, 0x1B6A, 0x6FF7, 0x0000, 0x0000, 0x0000, 0x0000, 0x0000, 0x0000, 0x0000, 0x0000, 0x0000, 0x0000, 0x0000, 0x0000,
0x0000, 0x0000, 0x0000, 0x0000, 0x0000, 0x0000, 0x0000, 0x0000, 0x0000, 0x0000, 0x0000, 0x0000, 0x0000, 0x6FF7, 0x1B6A, 0x1B6A,
0x1B6A, 0x1B6A, 0x1B6A, 0x1B6A, 0x1B6A, 0x1B6A, 0x1B6A, 0x1B6A, 0x1B6A, 0x1B6A, 0x1B6A, 0x1B6A, 0x1B6A, 0x1B6A, 0x1B6A, 0x1B6A,
0x1B6A, 0x1B6A, 0x1B6A, 0x1B6A, 0x1B6A, 0x1B6A, 0x1B6A, 0x1B6A, 0xDFFE, 0xDFFE, 0xDFFE, 0x1B6A, 0x1B6A, 0x1B6A, 0x1B6A, 0x1B6A,
0x1B6A, 0x1B6A, 0x1B6A, 0x6FF7, 0x0000, 0x0000, 0x0000, 0x0000, 0x0000, 0x0000, 0x0000, 0x0000, 0x0000, 0x0000, 0x0000, 0x0000,
0x0000, 0x0000, 0x0000, 0x0000, 0x0000, 0x0000, 0x0000, 0x0000, 0x0000, 0x0000, 0x0000, 0x0000, 0x0000, 0x6FF7, 0x1B6A, 0x1B6A,
0x1B6A, 0x1B6A, 0x1B6A, 0x1B6A, 0x1B6A, 0x1B6A, 0x1B6A, 0x1B6A, 0x1B6A, 0x1B6A, 0x1B6A, 0x1B6A, 0x1B6A, 0x1B6A, 0x1B6A, 0x1B6A,
0x1B6A, 0x1B6A, 0x1B6A, 0x1B6A, 0x1B6A, 0x1B6A, 0x1B6A, 0xDFFE, 0xDFFE, 0xDFFE, 0xDFFE, 0xDFFE, 0xDFFE, 0x1B6A, 0x1B6A, 0x1B6A,
0x1B6A, 0x1B6A, 0x1B6A, 0x6FF7, 0x0000, 0x0000, 0x0000, 0x0000, 0x0000, 0x0000, 0x0000, 0x0000, 0x0000, 0x0000, 0x0000, 0x0000,
0x0000, 0x0000, 0x0000, 0x0000, 0x0000, 0x0000, 0x0000, 0x0000, 0x0000, 0x0000, 0x0000, 0x0000, 0x0000, 0x6FF7, 0x1B6A, 0x1B6A,
0x1B6A, 0x1B6A, 0x1B6A, 0x1B6A, 0x1B6A, 0x1B6A, 0x1B6A, 0x1B6A, 0x1B6A, 0x1B6A, 0x1B6A, 0x1B6A, 0x1B6A, 0x1B6A, 0x1B6A, 0x1B6A,
0x1B6A, 0x1B6A, 0x1B6A, 0x1B6A, 0x1B6A, 0x1B6A, 0xDFFE, 0xDFFE, 0xDFFE, 0xDFFE, 0xDFFE, 0xDFFE, 0x1B6A, 0x1B6A, 0x1B6A, 0x1B6A,
0x1B6A, 0x1B6A, 0x1B6A, 0x6FF7, 0x0000, 0x0000, 0x0000, 0x0000, 0x0000, 0x0000, 0x0000, 0x0000, 0x0000, 0x0000, 0x0000, 0x0000,
0x0000, 0x0000, 0x0000, 0x0000, 0x0000, 0x0000, 0x0000, 0x0000, 0x0000, 0x0000, 0x0000, 0x0000, 0x0020, 0x0020, 0x6FF7, 0x1B6A,
0x1B6A, 0x1B6A, 0x1B6A, 0x1B6A, 0x1B6A, 0x1B6A, 0x1B6A, 0x1B6A, 0x1B6A, 0x1B6A, 0x1B6A, 0x1B6A, 0x1B6A, 0x1B6A, 0x1B6A, 0x1B6A,
0x1B6A, 0x1B6A, 0x1B6A, 0x1B6A, 0x1B6A, 0x1B6A, 0xDFFE, 0xDFFE, 0xDFFE, 0xDFFE, 0xDFFE, 0x1B6A, 0x1B6A, 0x1B6A, 0x1B6A, 0x1B6A,
0x1B6A, 0x1B6A, 0x6FF7, 0x0020, 0x0020, 0x0000, 0x0000, 0x0000, 0x0000, 0x0000, 0x0000, 0x0000, 0x0000, 0x0000, 0x0000, 0x0000,
0x0000, 0x0000, 0x0000, 0x0000, 0x0000, 0x0000, 0x0000, 0x0000, 0x0000, 0x0000, 0x0000, 0x0000, 0x0020, 0x0020, 0x6FF7, 0x1B6A,
0x1B6A, 0x1B6A, 0x1B6A, 0x1B6A, 0x1B6A, 0x1B6A, 0x1B6A, 0x1B6A, 0x1B6A, 0x1B6A, 0x1B6A, 0x1B6A, 0x1B6A, 0x1B6A, 0x1B6A, 0x1B6A,
0x1B6A, 0x1B6A, 0x1B6A, 0x1B6A, 0x1B6A, 0xDFFE, 0xDFFE, 0xDFFE, 0xDFFE, 0xDFFE, 0x1B6A, 0x1B6A, 0x1B6A, 0x1B6A, 0x1B6A, 0x1B6A,
0x1B6A, 0x1B6A, 0x6FF7, 0x0020, 0x0020, 0x0000, 0x0000, 0x0000, 0x0000, 0x0000, 0x0000, 0x0000, 0x0000, 0x0000, 0x0000, 0x0000,
0x0000, 0x0000, 0x0000, 0x0000, 0x0000, 0x0000, 0x0000, 0x0000, 0x0000, 0x0000, 0x0000, 0x0000, 0x0020, 0x0020, 0x6FF7, 0x1B6A,
0x1B6A, 0x1B6A, 0x1B6A, 0x1B6A, 0x1B6A, 0x1B6A, 0x1B6A, 0x1B6A, 0x1B6A, 0x1B6A, 0x1B6A, 0x1B6A, 0x1B6A, 0x1B6A, 0x1B6A, 0x1B6A,
0x1B6A, 0x1B6A, 0x1B6A, 0x1B6A, 0xDFFE, 0xDFFE, 0xDFFE, 0xDFFE, 0xDFFE, 0x1B6A, 0x1B6A, 0x1B6A, 0x1B6A, 0x1B6A, 0x1B6A, 0x1B6A,
0x1B6A, 0x1B6A, 0x6FF7, 0x0020, 0x0020, 0x0000, 0x0000, 0x0000, 0x0000, 0x0000, 0x0000, 0x0000, 0x0000, 0x0000, 0x0000, 0x0000,
0x0000, 0x0000, 0x0000, 0x0000, 0x0000, 0x0000, 0x0000, 0x0000, 0x0000, 0x0000, 0x0000, 0x0000, 0x0020, 0x0020, 0x6FF7, 0x1B6A,
0x1B6A, 0x1B6A, 0x1B6A, 0x1B6A, 0x1B6A, 0x1B6A, 0x1B6A, 0x1B6A, 0x1B6A, 0x1B6A, 0x1B6A, 0x1B6A, 0x1B6A, 0x1B6A, 0x1B6A, 0x1B6A,
0x1B6A, 0x1B6A, 0x1B6A, 0xDFFE, 0xDFFE, 0xDFFE, 0xDFFE, 0xDFFE, 0xDFFE, 0x1B6A, 0x1B6A, 0x1B6A, 0x1B6A, 0x1B6A, 0x1B6A, 0x1B6A,
0x1B6A, 0x1B6A, 0x6FF7, 0x0020, 0x0020, 0x0000, 0x0000, 0x0000, 0x0000, 0x0000, 0x0000, 0x0000, 0x0000, 0x0000, 0x0000, 0x0000,
0x0000, 0x0000, 0x0000, 0x0000, 0x0000, 0x0000, 0x0000, 0x0000, 0x0000, 0x0000, 0x0000, 0x0000, 0x0020, 0x0020, 0x6FF7, 0x1B6A,
0x1B6A, 0x1B6A, 0x1B6A, 0x1B6A, 0x1B6A, 0x1B6A, 0x1B6A, 0x1B6A, 0x1B6A, 0x1B6A, 0x1B6A, 0x1B6A, 0x1B6A, 0x1B6A, 0x1B6A, 0x1B6A,
0x1B6A, 0x1B6A, 0xDFFE, 0xDFFE, 0xDFFE, 0xDFFE, 0xDFFE, 0xDFFE, 0x1B6A, 0x1B6A, 0x1B6A, 0x1B6A, 0x1B6A, 0x1B6A, 0x1B6A, 0x1B6A,
0x1B6A, 0x1B6A, 0x6FF7, 0x0020, 0x0020, 0x0000, 0x0000, 0x0000, 0x0000, 0x0000, 0x0000, 0x0000, 0x0000, 0x0000, 0x0000, 0x0000,
0x0000, 0x0000, 0x0000, 0x0000, 0x0000, 0x0000, 0x0000, 0x0000, 0x0000, 0x0000, 0x0000, 0x0000, 0x0020, 0x0020, 0x6FF7, 0x1B6A,
0x1B6A, 0x1B6A, 0x1B6A, 0x1B6A, 0x1B6A, 0x1B6A, 0x1B6A, 0xDFFE, 0x1B6A, 0x1B6A, 0x1B6A, 0x1B6A, 0x1B6A, 0x1B6A, 0x1B6A, 0x1B6A,
0x1B6A, 0xDFFE, 0xDFFE, 0xDFFE, 0xDFFE, 0xDFFE, 0xDFFE, 0x1B6A, 0x1B6A, 0x1B6A, 0x1B6A, 0x1B6A, 0x1B6A, 0x1B6A, 0x1B6A, 0x1B6A,
0x1B6A, 0x1B6A, 0x6FF7, 0x0020, 0x0020, 0x0000, 0x0000, 0x0000, 0x0000, 0x0000, 0x0000, 0x0000, 0x0000, 0x0000, 0x0000, 0x0000,
0x0000, 0x0000, 0x0000, 0x0000, 0x0000, 0x0000, 0x0000, 0x0000, 0x0000, 0x0000, 0x0000, 0x0000, 0x0020, 0x0020, 0x0040, 0x6FF7,
0x1B6A, 0x1B6A, 0x1B6A, 0x1B6A, 0x1B6A, 0x1B6A, 0xDFFE, 0xDFFE, 0xDFFE, 0x1B6A, 0x1B6A, 0x1B6A, 0x1B6A, 0x1B6A, 0x1B6A, 0x1B6A,
0xDFFE, 0xDFFE, 0xDFFE, 0xDFFE, 0xDFFE, 0xDFFE, 0x1B6A, 0x1B6A, 0x1B6A, 0x1B6A, 0x1B6A, 0x1B6A, 0x1B6A, 0x1B6A, 0x1B6A, 0x1B6A,
0x1B6A, 0x6FF7, 0x0040, 0x0020, 0x0020, 0x0000, 0x0000, 0x0000, 0x0000, 0x0000, 0x0000, 0x0000, 0x0000, 0x0000, 0x0000, 0x0000,
0x0000, 0x0000, 0x0000, 0x0000, 0x0000, 0x0000, 0x0000, 0x0000, 0x0000, 0x0000, 0x0000, 0x0000, 0x0020, 0x0020, 0x0040, 0x6FF7,
0x1B6A, 0x1B6A, 0x1B6A, 0x1B6A, 0x1B6A, 0xDFFE, 0xDFFE, 0xDFFE, 0xDFFE, 0xDFFE, 0x1B6A, 0x1B6A, 0x1B6A, 0x1B6A, 0x1B6A, 0xDFFE,
0xDFFE, 0xDFFE, 0xDFFE, 0xDFFE, 0xDFFE, 0x1B6A, 0x1B6A, 0x1B6A, 0x1B6A, 0x1B6A, 0x1B6A, 0x1B6A, 0x1B6A, 0x1B6A, 0x1B6A, 0x1B6A,
0x1B6A, 0x6FF7, 0x0040, 0x0020, 0x0020, 0x0000, 0x0000, 0x0000, 0x0000, 0x0000, 0x0000, 0x0000, 0x0000, 0x0000, 0x0000, 0x0000,
0x0000, 0x0000, 0x0000, 0x0000, 0x0000, 0x0000, 0x0000, 0x0000, 0x0000, 0x0000, 0x0000, 0x0000, 0x0020, 0x0020, 0x0020, 0x6FF7,
0x1B6A, 0x1B6A, 0x1B6A, 0x1B6A, 0x1B6A, 0x1B6A, 0xDFFE, 0xDFFE, 0xDFFE, 0xDFFE, 0xDFFE, 0x1B6A, 0x1B6A, 0x1B6A, 0x1B6A, 0xDFFE,
0xDFFE, 0xDFFE, 0xDFFE, 0xDFFE, 0x1B6A, 0x1B6A, 0x1B6A, 0x1B6A, 0x1B6A, 0x1B6A, 0x1B6A, 0x1B6A, 0x1B6A, 0x1B6A, 0x1B6A, 0x1B6A,
0x1B6A, 0x6FF7, 0x0020, 0x0020, 0x0020, 0x0000, 0x0000, 0x0000, 0x0000, 0x0000, 0x0000, 0x0000, 0x0000, 0x0000, 0x0000, 0x0000,
0x0000, 0x0000, 0x0000, 0x0000, 0x0000, 0x0000, 0x0000, 0x0000, 0x0000, 0x0000, 0x0000, 0x0000, 0x0020, 0x0020, 0x0020, 0x6FF7,
0x1B6A, 0x1B6A, 0x1B6A, 0x1B6A, 0x1B6A, 0x1B6A, 0x1B6A, 0xDFFE, 0xDFFE, 0xDFFE, 0xDFFE, 0xDFFE, 0x1B6A, 0x1B6A, 0xDFFE, 0xDFFE,
0xDFFE, 0xDFFE, 0xDFFE, 0x1B6A, 0x1B6A, 0x1B6A, 0x1B6A, 0x1B6A, 0x1B6A, 0x1B6A, 0x1B6A, 0x1B6A, 0x1B6A, 0x1B6A, 0x1B6A, 0x1B6A,
0x1B6A, 0x6FF7, 0x0020, 0x0020, 0x0020, 0x0000, 0x0000, 0x0000, 0x0000, 0x0000, 0x0000, 0x0000, 0x0000, 0x0000, 0x0000, 0x0000,
0x0000, 0x0000, 0x0000, 0x0000, 0x0000, 0x0000, 0x0000, 0x0000, 0x0000, 0x0000, 0x0000, 0x0000, 0x0020, 0x0020, 0x0020, 0x6FF7,
0x1B6A, 0x1B6A, 0x1B6A, 0x1B6A, 0x1B6A, 0x1B6A, 0x1B6A, 0x1B6A, 0xDFFE, 0xDFFE, 0xDFFE, 0xDFFE, 0xDFFE, 0xDFFE, 0xDFFE, 0xDFFE,
0xDFFE, 0xDFFE, 0x1B6A, 0x1B6A, 0x1B6A, 0x1B6A, 0x1B6A, 0x1B6A, 0x1B6A, 0x1B6A, 0x1B6A, 0x1B6A, 0x1B6A, 0x1B6A, 0x1B6A, 0x1B6A,
0x1B6A, 0x6FF7, 0x0020, 0x0020, 0x0020, 0x0000, 0x0000, 0x0000, 0x0000, 0x0000, 0x0000, 0x0000, 0x0000, 0x0000, 0x0000, 0x0000,
0x0000, 0x0000, 0x0000, 0x0000, 0x0000, 0x0000, 0x0000, 0x0000, 0x0000, 0x0000, 0x0000, 0x0000, 0x0000, 0x0020, 0x0020, 0x6FF7,
0x1B6A, 0x1B6A, 0x1B6A, 0x1B6A, 0x1B6A, 0x1B6A, 0x1B6A, 0x1B6A, 0x1B6A, 0xDFFE, 0xDFFE, 0xDFFE, 0xDFFE, 0xDFFE, 0xDFFE, 0xDFFE,
0xDFFE, 0xDFFE, 0x1B6A, 0x1B6A, 0x1B6A, 0x1B6A, 0x1B6A, 0x1B6A, 0x1B6A, 0x1B6A, 0x1B6A, 0x1B6A, 0x1B6A, 0x1B6A, 0x1B6A, 0x1B6A,
0x1B6A, 0x6FF7, 0x0020, 0x0020, 0x0000, 0x0000, 0x0000, 0x0000, 0x0000, 0x0000, 0x0000, 0x0000, 0x0000, 0x0000, 0x0000, 0x0000,
0x0000, 0x0000, 0x0000, 0x0000, 0x0000, 0x0000, 0x0000, 0x0000, 0x0000, 0x0000, 0x0000, 0x0000, 0x0000, 0x0020, 0x0020, 0x6FF7,
0x1B6A, 0x1B6A, 0x1B6A, 0x1B6A, 0x1B6A, 0x1B6A, 0x1B6A, 0x1B6A, 0x1B6A, 0x1B6A, 0xDFFE, 0xDFFE, 0xDFFE, 0xDFFE, 0xDFFE, 0xDFFE,
0xDFFE, 0x1B6A, 0x1B6A, 0x1B6A, 0x1B6A, 0x1B6A, 0x1B6A, 0x1B6A, 0x1B6A, 0x1B6A, 0x1B6A, 0x1B6A, 0x1B6A, 0x1B6A, 0x1B6A, 0x1B6A,
0x1B6A, 0x6FF7, 0x0020, 0x0020, 0x0000, 0x0000, 0x0000, 0x0000, 0x0000, 0x0000, 0x0000, 0x0000, 0x0000, 0x0000, 0x0000, 0x0000,
0x0000, 0x0000, 0x0000, 0x0000, 0x0000, 0x0000, 0x0000, 0x0000, 0x0000, 0x0000, 0x0000, 0x0000, 0x0000, 0x0020, 0x0020, 0x0020,
0x6FF7, 0x1B6A, 0x1B6A, 0x1B6A, 0x1B6A, 0x1B6A, 0x1B6A, 0x1B6A, 0x1B6A, 0x1B6A, 0x1B6A, 0xDFFE, 0xDFFE, 0xDFFE, 0xDFFE, 0xDFFE,
0x1B6A, 0x1B6A, 0x1B6A, 0x1B6A, 0x1B6A, 0x1B6A, 0x1B6A, 0x1B6A, 0x1B6A, 0x1B6A, 0x1B6A, 0x1B6A, 0x1B6A, 0x1B6A, 0x1B6A, 0x1B6A,
0x6FF7, 0x0020, 0x0020, 0x0020, 0x0000, 0x0000, 0x0000, 0x0000, 0x0000, 0x0000, 0x0000, 0x0000, 0x0000, 0x0000, 0x0000, 0x0000,
0x0000, 0x0000, 0x0000, 0x0000, 0x0000, 0x0000, 0x0000, 0x0000, 0x0000, 0x0000, 0x0000, 0x0000, 0x0000, 0x0000, 0x0020, 0x0020,
0x6FF7, 0x1B6A, 0x1B6A, 0x1B6A, 0x1B6A, 0x1B6A, 0x1B6A, 0x1B6A, 0x1B6A, 0x1B6A, 0x1B6A, 0x1B6A, 0xDFFE, 0x1B6A, 0xDFFE, 0x1B6A,
0x1B6A, 0x1B6A, 0x1B6A, 0x1B6A, 0x1B6A, 0x1B6A, 0x1B6A, 0x1B6A, 0x1B6A, 0x1B6A, 0x1B6A, 0x1B6A, 0x1B6A, 0x1B6A, 0x1B6A, 0x1B6A,
0x6FF7, 0x0020, 0x0020, 0x0000, 0x0000, 0x0000, 0x0000, 0x0000, 0x0000, 0x0000, 0x0000, 0x0000, 0x0000, 0x0000, 0x0000, 0x0000,
0x0000, 0x0000, 0x0000, 0x0000, 0x0000, 0x0000, 0x0000, 0x0000, 0x0000, 0x0000, 0x0000, 0x0000, 0x0000, 0x0000, 0x0020, 0x0020,
0x6FF7, 0x1B6A, 0x1B6A, 0x1B6A, 0x1B6A, 0x1B6A, 0x1B6A, 0x1B6A, 0x1B6A, 0x1B6A, 0x1B6A, 0x1B6A, 0x1B6A, 0x1B6A, 0x1B6A, 0x1B6A,
0x1B6A, 0x1B6A, 0x1B6A, 0x1B6A, 0x1B6A, 0x1B6A, 0x1B6A, 0x1B6A, 0x1B6A, 0x1B6A, 0x1B6A, 0x1B6A, 0x1B6A, 0x1B6A, 0x1B6A, 0x1B6A,
0x6FF7, 0x0020, 0x0020, 0x0000, 0x0000, 0x0000, 0x0000, 0x0000, 0x0000, 0x0000, 0x0000, 0x0000, 0x0000, 0x0000, 0x0000, 0x0000,
0x0000, 0x0000, 0x0000, 0x0000, 0x0000, 0x0000, 0x0000, 0x0000, 0x0000, 0x0000, 0x0000, 0x0000, 0x0000, 0x0000, 0x0000, 0x0020,
0x6FF7, 0x1B6A, 0x1B6A, 0x1B6A, 0x1B6A, 0x1B6A, 0x1B6A, 0x1B6A, 0x1B6A, 0x1B6A, 0x1B6A, 0x1B6A, 0x1B6A, 0x1B6A, 0x1B6A, 0x1B6A,
0x1B6A, 0x1B6A, 0x1B6A, 0x1B6A, 0x1B6A, 0x1B6A, 0x1B6A, 0x1B6A, 0x1B6A, 0x1B6A, 0x1B6A, 0x1B6A, 0x1B6A, 0x1B6A, 0x1B6A, 0x1B6A,
0x6FF7, 0x0020, 0x0000, 0x0000, 0x0000, 0x0000, 0x0000, 0x0000, 0x0000, 0x0000, 0x0000, 0x0000, 0x0000, 0x0000, 0x0000, 0x0000,
0x0000, 0x0000, 0x0000, 0x0000, 0x0000, 0x0000, 0x0000, 0x0000, 0x0000, 0x0000, 0x0000, 0x0000, 0x0000, 0x0000, 0x0000, 0x0000,
0x0020, 0x6FF7, 0x1B6A, 0x1B6A, 0x1B6A, 0x1B6A, 0x1B6A, 0x1B6A, 0x1B6A, 0x1B6A, 0x1B6A, 0x1B6A, 0x1B6A, 0x1B6A, 0x1B6A, 0x1B6A,
0x1B6A, 0x1B6A, 0x1B6A, 0x1B6A, 0x1B6A, 0x1B6A, 0x1B6A, 0x1B6A, 0x1B6A, 0x1B6A, 0x1B6A, 0x1B6A, 0x1B6A, 0x1B6A, 0x1B6A, 0x6FF7,
0x0020, 0x0000, 0x0000, 0x0000, 0x0000, 0x0000, 0x0000, 0x0000, 0x0000, 0x0000, 0x0000, 0x0000, 0x0000, 0x0000, 0x0000, 0x0000,
0x0000, 0x0000, 0x0000, 0x0000, 0x0000, 0x0000, 0x0000, 0x0000, 0x0000, 0x0000, 0x0000, 0x0000, 0x0000, 0x0000, 0x0000, 0x0000,
0x0020, 0x0020, 0x6FF7, 0x1B6A, 0x1B6A, 0x1B6A, 0x1B6A, 0x1B6A, 0x1B6A, 0x1B6A, 0x1B6A, 0x1B6A, 0x1B6A, 0x1B6A, 0x1B6A, 0x1B6A,
0x1B6A, 0x1B6A, 0x1B6A, 0x1B6A, 0x1B6A, 0x1B6A, 0x1B6A, 0x1B6A, 0x1B6A, 0x1B6A, 0x1B6A, 0x1B6A, 0x1B6A, 0x1B6A, 0x6FF7, 0x0020,
0x0020, 0x0000, 0x0000, 0x0000, 0x0000, 0x0000, 0x0000, 0x0000, 0x0000, 0x0000, 0x0000, 0x0000, 0x0000, 0x0000, 0x0000, 0x0000,
0x0000, 0x0000, 0x0000, 0x0000, 0x0000, 0x0000, 0x0000, 0x0000, 0x0000, 0x0000, 0x0000, 0x0000, 0x0000, 0x0000, 0x0000, 0x0000,
0x0000, 0x0020, 0x0020, 0x6FF7, 0x6FF7, 0x1B6A, 0x1B6A, 0x1B6A, 0x1B6A, 0x1B6A, 0x1B6A, 0x1B6A, 0x1B6A, 0x1B6A, 0x1B6A, 0x1B6A,
0x1B6A, 0x1B6A, 0x1B6A, 0x1B6A, 0x1B6A, 0x1B6A, 0x1B6A, 0x1B6A, 0x1B6A, 0x1B6A, 0x1B6A, 0x1B6A, 0x1B6A, 0x6FF7, 0x0020, 0x0020,
0x0000, 0x0000, 0x0000, 0x0000, 0x0000, 0x0000, 0x0000, 0x0000, 0x0000, 0x0000, 0x0000, 0x0000, 0x0000, 0x0000, 0x0000, 0x0000,
0x0000, 0x0000, 0x0000, 0x0000, 0x0000, 0x0000, 0x0000, 0x0000, 0x0000, 0x0000, 0x0000, 0x0000, 0x0000, 0x0000, 0x0000, 0x0000,
0x0000, 0x0000, 0x0020, 0x0020, 0x0020, 0x6FF7, 0x1B6A, 0x1B6A, 0x1B6A, 0x1B6A, 0x1B6A, 0x1B6A, 0x1B6A, 0x1B6A, 0x1B6A, 0x1B6A,
0x1B6A, 0x1B6A, 0x1B6A, 0x1B6A, 0x1B6A, 0x1B6A, 0x1B6A, 0x1B6A, 0x1B6A, 0x1B6A, 0x1B6A, 0x6FF7, 0x6FF7, 0x0020, 0x0020, 0x0000,
0x0000, 0x0000, 0x0000, 0x0000, 0x0000, 0x0000, 0x0000, 0x0000, 0x0000, 0x0000, 0x0000, 0x0000, 0x0000, 0x0000, 0x0000, 0x0000,
0x0000, 0x0000, 0x0000, 0x0000, 0x0000, 0x0000, 0x0000, 0x0000, 0x0000, 0x0000, 0x0000, 0x0000, 0x0000, 0x0000, 0x0000, 0x0000,
0x0000, 0x0000, 0x0000, 0x0020, 0x0020, 0x0020, 0x6FF7, 0x1B6A, 0x1B6A, 0x1B6A, 0x1B6A, 0x1B6A, 0x1B6A, 0x1B6A, 0x1B6A, 0x1B6A,
0x1B6A, 0x1B6A, 0x1B6A, 0x1B6A, 0x1B6A, 0x1B6A, 0x1B6A, 0x1B6A, 0x1B6A, 0x1B6A, 0x6FF7, 0x0020, 0x0020, 0x0020, 0x0000, 0x0000,
0x0000, 0x0000, 0x0000, 0x0000, 0x0000, 0x0000, 0x0000, 0x0000, 0x0000, 0x0000, 0x0000, 0x0000, 0x0000, 0x0000, 0x0000, 0x0000,
0x0000, 0x0000, 0x0000, 0x0000, 0x0000, 0x0000, 0x0000, 0x0000, 0x0000, 0x0000, 0x0000, 0x0000, 0x0000, 0x0000, 0x0000, 0x0000,
0x0000, 0x0000, 0x0000, 0x0000, 0x0000, 0x0020, 0x0020, 0x6FF7, 0x1B6A, 0x1B6A, 0x1B6A, 0x1B6A, 0x1B6A, 0x1B6A, 0x1B6A, 0x1B6A,
0x1B6A, 0x1B6A, 0x1B6A, 0x1B6A, 0x1B6A, 0x1B6A, 0x1B6A, 0x1B6A, 0x1B6A, 0x6FF7, 0x0020, 0x0020, 0x0000, 0x0000, 0x0000, 0x0000,
0x0000, 0x0000, 0x0000, 0x0000, 0x0000, 0x0000, 0x0000, 0x0000, 0x0000, 0x0000, 0x0000, 0x0000, 0x0000, 0x0000, 0x0000, 0x0000,
0x0000, 0x0000, 0x0000, 0x0000, 0x0000, 0x0000, 0x0000, 0x0000, 0x0000, 0x0000, 0x0000, 0x0000, 0x0000, 0x0000, 0x0000, 0x0000,
0x0000, 0x0000, 0x0000, 0x0000, 0x0000, 0x0000, 0x0020, 0x0020, 0x6FF7, 0x1B6A, 0x1B6A, 0x1B6A, 0x1B6A, 0x1B6A, 0x1B6A, 0x1B6A,
0x1B6A, 0x1B6A, 0x1B6A, 0x1B6A, 0x1B6A, 0x1B6A, 0x1B6A, 0x1B6A, 0x6FF7, 0x0020, 0x0020, 0x0000, 0x0000, 0x0000, 0x0000, 0x0000,
0x0000, 0x0000, 0x0000, 0x0000, 0x0000, 0x0000, 0x0000, 0x0000, 0x0000, 0x0000, 0x0000, 0x0000, 0x0000, 0x0000, 0x0000, 0x0000,
0x0000, 0x0000, 0x0000, 0x0000, 0x0000, 0x0000, 0x0000, 0x0000, 0x0000, 0x0000, 0x0000, 0x0000, 0x0000, 0x0000, 0x0000, 0x0000,
0x0000, 0x0000, 0x0000, 0x0000, 0x0000, 0x0000, 0x0000, 0x0000, 0x0020, 0x6FF7, 0x1B6A, 0x1B6A, 0x1B6A, 0x1B6A, 0x1B6A, 0x1B6A,
0x1B6A, 0x1B6A, 0x1B6A, 0x1B6A, 0x1B6A, 0x1B6A, 0x1B6A, 0x6FF7, 0x0020, 0x0000, 0x0000, 0x0000, 0x0000, 0x0000, 0x0000, 0x0000,
0x0000, 0x0000, 0x0000, 0x0000, 0x0000, 0x0000, 0x0000, 0x0000, 0x0000, 0x0000, 0x0000, 0x0000, 0x0000, 0x0000, 0x0000, 0x0000,
0x0000, 0x0000, 0x0000, 0x0000, 0x0000, 0x0000, 0x0000, 0x0000, 0x0000, 0x0000, 0x0000, 0x0000, 0x0000, 0x0000, 0x0000, 0x0000,
0x0000, 0x0000, 0x0000, 0x0000, 0x0000, 0x0000, 0x0000, 0x0000, 0x0000, 0x0000, 0x6FF7, 0x1B6A, 0x1B6A, 0x1B6A, 0x1B6A, 0x1B6A,
0x1B6A, 0x1B6A, 0x1B6A, 0x1B6A, 0x1B6A, 0x1B6A, 0x6FF7, 0x0000, 0x0000, 0x0000, 0x0000, 0x0000, 0x0000, 0x0000, 0x0000, 0x0000,
0x0000, 0x0000, 0x0000, 0x0000, 0x0000, 0x0000, 0x0000, 0x0000, 0x0000, 0x0000, 0x0000, 0x0000, 0x0000, 0x0000, 0x0000, 0x0000,
0x0000, 0x0000, 0x0000, 0x0000, 0x0000, 0x0000, 0x0000, 0x0000, 0x0000, 0x0000, 0x0000, 0x0000, 0x0000, 0x0000, 0x0000, 0x0000,
0x0000, 0x0000, 0x0000, 0x0000, 0x0000, 0x0000, 0x0000, 0x0000, 0x0000, 0x0000, 0x0000, 0x6FF7, 0x6FF7, 0x1B6A, 0x1B6A, 0x1B6A,
0x1B6A, 0x1B6A, 0x1B6A, 0x1B6A, 0x1B6A, 0x6FF7, 0x0000, 0x0000, 0x0000, 0x0000, 0x0000, 0x0000, 0x0000, 0x0000, 0x0000, 0x0000,
0x0000, 0x0000, 0x0000, 0x0000, 0x0000, 0x0000, 0x0000, 0x0000, 0x0000, 0x0000, 0x0000, 0x0000, 0x0000, 0x0000, 0x0000, 0x0000,
0x0000, 0x0000, 0x0000, 0x0000, 0x0000, 0x0000, 0x0000, 0x0000, 0x0000, 0x0000, 0x0000, 0x0000, 0x0000, 0x0000, 0x0000, 0x0000,
0x0000, 0x0000, 0x0000, 0x0000, 0x0000, 0x0000, 0x0000, 0x0000, 0x0000, 0x0000, 0x0000, 0x0000, 0x0000, 0x6FF7, 0x1B6A, 0x1B6A,
0x1B6A, 0x1B6A, 0x1B6A, 0x6FF7, 0x6FF7, 0x0000, 0x0000, 0x0000, 0x0000, 0x0000, 0x0000, 0x0000, 0x0000, 0x0000, 0x0000, 0x0000,
0x0000, 0x0000, 0x0000, 0x0000, 0x0000, 0x0000, 0x0000, 0x0000, 0x0000, 0x0000, 0x0000, 0x0000, 0x0000, 0x0000, 0x0000, 0x0000,
0x0000, 0x0000, 0x0000, 0x0000, 0x0000, 0x0000, 0x0000, 0x0000, 0x0000, 0x0000, 0x0000, 0x0000, 0x0000, 0x0000, 0x0000, 0x0000,
0x0000, 0x0000, 0x0000, 0x0000, 0x0000, 0x0000, 0x0000, 0x0000, 0x0000, 0x0000, 0x0000, 0x0000, 0x0000, 0x0000, 0x6FF7, 0x1B6A,
0x1B6A, 0x1B6A, 0x6FF7, 0x0000, 0x0000, 0x0000, 0x0000, 0x0000, 0x0000, 0x0000, 0x0000, 0x0000, 0x0000, 0x0000, 0x0000, 0x0000,
0x0000, 0x0000, 0x0000, 0x0000, 0x0000, 0x0000, 0x0000, 0x0000, 0x0000, 0x0000, 0x0000, 0x0000, 0x0000, 0x0000, 0x0000, 0x0000,
0x0000, 0x0000, 0x0000, 0x0000, 0x0000, 0x0000, 0x0000, 0x0000, 0x0000, 0x0000, 0x0000, 0x0000, 0x0000, 0x0000, 0x0000, 0x0000,
0x0000, 0x0000, 0x0000, 0x0000, 0x0000, 0x0000, 0x0000, 0x0000, 0x0000, 0x0000, 0x0000, 0x0000, 0x0000, 0x0000, 0x0000, 0x6FF7,
0x1B6A, 0x6FF7, 0x0000, 0x0000, 0x0000, 0x0000, 0x0000, 0x0000, 0x0000, 0x0000, 0x0000, 0x0000, 0x0000, 0x0000, 0x0000, 0x0000,
0x0000, 0x0000, 0x0000, 0x0000, 0x0000, 0x0000, 0x0000, 0x0000, 0x0000, 0x0000, 0x0000, 0x0000, 0x0000, 0x0000, 0x0000, 0x0000,
0x0000, 0x0000, 0x0000, 0x0000, 0x0000, 0x0000, 0x0000, 0x0000, 0x0000, 0x0000, 0x0000, 0x0000, 0x0000, 0x0000, 0x0000, 0x0000,
0x0000, 0x0000, 0x0000, 0x0000, 0x0000, 0x0000, 0x0000, 0x0000, 0x0000, 0x0000, 0x0000, 0x0000, 0x0000, 0x0000, 0x0000, 0x0000,
0x6FF7, 0x0000, 0x0000, 0x0000, 0x0000, 0x0000, 0x0000, 0x0000, 0x0000, 0x0000, 0x0000, 0x0000, 0x0000, 0x0000, 0x0000, 0x0000,
0x0000, 0x0000, 0x0000, 0x0000, 0x0000, 0x0000, 0x0000, 0x0000, 0x0000, 0x0000, 0x0000, 0x0000, 0x0000, 0x0000, 0x0000, 0x0000,
0x0000, 0x0000, 0x0000, 0x0000, 0x0000, 0x0000, 0x0000, 0x0000, 0x0000, 0x0000, 0x0000, 0x0000, 0x0000, 0x0000, 0x0000, 0x0000,
0x0000, 0x0000, 0x0000, 0x0000, 0x0000, 0x0000, 0x0000, 0x0000, 0x0000, 0x0000, 0x0000, 0x0000, 0x0000, 0x0000, 0x0000, 0x0000,
0x0000, 0x0000, 0x0000, 0x0000, 0x0000, 0x0000, 0x0000, 0x0000, 0x0000, 0x0000, 0x0000, 0x0000, 0x0000, 0x0000, 0x0000, 0x0000,
0x0000, 0x0000, 0x0000, 0x0000, 0x0000, 0x0000, 0x0000, 0x0000, 0x0000, 0x0000, 0x0000, 0x0000, 0x0000, 0x0000, 0x0000, 0x0000,
0x0000, 0x0000, 0x0000, 0x0000, 0x0000, 0x0000, 0x0000, 0x0000, 0x0000, 0x0000, 0x0000, 0x0000, 0x0000, 0x0000, 0x0000, 0x0000,
0x0000, 0x0000, 0x0000, 0x0000, 0x0000, 0x0000, 0x0000, 0x0000, 0x0000, 0x0000, 0x0000, 0x0000, 0x0000, 0x0000, 0x0000, 0x0000,
0x0000, 0x0000, 0x0000, 0x0000, 0x0000, 0x0000, 0x0000, 0x0000, 0x0000, 0x0000, 0x0000, 0x0000, 0x0000, 0x0000, 0x0000, 0x0000,
0x0000, 0x0000, 0x0000, 0x0000, 0x0000, 0x0000, 0x0000, 0x0000, 0x0000, 0x0000, 0x0000, 0x0000, 0x0000, 0x0000, 0x0000, 0x0000,
0x0000, 0x0000, 0x0000, 0x0000, 0x0000, 0x0000, 0x0000, 0x0000, 0x0000, 0x0000, 0x0000, 0x0000, 0x0000, 0x0000, 0x0000, 0x0000,
0x0000, 0x0000, 0x0000, 0x0000, 0x0000, 0x0000, 0x0000, 0x0000, 0x0000, 0x0000, 0x0000, 0x0000, 0x0000, 0x0000, 0x0000, 0x0000,
0x0000, 0x0000, 0x0000, 0x0000, 0x0000, 0x0000, 0x0000, 0x0000, 0x0000, 0x0000, 0x0000, 0x0000, 0x0000, 0x0000, 0x0000, 0x0000,
0x0000, 0x0000, 0x0000, 0x0000, 0x0000, 0x0000, 0x0000, 0x0000, 0x0000, 0x0000, 0x0000, 0x0000, 0x0000, 0x0000, 0x0000, 0x0000,
0x0000, 0x0000, 0x0000, 0x0000, 0x0000, 0x0000, 0x0000, 0x0000, 0x0000, 0x0000, 0x0000, 0x0000, 0x0000, 0x0000, 0x0000, 0x0000,
0x0000, 0x0000, 0x0000, 0x0000, 0x0000, 0x0000, 0x0000, 0x0000, 0x0000, 0x0000, 0x0000, 0x0000, 0x0000, 0x0000, 0x0000, 0x0000,
0x0000, 0x0000, 0x0000, 0x0000, 0x0000, 0x0000, 0x0000, 0x0000, 0x0000, 0x0000, 0x0000, 0x0000, 0x0000, 0x0000, 0x0000, 0x0000,
0x0000, 0x0000, 0x0000, 0x0000, 0x0000, 0x0000, 0x0000, 0x0000, 0x0000, 0x0000, 0x0000, 0x0000, 0x0000, 0x0000, 0x0000, 0x0000,
0x0000, 0x0000, 0x0000, 0x0000, 0x0000, 0x0000, 0x0000, 0x0000, 0x0000, 0x0000, 0x0000, 0x0000, 0x0000, 0x0000, 0x0000, 0x0000,
0x0000, 0x0000, 0x0000, 0x0000, 0x0000, 0x0000, 0x0000, 0x0000, 0x0000, 0x0000, 0x0000, 0x0000, 0x0000, 0x0000, 0x0000, 0x0000,
0x0000, 0x0000, 0x0000, 0x0000, 0x0000, 0x0000, 0x0000, 0x0000, 0x0000, 0x0000, 0x0000, 0x0000, 0x0000, 0x0000, 0x0000, 0x0000,
0x0000, 0x0000, 0x0000, 0x0000, 0x0000, 0x0000, 0x0000, 0x0000, 0x0000, 0x0000, 0x0000, 0x0000, 0x0000, 0x0000, 0x0000, 0x0000,
0x0000, 0x0000, 0x0000, 0x0000, 0x0000, 0x0000, 0x0000, 0x0000, 0x0000, 0x0000, 0x0000, 0x0000, 0x0000, 0x0000, 0x0000, 0x0000,
0x0000, 0x0000, 0x0000, 0x0000, 0x0000, 0x0000, 0x0000, 0x0000, 0x0000, 0x0000, 0x0000, 0x0000, 0x0000, 0x0000, 0x0000, 0x0000,
0x0000, 0x0000, 0x0000, 0x0000, 0x0000, 0x0000, 0x0000, 0x0000, 0x0000, 0x0000, 0x0000, 0x0000, 0x0000, 0x0000, 0x0000, 0x0000,
0x0000, 0x0000, 0x0000, 0x0000, 0x0000, 0x0000, 0x0000, 0x0000, 0x0000, 0x0000, 0x0000, 0x0000, 0x0000, 0x0000, 0x0000, 0x0000,
0x0000, 0x0000, 0x0000, 0x0000, 0x0000, 0x0000, 0x0000, 0x0000, 0x0000, 0x0000, 0x0000, 0x0000, 0x0000, 0x0000, 0x0000, 0x0000,
0x0000, 0x0000, 0x0000, 0x0000, 0x0000, 0x0000, 0x0000, 0x0000, 0x0000, 0x0000, 0x0000, 0x0000, 0x0000, 0x0000, 0x0000, 0x0000,
0x0000, 0x0000, 0x0000, 0x0000, 0x0000, 0x0000, 0x0000, 0x0000, 0x0000, 0x0000, 0x0000, 0x0000, 0x0000, 0x0000, 0x0000, 0x0000,
0x0000, 0x0000, 0x0000, 0x0000, 0x0000, 0x0000, 0x0000, 0x0000, 0x0000, 0x0000, 0x0000, 0x0000, 0x0000, 0x0000, 0x0000, 0x0000
};

const uint16_t icon_wingardium[64 * 64] PROGMEM = {
0x0000, 0x0000, 0x0000, 0x0000, 0x0000, 0x0000, 0x0000, 0x0000, 0x0000, 0x0000, 0x0000, 0x0000, 0x0000, 0x0000, 0x0000, 0x0000,
0x0000, 0x0000, 0x0000, 0x0000, 0x0000, 0x0000, 0x0000, 0x0000, 0x0000, 0x0000, 0x0000, 0x0000, 0x0000, 0x0000, 0x0000, 0x0000,
0x0000, 0x0000, 0x0000, 0x0000, 0x0000, 0x0000, 0x0000, 0x0000, 0x0000, 0x0000, 0x0000, 0x0000, 0x0000, 0x0000, 0x0000, 0x0000,
0x0000, 0x0000, 0x0000, 0x0000, 0x0000, 0x0000, 0x0000, 0x0000, 0x0000, 0x0000, 0x0000, 0x0000, 0x0000, 0x0000, 0x0000, 0x0000,
0x0000, 0x0000, 0x0000, 0x0000, 0x0000, 0x0000, 0x0000, 0x0000, 0x0000, 0x0000, 0x0000, 0x0000, 0x0000, 0x0000, 0x0000, 0x0000,
0x0000, 0x0000, 0x0000, 0x0000, 0x0000, 0x0000, 0x0000, 0x0000, 0x0000, 0x0000, 0x0000, 0x0000, 0x0000, 0x0000, 0x0000, 0x0000,
0x0000, 0x0000, 0x0000, 0x0000, 0x0000, 0x0000, 0x0000, 0x0000, 0x0000, 0x0000, 0x0000, 0x0000, 0x0000, 0x0000, 0x0000, 0x0000,
0x0000, 0x0000, 0x0000, 0x0000, 0x0000, 0x0000, 0x0000, 0x0000, 0x0000, 0x0000, 0x0000, 0x0000, 0x0000, 0x0000, 0x0000, 0x0000,
0x0000, 0x0000, 0x0000, 0x0000, 0x0000, 0x0000, 0x0000, 0x0000, 0x0000, 0x0000, 0x0000, 0x0000, 0x0000, 0x0000, 0x0000, 0x0000,
0x0000, 0x0000, 0x0000, 0x0000, 0x0000, 0x0000, 0x0000, 0x0000, 0x0000, 0x0000, 0x0000, 0x0000, 0x0000, 0x0000, 0x0000, 0x0000,
0x0000, 0x0000, 0x0000, 0x0000, 0x0000, 0x0000, 0x0000, 0x0000, 0x0000, 0x0000, 0x0000, 0x0000, 0x0000, 0x0000, 0x0000, 0x0000,
0x0000, 0x0000, 0x0000, 0x0000, 0x0000, 0x0000, 0x0000, 0x0000, 0x0000, 0x0000, 0x0000, 0x0000, 0x0000, 0x0000, 0x0000, 0x0000,
0x0000, 0x0000, 0x0000, 0x0000, 0x0000, 0x0000, 0x0000, 0x0000, 0x0000, 0x0000, 0x0000, 0x0000, 0x0000, 0x0000, 0x0000, 0x0000,
0x0000, 0x0000, 0x0000, 0x0000, 0x0000, 0x0000, 0x0000, 0x0000, 0x0000, 0x0000, 0x0000, 0x0000, 0x0000, 0x0000, 0x0000, 0x0000,
0x0000, 0x0000, 0x0000, 0x0000, 0x0000, 0x0000, 0x0000, 0x0000, 0x0000, 0x0000, 0x0000, 0x0000, 0x0000, 0x0000, 0x0000, 0x0000,
0x0000, 0x0000, 0x0000, 0x0000, 0x0000, 0x0000, 0x0000, 0x0000, 0x0000, 0x0000, 0x0000, 0x0000, 0x0000, 0x0000, 0x0000, 0x0000,
0x0000, 0x0000, 0x0000, 0x0000, 0x0000, 0x0000, 0x0000, 0x0000, 0x0000, 0x0000, 0x0000, 0x0000, 0x0000, 0x0000, 0x0000, 0x0000,
0x0000, 0x0000, 0x0000, 0x0000, 0x0000, 0x0000, 0x0000, 0x0000, 0x0000, 0x0000, 0x0000, 0x0000, 0x0000, 0x0000, 0x0000, 0x0000,
0x0000, 0x0000, 0x0000, 0x0000, 0x0000, 0x0000, 0x0000, 0x0000, 0x0000, 0x0000, 0x0000, 0x0000, 0x0000, 0x0000, 0x0000, 0x0000,
0x0000, 0x0000, 0x0000, 0x0000, 0x0000, 0x0000, 0x0000, 0x0000, 0x0000, 0x0000, 0x0000, 0x0000, 0x0000, 0x0000, 0x0000, 0x0000,
0x0000, 0x0000, 0x0000, 0x0000, 0x0000, 0x0000, 0x0000, 0x0000, 0x0000, 0x0000, 0x0000, 0x0000, 0x0000, 0x0000, 0x0000, 0x0000,
0x0000, 0x0000, 0x0000, 0x0000, 0x0000, 0x0000, 0x0000, 0x0000, 0x0000, 0x0000, 0x0000, 0x0000, 0x0000, 0x0000, 0x0000, 0x0000,
0x0000, 0x0000, 0x0000, 0x0000, 0x0000, 0x0000, 0x0000, 0x0000, 0x0000, 0x0000, 0x0000, 0x0000, 0x0000, 0x0000, 0x0000, 0x0000,
0x0000, 0x0000, 0x0000, 0x0000, 0x0000, 0x0000, 0x0000, 0x0000, 0x0000, 0x0000, 0x0000, 0x0000, 0x0000, 0x0000, 0x0000, 0x0000,
0x0000, 0x0000, 0x0000, 0x0000, 0x0000, 0x0000, 0x0000, 0x0000, 0x0000, 0x0000, 0x0000, 0x0000, 0x0000, 0x0000, 0x0000, 0x0000,
0x0000, 0x0000, 0x0000, 0x0000, 0x0000, 0x0000, 0x0000, 0x0000, 0x0000, 0x0000, 0x0000, 0x0000, 0x0000, 0x0000, 0x0000, 0x0000,
0x0000, 0x0000, 0x0000, 0x0000, 0x0000, 0x0000, 0x0000, 0x0000, 0x0000, 0x0000, 0x0000, 0x0000, 0x0000, 0x0000, 0x0000, 0x0000,
0x0000, 0x0000, 0x0000, 0x0000, 0x0000, 0x0000, 0x0000, 0x0000, 0x0000, 0x0000, 0x0000, 0x0000, 0x0000, 0x0000, 0x0000, 0x0000,
0x0000, 0x0000, 0x0000, 0x0000, 0x0000, 0x0000, 0x0000, 0x0000, 0x0000, 0x0000, 0x0000, 0x0000, 0x0000, 0x0000, 0x0000, 0x0000,
0x0000, 0x0000, 0x0000, 0x0000, 0x0000, 0x0000, 0x0000, 0x0000, 0x0000, 0x0000, 0x0000, 0x0000, 0x0000, 0x0000, 0x0000, 0x0000,
0x0000, 0x0000, 0x0000, 0x0000, 0x0000, 0x0000, 0x0000, 0x0000, 0x0000, 0x0000, 0x0000, 0x0000, 0x0000, 0x0000, 0x0000, 0x0000,
0x0000, 0x0000, 0x0000, 0x0000, 0x0000, 0x0000, 0x0000, 0x0000, 0x0000, 0x0000, 0x0000, 0x0000, 0x0000, 0x0000, 0x0000, 0x0000,
0x0000, 0x0000, 0x0000, 0x0000, 0x0000, 0x0000, 0x0000, 0x0000, 0x0000, 0x0000, 0x0000, 0x0000, 0x0000, 0x0000, 0x0000, 0x0000,
0x0000, 0x0000, 0x0000, 0x0000, 0x0000, 0x0000, 0x0000, 0x0000, 0x0000, 0x0000, 0x0000, 0x0000, 0x0000, 0x0000, 0x0000, 0x0000,
0x0000, 0x0000, 0x0000, 0x0000, 0x0000, 0x0000, 0x0000, 0x0000, 0x0000, 0x0000, 0x0000, 0x0000, 0x0000, 0x0000, 0x0000, 0x0000,
0x0000, 0x0000, 0x0000, 0x0000, 0x0000, 0x0000, 0x0000, 0x0000, 0x0000, 0x0000, 0x0000, 0x0000, 0x0000, 0x0000, 0x0000, 0x0000,
0x0000, 0x0000, 0x0000, 0x0000, 0x0000, 0x0000, 0x0000, 0x0000, 0x0000, 0x0000, 0x0000, 0x0000, 0x0000, 0x0000, 0x0000, 0x0000,
0x0000, 0x0000, 0x0000, 0x0000, 0x0000, 0x0000, 0x0000, 0x0000, 0x0000, 0x0000, 0x0000, 0x0000, 0x0000, 0x0000, 0x0000, 0x0000,
0x0000, 0x0000, 0x0000, 0x0000, 0x0000, 0x0000, 0x0000, 0x0000, 0x0000, 0x0000, 0x0000, 0x0000, 0x0000, 0x0000, 0x0000, 0x0000,
0x0000, 0x0000, 0x0000, 0x0000, 0x0000, 0x0000, 0x0000, 0x0000, 0x0000, 0x0000, 0x0000, 0x0000, 0x0000, 0x0000, 0x0000, 0x0000,
0x0000, 0x0000, 0x0000, 0x0000, 0x0000, 0x0000, 0x0000, 0x0000, 0x0000, 0x0000, 0x0000, 0x0000, 0x0000, 0x0000, 0x0000, 0x0000,
0x0000, 0x0000, 0x0000, 0x0000, 0x0000, 0x0000, 0x0000, 0x0000, 0x0000, 0x0000, 0x0000, 0x0000, 0x0000, 0x0000, 0x0000, 0x0000,
0x0000, 0x0000, 0x0000, 0x0000, 0x0000, 0x0000, 0x0000, 0x0000, 0x0000, 0x0000, 0x0000, 0x0000, 0x0000, 0x0000, 0x0000, 0x0000,
0x0000, 0x0000, 0x0000, 0x0000, 0x0000, 0x0000, 0xFFFF, 0x0000, 0x0000, 0x0000, 0x0000, 0x0000, 0x0000, 0x0000, 0x0000, 0x0000,
0x0000, 0x0000, 0x0000, 0x0000, 0x0000, 0x0000, 0x0000, 0x0000, 0x0000, 0x0000, 0x0000, 0x0000, 0x0000, 0x0000, 0x0000, 0x0000,
0x0000, 0x0000, 0x0000, 0x0000, 0x0000, 0x0000, 0x0000, 0x0000, 0x0000, 0x0000, 0x0000, 0x0000, 0x0000, 0x0000, 0x0000, 0x0000,
0x0000, 0x0000, 0x0000, 0x0000, 0x0000, 0x0000, 0x0000, 0x0000, 0x0000, 0x0000, 0x0000, 0x0000, 0x0000, 0x0000, 0x0000, 0x0000,
0x0000, 0x0000, 0x0000, 0x0000, 0x0000, 0xFFFF, 0xFFFF, 0xFFFF, 0x0000, 0x0000, 0x0000, 0x0000, 0x0000, 0x0000, 0x0000, 0x0000,
0x0000, 0x0000, 0x0000, 0x0000, 0x0000, 0x0000, 0x0000, 0x0000, 0x0000, 0x0000, 0x0000, 0x0000, 0x0000, 0x0000, 0x0000, 0x0000,
0x0000, 0x0000, 0x0000, 0x0000, 0x0000, 0x0000, 0x0000, 0x0000, 0x0000, 0x0000, 0x0000, 0x0000, 0x0000, 0x0000, 0x0000, 0x0000,
0x0000, 0x0000, 0x0000, 0x0000, 0x0000, 0x0000, 0x0000, 0x0000, 0x0000, 0x0000, 0x0000, 0x0000, 0x0000, 0x0000, 0x0000, 0x0000,
0x0000, 0x0000, 0x0000, 0x0000, 0xFFFF, 0xFFFF, 0xFFFF, 0x0000, 0x0000, 0x0000, 0x0000, 0x0000, 0x0000, 0x0000, 0x0000, 0x0000,
0x0000, 0x0000, 0x0000, 0x0000, 0x0000, 0x0000, 0x0000, 0x0000, 0x0000, 0x0000, 0x0000, 0x0000, 0x0000, 0x0000, 0x0000, 0x0000,
0x0000, 0x0000, 0x0000, 0x0000, 0x0000, 0x0000, 0x0000, 0x0000, 0x0000, 0x0000, 0x0000, 0x0000, 0x0000, 0x0000, 0x0000, 0x0000,
0x0000, 0x0000, 0x0000, 0x0000, 0x0000, 0x0000, 0x0000, 0x0000, 0x0000, 0x0000, 0x0000, 0x0000, 0x0000, 0x0000, 0x0000, 0x0000,
0x0000, 0x0000, 0xFFFF, 0xFFFF, 0xFFFF, 0xFFFF, 0x0000, 0x0000, 0x0000, 0x0000, 0x0000, 0x0000, 0x0000, 0x0000, 0x0000, 0x0000,
0x0000, 0x0000, 0x0000, 0x0000, 0x0000, 0x0000, 0x0000, 0x0000, 0x0000, 0x0000, 0x0000, 0x0000, 0x0000, 0x0000, 0x0000, 0x0000,
0x0000, 0x0000, 0x0000, 0x0000, 0x0000, 0x0000, 0x0000, 0x0000, 0x0000, 0x0000, 0x0001, 0x0001, 0x0001, 0x0021, 0x0021, 0x0021,
0x0021, 0x0021, 0x0001, 0x0001, 0x0001, 0x0000, 0x0000, 0x0000, 0x0000, 0x0000, 0x0000, 0x0000, 0x0000, 0x0000, 0x0000, 0x0000,
0x0000, 0xFFFF, 0xFFFF, 0xFFFF, 0x0000, 0x0000, 0x0000, 0x0000, 0x0000, 0x0000, 0x0000, 0x0000, 0x0000, 0x0000, 0x0000, 0x0000,
0x0000, 0x0000, 0x0000, 0x0000, 0x0000, 0x0000, 0x0000, 0x0000, 0x0000, 0x0000, 0x0000, 0x0000, 0x0000, 0x0000, 0x0000, 0x0000,
0x0000, 0x0000, 0x0000, 0x0000, 0x0000, 0x0000, 0x0000, 0x0001, 0x0001, 0x0021, 0x0021, 0x0021, 0x0021, 0x0821, 0x0821, 0x0821,
0x0821, 0x0821, 0x0021, 0x0021, 0x0021, 0x0021, 0x0001, 0x0001, 0x0000, 0x0000, 0x0000, 0x0000, 0x0000, 0x0000, 0x0000, 0x0000,
0xFFFF, 0xFFFF, 0xFFFF, 0x0000, 0x0000, 0x0000, 0x0000, 0x0000, 0x0000, 0x0000, 0x0000, 0x0000, 0x0000, 0x0000, 0x0000, 0x0000,
0x0000, 0x0000, 0x0000, 0x0000, 0x0000, 0x0000, 0x0000, 0x0000, 0x0000, 0x0000, 0x0000, 0x0000, 0x0000, 0x0000, 0x0000, 0x0000,
0x0000, 0x0000, 0x0000, 0x0000, 0x0000, 0x0000, 0x0001, 0x0021, 0x0021, 0x0821, 0x0821, 0x0821, 0x0821, 0x0821, 0x0821, 0x0821,
0x0821, 0x0821, 0x0821, 0x0821, 0x0821, 0x0821, 0x0021, 0x0021, 0x0001, 0x0000, 0x0000, 0x0000, 0x0000, 0x0000, 0x0000, 0xFFFF,
0xFFFF, 0xFFFF, 0x0000, 0x0000, 0x0000, 0x0000, 0x0000, 0x0000, 0x0000, 0x0000, 0x0000, 0x0000, 0x0000, 0x0000, 0x0000, 0x0000,
0x0000, 0x0000, 0x0000, 0x0000, 0x0000, 0x0000, 0x0000, 0x0000, 0x0000, 0x0000, 0x0000, 0x0000, 0x0000, 0x0000, 0x0000, 0x0000,
0x0000, 0x0000, 0x0000, 0x0000, 0x0001, 0x0001, 0x0021, 0x0821, 0x0821, 0x0821, 0x0821, 0x0822, 0x0822, 0x0822, 0x0822, 0x0822,
0x0822, 0x0822, 0x0822, 0x0822, 0x0821, 0x0821, 0x0821, 0x0821, 0x0021, 0x0001, 0x0001, 0x0000, 0x0000, 0x0000, 0xFFFF, 0xFFFF,
0xFFFF, 0x0000, 0x0000, 0x0000, 0x0000, 0x0000, 0x0000, 0x0000, 0x0000, 0x0000, 0x0000, 0x0000, 0x0000, 0x0000, 0x0000, 0x0000,
0x0000, 0x0000, 0x0000, 0x0000, 0x0000, 0x0000, 0x0000, 0x0000, 0x0000, 0x0000, 0x0000, 0x0000, 0x0000, 0x0000, 0x0000, 0x0000,
0x0000, 0x0000, 0x0000, 0x0001, 0x0021, 0x0021, 0x0821, 0x0821, 0x0822, 0x0822, 0x0842, 0x0842, 0x0842, 0x0842, 0x0842, 0x0842,
0x0842, 0x0842, 0x0842, 0x0842, 0x0842, 0x0822, 0x0822, 0x0821, 0x0821, 0x0021, 0x0021, 0x0001, 0x0000, 0xFFFF, 0xFFFF, 0xFFFF,
0x0000, 0x0000, 0x0000, 0x0000, 0x0000, 0xF6FF, 0xF6FF, 0xF6FF, 0x0000, 0x0000, 0x0000, 0x0000, 0x0000, 0x0000, 0x0000, 0x0000,
0x0000, 0x0000, 0x0000, 0x0000, 0x0000, 0x0000, 0x0000, 0x0000, 0x0000, 0x0000, 0x0000, 0x0000, 0x0000, 0x0000, 0x0000, 0x0000,
0x0000, 0x0000, 0x0001, 0x0021, 0x0821, 0x0821, 0x0821, 0x0822, 0x0842, 0x0842, 0x0842, 0x1043, 0x1043, 0x1043, 0x1043, 0x1043,
0x1043, 0x1043, 0x1043, 0x1043, 0x0842, 0x0842, 0x0842, 0x0822, 0x0821, 0x0821, 0x0821, 0xFFFF, 0xFFFF, 0xFFFF, 0xFFFF, 0x0000,
0xF6FF, 0xF6FF, 0xF6FF, 0xF6FF, 0xF6FF, 0xCCBF, 0xF6FF, 0x0000, 0x0000, 0x0000, 0x0000, 0x0000, 0x0000, 0x0000, 0x0000, 0x0000,
0x0000, 0x0000, 0x0000, 0x0000, 0x0000, 0x0000, 0x0000, 0x0000, 0x0000, 0x0000, 0x0000, 0x0000, 0x0000, 0x0000, 0x0000, 0x0000,
0x0000, 0x0001, 0x0021, 0x0821, 0x0821, 0x0822, 0x0822, 0x0842, 0x0842, 0x1043, 0x1043, 0x1043, 0x1063, 0x1063, 0x1064, 0x1064,
0x1064, 0x1063, 0x1063, 0x1043, 0x1043, 0x1043, 0x0842, 0x0842, 0x0822, 0x0822, 0xFFFF, 0xFFFF, 0xFFFF, 0xF6FF, 0xF6FF, 0xF6FF,
0xCCBF, 0xCCBF, 0xCCBF, 0xCCBF, 0xCCBF, 0xF6FF, 0x0000, 0x0000, 0x0000, 0x0000, 0x0000, 0x0000, 0x0000, 0x0000, 0x0000, 0x0000,
0x0000, 0x0000, 0x0000, 0x0000, 0x0000, 0x0000, 0x0000, 0x0000, 0x0000, 0x0000, 0x0000, 0x0000, 0x0000, 0x0000, 0x0000, 0x0000,
0x0001, 0x0021, 0x0821, 0x0821, 0x0822, 0x0822, 0x0842, 0x1043, 0x1043, 0x1063, 0x1064, 0x1064, 0x1064, 0x1864, 0x1864, 0x1864,
0x1864, 0x1864, 0x1064, 0x1064, 0x1064, 0x1063, 0x1043, 0xF6FF, 0xF6FF, 0xFFFF, 0xFFFF, 0xFFFF, 0xCCBF, 0xCCBF, 0xCCBF, 0xCCBF,
0xCCBF, 0xCCBF, 0xCCBF, 0xCCBF, 0xF6FF, 0x0000, 0x0000, 0x0000, 0x0000, 0x0000, 0x0000, 0x0000, 0x0000, 0x0000, 0x0000, 0x0000,
0x0000, 0x0000, 0x0000, 0x0000, 0x0000, 0x0000, 0x0000, 0x0000, 0x0000, 0x0000, 0x0000, 0x0000, 0x0000, 0x0000, 0x0000, 0x0000,
0x0021, 0x0021, 0x0821, 0x0822, 0x0822, 0x0842, 0x1043, 0x1043, 0x1063, 0x1064, 0x1864, 0x1864, 0x1885, 0x1885, 0x1885, 0x1885,
0x1885, 0x1885, 0xF6FF, 0xF6FF, 0xF6FF, 0xF6FF, 0xF6FF, 0xCCBF, 0xFFFF, 0xFFFF, 0xFFFF, 0xCCBF, 0xCCBF, 0xCCBF, 0xCCBF, 0xCCBF,
0xCCBF, 0xCCBF, 0xF6FF, 0xF6FF, 0x0000, 0x0000, 0x0000, 0x0000, 0x0000, 0x0000, 0x0000, 0x0000, 0x0000, 0x0000, 0x0000, 0x0000,
0x0000, 0x0000, 0x0000, 0x0000, 0x0000, 0x0000, 0x0000, 0x0000, 0x0000, 0x0000, 0x0000, 0x0000, 0x0000, 0x0000, 0x0000, 0x0001,
0x0021, 0x0821, 0x0821, 0x0822, 0x0842, 0x1043, 0x1043, 0x1064, 0x1064, 0x1864, 0x1885, 0x1885, 0x1885, 0x1885, 0xF6FF, 0xF6FF,
0xF6FF, 0xF6FF, 0xCCBF, 0xCCBF, 0xCCBF, 0xCCBF, 0xCCBF, 0xFFFF, 0xFFFF, 0xFFFF, 0xCCBF, 0xCCBF, 0xCCBF, 0xCCBF, 0xCCBF, 0xCCBF,
0xCCBF, 0xF6FF, 0x0000, 0x0000, 0x0000, 0x0000, 0x0000, 0x0000, 0x0000, 0x0000, 0x0000, 0x0000, 0x0000, 0x0000, 0x0000, 0x0000,
0x0000, 0x0000, 0x0000, 0x0000, 0x0000, 0x0000, 0x0000, 0x0000, 0x0000, 0x0000, 0x0000, 0x0000, 0x0000, 0x0000, 0x0000, 0x0021,
0x0821, 0x0821, 0x0822, 0x0842, 0x1043, 0x1043, 0x1064, 0x1064, 0x1864, 0x1885, 0x1885, 0xF6FF, 0xF6FF, 0xF6FF, 0xCCBF, 0xCCBF,
0xCCBF, 0xCCBF, 0xCCBF, 0xCCBF, 0xCCBF, 0xFFFF, 0xFFFF, 0xFFFF, 0xFFFF, 0xCCBF, 0xCCBF, 0xCCBF, 0xCCBF, 0xCCBF, 0xCCBF, 0xCCBF,
0xF6FF, 0x0000, 0x0000, 0x0000, 0x0000, 0x0000, 0x0000, 0x0000, 0x0000, 0x0000, 0x0000, 0x0000, 0x0000, 0x0000, 0x0000, 0x0000,
0x0000, 0x0000, 0x0000, 0x0000, 0x0000, 0x0000, 0x0000, 0x0000, 0x0000, 0x0000, 0x0000, 0x0000, 0x0000, 0x0000, 0x0001, 0x0021,
0x0821, 0x0822, 0x0842, 0x0842, 0x1043, 0x1063, 0x1064, 0x1884, 0x1885, 0xF6FF, 0xF6FF, 0xCCBF, 0xCCBF, 0xCCBF, 0xCCBF, 0xCCBF,
0xCCBF, 0xCCBF, 0xCCBF, 0xCCBF, 0xFFFF, 0xFFFF, 0xFFFF, 0xCCBF, 0xCCBF, 0xCCBF, 0xCCBF, 0xCCBF, 0xCCBF, 0xCCBF, 0xCCBF, 0xF6FF,
0x0001, 0x0000, 0x0000, 0x0000, 0x0000, 0x0000, 0x0000, 0x0000, 0x0000, 0x0000, 0x0000, 0x0000, 0x0000, 0x0000, 0x0000, 0x0000,
0x0000, 0x0000, 0x0000, 0x0000, 0x0000, 0x0000, 0x0000, 0x0000, 0x0000, 0x0000, 0x0000, 0x0000, 0x0000, 0x0000, 0x0021, 0x0821,
0x0821, 0x0822, 0x0842, 0x1043, 0x1043, 0x1064, 0x1864, 0x1885, 0xF6FF, 0xCCBF, 0xCCBF, 0xCCBF, 0xCCBF, 0xCCBF, 0xCCBF, 0xCCBF,
0xCCBF, 0xCCBF, 0xCCBF, 0xFFFF, 0xFFFF, 0xFFFF, 0xCCBF, 0xCCBF, 0xCCBF, 0xCCBF, 0xCCBF, 0xCCBF, 0xCCBF, 0xCCBF, 0xF6FF, 0x0821,
0x0021, 0x0000, 0x0000, 0x0000, 0x0000, 0x0000, 0x0000, 0x0000, 0x0000, 0x0000, 0x0000, 0x0000, 0x0000, 0x0000, 0x0000, 0x0000,
0x0000, 0x0000, 0x0000, 0x0000, 0x0000, 0x0000, 0x0000, 0x0000, 0x0000, 0x0000, 0x0000, 0x0000, 0x0000, 0x0001, 0x0021, 0x0821,
0x0822, 0x0842, 0x0842, 0x1043, 0x1063, 0x1864, 0xF6FF, 0xF6FF, 0xCCBF, 0xCCBF, 0xCCBF, 0xCCBF, 0xCCBF, 0xCCBF, 0xCCBF, 0xCCBF,
0xCCBF, 0xCCBF, 0xFFFF, 0xFFFF, 0xFFFF, 0xCCBF, 0xCCBF, 0xCCBF, 0xCCBF, 0xCCBF, 0xCCBF, 0xCCBF, 0xCCBF, 0xF6FF, 0x0822, 0x0821,
0x0021, 0x0001, 0x0000, 0x0000, 0x0000, 0x0000, 0x0000, 0x0000, 0x0000, 0x0000, 0x0000, 0x0000, 0x0000, 0x0000, 0x0000, 0x0000,
0x0000, 0x0000, 0x0000, 0x0000, 0x0000, 0x0000, 0x0000, 0x0000, 0x0000, 0x0000, 0x0000, 0x0000, 0x0000, 0x0001, 0x0021, 0x0821,
0x0822, 0x0842, 0x1043, 0x1043, 0x1064, 0xF6FF, 0xCCBF, 0xCCBF, 0xCCBF, 0xCCBF, 0xCCBF, 0xCCBF, 0xCCBF, 0xCCBF, 0xCCBF, 0xCCBF,
0xCCBF, 0xFFFF, 0xFFFF, 0xFFFF, 0xCCBF, 0xCCBF, 0xCCBF, 0xCCBF, 0xCCBF, 0xCCBF, 0xCCBF, 0xCCBF, 0xF6FF, 0x0842, 0x0822, 0x0821,
0x0021, 0x0001, 0x0000, 0x0000, 0x0000, 0x0000, 0x0000, 0x0000, 0x0000, 0x0000, 0x0000, 0x0000, 0x0000, 0x0000, 0x0000, 0x0000,
0x0000, 0x0000, 0x0000, 0x0000, 0x0000, 0x0000, 0x0000, 0x0000, 0x0000, 0x0000, 0x0000, 0x0000, 0x0000, 0x0001, 0x0021, 0x0821,
0x0822, 0x0842, 0x1043, 0xF6FF, 0xF6FF, 0xCCBF, 0xCCBF, 0xCCBF, 0xCCBF, 0xCCBF, 0xCCBF, 0xCCBF, 0xCCBF, 0xCCBF, 0xCCBF, 0xCCBF,
0xFFFF, 0xFFFF, 0xFFFF, 0xCCBF, 0xCCBF, 0xCCBF, 0xCCBF, 0xCCBF, 0xCCBF, 0xCCBF, 0xF6FF, 0xF6FF, 0x1043, 0x0842, 0x0822, 0x0821,
0x0021, 0x0001, 0x0000, 0x0000, 0x0000, 0x0000, 0x0000, 0x0000, 0x0000, 0x0000, 0x0000, 0x0000, 0x0000, 0x0000, 0x0000, 0x0000,
0x0000, 0x0000, 0x0000, 0x0000, 0x0000, 0x0000, 0x0000, 0x0000, 0x0000, 0x0000, 0x0000, 0x0000, 0x0000, 0x0001, 0x0821, 0x0821,
0x0822, 0x0842, 0xF6FF, 0xCCBF, 0xCCBF, 0xCCBF, 0xCCBF, 0xCCBF, 0xCCBF, 0xCCBF, 0xCCBF, 0xCCBF, 0xCCBF, 0xCCBF, 0xFFFF, 0xFFFF,
0xFFFF, 0xFFFF, 0xCCBF, 0xCCBF, 0xCCBF, 0xCCBF, 0xCCBF, 0xCCBF, 0xCCBF, 0xF6FF, 0x1864, 0x1063, 0x1043, 0x0842, 0x0822, 0x0821,
0x0821, 0x0001, 0x0000, 0x0000, 0x0000, 0x0000, 0x0000, 0x0000, 0x0000, 0x0000, 0x0000, 0x0000, 0x0000, 0x0000, 0x0000, 0x0000,
0x0000, 0x0000, 0x0000, 0x0000, 0x0000, 0x0000, 0x0000, 0x0000, 0x0000, 0x0000, 0x0000, 0x0000, 0x0000, 0x0021, 0x0821, 0x0821,
0x0822, 0xF6FF, 0xCCBF, 0xCCBF, 0xCCBF, 0xCCBF, 0xCCBF, 0xCCBF, 0xCCBF, 0xCCBF, 0xCCBF, 0xCCBF, 0xCCBF, 0xFFFF, 0xFFFF, 0xFFFF,
0xCCBF, 0xCCBF, 0xCCBF, 0xCCBF, 0xCCBF, 0xCCBF, 0xCCBF, 0xCCBF, 0xF6FF, 0x1885, 0x1864, 0x1064, 0x1043, 0x0842, 0x0822, 0x0821,
0x0821, 0x0021, 0x0000, 0x0000, 0x0000, 0x0000, 0x0000, 0x0000, 0x0000, 0x0000, 0x0000, 0x0000, 0x0000, 0x0000, 0x0000, 0x0000,
0x0000, 0x0000, 0x0000, 0x0000, 0x0000, 0x0000, 0x0000, 0x0000, 0x0000, 0x0000, 0x0000, 0x0000, 0x0000, 0x0021, 0x0821, 0xF6FF,
0xF6FF, 0xCCBF, 0xCCBF, 0xCCBF, 0xCCBF, 0xCCBF, 0xCCBF, 0xCCBF, 0xCCBF, 0xCCBF, 0xCCBF, 0xCCBF, 0xFFFF, 0xFFFF, 0xFFFF, 0xCCBF,
0xCCBF, 0xCCBF, 0xCCBF, 0xCCBF, 0xCCBF, 0xCCBF, 0xCCBF, 0xF6FF, 0x2086, 0x1885, 0x1864, 0x1064, 0x1043, 0x0842, 0x0822, 0x0821,
0x0821, 0x0021, 0x0000, 0x0000, 0x0000, 0x0000, 0x0000, 0x0000, 0x0000, 0x0000, 0x0000, 0x0000, 0x0000, 0x0000, 0x0000, 0x0000,
0x0000, 0x0000, 0x0000, 0x0000, 0x0000, 0x0000, 0x0000, 0x0000, 0x0000, 0x0000, 0x0000, 0x0000, 0x0000, 0x0021, 0xF6FF, 0xCCBF,
0xCCBF, 0xCCBF, 0xCCBF, 0xCCBF, 0xCCBF, 0xCCBF, 0xCCBF, 0xCCBF, 0xCCBF, 0xCCBF, 0xCCBF, 0xFFFF, 0xFFFF, 0xFFFF, 0xCCBF, 0xCCBF,
0xCCBF, 0xCCBF, 0xCCBF, 0xCCBF, 0xCCBF, 0xCCBF, 0xCCBF, 0xCCBF, 0xF6FF, 0x1885, 0x1864, 0x1064, 0x1043, 0x0842, 0x0822, 0x0821,
0x0821, 0x0021, 0x0000, 0x0000, 0x0000, 0x0000, 0x0000, 0x0000, 0x0000, 0x0000, 0x0000, 0x0000, 0x0000, 0x0000, 0x0000, 0x0000,
0x0000, 0x0000, 0x0000, 0x0000, 0x0000, 0x0000, 0x0000, 0x0000, 0x0000, 0x0000, 0x0000, 0x0000, 0xF6FF, 0xF6FF, 0xCCBF, 0xCCBF,
0xCCBF, 0xCCBF, 0xCCBF, 0xCCBF, 0xCCBF, 0xCCBF, 0xCCBF, 0xCCBF, 0xCCBF, 0xCCBF, 0xFFFF, 0xFFFF, 0xFFFF, 0xCCBF, 0xCCBF, 0xCCBF,
0xCCBF, 0xCCBF, 0xCCBF, 0xCCBF, 0xCCBF, 0xCCBF, 0xCCBF, 0xCCBF, 0xCCBF, 0xF6FF, 0x1864, 0x1063, 0x1043, 0x0842, 0x0822, 0x0821,
0x0821, 0x0001, 0x0000, 0x0000, 0x0000, 0x0000, 0x0000, 0x0000, 0x0000, 0x0000, 0x0000, 0x0000, 0x0000, 0x0000, 0x0000, 0x0000,
0x0000, 0x0000, 0x0000, 0x0000, 0x0000, 0x0000, 0x0000, 0x0000, 0x0000, 0x0000, 0x0000, 0xF6FF, 0xCCBF, 0xCCBF, 0xCCBF, 0xCCBF,
0xCCBF, 0xCCBF, 0xCCBF, 0xCCBF, 0xCCBF, 0xCCBF, 0xCCBF, 0xCCBF, 0xCCBF, 0xFFFF, 0xFFFF, 0xFFFF, 0xCCBF, 0xCCBF, 0xCCBF, 0xCCBF,
0xCCBF, 0xCCBF, 0xCCBF, 0xCCBF, 0xCCBF, 0xCCBF, 0xCCBF, 0xCCBF, 0xCCBF, 0xCCBF, 0xF6FF, 0xF6FF, 0x1043, 0x0842, 0x0822, 0x0821,
0x0021, 0x0001, 0x0000, 0x0000, 0x0000, 0x0000, 0x0000, 0x0000, 0x0000, 0x0000, 0x0000, 0x0000, 0x0000, 0x0000, 0x0000, 0x0000,
0x0000, 0x0000, 0x0000, 0x0000, 0x0000, 0x0000, 0x0000, 0x0000, 0x0000, 0xF6FF, 0xF6FF, 0xCCBF, 0xCCBF, 0xCCBF, 0xCCBF, 0xCCBF,
0xCCBF, 0xCCBF, 0xCCBF, 0xCCBF, 0xCCBF, 0xCCBF, 0xCCBF, 0xFFFF, 0xFFFF, 0xFFFF, 0xFFFF, 0xCCBF, 0xCCBF, 0xCCBF, 0xCCBF, 0xCCBF,
0xCCBF, 0xCCBF, 0xCCBF, 0xCCBF, 0xCCBF, 0xCCBF, 0xCCBF, 0xCCBF, 0xCCBF, 0xCCBF, 0xCCBF, 0xCCBF, 0xF6FF, 0x0842, 0x0822, 0x0821,
0x0021, 0x0001, 0x0000, 0x0000, 0x0000, 0x0000, 0x0000, 0x0000, 0x0000, 0x0000, 0x0000, 0x0000, 0x0000, 0x0000, 0x0000, 0x0000,
0x0000, 0x0000, 0x0000, 0x0000, 0x0000, 0x0000, 0x0000, 0x0000, 0xF6FF, 0xCCBF, 0xCCBF, 0xCCBF, 0xCCBF, 0xCCBF, 0xCCBF, 0xCCBF,
0xCCBF, 0xCCBF, 0xCCBF, 0xCCBF, 0xCCBF, 0xCCBF, 0xFFFF, 0xFFFF, 0xFFFF, 0xCCBF, 0xCCBF, 0xCCBF, 0xCCBF, 0xCCBF, 0xCCBF, 0xCCBF,
0xCCBF, 0xCCBF, 0xCCBF, 0xCCBF, 0xCCBF, 0xCCBF, 0xCCBF, 0xCCBF, 0xCCBF, 0xCCBF, 0xCCBF, 0xCCBF, 0xCCBF, 0xF6FF, 0x0822, 0x0821,
0x0021, 0x0001, 0x0000, 0x0000, 0x0000, 0x0000, 0x0000, 0x0000, 0x0000, 0x0000, 0x0000, 0x0000, 0x0000, 0x0000, 0x0000, 0x0000,
0x0000, 0x0000, 0x0000, 0x0000, 0x0000, 0x0000, 0x0000, 0x0000, 0x0000, 0xF6FF, 0xCCBF, 0xCCBF, 0xCCBF, 0xCCBF, 0xCCBF, 0xCCBF,
0xCCBF, 0xCCBF, 0xCCBF, 0xCCBF, 0xCCBF, 0xFFFF, 0xFFFF, 0xFFFF, 0xCCBF, 0xCCBF, 0xCCBF, 0xCCBF, 0xCCBF, 0xCCBF, 0xCCBF, 0xCCBF,
0xCCBF, 0xCCBF, 0xCCBF, 0xCCBF, 0xCCBF, 0xCCBF, 0xCCBF, 0xCCBF, 0xCCBF, 0xCCBF, 0xCCBF, 0xCCBF, 0xCCBF, 0xCCBF, 0xF6FF, 0x0821,
0x0021, 0x0000, 0x0000, 0x0000, 0x0000, 0x0000, 0x0000, 0x0000, 0x0000, 0x0000, 0x0000, 0x0000, 0x0000, 0x0000, 0x0000, 0x0000,
0x0000, 0x0000, 0x0000, 0x0000, 0x0000, 0x0000, 0x0000, 0x0000, 0x0000, 0xF6FF, 0xCCBF, 0xCCBF, 0xCCBF, 0xCCBF, 0xCCBF, 0xCCBF,
0xCCBF, 0xCCBF, 0xCCBF, 0xCCBF, 0xFFFF, 0xFFFF, 0xFFFF, 0xCCBF, 0xCCBF, 0xCCBF, 0xCCBF, 0xCCBF, 0xCCBF, 0xCCBF, 0xCCBF, 0xCCBF,
0xCCBF, 0xCCBF, 0xCCBF, 0xCCBF, 0xCCBF, 0xCCBF, 0xCCBF, 0xCCBF, 0xCCBF, 0xCCBF, 0xCCBF, 0xCCBF, 0xCCBF, 0xCCBF, 0xCCBF, 0xF6FF,
0x0001, 0x0000, 0x0000, 0x0000, 0x0000, 0x0000, 0x0000, 0x0000, 0x0000, 0x0000, 0x0000, 0x0000, 0x0000, 0x0000, 0x0000, 0x0000,
0x0000, 0x0000, 0x0000, 0x0000, 0x0000, 0x0000, 0x0000, 0x0000, 0x0000, 0x0000, 0xF6FF, 0xCCBF, 0xCCBF, 0xCCBF, 0xCCBF, 0xCCBF,
0xCCBF, 0xCCBF, 0xCCBF, 0xFFFF, 0xFFFF, 0xFFFF, 0xCCBF, 0xCCBF, 0xCCBF, 0xCCBF, 0xCCBF, 0xCCBF, 0xCCBF, 0xCCBF, 0xCCBF, 0xF6FF,
0xF6FF, 0xCCBF, 0xCCBF, 0xCCBF, 0xCCBF, 0xCCBF, 0xCCBF, 0xCCBF, 0xCCBF, 0xCCBF, 0xCCBF, 0xCCBF, 0xCCBF, 0xCCBF, 0xCCBF, 0xCCBF,
0xF6FF, 0xF6FF, 0x0000, 0x0000, 0x0000, 0x0000, 0x0000, 0x0000, 0x0000, 0x0000, 0x0000, 0x0000, 0x0000, 0x0000, 0x0000, 0x0000,
0x0000, 0x0000, 0x0000, 0x0000, 0x0000, 0x0000, 0x0000, 0x0000, 0x0000, 0x0000, 0xF6FF, 0xCCBF, 0xCCBF, 0xCCBF, 0xCCBF, 0xCCBF,
0xCCBF, 0xFFFF, 0xFFFF, 0xFFFF, 0xFFFF, 0xCCBF, 0xCCBF, 0xCCBF, 0xCCBF, 0xCCBF, 0xCCBF, 0xCCBF, 0xCCBF, 0xCCBF, 0xF6FF, 0x2086,
0x2085, 0xF6FF, 0xF6FF, 0xF6FF, 0xF6FF, 0xCCBF, 0xCCBF, 0xCCBF, 0xCCBF, 0xCCBF, 0xCCBF, 0xCCBF, 0xCCBF, 0xCCBF, 0xCCBF, 0xCCBF,
0xCCBF, 0xCCBF, 0xF6FF, 0x0000, 0x0000, 0x0000, 0x0000, 0x0000, 0x0000, 0x0000, 0x0000, 0x0000, 0x0000, 0x0000, 0x0000, 0x0000,
0x0000, 0x0000, 0x0000, 0x0000, 0x0000, 0x0000, 0x0000, 0x0000, 0x0000, 0x0000, 0x0000, 0xF6FF, 0xCCBF, 0xCCBF, 0xCCBF, 0xCCBF,
0xFFFF, 0xFFFF, 0xFFFF, 0xCCBF, 0xCCBF, 0xCCBF, 0xCCBF, 0xCCBF, 0xCCBF, 0xCCBF, 0xCCBF, 0xCCBF, 0xCCBF, 0xF6FF, 0x1885, 0x1885,
0x1885, 0x1885, 0x1885, 0x1864, 0x1864, 0xF6FF, 0xF6FF, 0xF6FF, 0xF6FF, 0xCCBF, 0xCCBF, 0xCCBF, 0xCCBF, 0xCCBF, 0xCCBF, 0xCCBF,
0xCCBF, 0xCCBF, 0xCCBF, 0xF6FF, 0x0000, 0x0000, 0x0000, 0x0000, 0x0000, 0x0000, 0x0000, 0x0000, 0x0000, 0x0000, 0x0000, 0x0000,
0x0000, 0x0000, 0x0000, 0x0000, 0x0000, 0x0000, 0x0000, 0x0000, 0x0000, 0x0000, 0x0000, 0x0000, 0xF6FF, 0xCCBF, 0xCCBF, 0xFFFF,
0xFFFF, 0xFFFF, 0xCCBF, 0xCCBF, 0xCCBF, 0xCCBF, 0xCCBF, 0xCCBF, 0xCCBF, 0xCCBF, 0xCCBF, 0xCCBF, 0xF6FF, 0x1864, 0x1864, 0x1864,
0x1864, 0x1864, 0x1064, 0x1064, 0x1064, 0x1063, 0x1043, 0x1043, 0x0842, 0xF6FF, 0xF6FF, 0xF6FF, 0xF6FF, 0xCCBF, 0xCCBF, 0xCCBF,
0xCCBF, 0xCCBF, 0xCCBF, 0xCCBF, 0xF6FF, 0x0000, 0x0000, 0x0000, 0x0000, 0x0000, 0x0000, 0x0000, 0x0000, 0x0000, 0x0000, 0x0000,
0x0000, 0x0000, 0x0000, 0x0000, 0x0000, 0x0000, 0x0000, 0x0000, 0x0000, 0x0000, 0x0000, 0x0000, 0xF6FF, 0xCCBF, 0xFFFF, 0xFFFF,
0xFFFF, 0xCCBF, 0xCCBF, 0xCCBF, 0xCCBF, 0xCCBF, 0xCCBF, 0xCCBF, 0xCCBF, 0xCCBF, 0xCCBF, 0xF6FF, 0x1063, 0x1063, 0x1064, 0x1064,
0x1064, 0x1063, 0x1063, 0x1043, 0x1043, 0x1043, 0x0842, 0x0842, 0x0822, 0x0822, 0x0821, 0x0821, 0x0021, 0xF6FF, 0xF6FF, 0xF6FF,
0xCCBF, 0xCCBF, 0xCCBF, 0xCCBF, 0xCCBF, 0xF6FF, 0x0000, 0x0000, 0x0000, 0x0000, 0x0000, 0x0000, 0x0000, 0x0000, 0x0000, 0x0000,
0x0000, 0x0000, 0x0000, 0x0000, 0x0000, 0x0000, 0x0000, 0x0000, 0x0000, 0x0000, 0x0000, 0x0000, 0x0000, 0xFFFF, 0xFFFF, 0xFFFF,
0xCCBF, 0xCCBF, 0xCCBF, 0xCCBF, 0xCCBF, 0xCCBF, 0xCCBF, 0xCCBF, 0xCCBF, 0xCCBF, 0xF6FF, 0x1043, 0x1043, 0x1043, 0x1043, 0x1043,
0x1043, 0x1043, 0x1043, 0x1043, 0x0842, 0x0842, 0x0842, 0x0822, 0x0821, 0x0821, 0x0821, 0x0021, 0x0001, 0x0000, 0x0000, 0x0000,
0xF6FF, 0xF6FF, 0xF6FF, 0xF6FF, 0xCCBF, 0xCCBF, 0xF6FF, 0xF6FF, 0x0000, 0x0000, 0x0000, 0x0000, 0x0000, 0x0000, 0x0000, 0x0000,
0x0000, 0x0000, 0x0000, 0x0000, 0x0000, 0x0000, 0x0000, 0x0000, 0x0000, 0x0000, 0x0000, 0x0000, 0xFFFF, 0xFFFF, 0xFFFF, 0xCCBF,
0xCCBF, 0xCCBF, 0xCCBF, 0xCCBF, 0xCCBF, 0xCCBF, 0xCCBF, 0xCCBF, 0xCCBF, 0xF6FF, 0x0842, 0x0842, 0x0842, 0x0842, 0x0842, 0x0842,
0x0842, 0x0842, 0x0842, 0x0842, 0x0842, 0x0822, 0x0822, 0x0821, 0x0821, 0x0021, 0x0021, 0x0001, 0x0000, 0x0000, 0x0000, 0x0000,
0x0000, 0x0000, 0x0000, 0x0000, 0xF6FF, 0xF6FF, 0xF6FF, 0xF6FF, 0xF6FF, 0x0000, 0x0000, 0x0000, 0x0000, 0x0000, 0x0000, 0x0000,
0x0000, 0x0000, 0x0000, 0x0000, 0x0000, 0x0000, 0x0000, 0x0000, 0x0000, 0x0000, 0xFFFF, 0xFFFF, 0xFFFF, 0xFFFF, 0xF6FF, 0xCCBF,
0xCCBF, 0xCCBF, 0xCCBF, 0xCCBF, 0xCCBF, 0xCCBF, 0xCCBF, 0xCCBF, 0xF6FF, 0x0821, 0x0821, 0x0822, 0x0822, 0x0822, 0x0822, 0x0822,
0x0822, 0x0822, 0x0822, 0x0822, 0x0821, 0x0821, 0x0821, 0x0821, 0x0021, 0x0001, 0x0001, 0x0000, 0x0000, 0x0000, 0x0000, 0x0000,
0x0000, 0x0000, 0x0000, 0x0000, 0x0000, 0x0000, 0x0000, 0x0000, 0xF6FF, 0xF6FF, 0x0000, 0x0000, 0x0000, 0x0000, 0x0000, 0x0000,
0x0000, 0x0000, 0x0000, 0x0000, 0x0000, 0x0000, 0x0000, 0x0000, 0x0000, 0xFFFF, 0xFFFF, 0xFFFF, 0x0000, 0x0000, 0x0000, 0xF6FF,
0xCCBF, 0xCCBF, 0xCCBF, 0xCCBF, 0xCCBF, 0xCCBF, 0xCCBF, 0xF6FF, 0x0021, 0x0821, 0x0821, 0x0821, 0x0821, 0x0821, 0x0821, 0x0821,
0x0821, 0x0821, 0x0821, 0x0821, 0x0821, 0x0821, 0x0021, 0x0021, 0x0001, 0x0000, 0x0000, 0x0000, 0x0000, 0x0000, 0x0000, 0x0000,
0x0000, 0x0000, 0x0000, 0x0000, 0x0000, 0x0000, 0x0000, 0x0000, 0x0000, 0x0000, 0x0000, 0x0000, 0x0000, 0x0000, 0x0000, 0x0000,
0x0000, 0x0000, 0x0000, 0x0000, 0x0000, 0x0000, 0x0000, 0x0000, 0xFFFF, 0xFFFF, 0xFFFF, 0x0000, 0x0000, 0x0000, 0x0000, 0xF6FF,
0xCCBF, 0xCCBF, 0xCCBF, 0xCCBF, 0xCCBF, 0xCCBF, 0xF6FF, 0x0001, 0x0001, 0x0021, 0x0021, 0x0021, 0x0021, 0x0821, 0x0821, 0x0821,
0x0821, 0x0821, 0x0021, 0x0021, 0x0021, 0x0021, 0x0001, 0x0001, 0x0000, 0x0000, 0x0000, 0x0000, 0x0000, 0x0000, 0x0000, 0x0000,
0x0000, 0x0000, 0x0000, 0x0000, 0x0000, 0x0000, 0x0000, 0x0000, 0x0000, 0x0000, 0x0000, 0x0000, 0x0000, 0x0000, 0x0000, 0x0000,
0x0000, 0x0000, 0x0000, 0x0000, 0x0000, 0x0000, 0x0000, 0x0000, 0x0000, 0xFFFF, 0x0000, 0x0000, 0x0000, 0x0000, 0x0000, 0x0000,
0xF6FF, 0xCCBF, 0xCCBF, 0xCCBF, 0xCCBF, 0xF6FF, 0x0000, 0x0000, 0x0000, 0x0000, 0x0001, 0x0001, 0x0001, 0x0021, 0x0021, 0x0021,
0x0021, 0x0021, 0x0001, 0x0001, 0x0001, 0x0000, 0x0000, 0x0000, 0x0000, 0x0000, 0x0000, 0x0000, 0x0000, 0x0000, 0x0000, 0x0000,
0x0000, 0x0000, 0x0000, 0x0000, 0x0000, 0x0000, 0x0000, 0x0000, 0x0000, 0x0000, 0x0000, 0x0000, 0x0000, 0x0000, 0x0000, 0x0000,
0x0000, 0x0000, 0x0000, 0x0000, 0x0000, 0x0000, 0x0000, 0x0000, 0x0000, 0x0000, 0x0000, 0x0000, 0x0000, 0x0000, 0x0000, 0x0000,
0x0000, 0xF6FF, 0xCCBF, 0xCCBF, 0xF6FF, 0x0000, 0x0000, 0x0000, 0x0000, 0x0000, 0x0000, 0x0000, 0x0000, 0x0000, 0x0000, 0x0000,
0x0000, 0x0000, 0x0000, 0x0000, 0x0000, 0x0000, 0x0000, 0x0000, 0x0000, 0x0000, 0x0000, 0x0000, 0x0000, 0x0000, 0x0000, 0x0000,
0x0000, 0x0000, 0x0000, 0x0000, 0x0000, 0x0000, 0x0000, 0x0000, 0x0000, 0x0000, 0x0000, 0x0000, 0x0000, 0x0000, 0x0000, 0x0000,
0x0000, 0x0000, 0x0000, 0x0000, 0x0000, 0x0000, 0x0000, 0x0000, 0x0000, 0x0000, 0x0000, 0x0000, 0x0000, 0x0000, 0x0000, 0x0000,
0x0000, 0xF6FF, 0xCCBF, 0xF6FF, 0x0000, 0x0000, 0x0000, 0x0000, 0x0000, 0x0000, 0x0000, 0x0000, 0x0000, 0x0000, 0x0000, 0x0000,
0x0000, 0x0000, 0x0000, 0x0000, 0x0000, 0x0000, 0x0000, 0x0000, 0x0000, 0x0000, 0x0000, 0x0000, 0x0000, 0x0000, 0x0000, 0x0000,
0x0000, 0x0000, 0x0000, 0x0000, 0x0000, 0x0000, 0x0000, 0x0000, 0x0000, 0x0000, 0x0000, 0x0000, 0x0000, 0x0000, 0x0000, 0x0000,
0x0000, 0x0000, 0x0000, 0x0000, 0x0000, 0x0000, 0x0000, 0x0000, 0x0000, 0x0000, 0x0000, 0x0000, 0x0000, 0x0000, 0x0000, 0x0000,
0x0000, 0x0000, 0xF6FF, 0x0000, 0x0000, 0x0000, 0x0000, 0x0000, 0x0000, 0x0000, 0x0000, 0x0000, 0x0000, 0x0000, 0x0000, 0x0000,
0x0000, 0x0000, 0x0000, 0x0000, 0x0000, 0x0000, 0x0000, 0x0000, 0x0000, 0x0000, 0x0000, 0x0000, 0x0000, 0x0000, 0x0000, 0x0000,
0x0000, 0x0000, 0x0000, 0x0000, 0x0000, 0x0000, 0x0000, 0x0000, 0x0000, 0x0000, 0x0000, 0x0000, 0x0000, 0x0000, 0x0000, 0x0000,
0x0000, 0x0000, 0x0000, 0x0000, 0x0000, 0x0000, 0x0000, 0x0000, 0x0000, 0x0000, 0x0000, 0x0000, 0x0000, 0x0000, 0x0000, 0x0000,
0x0000, 0x0000, 0x0000, 0x0000, 0x0000, 0x0000, 0x0000, 0x0000, 0x0000, 0x0000, 0x0000, 0x0000, 0x0000, 0x0000, 0x0000, 0x0000,
0x0000, 0x0000, 0x0000, 0x0000, 0x0000, 0x0000, 0x0000, 0x0000, 0x0000, 0x0000, 0x0000, 0x0000, 0x0000, 0x0000, 0x0000, 0x0000,
0x0000, 0x0000, 0x0000, 0x0000, 0x0000, 0x0000, 0x0000, 0x0000, 0x0000, 0x0000, 0x0000, 0x0000, 0x0000, 0x0000, 0x0000, 0x0000,
0x0000, 0x0000, 0x0000, 0x0000, 0x0000, 0x0000, 0x0000, 0x0000, 0x0000, 0x0000, 0x0000, 0x0000, 0x0000, 0x0000, 0x0000, 0x0000,
0x0000, 0x0000, 0x0000, 0x0000, 0x0000, 0x0000, 0x0000, 0x0000, 0x0000, 0x0000, 0x0000, 0x0000, 0x0000, 0x0000, 0x0000, 0x0000,
0x0000, 0x0000, 0x0000, 0x0000, 0x0000, 0x0000, 0x0000, 0x0000, 0x0000, 0x0000, 0x0000, 0x0000, 0x0000, 0x0000, 0x0000, 0x0000,
0x0000, 0x0000, 0x0000, 0x0000, 0x0000, 0x0000, 0x0000, 0x0000, 0x0000, 0x0000, 0x0000, 0x0000, 0x0000, 0x0000, 0x0000, 0x0000,
0x0000, 0x0000, 0x0000, 0x0000, 0x0000, 0x0000, 0x0000, 0x0000, 0x0000, 0x0000, 0x0000, 0x0000, 0x0000, 0x0000, 0x0000, 0x0000,
0x0000, 0x0000, 0x0000, 0x0000, 0x0000, 0x0000, 0x0000, 0x0000, 0x0000, 0x0000, 0x0000, 0x0000, 0x0000, 0x0000, 0x0000, 0x0000,
0x0000, 0x0000, 0x0000, 0x0000, 0x0000, 0x0000, 0x0000, 0x0000, 0x0000, 0x0000, 0x0000, 0x0000, 0x0000, 0x0000, 0x0000, 0x0000,
0x0000, 0x0000, 0x0000, 0x0000, 0x0000, 0x0000, 0x0000, 0x0000, 0x0000, 0x0000, 0x0000, 0x0000, 0x0000, 0x0000, 0x0000, 0x0000,
0x0000, 0x0000, 0x0000, 0x0000, 0x0000, 0x0000, 0x0000, 0x0000, 0x0000, 0x0000, 0x0000, 0x0000, 0x0000, 0x0000, 0x0000, 0x0000,
0x0000, 0x0000, 0x0000, 0x0000, 0x0000, 0x0000, 0x0000, 0x0000, 0x0000, 0x0000, 0x0000, 0x0000, 0x0000, 0x0000, 0x0000, 0x0000,
0x0000, 0x0000, 0x0000, 0x0000, 0x0000, 0x0000, 0x0000, 0x0000, 0x0000, 0x0000, 0x0000, 0x0000, 0x0000, 0x0000, 0x0000, 0x0000,
0x0000, 0x0000, 0x0000, 0x0000, 0x0000, 0x0000, 0x0000, 0x0000, 0x0000, 0x0000, 0x0000, 0x0000, 0x0000, 0x0000, 0x0000, 0x0000,
0x0000, 0x0000, 0x0000, 0x0000, 0x0000, 0x0000, 0x0000, 0x0000, 0x0000, 0x0000, 0x0000, 0x0000, 0x0000, 0x0000, 0x0000, 0x0000,
0x0000, 0x0000, 0x0000, 0x0000, 0x0000, 0x0000, 0x0000, 0x0000, 0x0000, 0x0000, 0x0000, 0x0000, 0x0000, 0x0000, 0x0000, 0x0000,
0x0000, 0x0000, 0x0000, 0x0000, 0x0000, 0x0000, 0x0000, 0x0000, 0x0000, 0x0000, 0x0000, 0x0000, 0x0000, 0x0000, 0x0000, 0x0000,
0x0000, 0x0000, 0x0000, 0x0000, 0x0000, 0x0000, 0x0000, 0x0000, 0x0000, 0x0000, 0x0000, 0x0000, 0x0000, 0x0000, 0x0000, 0x0000,
0x0000, 0x0000, 0x0000, 0x0000, 0x0000, 0x0000, 0x0000, 0x0000, 0x0000, 0x0000, 0x0000, 0x0000, 0x0000, 0x0000, 0x0000, 0x0000,
0x0000, 0x0000, 0x0000, 0x0000, 0x0000, 0x0000, 0x0000, 0x0000, 0x0000, 0x0000, 0x0000, 0x0000, 0x0000, 0x0000, 0x0000, 0x0000,
0x0000, 0x0000, 0x0000, 0x0000, 0x0000, 0x0000, 0x0000, 0x0000, 0x0000, 0x0000, 0x0000, 0x0000, 0x0000, 0x0000, 0x0000, 0x0000,
0x0000, 0x0000, 0x0000, 0x0000, 0x0000, 0x0000, 0x0000, 0x0000, 0x0000, 0x0000, 0x0000, 0x0000, 0x0000, 0x0000, 0x0000, 0x0000,
0x0000, 0x0000, 0x0000, 0x0000, 0x0000, 0x0000, 0x0000, 0x0000, 0x0000, 0x0000, 0x0000, 0x0000, 0x0000, 0x0000, 0x0000, 0x0000,
0x0000, 0x0000, 0x0000, 0x0000, 0x0000, 0x0000, 0x0000, 0x0000, 0x0000, 0x0000, 0x0000, 0x0000, 0x0000, 0x0000, 0x0000, 0x0000,
0x0000, 0x0000, 0x0000, 0x0000, 0x0000, 0x0000, 0x0000, 0x0000, 0x0000, 0x0000, 0x0000, 0x0000, 0x0000, 0x0000, 0x0000, 0x0000,
0x0000, 0x0000, 0x0000, 0x0000, 0x0000, 0x0000, 0x0000, 0x0000, 0x0000, 0x0000, 0x0000, 0x0000, 0x0000, 0x0000, 0x0000, 0x0000,
0x0000, 0x0000, 0x0000, 0x0000, 0x0000, 0x0000, 0x0000, 0x0000, 0x0000, 0x0000, 0x0000, 0x0000, 0x0000, 0x0000, 0x0000, 0x0000,
0x0000, 0x0000, 0x0000, 0x0000, 0x0000, 0x0000, 0x0000, 0x0000, 0x0000, 0x0000, 0x0000, 0x0000, 0x0000, 0x0000, 0x0000, 0x0000,
0x0000, 0x0000, 0x0000, 0x0000, 0x0000, 0x0000, 0x0000, 0x0000, 0x0000, 0x0000, 0x0000, 0x0000, 0x0000, 0x0000, 0x0000, 0x0000,
0x0000, 0x0000, 0x0000, 0x0000, 0x0000, 0x0000, 0x0000, 0x0000, 0x0000, 0x0000, 0x0000, 0x0000, 0x0000, 0x0000, 0x0000, 0x0000,
0x0000, 0x0000, 0x0000, 0x0000, 0x0000, 0x0000, 0x0000, 0x0000, 0x0000, 0x0000, 0x0000, 0x0000, 0x0000, 0x0000, 0x0000, 0x0000,
0x0000, 0x0000, 0x0000, 0x0000, 0x0000, 0x0000, 0x0000, 0x0000, 0x0000, 0x0000, 0x0000, 0x0000, 0x0000, 0x0000, 0x0000, 0x0000,
0x0000, 0x0000, 0x0000, 0x0000, 0x0000, 0x0000, 0x0000, 0x0000, 0x0000, 0x0000, 0x0000, 0x0000, 0x0000, 0x0000, 0x0000, 0x0000,
0x0000, 0x0000, 0x0000, 0x0000, 0x0000, 0x0000, 0x0000, 0x0000, 0x0000, 0x0000, 0x0000, 0x0000, 0x0000, 0x0000, 0x0000, 0x0000,
0x0000, 0x0000, 0x0000, 0x0000, 0x0000, 0x0000, 0x0000, 0x0000, 0x0000, 0x0000, 0x0000, 0x0000, 0x0000, 0x0000, 0x0000, 0x0000,
0x0000, 0x0000, 0x0000, 0x0000, 0x0000, 0x0000, 0x0000, 0x0000, 0x0000, 0x0000, 0x0000, 0x0000, 0x0000, 0x0000, 0x0000, 0x0000,
0x0000, 0x0000, 0x0000, 0x0000, 0x0000, 0x0000, 0x0000, 0x0000, 0x0000, 0x0000, 0x0000, 0x0000, 0x0000, 0x0000, 0x0000, 0x0000,
0x0000, 0x0000, 0x0000, 0x0000, 0x0000, 0x0000, 0x0000, 0x0000, 0x0000, 0x0000, 0x0000, 0x0000, 0x0000, 0x0000, 0x0000, 0x0000
};

const uint16_t icon_expecto[64 * 64] PROGMEM = {
0x0000, 0x0000, 0x0000, 0x0000, 0x0000, 0x0000, 0x0000, 0x0000, 0x0000, 0x0000, 0x0000, 0x0000, 0x0000, 0x0000, 0x0000, 0x0000,
0x0000, 0x0000, 0x0000, 0x0000, 0x0000, 0x0000, 0x0000, 0x0000, 0x0000, 0x0000, 0x0000, 0x0000, 0x0000, 0x0000, 0x0000, 0x0000,
0x0000, 0x0000, 0x0000, 0x0000, 0x0000, 0x0000, 0x0000, 0x0000, 0x0000, 0x0000, 0x0000, 0x0000, 0x0000, 0x0000, 0x0000, 0x0000,
0x0000, 0x0000, 0x0000, 0x0000, 0x0000, 0x0000, 0x0000, 0x0000, 0x0000, 0x0000, 0x0000, 0x0000, 0x0000, 0x0000, 0x0000, 0x0000,
0x0000, 0x0000, 0x0000, 0x0000, 0x0000, 0x0000, 0x0000, 0x0000, 0x0000, 0x0000, 0x0000, 0x0000, 0x0000, 0x0000, 0x0000, 0x0000,
0x0000, 0x0000, 0x0000, 0x0000, 0x0000, 0x0000, 0x0000, 0x0000, 0x0000, 0x0000, 0x0000, 0x0000, 0x0000, 0x0000, 0x0000, 0x0000,
0x0000, 0x0000, 0x0000, 0x0000, 0x0000, 0x0000, 0x0000, 0x0000, 0x0000, 0x0000, 0x0000, 0x0000, 0x0000, 0x0000, 0x0000, 0x0000,
0x0000, 0x0000, 0x0000, 0x0000, 0x0000, 0x0000, 0x0000, 0x0000, 0x0000, 0x0000, 0x0000, 0x0000, 0x0000, 0x0000, 0x0000, 0x0000,
0x0000, 0x0000, 0x0000, 0x0000, 0x0000, 0x0000, 0x0000, 0x0000, 0x0000, 0x0000, 0x0000, 0x0000, 0x0000, 0x0000, 0x0000, 0x0000,
0x0000, 0x0000, 0x0000, 0x0000, 0x0000, 0x0000, 0x0000, 0x0000, 0x0000, 0x0000, 0x0000, 0x0000, 0x0000, 0x0000, 0x0000, 0x0000,
0x0000, 0x0000, 0x0000, 0x0000, 0x0000, 0x0000, 0x0000, 0x0000, 0x0000, 0x0000, 0x0000, 0x0000, 0x0000, 0x0000, 0x0000, 0x0000,
0x0000, 0x0000, 0x0000, 0x0000, 0x0000, 0x0000, 0x0000, 0x0000, 0x0000, 0x0000, 0x0000, 0x0000, 0x0000, 0x0000, 0x0000, 0x0000,
0x0000, 0x0000, 0x0000, 0x0000, 0x0000, 0x0000, 0x0000, 0x0000, 0x0000, 0x0000, 0x0000, 0x0000, 0x0000, 0x0000, 0x0000, 0x0000,
0x0000, 0x0000, 0x0000, 0x0000, 0x0000, 0x0000, 0x0000, 0x0000, 0x0000, 0x0000, 0x0000, 0x0000, 0x0000, 0x0000, 0x0000, 0x0000,
0x0000, 0x0000, 0x0000, 0x0000, 0x0000, 0x0000, 0x0000, 0x0000, 0x0000, 0x0000, 0x0000, 0x0000, 0x0000, 0x0000, 0x0000, 0x0000,
0x0000, 0x0000, 0x0000, 0x0000, 0x0000, 0x0000, 0x0000, 0x0000, 0x0000, 0x0000, 0x0000, 0x0000, 0x0000, 0x0000, 0x0000, 0x0000,
0x0000, 0x0000, 0x0000, 0x0000, 0x0000, 0x0000, 0x0000, 0x0000, 0x0000, 0x0000, 0x0000, 0x0000, 0x0000, 0x0000, 0x0000, 0x0000,
0x0000, 0x0000, 0x0000, 0x0000, 0x0000, 0x0000, 0x0000, 0x0000, 0x0000, 0x0000, 0x0000, 0x0000, 0x0000, 0x0000, 0x0000, 0x0000,
0x0000, 0x0000, 0x0000, 0x0000, 0x0000, 0x0000, 0x0000, 0x0000, 0x0000, 0x0000, 0x0000, 0x0000, 0x0000, 0x0000, 0x0000, 0x0000,
0x0000, 0x0000, 0x0000, 0x0000, 0x0000, 0x0000, 0x0000, 0x0000, 0x0000, 0x0000, 0x0000, 0x0000, 0x0000, 0x0000, 0x0000, 0x0000,
0x0000, 0x0000, 0x0000, 0x0000, 0x0000, 0x0000, 0x0000, 0x0000, 0x0000, 0x0000, 0x0000, 0x0000, 0x0000, 0x0000, 0x0000, 0x0000,
0x0000, 0x0000, 0x0000, 0x0000, 0x0000, 0x0000, 0x0000, 0x0000, 0x0000, 0x0000, 0x0000, 0x0000, 0x0000, 0x0000, 0x0000, 0x0000,
0x0000, 0x0000, 0x0000, 0x0000, 0x0000, 0x0000, 0x0000, 0x0000, 0x0000, 0x0000, 0x0000, 0x0000, 0x0000, 0x0000, 0x0000, 0x0000,
0x0000, 0x0000, 0x0000, 0x0000, 0x0000, 0x0000, 0x0000, 0x0000, 0x0000, 0x0000, 0x0000, 0x0000, 0x0000, 0x0000, 0x0000, 0x0000,
0x0000, 0x0000, 0x0000, 0x0000, 0x0000, 0x0000, 0x0000, 0x0000, 0x0000, 0x0000, 0x0000, 0x0000, 0x0000, 0x0000, 0x0000, 0x0000,
0x0000, 0x0000, 0x0000, 0x0000, 0x0000, 0x0000, 0x0000, 0x0000, 0x0000, 0x0000, 0x0000, 0x0000, 0x0000, 0x0000, 0x0000, 0x0000,
0x0000, 0x0000, 0x0000, 0x0000, 0x0000, 0x0000, 0x0000, 0x0000, 0x0000, 0x0000, 0x0000, 0x0000, 0x0000, 0x0000, 0x0000, 0x0000,
0x0000, 0x0000, 0x0000, 0x0000, 0x0000, 0x0000, 0x0000, 0x0000, 0x0000, 0x0000, 0x0000, 0x0000, 0x0000, 0x0000, 0x0000, 0x0000,
0x0000, 0x0000, 0x0000, 0x0000, 0x0000, 0x0000, 0x0000, 0x0000, 0x0000, 0x0000, 0x0000, 0x0000, 0x0000, 0x0000, 0x0000, 0x0000,
0x0000, 0x0000, 0x0000, 0x0000, 0x0000, 0x0000, 0x0000, 0x0000, 0x0000, 0x0000, 0x0000, 0x0000, 0x0000, 0x0000, 0x0000, 0x0000,
0x0000, 0x0000, 0x0000, 0x0000, 0x0000, 0x0000, 0x0000, 0x0000, 0x0000, 0x0000, 0x0000, 0x0000, 0x0000, 0x0000, 0x0000, 0x0000,
0x0000, 0x0000, 0x0000, 0x0000, 0x0000, 0x0000, 0x0000, 0x0000, 0x0000, 0x0000, 0x0000, 0x0000, 0x0000, 0x0000, 0x0000, 0x0000,
0x0000, 0x0000, 0x0000, 0x0000, 0x0000, 0x0000, 0x0000, 0x0000, 0x0000, 0x0000, 0x0000, 0x0000, 0x0000, 0x0000, 0x0000, 0x0000,
0x0000, 0x0000, 0x0000, 0x0000, 0x0000, 0x0000, 0x0000, 0x0000, 0x0000, 0x0000, 0x0000, 0x0000, 0x0000, 0x0000, 0x0000, 0x0000,
0x0000, 0x0000, 0x0000, 0x0000, 0x0000, 0x0000, 0x0000, 0x0000, 0x0000, 0x0000, 0x0000, 0x0000, 0x0000, 0x0000, 0x0000, 0x0000,
0x0000, 0x0000, 0x0000, 0x0000, 0x0000, 0x0000, 0x0000, 0x0000, 0x0000, 0x0000, 0x0000, 0x0000, 0x0000, 0x0000, 0x0000, 0x0000,
0x0000, 0x0000, 0x0000, 0x0000, 0x0000, 0x0000, 0x0000, 0x0000, 0x0000, 0x0000, 0x0000, 0x0000, 0x0000, 0x0000, 0x0000, 0x0000,
0x0000, 0x0000, 0x0000, 0x0000, 0x0000, 0x0000, 0x0000, 0x0000, 0x0000, 0x0000, 0x0000, 0x0000, 0x0000, 0x0000, 0x0000, 0x0000,
0x0000, 0x0000, 0x0000, 0x0000, 0x0000, 0x0000, 0x0000, 0x0000, 0x0000, 0x0000, 0x0000, 0x0000, 0x0000, 0x0000, 0x0000, 0x0000,
0x0000, 0x0000, 0x0000, 0x0000, 0x0000, 0x0000, 0x0000, 0x0000, 0x0000, 0x0000, 0x0000, 0x0000, 0x0000, 0x0000, 0x0000, 0x0000,
0x0000, 0x0000, 0x0000, 0x0000, 0x0000, 0x0000, 0x0000, 0x0000, 0x0000, 0x0000, 0x0000, 0x0000, 0x0000, 0x0000, 0x0000, 0x0000,
0x0000, 0x0000, 0x0000, 0x0000, 0x0000, 0x0000, 0x0000, 0x0000, 0x0000, 0x0000, 0x0000, 0x0000, 0x0000, 0x0020, 0x0020, 0x0020,
0x0020, 0x0020, 0x0020, 0x0020, 0x0000, 0x0000, 0x0000, 0x0000, 0x0000, 0x0000, 0x0000, 0x0000, 0x0000, 0x0000, 0x0000, 0x0000,
0x0000, 0x0000, 0x0000, 0x0000, 0x0000, 0x0000, 0x0000, 0x0000, 0x0000, 0x0000, 0x0000, 0x0000, 0x0000, 0x0000, 0x0000, 0x0000,
0x0000, 0x0000, 0x0000, 0x0000, 0x0000, 0x0000, 0x0000, 0x0000, 0x0000, 0x0000, 0x0000, 0x0000, 0x0000, 0x0000, 0x0000, 0x0000,
0x0000, 0x0000, 0x0000, 0x0000, 0x0000, 0x0000, 0x0000, 0x0000, 0x0000, 0x0020, 0x0020, 0x0020, 0x0020, 0x0020, 0x0020, 0x0021,
0x0021, 0x0021, 0x0020, 0x0020, 0x0020, 0x0020, 0x0020, 0x0020, 0x0000, 0x0000, 0x0000, 0x0000, 0x0000, 0x0000, 0x0000, 0x0000,
0x0000, 0x0000, 0x0000, 0x0000, 0x0000, 0x0000, 0x0000, 0x0000, 0x0000, 0x0000, 0x0000, 0x0000, 0x0000, 0x0000, 0x0000, 0x0000,
0x0000, 0x0000, 0x0000, 0x0000, 0x0000, 0x0000, 0x0000, 0x0000, 0x0000, 0x0000, 0x0000, 0x0000, 0x0000, 0x0000, 0x0000, 0x0000,
0x0000, 0x0000, 0x0000, 0x0000, 0x0000, 0x0000, 0x0000, 0x0020, 0x0020, 0x0020, 0x0021, 0x0021, 0x0021, 0x0021, 0x0021, 0x0021,
0x0021, 0x0021, 0x0021, 0x0021, 0x0021, 0x0021, 0x0021, 0x0020, 0x0020, 0x0020, 0x0000, 0x0000, 0x0000, 0x0000, 0x0000, 0x0000,
0x0000, 0x0000, 0x0000, 0x0000, 0x0000, 0x0000, 0x0000, 0x0000, 0x0000, 0x0000, 0x0000, 0x0000, 0x0000, 0x0000, 0x0000, 0x0000,
0x0000, 0x0000, 0x0000, 0x0000, 0x0000, 0x0000, 0x0000, 0x0000, 0x0000, 0x0000, 0x0000, 0x0000, 0x0000, 0x0000, 0x0000, 0x0000,
0x0000, 0x0000, 0x0000, 0x0000, 0x0000, 0x0020, 0x0020, 0x0020, 0x0021, 0x0021, 0x0021, 0x0041, 0x0041, 0x0041, 0x0041, 0x0041,
0x0041, 0x0041, 0x0041, 0x0041, 0x0041, 0x0041, 0x0021, 0x0021, 0x0021, 0x0020, 0x0020, 0x0020, 0x0000, 0x0000, 0x0000, 0x0000,
0x0000, 0x0000, 0x0000, 0x0000, 0x0000, 0x0000, 0x0000, 0x0000, 0x0000, 0x0000, 0x0000, 0x0000, 0x0000, 0x0000, 0x0000, 0x0000,
0x0000, 0x0000, 0x0000, 0x0000, 0x0000, 0x0000, 0x0000, 0x0000, 0x0000, 0x0000, 0x0000, 0x0000, 0x0000, 0x0000, 0x0000, 0x0000,
0x0000, 0x0000, 0x0000, 0x0020, 0x0020, 0x0020, 0x0021, 0x0021, 0x0021, 0x0041, 0x0041, 0x0041, 0x0041, 0x0041, 0x0042, 0x0042,
0x0042, 0x0042, 0x0042, 0x0041, 0x0041, 0x0041, 0x0041, 0x0041, 0x0021, 0x0021, 0x0021, 0x0020, 0x0020, 0x0020, 0x0000, 0x0000,
0x0000, 0x0000, 0x0000, 0x0000, 0x0000, 0x0000, 0x0000, 0x0000, 0x0000, 0x0000, 0x0000, 0x0000, 0x0000, 0x0000, 0x0000, 0x0000,
0x0000, 0x0000, 0x0000, 0x0000, 0x0000, 0x0000, 0x0000, 0x0000, 0x0000, 0x0000, 0x0000, 0x0000, 0x0000, 0x0000, 0x0000, 0x0000,
0x0000, 0x0000, 0x0020, 0x0020, 0x0021, 0x0021, 0x0021, 0x0041, 0x0041, 0x0041, 0x0042, 0x0062, 0x0062, 0x0062, 0x0062, 0x0062,
0x0062, 0x0062, 0x0062, 0x0062, 0x0062, 0x0062, 0x0042, 0x0041, 0x0041, 0x0041, 0x0021, 0x0021, 0x0021, 0x0020, 0x0020, 0x0000,
0x0000, 0x0000, 0x0000, 0x0000, 0x0000, 0x0000, 0x0000, 0x0000, 0x0000, 0x0000, 0x0000, 0x0000, 0x0000, 0x0000, 0x0000, 0x0000,
0x0000, 0x0000, 0x0000, 0x0000, 0x0000, 0x0000, 0x0000, 0x0000, 0x0000, 0x0000, 0x0000, 0x0000, 0x0000, 0x0000, 0x0000, 0x0000,
0x0000, 0x0020, 0x0020, 0x0021, 0x0021, 0x0041, 0x0041, 0x0041, 0x0062, 0x0062, 0x0062, 0x0062, 0x0082, 0x0082, 0x0083, 0x0883,
0x0883, 0x0883, 0x0083, 0x0082, 0x0082, 0x0062, 0x0062, 0x0062, 0x0062, 0x0041, 0x0041, 0x0041, 0x0021, 0x0021, 0x0020, 0x0020,
0x0000, 0x0000, 0x0000, 0x0000, 0x0000, 0x0000, 0x0000, 0x0000, 0x0000, 0x0000, 0x0000, 0x0000, 0x0000, 0x0000, 0x0000, 0x0000,
0x0000, 0x0000, 0x0000, 0x0000, 0x0000, 0x0000, 0x0000, 0x0000, 0x0000, 0x0000, 0x0000, 0x0000, 0x0000, 0x0000, 0x0000, 0x0000,
0x0020, 0x0020, 0x0021, 0x0021, 0x0041, 0x0041, 0x0042, 0x0062, 0x0062, 0x0062, 0x0083, 0x0883, 0x0883, 0x0883, 0x08A3, 0x08A3,
0x08A3, 0x08A3, 0x08A3, 0x0883, 0x0883, 0x0883, 0x0083, 0x0062, 0x0062, 0x0062, 0x0042, 0x0041, 0x0041, 0x0021, 0x0021, 0x0020,
0x0020, 0x0000, 0x0000, 0x0000, 0x0000, 0x0000, 0x0000, 0x0000, 0x0000, 0x0000, 0x0000, 0x0000, 0x0000, 0x0000, 0x0000, 0x0000,
0x0000, 0x0000, 0x0000, 0x0000, 0x0000, 0x0000, 0x0000, 0x0000, 0x0000, 0x0000, 0x0000, 0x0000, 0x0000, 0x0000, 0x0000, 0x0020,
0x0020, 0x0021, 0x0021, 0x0041, 0x0041, 0x0062, 0x0062, 0x0062, 0x0083, 0x0883, 0x08A3, 0x08A3, 0x08A3, 0xB75F, 0xB75F, 0xB75F,
0xB75F, 0xB75F, 0xB75F, 0xB75F, 0x08A3, 0x08A3, 0x08A3, 0x0883, 0x0083, 0x0062, 0x0062, 0x0062, 0x0041, 0x0041, 0x0021, 0x0021,
0x0020, 0x0020, 0x0000, 0x0000, 0x0000, 0x0000, 0x0000, 0x0000, 0x0000, 0x0000, 0x0000, 0x0000, 0x0000, 0x0000, 0x0000, 0x0000,
0x0000, 0x0000, 0x0000, 0x0000, 0x0000, 0x0000, 0x0000, 0x0000, 0x0000, 0x0000, 0x0000, 0x0000, 0x0000, 0x0000, 0x0020, 0x0020,
0x0021, 0x0021, 0x0041, 0x0041, 0x0062, 0x0062, 0x0082, 0x0883, 0x0883, 0x08A3, 0xB75F, 0xB75F, 0xB75F, 0xB75F, 0xB75F, 0xB75F,
0xB75F, 0xB75F, 0xB75F, 0xB75F, 0xB75F, 0xB75F, 0xB75F, 0x08A3, 0x0883, 0x0883, 0x0082, 0x0062, 0x0062, 0x0041, 0x0041, 0x0021,
0x0021, 0x0020, 0x0020, 0x0000, 0x0000, 0x0000, 0x0000, 0x0000, 0x0000, 0x0000, 0x0000, 0x0000, 0x0000, 0x0000, 0x0000, 0x0000,
0x0000, 0x0000, 0x0000, 0x0000, 0x0000, 0x0000, 0x0000, 0x0000, 0x0000, 0x0000, 0x0000, 0x0000, 0x0000, 0x0000, 0x0020, 0x0021,
0x0021, 0x0041, 0x0041, 0x0062, 0x0062, 0x0082, 0x0883, 0x08A3, 0xB75F, 0xB75F, 0xB75F, 0xB75F, 0xB75F, 0xB75F, 0xB75F, 0xB75F,
0xB75F, 0xB75F, 0xB75F, 0xB75F, 0xB75F, 0xB75F, 0xB75F, 0xB75F, 0xB75F, 0x08A3, 0x0883, 0x0082, 0x0062, 0x0062, 0x0041, 0x0041,
0x0021, 0x0021, 0x0020, 0x0000, 0x0000, 0x0000, 0x0000, 0x0000, 0x0000, 0x0000, 0x0000, 0x0000, 0x0000, 0x0000, 0x0000, 0x0000,
0x0000, 0x0000, 0x0000, 0x0000, 0x0000, 0x0000, 0x0000, 0x0000, 0x0000, 0x0000, 0x0000, 0x0000, 0x0000, 0x0020, 0x0020, 0x0021,
0x0041, 0x0041, 0x0062, 0x0062, 0x0082, 0x0883, 0x08A3, 0xB75F, 0xB75F, 0xB75F, 0xB75F, 0xB75F, 0xB75F, 0x0906, 0x1106, 0x1126,
0x1126, 0x1126, 0x1106, 0x0906, 0xB75F, 0xA71F, 0xB75F, 0xB75F, 0xB75F, 0xB75F, 0x08A3, 0x0883, 0x0082, 0x0062, 0x0062, 0x0041,
0x0041, 0x0021, 0x0020, 0x0020, 0x0000, 0x0000, 0x0000, 0x0000, 0x0000, 0x0000, 0x0000, 0x0000, 0x0000, 0x0000, 0x0000, 0x0000,
0x0000, 0x0000, 0x0000, 0x0000, 0x0000, 0x0000, 0x0000, 0x0000, 0x0000, 0x0000, 0x0000, 0x0000, 0x0000, 0x0020, 0x0021, 0x0021,
0x0041, 0x0042, 0x0062, 0x0082, 0x0883, 0xB75F, 0xB75F, 0xB75F, 0xB75F, 0xB75F, 0x0905, 0xA71F, 0x1126, 0x1126, 0x1147, 0x1147,
0x1147, 0x1147, 0x1147, 0x1126, 0xA71F, 0xA71F, 0xA71F, 0xB75F, 0xB75F, 0xB75F, 0xB75F, 0xB75F, 0x0883, 0x0082, 0x0062, 0x0042,
0x0041, 0x0021, 0x0021, 0x0020, 0x0000, 0x0000, 0x0000, 0x0000, 0x0000, 0x0000, 0x0000, 0x0000, 0x0000, 0x0000, 0x0000, 0x0000,
0x0000, 0x0000, 0x0000, 0x0000, 0x0000, 0x0000, 0x0000, 0x0000, 0x0000, 0x0000, 0x0000, 0x0000, 0x0020, 0x0020, 0x0021, 0x0041,
0x0041, 0x0062, 0x0062, 0x0883, 0xB75F, 0xB75F, 0xB75F, 0xB75F, 0xB75F, 0x0906, 0xA71F, 0xA71F, 0x1147, 0x1147, 0x1147, 0x1167,
0x1167, 0x1167, 0x1147, 0xA71F, 0xA71F, 0xA71F, 0xA71F, 0x0906, 0xB75F, 0xB75F, 0xB75F, 0xB75F, 0xB75F, 0x0883, 0x0062, 0x0062,
0x0041, 0x0041, 0x0021, 0x0020, 0x0020, 0x0000, 0x0000, 0x0000, 0x0000, 0x0000, 0x0000, 0x0000, 0x0000, 0x0000, 0x0000, 0x0000,
0x0000, 0x0000, 0x0000, 0x0000, 0x0000, 0x0000, 0x0000, 0x0000, 0x0000, 0x0000, 0x0000, 0x0000, 0x0020, 0x0021, 0x0021, 0x0041,
0x0042, 0x0062, 0x0083, 0x0883, 0xB75F, 0xB75F, 0xB75F, 0x0905, 0x1106, 0x1126, 0xA71F, 0xA71F, 0xA71F, 0x1168, 0x1188, 0x1188,
0x1188, 0x1188, 0xA71F, 0xA71F, 0xA71F, 0xA71F, 0xA71F, 0xA71F, 0x1106, 0x0905, 0xB75F, 0xB75F, 0xB75F, 0x0883, 0x0083, 0x0062,
0x0042, 0x0041, 0x0021, 0x0021, 0x0020, 0x0000, 0x0000, 0x0000, 0x0000, 0x0000, 0x0000, 0x0000, 0x0000, 0x0000, 0x0000, 0x0000,
0x0000, 0x0000, 0x0000, 0x0000, 0x0000, 0x0000, 0x0000, 0x0000, 0x0000, 0x0000, 0x0000, 0x0020, 0x0020, 0x0021, 0x0041, 0x0041,
0x0062, 0x0062, 0x0883, 0xB75F, 0xB75F, 0xB75F, 0x08E5, 0x0906, 0x1126, 0xA71F, 0xA71F, 0xA71F, 0xA71F, 0x1188, 0x1189, 0x11A9,
0x11A9, 0x11A9, 0xA71F, 0xA71F, 0xA71F, 0xA71F, 0xA71F, 0xA71F, 0xA71F, 0x0906, 0x08E5, 0xB75F, 0xB75F, 0xB75F, 0x0883, 0x0062,
0x0062, 0x0041, 0x0041, 0x0021, 0x0020, 0x0020, 0x0000, 0x0000, 0x0000, 0x0000, 0x0000, 0x0000, 0x0000, 0x0000, 0x0000, 0x0000,
0x0000, 0x0000, 0x0000, 0x0000, 0x0000, 0x0000, 0x0000, 0x0000, 0x0000, 0x0000, 0x0000, 0x0020, 0x0021, 0x0021, 0x0041, 0x0042,
0x0062, 0x0083, 0xB75F, 0xB75F, 0xB75F, 0xB75F, 0x0905, 0x1126, 0xA71F, 0xA71F, 0xA71F, 0xA71F, 0xA71F, 0xA71F, 0x19A9, 0x19A9,
0x19A9, 0xA71F, 0xA71F, 0xA71F, 0xA71F, 0xA71F, 0xA71F, 0xA71F, 0xA71F, 0x1126, 0x0905, 0xB75F, 0xB75F, 0xB75F, 0xB75F, 0x0083,
0x0062, 0x0042, 0x0041, 0x0021, 0x0021, 0x0020, 0x0000, 0x0000, 0x0000, 0x0000, 0x0000, 0x0000, 0x0000, 0x0000, 0x0000, 0x0000,
0x0000, 0x0000, 0x0000, 0x0000, 0x0000, 0x0000, 0x0000, 0x0000, 0x0000, 0x0000, 0x0000, 0x0020, 0x0021, 0x0021, 0x0041, 0x0062,
0x0062, 0x0883, 0xB75F, 0xB75F, 0xB75F, 0x0905, 0x1106, 0xA71F, 0xA71F, 0xA71F, 0xA71F, 0xA71F, 0xA71F, 0xA71F, 0x19CA, 0x19CA,
0xA71F, 0xA71F, 0xA71F, 0xA71F, 0xA71F, 0xA71F, 0xA71F, 0xA71F, 0xA71F, 0xA71F, 0x1106, 0x0905, 0xB75F, 0xB75F, 0xB75F, 0x0883,
0x0062, 0x0062, 0x0041, 0x0021, 0x0021, 0x0020, 0x0000, 0x0000, 0x0000, 0x0000, 0x0000, 0x0000, 0x0000, 0x0000, 0x0000, 0x0000,
0x0000, 0x0000, 0x0000, 0x0000, 0x0000, 0x0000, 0x0000, 0x0000, 0x0000, 0x0000, 0x0020, 0x0020, 0x0021, 0x0041, 0x0041, 0x0062,
0x0082, 0xB75F, 0xB75F, 0xB75F, 0x08E5, 0x0905, 0x1126, 0xA71F, 0xA71F, 0xA71F, 0xA71F, 0xA71F, 0xA71F, 0xA71F, 0xA71F, 0xA71F,
0xA71F, 0xA71F, 0xA71F, 0xA71F, 0xA71F, 0xA71F, 0xA71F, 0xA71F, 0xA71F, 0xA71F, 0xA71F, 0x0905, 0x08E5, 0xB75F, 0xB75F, 0xB75F,
0x0082, 0x0062, 0x0041, 0x0041, 0x0021, 0x0020, 0x0020, 0x0000, 0x0000, 0x0000, 0x0000, 0x0000, 0x0000, 0x0000, 0x0000, 0x0000,
0x0000, 0x0000, 0x0000, 0x0000, 0x0000, 0x0000, 0x0000, 0x0000, 0x0000, 0x0000, 0x0020, 0x0020, 0x0021, 0x0041, 0x0041, 0x0062,
0x0082, 0xB75F, 0xB75F, 0xB75F, 0x08E5, 0x0906, 0xA71F, 0xA71F, 0xA71F, 0xA71F, 0xA71F, 0xA71F, 0xA71F, 0xA71F, 0xA71F, 0xA71F,
0xA71F, 0xA71F, 0xA71F, 0xA71F, 0xA71F, 0xA71F, 0xA71F, 0xA71F, 0xA71F, 0xA71F, 0xA71F, 0x0906, 0x08E5, 0xB75F, 0xB75F, 0xB75F,
0x0082, 0x0062, 0x0041, 0x0041, 0x0021, 0x0020, 0x0020, 0x0000, 0x0000, 0x0000, 0x0000, 0x0000, 0x0000, 0x0000, 0x0000, 0x0000,
0x0000, 0x0000, 0x0000, 0x0000, 0x0000, 0x0000, 0x0000, 0x0000, 0x0000, 0x0000, 0x0020, 0x0020, 0x0021, 0x0041, 0x0042, 0x0062,
0x0083, 0xB75F, 0xB75F, 0xB75F, 0x0905, 0xA71F, 0xA71F, 0xA71F, 0xA71F, 0xA71F, 0xA71F, 0xA71F, 0xA71F, 0xA71F, 0xA71F, 0xA71F,
0xA71F, 0xA71F, 0xA71F, 0xA71F, 0xA71F, 0xA71F, 0xA71F, 0xA71F, 0xA71F, 0xA71F, 0xA71F, 0xA71F, 0x0905, 0xB75F, 0xB75F, 0xB75F,
0x0083, 0x0062, 0x0042, 0x0041, 0x0021, 0x0020, 0x0020, 0x0000, 0x0000, 0x0000, 0x0000, 0x0000, 0x0000, 0x0000, 0x0000, 0x0000,
0x0000, 0x0000, 0x0000, 0x0000, 0x0000, 0x0000, 0x0000, 0x0000, 0x0000, 0x0000, 0x0020, 0x0020, 0x0021, 0x0041, 0x0042, 0x0062,
0xB75F, 0xB75F, 0xB75F, 0x08E5, 0x0905, 0x1126, 0x1147, 0xA71F, 0xA71F, 0xA71F, 0xA71F, 0xA71F, 0xA71F, 0xA71F, 0xA71F, 0xA71F,
0xA71F, 0xA71F, 0xA71F, 0xA71F, 0xA71F, 0xA71F, 0xA71F, 0xA71F, 0x1188, 0x1167, 0x1147, 0x1126, 0x0905, 0x08E5, 0xB75F, 0xB75F,
0xB75F, 0x0062, 0x0042, 0x0041, 0x0021, 0x0020, 0x0020, 0x0000, 0x0000, 0x0000, 0x0000, 0x0000, 0x0000, 0x0000, 0x0000, 0x0000,
0x0000, 0x0000, 0x0000, 0x0000, 0x0000, 0x0000, 0x0000, 0x0000, 0x0000, 0x0000, 0x0020, 0x0021, 0x0021, 0x0041, 0x0042, 0x0062,
0xB75F, 0xB75F, 0xB75F, 0x08E5, 0x0905, 0x1126, 0x1147, 0xA71F, 0xA71F, 0xA71F, 0xA71F, 0xA71F, 0xA71F, 0xA71F, 0xA71F, 0xA71F,
0xA71F, 0xA71F, 0xA71F, 0xA71F, 0xA71F, 0xA71F, 0xA71F, 0xA71F, 0x1188, 0x1167, 0x1147, 0x1126, 0x0905, 0x08E5, 0xB75F, 0xB75F,
0xB75F, 0x0062, 0x0042, 0x0041, 0x0021, 0x0021, 0x0020, 0x0000, 0x0000, 0x0000, 0x0000, 0x0000, 0x0000, 0x0000, 0x0000, 0x0000,
0x0000, 0x0000, 0x0000, 0x0000, 0x0000, 0x0000, 0x0000, 0x0000, 0x0000, 0x0000, 0x0020, 0x0020, 0x0021, 0x0041, 0x0042, 0x0062,
0xB75F, 0xB75F, 0xB75F, 0x08E5, 0x0905, 0x1126, 0xA71F, 0xA71F, 0xA71F, 0xA71F, 0xA71F, 0xA71F, 0xA71F, 0xA71F, 0xA71F, 0xA71F,
0xA71F, 0xA71F, 0xA71F, 0xA71F, 0xA71F, 0xA71F, 0xA71F, 0xA71F, 0xA71F, 0x1167, 0x1147, 0x1126, 0x0905, 0x08E5, 0xB75F, 0xB75F,
0xB75F, 0x0062, 0x0042, 0x0041, 0x0021, 0x0020, 0x0020, 0x0000, 0x0000, 0x0000, 0x0000, 0x0000, 0x0000, 0x0000, 0x0000, 0x0000,
0x0000, 0x0000, 0x0000, 0x0000, 0x0000, 0x0000, 0x0000, 0x0000, 0x0000, 0x0000, 0x0020, 0x0020, 0x0021, 0x0041, 0x0042, 0x0062,
0xB75F, 0xB75F, 0xB75F, 0x08C4, 0x0905, 0x1106, 0xA71F, 0xA71F, 0xA71F, 0xA71F, 0xA71F, 0xA71F, 0xA71F, 0xA71F, 0xA71F, 0xA71F,
0xA71F, 0xA71F, 0xA71F, 0xA71F, 0xA71F, 0xA71F, 0xA71F, 0xA71F, 0xA71F, 0x1147, 0x1147, 0x1106, 0x0905, 0x08C4, 0xB75F, 0xB75F,
0xB75F, 0x0062, 0x0042, 0x0041, 0x0021, 0x0020, 0x0020, 0x0000, 0x0000, 0x0000, 0x0000, 0x0000, 0x0000, 0x0000, 0x0000, 0x0000,
0x0000, 0x0000, 0x0000, 0x0000, 0x0000, 0x0000, 0x0000, 0x0000, 0x0000, 0x0000, 0x0020, 0x0020, 0x0021, 0x0041, 0x0041, 0x0062,
0xB75F, 0xB75F, 0xB75F, 0x08C4, 0x08E5, 0xA71F, 0xA71F, 0xA71F, 0xA71F, 0xA71F, 0xA71F, 0xA71F, 0xA71F, 0xA71F, 0xA71F, 0xA71F,
0xA71F, 0xA71F, 0xA71F, 0xA71F, 0xA71F, 0xA71F, 0xA71F, 0xA71F, 0xA71F, 0xA71F, 0x1126, 0x0906, 0x08E5, 0x08C4, 0xB75F, 0xB75F,
0xB75F, 0x0062, 0x0041, 0x0041, 0x0021, 0x0020, 0x0020, 0x0000, 0x0000, 0x0000, 0x0000, 0x0000, 0x0000, 0x0000, 0x0000, 0x0000,
0x0000, 0x0000, 0x0000, 0x0000, 0x0000, 0x0000, 0x0000, 0x0000, 0x0000, 0x0000, 0x0020, 0x0020, 0x0021, 0x0041, 0x0041, 0x0062,
0xB75F, 0xB75F, 0xB75F, 0x08C4, 0x08E5, 0xA71F, 0xA71F, 0xA71F, 0xA71F, 0xA71F, 0xA71F, 0xA71F, 0xA71F, 0xA71F, 0xA71F, 0xA71F,
0xA71F, 0xA71F, 0xA71F, 0xA71F, 0xA71F, 0xA71F, 0xA71F, 0xA71F, 0xA71F, 0xA71F, 0x1126, 0x0905, 0x08E5, 0x08C4, 0xB75F, 0xB75F,
0xB75F, 0x0062, 0x0041, 0x0041, 0x0021, 0x0020, 0x0020, 0x0000, 0x0000, 0x0000, 0x0000, 0x0000, 0x0000, 0x0000, 0x0000, 0x0000,
0x0000, 0x0000, 0x0000, 0x0000, 0x0000, 0x0000, 0x0000, 0x0000, 0x0000, 0x0000, 0x0000, 0x0020, 0x0021, 0x0021, 0x0041, 0x0062,
0xB75F, 0xB75F, 0xB75F, 0x08C4, 0xA71F, 0xA71F, 0xA71F, 0xA71F, 0xA71F, 0xA71F, 0xA71F, 0xA71F, 0xA71F, 0xA71F, 0xA71F, 0xA71F,
0xA71F, 0xA71F, 0xA71F, 0xA71F, 0xA71F, 0xA71F, 0xA71F, 0xA71F, 0xA71F, 0xA71F, 0xA71F, 0x0905, 0x08E5, 0x08C4, 0xB75F, 0xB75F,
0xB75F, 0x0062, 0x0041, 0x0021, 0x0021, 0x0020, 0x0000, 0x0000, 0x0000, 0x0000, 0x0000, 0x0000, 0x0000, 0x0000, 0x0000, 0x0000,
0x0000, 0x0000, 0x0000, 0x0000, 0x0000, 0x0000, 0x0000, 0x0000, 0x0000, 0x0000, 0x0000, 0x0020, 0x0021, 0x0021, 0x0041, 0x0042,
0x0062, 0xB75F, 0xB75F, 0xB75F, 0xA71F, 0xA71F, 0xA71F, 0xA71F, 0xA71F, 0xA71F, 0xA71F, 0xA71F, 0xA71F, 0xA71F, 0xA71F, 0xA71F,
0xA71F, 0xA71F, 0xA71F, 0xA71F, 0xA71F, 0xA71F, 0xA71F, 0xA71F, 0xA71F, 0xA71F, 0xA71F, 0x08E5, 0x08C4, 0xB75F, 0xB75F, 0xB75F,
0x0062, 0x0042, 0x0041, 0x0021, 0x0021, 0x0020, 0x0000, 0x0000, 0x0000, 0x0000, 0x0000, 0x0000, 0x0000, 0x0000, 0x0000, 0x0000,
0x0000, 0x0000, 0x0000, 0x0000, 0x0000, 0x0000, 0x0000, 0x0000, 0x0000, 0x0000, 0x0000, 0x0020, 0x0020, 0x0021, 0x0041, 0x0041,
0x0062, 0xB75F, 0xB75F, 0xA71F, 0xA71F, 0xA71F, 0xA71F, 0xA71F, 0x1126, 0x1147, 0xA71F, 0xA71F, 0xA71F, 0xA71F, 0xA71F, 0xA71F,
0xA71F, 0xA71F, 0xA71F, 0x1188, 0x1188, 0xA71F, 0xA71F, 0xA71F, 0xA71F, 0xA71F, 0xA71F, 0xA71F, 0x08C4, 0xB75F, 0xB75F, 0xB75F,
0x0062, 0x0041, 0x0041, 0x0021, 0x0020, 0x0020, 0x0000, 0x0000, 0x0000, 0x0000, 0x0000, 0x0000, 0x0000, 0x0000, 0x0000, 0x0000,
0x0000, 0x0000, 0x0000, 0x0000, 0x0000, 0x0000, 0x0000, 0x0000, 0x0000, 0x0000, 0x0000, 0x0000, 0x0020, 0x0021, 0x0021, 0x0041,
0x0042, 0xB75F, 0xB75F, 0xA71F, 0xA71F, 0xA71F, 0x08E5, 0x0905, 0x1106, 0x1126, 0xA71F, 0xA71F, 0xA71F, 0xA71F, 0xA71F, 0xA71F,
0xA71F, 0xA71F, 0x1188, 0x1168, 0x1167, 0x1147, 0x1147, 0xA71F, 0xA71F, 0xA71F, 0xA71F, 0xA71F, 0x08A4, 0xB75F, 0xB75F, 0xB75F,
0x0042, 0x0041, 0x0021, 0x0021, 0x0020, 0x0000, 0x0000, 0x0000, 0x0000, 0x0000, 0x0000, 0x0000, 0x0000, 0x0000, 0x0000, 0x0000,
0x0000, 0x0000, 0x0000, 0x0000, 0x0000, 0x0000, 0x0000, 0x0000, 0x0000, 0x0000, 0x0000, 0x0000, 0x0020, 0x0020, 0x0021, 0x0041,
0x0041, 0x0062, 0xA71F, 0xA71F, 0xA71F, 0x08A4, 0x08C4, 0x08E5, 0x0905, 0x0906, 0x1126, 0xA71F, 0xA71F, 0xA71F, 0xA71F, 0xA71F,
0xA71F, 0xA71F, 0x1147, 0x1147, 0x1147, 0x1126, 0x1126, 0x0906, 0x0905, 0x08E5, 0xA71F, 0xA71F, 0xA71F, 0xB75F, 0xB75F, 0x0062,
0x0041, 0x0041, 0x0021, 0x0020, 0x0020, 0x0000, 0x0000, 0x0000, 0x0000, 0x0000, 0x0000, 0x0000, 0x0000, 0x0000, 0x0000, 0x0000,
0x0000, 0x0000, 0x0000, 0x0000, 0x0000, 0x0000, 0x0000, 0x0000, 0x0000, 0x0000, 0x0000, 0x0000, 0x0000, 0x0020, 0x0021, 0x0021,
0x0041, 0x0042, 0xA71F, 0xB75F, 0xB75F, 0xB75F, 0x08A4, 0x08C4, 0x08E5, 0x08E5, 0x0905, 0xA71F, 0xA71F, 0xA71F, 0xA71F, 0xA71F,
0xA71F, 0x1147, 0x1147, 0x1126, 0x1126, 0x1106, 0x0905, 0x08E5, 0x08E5, 0x08C4, 0x08A4, 0xB75F, 0xA71F, 0xB75F, 0xB75F, 0x0042,
0x0041, 0x0021, 0x0021, 0x0020, 0x0000, 0x0000, 0x0000, 0x0000, 0x0000, 0x0000, 0x0000, 0x0000, 0x0000, 0x0000, 0x0000, 0x0000,
0x0000, 0x0000, 0x0000, 0x0000, 0x0000, 0x0000, 0x0000, 0x0000, 0x0000, 0x0000, 0x0000, 0x0000, 0x0000, 0x0020, 0x0020, 0x0021,
0x0041, 0x0041, 0x0062, 0xB75F, 0xB75F, 0xB75F, 0x08A3, 0x08A4, 0x08C4, 0x08E5, 0x08E5, 0x0905, 0xA71F, 0xA71F, 0xA71F, 0xA71F,
0xA71F, 0x1126, 0x1106, 0x0906, 0x0905, 0x0905, 0x08E5, 0x08E5, 0x08C4, 0x08A4, 0x08A3, 0xB75F, 0xB75F, 0xB75F, 0x0062, 0x0041,
0x0041, 0x0021, 0x0020, 0x0020, 0x0000, 0x0000, 0x0000, 0x0000, 0x0000, 0x0000, 0x0000, 0x0000, 0x0000, 0x0000, 0x0000, 0x0000,
0x0000, 0x0000, 0x0000, 0x0000, 0x0000, 0x0000, 0x0000, 0x0000, 0x0000, 0x0000, 0x0000, 0x0000, 0x0000, 0x0000, 0x0020, 0x0021,
0x0021, 0x0041, 0x0041, 0x0062, 0xB75F, 0xB75F, 0xB75F, 0x08A3, 0x08A4, 0x08C4, 0x08C4, 0x08E5, 0xA71F, 0xA71F, 0xA71F, 0xA71F,
0x0905, 0x0905, 0x0905, 0x08E5, 0x08E5, 0x08E5, 0x08C4, 0x08C4, 0x08A4, 0x08A3, 0xB75F, 0xB75F, 0xB75F, 0x0062, 0x0041, 0x0041,
0x0021, 0x0021, 0x0020, 0x0000, 0x0000, 0x0000, 0x0000, 0x0000, 0x0000, 0x0000, 0x0000, 0x0000, 0x0000, 0x0000, 0x0000, 0x0000,
0x0000, 0x0000, 0x0000, 0x0000, 0x0000, 0x0000, 0x0000, 0x0000, 0x0000, 0x0000, 0x0000, 0x0000, 0x0000, 0x0000, 0x0020, 0x0020,
0x0021, 0x0021, 0x0041, 0x0041, 0xB75F, 0xB75F, 0xB75F, 0xB75F, 0xB75F, 0x08A3, 0x08A4, 0x08C4, 0x08C4, 0xA71F, 0xA71F, 0xA71F,
0x08E5, 0x08E5, 0x08C4, 0x08C4, 0x08C4, 0x08C4, 0x08A4, 0x08A3, 0xB75F, 0xB75F, 0xB75F, 0xB75F, 0xB75F, 0x0041, 0x0041, 0x0021,
0x0021, 0x0020, 0x0020, 0x0000, 0x0000, 0x0000, 0x0000, 0x0000, 0x0000, 0x0000, 0x0000, 0x0000, 0x0000, 0x0000, 0x0000, 0x0000,
0x0000, 0x0000, 0x0000, 0x0000, 0x0000, 0x0000, 0x0000, 0x0000, 0x0000, 0x0000, 0x0000, 0x0000, 0x0000, 0x0000, 0x0000, 0x0020,
0x0020, 0x0021, 0x0021, 0x0041, 0x0041, 0xB75F, 0xB75F, 0xB75F, 0xB75F, 0xB75F, 0x08A3, 0x08A3, 0x08A3, 0xA71F, 0xA71F, 0x08C4,
0x08C4, 0x08C4, 0x08C4, 0x08A4, 0x08A3, 0x08A3, 0x08A3, 0xB75F, 0xB75F, 0xB75F, 0xB75F, 0xB75F, 0x0041, 0x0041, 0x0021, 0x0021,
0x0020, 0x0020, 0x0000, 0x0000, 0x0000, 0x0000, 0x0000, 0x0000, 0x0000, 0x0000, 0x0000, 0x0000, 0x0000, 0x0000, 0x0000, 0x0000,
0x0000, 0x0000, 0x0000, 0x0000, 0x0000, 0x0000, 0x0000, 0x0000, 0x0000, 0x0000, 0x0000, 0x0000, 0x0000, 0x0000, 0x0000, 0x0000,
0x0020, 0x0020, 0x0021, 0x0021, 0x0041, 0x0041, 0x0042, 0xB75F, 0xB75F, 0xB75F, 0xB75F, 0xB75F, 0xB75F, 0x0883, 0xA71F, 0x08A3,
0x08A3, 0x08A3, 0x08A3, 0x0883, 0xB75F, 0xB75F, 0xB75F, 0xB75F, 0xB75F, 0xB75F, 0x0042, 0x0041, 0x0041, 0x0021, 0x0021, 0x0020,
0x0020, 0x0000, 0x0000, 0x0000, 0x0000, 0x0000, 0x0000, 0x0000, 0x0000, 0x0000, 0x0000, 0x0000, 0x0000, 0x0000, 0x0000, 0x0000,
0x0000, 0x0000, 0x0000, 0x0000, 0x0000, 0x0000, 0x0000, 0x0000, 0x0000, 0x0000, 0x0000, 0x0000, 0x0000, 0x0000, 0x0000, 0x0000,
0x0000, 0x0020, 0x0020, 0x0021, 0x0021, 0x0041, 0x0041, 0x0041, 0xB75F, 0xB75F, 0xB75F, 0xB75F, 0xB75F, 0xB75F, 0xB75F, 0xB75F,
0xB75F, 0xB75F, 0xB75F, 0xB75F, 0xB75F, 0xB75F, 0xB75F, 0xB75F, 0xB75F, 0x0041, 0x0041, 0x0041, 0x0021, 0x0021, 0x0020, 0x0020,
0x0000, 0x0000, 0x0000, 0x0000, 0x0000, 0x0000, 0x0000, 0x0000, 0x0000, 0x0000, 0x0000, 0x0000, 0x0000, 0x0000, 0x0000, 0x0000,
0x0000, 0x0000, 0x0000, 0x0000, 0x0000, 0x0000, 0x0000, 0x0000, 0x0000, 0x0000, 0x0000, 0x0000, 0x0000, 0x0000, 0x0000, 0x0000,
0x0000, 0x0000, 0x0020, 0x0020, 0x0021, 0x0021, 0x0021, 0x0041, 0x0041, 0x0041, 0xB75F, 0xB75F, 0xB75F, 0xB75F, 0xB75F, 0xB75F,
0xB75F, 0xB75F, 0xB75F, 0xB75F, 0xB75F, 0xB75F, 0xB75F, 0x0041, 0x0041, 0x0041, 0x0021, 0x0021, 0x0021, 0x0020, 0x0020, 0x0000,
0x0000, 0x0000, 0x0000, 0x0000, 0x0000, 0x0000, 0x0000, 0x0000, 0x0000, 0x0000, 0x0000, 0x0000, 0x0000, 0x0000, 0x0000, 0x0000,
0x0000, 0x0000, 0x0000, 0x0000, 0x0000, 0x0000, 0x0000, 0x0000, 0x0000, 0x0000, 0x0000, 0x0000, 0x0000, 0x0000, 0x0000, 0x0000,
0x0000, 0x0000, 0x0000, 0x0020, 0x0020, 0x0020, 0x0021, 0x0021, 0x0021, 0x0041, 0x0041, 0x0041, 0x0041, 0xB75F, 0xB75F, 0xB75F,
0xB75F, 0xB75F, 0xB75F, 0xB75F, 0x0041, 0x0041, 0x0041, 0x0041, 0x0021, 0x0021, 0x0021, 0x0020, 0x0020, 0x0020, 0x0000, 0x0000,
0x0000, 0x0000, 0x0000, 0x0000, 0x0000, 0x0000, 0x0000, 0x0000, 0x0000, 0x0000, 0x0000, 0x0000, 0x0000, 0x0000, 0x0000, 0x0000,
0x0000, 0x0000, 0x0000, 0x0000, 0x0000, 0x0000, 0x0000, 0x0000, 0x0000, 0x0000, 0x0000, 0x0000, 0x0000, 0x0000, 0x0000, 0x0000,
0x0000, 0x0000, 0x0000, 0x0000, 0x0000, 0x0020, 0x0020, 0x0020, 0x0021, 0x0021, 0x0021, 0x0041, 0x0041, 0x0041, 0x0041, 0x0041,
0x0041, 0x0041, 0x0041, 0x0041, 0x0041, 0x0041, 0x0021, 0x0021, 0x0021, 0x0020, 0x0020, 0x0020, 0x0000, 0x0000, 0x0000, 0x0000,
0x0000, 0x0000, 0x0000, 0x0000, 0x0000, 0x0000, 0x0000, 0x0000, 0x0000, 0x0000, 0x0000, 0x0000, 0x0000, 0x0000, 0x0000, 0x0000,
0x0000, 0x0000, 0x0000, 0x0000, 0x0000, 0x0000, 0x0000, 0x0000, 0x0000, 0x0000, 0x0000, 0x0000, 0x0000, 0x0000, 0x0000, 0x0000,
0x0000, 0x0000, 0x0000, 0x0000, 0x0000, 0x0000, 0x0000, 0x0020, 0x0020, 0x0020, 0x0021, 0x0021, 0x0021, 0x0021, 0x0021, 0x0021,
0x0021, 0x0021, 0x0021, 0x0021, 0x0021, 0x0021, 0x0021, 0x0020, 0x0020, 0x0020, 0x0000, 0x0000, 0x0000, 0x0000, 0x0000, 0x0000,
0x0000, 0x0000, 0x0000, 0x0000, 0x0000, 0x0000, 0x0000, 0x0000, 0x0000, 0x0000, 0x0000, 0x0000, 0x0000, 0x0000, 0x0000, 0x0000,
0x0000, 0x0000, 0x0000, 0x0000, 0x0000, 0x0000, 0x0000, 0x0000, 0x0000, 0x0000, 0x0000, 0x0000, 0x0000, 0x0000, 0x0000, 0x0000,
0x0000, 0x0000, 0x0000, 0x0000, 0x0000, 0x0000, 0x0000, 0x0000, 0x0000, 0x0020, 0x0020, 0x0020, 0x0020, 0x0020, 0x0020, 0x0021,
0x0021, 0x0021, 0x0020, 0x0020, 0x0020, 0x0020, 0x0020, 0x0020, 0x0000, 0x0000, 0x0000, 0x0000, 0x0000, 0x0000, 0x0000, 0x0000,
0x0000, 0x0000, 0x0000, 0x0000, 0x0000, 0x0000, 0x0000, 0x0000, 0x0000, 0x0000, 0x0000, 0x0000, 0x0000, 0x0000, 0x0000, 0x0000,
0x0000, 0x0000, 0x0000, 0x0000, 0x0000, 0x0000, 0x0000, 0x0000, 0x0000, 0x0000, 0x0000, 0x0000, 0x0000, 0x0000, 0x0000, 0x0000,
0x0000, 0x0000, 0x0000, 0x0000, 0x0000, 0x0000, 0x0000, 0x0000, 0x0000, 0x0000, 0x0000, 0x0000, 0x0000, 0x0020, 0x0020, 0x0020,
0x0020, 0x0020, 0x0020, 0x0020, 0x0000, 0x0000, 0x0000, 0x0000, 0x0000, 0x0000, 0x0000, 0x0000, 0x0000, 0x0000, 0x0000, 0x0000,
0x0000, 0x0000, 0x0000, 0x0000, 0x0000, 0x0000, 0x0000, 0x0000, 0x0000, 0x0000, 0x0000, 0x0000, 0x0000, 0x0000, 0x0000, 0x0000,
0x0000, 0x0000, 0x0000, 0x0000, 0x0000, 0x0000, 0x0000, 0x0000, 0x0000, 0x0000, 0x0000, 0x0000, 0x0000, 0x0000, 0x0000, 0x0000,
0x0000, 0x0000, 0x0000, 0x0000, 0x0000, 0x0000, 0x0000, 0x0000, 0x0000, 0x0000, 0x0000, 0x0000, 0x0000, 0x0000, 0x0000, 0x0000,
0x0000, 0x0000, 0x0000, 0x0000, 0x0000, 0x0000, 0x0000, 0x0000, 0x0000, 0x0000, 0x0000, 0x0000, 0x0000, 0x0000, 0x0000, 0x0000,
0x0000, 0x0000, 0x0000, 0x0000, 0x0000, 0x0000, 0x0000, 0x0000, 0x0000, 0x0000, 0x0000, 0x0000, 0x0000, 0x0000, 0x0000, 0x0000,
0x0000, 0x0000, 0x0000, 0x0000, 0x0000, 0x0000, 0x0000, 0x0000, 0x0000, 0x0000, 0x0000, 0x0000, 0x0000, 0x0000, 0x0000, 0x0000,
0x0000, 0x0000, 0x0000, 0x0000, 0x0000, 0x0000, 0x0000, 0x0000, 0x0000, 0x0000, 0x0000, 0x0000, 0x0000, 0x0000, 0x0000, 0x0000,
0x0000, 0x0000, 0x0000, 0x0000, 0x0000, 0x0000, 0x0000, 0x0000, 0x0000, 0x0000, 0x0000, 0x0000, 0x0000, 0x0000, 0x0000, 0x0000,
0x0000, 0x0000, 0x0000, 0x0000, 0x0000, 0x0000, 0x0000, 0x0000, 0x0000, 0x0000, 0x0000, 0x0000, 0x0000, 0x0000, 0x0000, 0x0000,
0x0000, 0x0000, 0x0000, 0x0000, 0x0000, 0x0000, 0x0000, 0x0000, 0x0000, 0x0000, 0x0000, 0x0000, 0x0000, 0x0000, 0x0000, 0x0000,
0x0000, 0x0000, 0x0000, 0x0000, 0x0000, 0x0000, 0x0000, 0x0000, 0x0000, 0x0000, 0x0000, 0x0000, 0x0000, 0x0000, 0x0000, 0x0000,
0x0000, 0x0000, 0x0000, 0x0000, 0x0000, 0x0000, 0x0000, 0x0000, 0x0000, 0x0000, 0x0000, 0x0000, 0x0000, 0x0000, 0x0000, 0x0000,
0x0000, 0x0000, 0x0000, 0x0000, 0x0000, 0x0000, 0x0000, 0x0000, 0x0000, 0x0000, 0x0000, 0x0000, 0x0000, 0x0000, 0x0000, 0x0000,
0x0000, 0x0000, 0x0000, 0x0000, 0x0000, 0x0000, 0x0000, 0x0000, 0x0000, 0x0000, 0x0000, 0x0000, 0x0000, 0x0000, 0x0000, 0x0000,
0x0000, 0x0000, 0x0000, 0x0000, 0x0000, 0x0000, 0x0000, 0x0000, 0x0000, 0x0000, 0x0000, 0x0000, 0x0000, 0x0000, 0x0000, 0x0000,
0x0000, 0x0000, 0x0000, 0x0000, 0x0000, 0x0000, 0x0000, 0x0000, 0x0000, 0x0000, 0x0000, 0x0000, 0x0000, 0x0000, 0x0000, 0x0000,
0x0000, 0x0000, 0x0000, 0x0000, 0x0000, 0x0000, 0x0000, 0x0000, 0x0000, 0x0000, 0x0000, 0x0000, 0x0000, 0x0000, 0x0000, 0x0000,
0x0000, 0x0000, 0x0000, 0x0000, 0x0000, 0x0000, 0x0000, 0x0000, 0x0000, 0x0000, 0x0000, 0x0000, 0x0000, 0x0000, 0x0000, 0x0000,
0x0000, 0x0000, 0x0000, 0x0000, 0x0000, 0x0000, 0x0000, 0x0000, 0x0000, 0x0000, 0x0000, 0x0000, 0x0000, 0x0000, 0x0000, 0x0000,
0x0000, 0x0000, 0x0000, 0x0000, 0x0000, 0x0000, 0x0000, 0x0000, 0x0000, 0x0000, 0x0000, 0x0000, 0x0000, 0x0000, 0x0000, 0x0000,
0x0000, 0x0000, 0x0000, 0x0000, 0x0000, 0x0000, 0x0000, 0x0000, 0x0000, 0x0000, 0x0000, 0x0000, 0x0000, 0x0000, 0x0000, 0x0000,
0x0000, 0x0000, 0x0000, 0x0000, 0x0000, 0x0000, 0x0000, 0x0000, 0x0000, 0x0000, 0x0000, 0x0000, 0x0000, 0x0000, 0x0000, 0x0000,
0x0000, 0x0000, 0x0000, 0x0000, 0x0000, 0x0000, 0x0000, 0x0000, 0x0000, 0x0000, 0x0000, 0x0000, 0x0000, 0x0000, 0x0000, 0x0000,
0x0000, 0x0000, 0x0000, 0x0000, 0x0000, 0x0000, 0x0000, 0x0000, 0x0000, 0x0000, 0x0000, 0x0000, 0x0000, 0x0000, 0x0000, 0x0000,
0x0000, 0x0000, 0x0000, 0x0000, 0x0000, 0x0000, 0x0000, 0x0000, 0x0000, 0x0000, 0x0000, 0x0000, 0x0000, 0x0000, 0x0000, 0x0000,
0x0000, 0x0000, 0x0000, 0x0000, 0x0000, 0x0000, 0x0000, 0x0000, 0x0000, 0x0000, 0x0000, 0x0000, 0x0000, 0x0000, 0x0000, 0x0000,
0x0000, 0x0000, 0x0000, 0x0000, 0x0000, 0x0000, 0x0000, 0x0000, 0x0000, 0x0000, 0x0000, 0x0000, 0x0000, 0x0000, 0x0000, 0x0000,
0x0000, 0x0000, 0x0000, 0x0000, 0x0000, 0x0000, 0x0000, 0x0000, 0x0000, 0x0000, 0x0000, 0x0000, 0x0000, 0x0000, 0x0000, 0x0000,
0x0000, 0x0000, 0x0000, 0x0000, 0x0000, 0x0000, 0x0000, 0x0000, 0x0000, 0x0000, 0x0000, 0x0000, 0x0000, 0x0000, 0x0000, 0x0000,
0x0000, 0x0000, 0x0000, 0x0000, 0x0000, 0x0000, 0x0000, 0x0000, 0x0000, 0x0000, 0x0000, 0x0000, 0x0000, 0x0000, 0x0000, 0x0000,
0x0000, 0x0000, 0x0000, 0x0000, 0x0000, 0x0000, 0x0000, 0x0000, 0x0000, 0x0000, 0x0000, 0x0000, 0x0000, 0x0000, 0x0000, 0x0000,
0x0000, 0x0000, 0x0000, 0x0000, 0x0000, 0x0000, 0x0000, 0x0000, 0x0000, 0x0000, 0x0000, 0x0000, 0x0000, 0x0000, 0x0000, 0x0000,
0x0000, 0x0000, 0x0000, 0x0000, 0x0000, 0x0000, 0x0000, 0x0000, 0x0000, 0x0000, 0x0000, 0x0000, 0x0000, 0x0000, 0x0000, 0x0000,
0x0000, 0x0000, 0x0000, 0x0000, 0x0000, 0x0000, 0x0000, 0x0000, 0x0000, 0x0000, 0x0000, 0x0000, 0x0000, 0x0000, 0x0000, 0x0000,
0x0000, 0x0000, 0x0000, 0x0000, 0x0000, 0x0000, 0x0000, 0x0000, 0x0000, 0x0000, 0x0000, 0x0000, 0x0000, 0x0000, 0x0000, 0x0000,
0x0000, 0x0000, 0x0000, 0x0000, 0x0000, 0x0000, 0x0000, 0x0000, 0x0000, 0x0000, 0x0000, 0x0000, 0x0000, 0x0000, 0x0000, 0x0000,
0x0000, 0x0000, 0x0000, 0x0000, 0x0000, 0x0000, 0x0000, 0x0000, 0x0000, 0x0000, 0x0000, 0x0000, 0x0000, 0x0000, 0x0000, 0x0000
};

const uint16_t icon_riddikulus[64 * 64] PROGMEM = {
0x0000, 0x0000, 0x0000, 0x0000, 0x0000, 0x0000, 0x0000, 0x0000, 0x0000, 0x0000, 0x0000, 0x0000, 0x0000, 0x0000, 0x0000, 0x0000,
0x0000, 0x0000, 0x0000, 0x0000, 0x0000, 0x0000, 0x0000, 0x0000, 0x0000, 0x0000, 0x0000, 0x0000, 0x0000, 0x0000, 0x0000, 0x0000,
0x0000, 0x0000, 0x0000, 0x0000, 0x0000, 0x0000, 0x0000, 0x0000, 0x0000, 0x0000, 0x0000, 0x0000, 0x0000, 0x0000, 0x0000, 0x0000,
0x0000, 0x0000, 0x0000, 0x0000, 0x0000, 0x0000, 0x0000, 0x0000, 0x0000, 0x0000, 0x0000, 0x0000, 0x0000, 0x0000, 0x0000, 0x0000,
0x0000, 0x0000, 0x0000, 0x0000, 0x0000, 0x0000, 0x0000, 0x0000, 0x0000, 0x0000, 0x0000, 0x0000, 0x0000, 0x0000, 0x0000, 0x0000,
0x0000, 0x0000, 0x0000, 0x0000, 0x0000, 0x0000, 0x0000, 0x0000, 0x0000, 0x0000, 0x0000, 0x0000, 0x0000, 0x0000, 0x0000, 0x0000,
0x0000, 0x0000, 0x0000, 0x0000, 0x0000, 0x0000, 0x0000, 0x0000, 0x0000, 0x0000, 0x0000, 0x0000, 0x0000, 0x0000, 0x0000, 0x0000,
0x0000, 0x0000, 0x0000, 0x0000, 0x0000, 0x0000, 0x0000, 0x0000, 0x0000, 0x0000, 0x0000, 0x0000, 0x0000, 0x0000, 0x0000, 0x0000,
0x0000, 0x0000, 0x0000, 0x0000, 0x0000, 0x0000, 0x0000, 0x0000, 0x0000, 0x0000, 0x0000, 0x0000, 0x0000, 0x0000, 0x0000, 0x0000,
0x0000, 0x0000, 0x0000, 0x0000, 0x0000, 0x0000, 0x0000, 0x0000, 0x0000, 0x0000, 0x0000, 0x0000, 0x0000, 0x0000, 0x0000, 0x0000,
0x0000, 0x0000, 0x0000, 0x0000, 0x0000, 0x0000, 0x0000, 0x0000, 0x0000, 0x0000, 0x0000, 0x0000, 0x0000, 0x0000, 0x0000, 0x0000,
0x0000, 0x0000, 0x0000, 0x0000, 0x0000, 0x0000, 0x0000, 0x0000, 0x0000, 0x0000, 0x0000, 0x0000, 0x0000, 0x0000, 0x0000, 0x0000,
0x0000, 0x0000, 0x0000, 0x0000, 0x0000, 0x0000, 0x0000, 0x0000, 0x0000, 0x0000, 0x0000, 0x0000, 0x0000, 0x0000, 0x0000, 0x0000,
0x0000, 0x0000, 0x0000, 0x0000, 0x0000, 0x0000, 0x0000, 0x0000, 0x0000, 0x0000, 0x0000, 0x0000, 0x0000, 0x0000, 0x0000, 0x0000,
0x0000, 0x0000, 0x0000, 0x0000, 0x0000, 0x0000, 0x0000, 0x0000, 0x0000, 0x0000, 0x0000, 0x0000, 0x0000, 0x0000, 0x0000, 0x0000,
0x0000, 0x0000, 0x0000, 0x0000, 0x0000, 0x0000, 0x0000, 0x0000, 0x0000, 0x0000, 0x0000, 0x0000, 0x0000, 0x0000, 0x0000, 0x0000,
0x0000, 0x0000, 0x0000, 0x0000, 0x0000, 0x0000, 0x0000, 0x0000, 0x0000, 0x0000, 0x0000, 0x0000, 0x0000, 0x0000, 0x0000, 0x0000,
0x0000, 0x0000, 0x0000, 0x0000, 0x0000, 0x0000, 0x0000, 0x0000, 0x0000, 0x0000, 0x0000, 0x0000, 0x0000, 0x0000, 0x0000, 0x0000,
0x0000, 0x0000, 0x0000, 0x0000, 0x0000, 0x0000, 0x0000, 0x0000, 0x0000, 0x0000, 0x0000, 0x0000, 0x0000, 0x0000, 0x0000, 0x0000,
0x0000, 0x0000, 0x0000, 0x0000, 0x0000, 0x0000, 0x0000, 0x0000, 0x0000, 0x0000, 0x0000, 0x0000, 0x0000, 0x0000, 0x0000, 0x0000,
0x0000, 0x0000, 0x0000, 0x0000, 0x0000, 0x0000, 0x0000, 0x0000, 0x0000, 0x0000, 0x0000, 0x0000, 0x0000, 0x0000, 0x0000, 0x0000,
0x0000, 0x0000, 0x0000, 0x0000, 0x0000, 0x0000, 0x0000, 0x0000, 0x0000, 0x0000, 0x0000, 0x0000, 0x0000, 0x0000, 0x0000, 0x0000,
0x0000, 0x0000, 0x0000, 0x0000, 0x0000, 0x0000, 0x0000, 0x0000, 0x0000, 0x0000, 0x0000, 0x0000, 0x0000, 0x0000, 0x0000, 0x0000,
0x0000, 0x0000, 0x0000, 0x0000, 0x0000, 0x0000, 0x0000, 0x0000, 0x0000, 0x0000, 0x0000, 0x0000, 0x0000, 0x0000, 0x0000, 0x0000,
0x0000, 0x0000, 0x0000, 0x0000, 0x0000, 0x0000, 0x0000, 0x0000, 0x0000, 0x0000, 0x0000, 0x0000, 0x0000, 0x0000, 0x0000, 0x0000,
0x0000, 0x0000, 0x0000, 0x0000, 0x0000, 0x0000, 0x0000, 0x0000, 0x0000, 0x0000, 0x0000, 0x0000, 0x0000, 0x0000, 0x0000, 0x0000,
0x0000, 0x0000, 0x0000, 0x0000, 0x0000, 0x0000, 0x0000, 0x0000, 0x0000, 0x0000, 0x0000, 0x0000, 0x0000, 0x0000, 0x0000, 0x0000,
0x0000, 0x0000, 0x0000, 0x0000, 0x0000, 0x0000, 0x0000, 0x0000, 0x0000, 0x0000, 0x0000, 0x0000, 0x0000, 0x0000, 0x0000, 0x0000,
0x0000, 0x0000, 0x0000, 0x0000, 0x0000, 0x0000, 0x0000, 0x0000, 0x0000, 0x0000, 0x0000, 0x0000, 0x0000, 0x0000, 0x0000, 0x0000,
0x0000, 0x0000, 0x0000, 0x0000, 0x0000, 0x0000, 0x0000, 0x0000, 0x0000, 0x0000, 0x0000, 0x0000, 0x0000, 0x0000, 0x0000, 0x0000,
0x0000, 0x0000, 0x0000, 0x0000, 0x0000, 0x0000, 0x0000, 0x0000, 0x0000, 0x0000, 0x0000, 0x0000, 0x0000, 0x0000, 0x0000, 0x0000,
0x0000, 0x0000, 0x0000, 0x0000, 0x0000, 0x0000, 0x0000, 0x0000, 0x0000, 0x0000, 0x0000, 0x0000, 0x0000, 0x0000, 0x0000, 0x0000,
0x0000, 0x0000, 0x0000, 0x0000, 0x0000, 0x0000, 0x0000, 0x0000, 0x0000, 0x0000, 0x0000, 0x0000, 0x0000, 0x0000, 0x0000, 0x0000,
0x0000, 0x0000, 0x0000, 0x0000, 0x0000, 0x0000, 0x0000, 0x0000, 0x0000, 0x0000, 0x0000, 0x0000, 0x0000, 0x0000, 0x0000, 0x0000,
0x0000, 0x0000, 0x0000, 0x0000, 0x0000, 0x0000, 0x0000, 0x0000, 0x0000, 0x0000, 0x0000, 0x0000, 0x0000, 0x0000, 0x0000, 0x0000,
0x0000, 0x0000, 0x0000, 0x0000, 0x0000, 0x0000, 0x0000, 0x0000, 0x0000, 0x0000, 0x0000, 0x0000, 0x0000, 0x0000, 0x0000, 0x0000,
0x0000, 0x0000, 0x0000, 0x0000, 0x0000, 0x0000, 0x0000, 0x0000, 0x0000, 0x0000, 0x0000, 0x0000, 0x0000, 0x0000, 0x0000, 0x0000,
0x0000, 0x0000, 0x0000, 0x0000, 0x0000, 0x0000, 0x0000, 0x0000, 0x0000, 0x0000, 0x0000, 0x0000, 0x0000, 0x0000, 0x0000, 0x0000,
0x0000, 0x0000, 0x0000, 0x0000, 0x0000, 0x0000, 0x0000, 0x0000, 0x0000, 0x0000, 0x0000, 0x0000, 0x0000, 0x0000, 0x0000, 0x0000,
0x0000, 0x0000, 0x0000, 0x0000, 0x0000, 0x0000, 0x0000, 0x0000, 0x0000, 0x0000, 0x0000, 0x0000, 0x0000, 0x0000, 0x0000, 0x0000,
0x0000, 0x0000, 0x0000, 0x0000, 0x0000, 0x0000, 0x0000, 0x0000, 0x0000, 0x0000, 0x0000, 0x0000, 0x0000, 0x0000, 0x0000, 0x0000,
0x0000, 0x0000, 0x0000, 0x0000, 0x0000, 0x0000, 0x0000, 0x0000, 0x0000, 0x0000, 0x0000, 0x0000, 0x0000, 0x0000, 0x0000, 0x0000,
0x0000, 0x0000, 0x0000, 0x0000, 0x0000, 0x0000, 0x0000, 0x0000, 0x0000, 0x0000, 0x0000, 0x0000, 0x0000, 0x0000, 0x0000, 0x0000,
0x0000, 0x0000, 0x0000, 0x0000, 0x0000, 0x0000, 0x0000, 0x0000, 0x0000, 0x0000, 0x0000, 0x0000, 0x0000, 0x0000, 0x0000, 0x0000,
0x0000, 0x0000, 0x0000, 0x0000, 0x0000, 0x0000, 0x0000, 0x0000, 0x0000, 0x0000, 0x0000, 0x0000, 0x0000, 0x0000, 0x0000, 0x0000,
0x0000, 0x0000, 0x0000, 0x0000, 0x0000, 0x0000, 0x0000, 0x0000, 0x0000, 0x0000, 0x0000, 0x0000, 0x0000, 0x0000, 0x0000, 0x0000,
0x0000, 0x0000, 0x0000, 0x0000, 0x0000, 0x0000, 0x0000, 0x0000, 0x0000, 0x0000, 0x0000, 0x0000, 0x0000, 0x0000, 0x0000, 0x0000,
0x0000, 0x0000, 0x0000, 0x0000, 0x0000, 0x0000, 0x0000, 0x0000, 0x0000, 0x0000, 0x0000, 0x0000, 0x0000, 0x0000, 0x0000, 0x0000,
0x0000, 0x0000, 0x0000, 0x0000, 0x0000, 0x0000, 0x0000, 0x0000, 0x0000, 0x0000, 0x0000, 0x0000, 0x0000, 0x0000, 0x0000, 0x0000,
0x0000, 0x0000, 0x0000, 0x0000, 0x0000, 0x0000, 0x0000, 0x0000, 0x0000, 0x0000, 0x0000, 0x0000, 0x0000, 0x0000, 0x0000, 0x0000,
0x0000, 0x0000, 0x0000, 0x0000, 0x0000, 0x0000, 0x0000, 0x0000, 0x0000, 0x0000, 0x0000, 0x0000, 0x0000, 0x0000, 0x0000, 0x0000,
0x0000, 0x0000, 0x0000, 0x0000, 0x0000, 0x0000, 0x0000, 0x0000, 0x0000, 0x0000, 0x0000, 0x0000, 0x0000, 0x0000, 0x0000, 0x0000,
0x0000, 0x0000, 0x0000, 0x0000, 0x0000, 0x0000, 0x0000, 0x0000, 0x0000, 0x0000, 0x0000, 0x0000, 0x0000, 0x0000, 0x0000, 0x0000,
0x0000, 0x0000, 0x0000, 0x0000, 0x0000, 0x0000, 0x0000, 0x0000, 0x0000, 0x0000, 0x0000, 0x0800, 0xFEFE, 0xFEFE, 0xFEFE, 0xFEFE,
0xFEFE, 0xFEFE, 0xFEFE, 0xFEFE, 0xFEFE, 0x0800, 0x0000, 0x0000, 0x0000, 0x0000, 0x0000, 0x0000, 0x0000, 0x0000, 0x0000, 0x0000,
0x0000, 0x0000, 0x0000, 0x0000, 0x0000, 0x0000, 0x0000, 0x0000, 0x0000, 0x0000, 0x0000, 0x0000, 0x0000, 0x0000, 0x0000, 0x0000,
0x0000, 0x0000, 0x0000, 0x0000, 0x0000, 0x0000, 0x0000, 0x0000, 0x0000, 0x0000, 0x0000, 0x0000, 0x0000, 0x0000, 0x0000, 0x0000,
0x0000, 0x0000, 0x0000, 0x0000, 0x0000, 0x0000, 0x0000, 0x0000, 0x0800, 0xFEFE, 0xFEFE, 0xFEFE, 0xFEFE, 0xFEFE, 0xFEFE, 0xFEFE,
0xFEFE, 0xFEFE, 0xFEFE, 0xFEFE, 0xFEFE, 0xFEFE, 0xFEFE, 0xFEFE, 0x0800, 0x0000, 0x0000, 0x0000, 0x0000, 0x0000, 0x0000, 0x0000,
0x0000, 0x0000, 0x0000, 0x0000, 0x0000, 0x0000, 0x0000, 0x0000, 0x0000, 0x0000, 0x0000, 0x0000, 0x0000, 0x0000, 0x0000, 0x0000,
0x0000, 0x0000, 0x0000, 0x0000, 0x0000, 0x0000, 0x0000, 0x0000, 0x0000, 0x0000, 0x0000, 0x0000, 0x0000, 0x0000, 0x0000, 0x0000,
0x0000, 0x0000, 0x0000, 0x0000, 0x0000, 0x0000, 0x0800, 0xFEFE, 0xFEFE, 0xFEFE, 0xFEFE, 0xFEFE, 0xFEFE, 0xFEFE, 0xFEFE, 0xFEFE,
0xFEFE, 0xFEFE, 0xFEFE, 0xFEFE, 0xFEFE, 0xFEFE, 0xFEFE, 0xFEFE, 0xFEFE, 0xFEFE, 0x0800, 0x0000, 0x0000, 0x0000, 0x0000, 0x0000,
0x0000, 0x0000, 0x0000, 0x0000, 0x0000, 0x0000, 0x0000, 0x0000, 0x0000, 0x0000, 0x0000, 0x0000, 0x0000, 0x0000, 0x0000, 0x0000,
0x0000, 0x0000, 0x0000, 0x0000, 0x0000, 0x0000, 0x0000, 0x0000, 0x0000, 0x0000, 0x0000, 0x0000, 0x0000, 0x0000, 0x0000, 0x0000,
0x0000, 0x0000, 0x0000, 0x0000, 0x0000, 0x0800, 0xFEFE, 0xFEFE, 0xFEFE, 0xFEFE, 0xFEFE, 0xFEFE, 0xFBD7, 0xFBD7, 0xFBD7, 0xFBD7,
0xFBD7, 0xFBD7, 0xFBD7, 0xFBD7, 0xFBD7, 0xFEFE, 0xFEFE, 0xFEFE, 0xFEFE, 0xFEFE, 0xFEFE, 0x0800, 0x0000, 0x0000, 0x0000, 0x0000,
0x0000, 0x0000, 0x0000, 0x0000, 0x0000, 0x0000, 0x0000, 0x0000, 0x0000, 0x0000, 0x0000, 0x0000, 0x0000, 0x0000, 0x0000, 0x0000,
0x0000, 0x0000, 0x0000, 0x0000, 0x0000, 0x0000, 0x0000, 0x0000, 0x0000, 0x0000, 0x0000, 0x0000, 0x0000, 0x0000, 0x0000, 0x0000,
0x0000, 0x0000, 0xFEEA, 0x0000, 0xFEFE, 0xFEFE, 0xFEFE, 0xFEFE, 0xFEFE, 0xFEFE, 0xFBD7, 0xFBD7, 0xFBD7, 0xFBD7, 0xFBD7, 0xFBD7,
0xFBD7, 0xFBD7, 0xFBD7, 0xFBD7, 0xFBD7, 0xFBD7, 0xFBD7, 0xFEFE, 0xFEFE, 0xFEFE, 0xFEFE, 0xFEFE, 0xFEFE, 0x0000, 0xFEEA, 0x0000,
0x0000, 0x0000, 0x0000, 0x0000, 0x0000, 0x0000, 0x0000, 0x0000, 0x0000, 0x0000, 0x0000, 0x0000, 0x0000, 0x0000, 0x0000, 0x0000,
0x0000, 0x0000, 0x0000, 0x0000, 0x0000, 0x0000, 0x0000, 0x0000, 0x0000, 0x0000, 0x0000, 0x0000, 0x0000, 0x0000, 0x0000, 0x0000,
0x0000, 0x0000, 0xFEEA, 0xFEEA, 0xFEEA, 0xFEFE, 0xFEFE, 0xFEFE, 0xFBD7, 0xFBD7, 0xFBD7, 0xFBD7, 0xFBD7, 0xFBD7, 0xFBD7, 0xFBD7,
0xFBD7, 0xFBD7, 0xFBD7, 0xFBD7, 0xFBD7, 0xFBD7, 0xFBD7, 0xFBD7, 0xFBD7, 0xFEFE, 0xFEFE, 0xFEFE, 0xFEEA, 0xFEEA, 0xFEEA, 0x0000,
0x0000, 0x0000, 0x0000, 0x0000, 0x0000, 0x0000, 0x0000, 0x0000, 0x0000, 0x0000, 0x0000, 0x0000, 0x0000, 0x0000, 0x0000, 0x0000,
0x0000, 0x0000, 0x0000, 0x0000, 0x0000, 0x0000, 0x0000, 0x0000, 0x0000, 0x0000, 0x0000, 0x0000, 0x0000, 0x0000, 0x0000, 0x0000,
0x0000, 0x0000, 0xFEEA, 0xFEEA, 0xFEEA, 0xFEEA, 0xFBD7, 0xFBD7, 0xFBD7, 0xFBD7, 0xFBD7, 0xFBD7, 0xFBD7, 0xFBD7, 0xFBD7, 0xFBD7,
0xFBD7, 0xFBD7, 0xFBD7, 0xFBD7, 0xFBD7, 0xFBD7, 0xFBD7, 0xFBD7, 0xFBD7, 0xFBD7, 0xFBD7, 0xFEEA, 0xFEEA, 0xFEEA, 0xFEEA, 0x0000,
0x0000, 0x0000, 0x0000, 0x0000, 0x0000, 0x0000, 0x0000, 0x0000, 0x0000, 0x0000, 0x0000, 0x0000, 0x0000, 0x0000, 0x0000, 0x0000,
0x0000, 0x0000, 0x0000, 0x0000, 0x0000, 0x0000, 0x0000, 0x0000, 0x0000, 0x0000, 0x0000, 0x0000, 0x0000, 0x0000, 0x0000, 0x0000,
0x0000, 0xFEFE, 0xFEFE, 0xFEFE, 0xFEEA, 0xFEEA, 0xFEEA, 0xFEEA, 0xFBD7, 0xFBD7, 0xFBD7, 0xFBD7, 0xFBD7, 0xFBD7, 0xFBD7, 0xFBD7,
0xFBD7, 0xFBD7, 0xFBD7, 0xFBD7, 0xFBD7, 0xFBD7, 0xFBD7, 0xFBD7, 0xFBD7, 0xFEEA, 0xFEEA, 0xFEEA, 0xFEEA, 0xFEFE, 0xFEFE, 0xFEFE,
0x0000, 0x0000, 0x0000, 0x0000, 0x0000, 0x0000, 0x0000, 0x0000, 0x0000, 0x0000, 0x0000, 0x0000, 0x0000, 0x0000, 0x0000, 0x0000,
0x0000, 0x0000, 0x0000, 0x0000, 0x0000, 0x0000, 0x0000, 0x0000, 0x0000, 0x0000, 0x0000, 0x0000, 0x0000, 0x0000, 0x0000, 0x0000,
0x0800, 0xFEFE, 0xFEFE, 0xFEFE, 0xFBD7, 0xFBD7, 0xFEEA, 0xFEEA, 0xFEEA, 0xFEEA, 0xFBD7, 0xFBD7, 0xFBD7, 0xFBD7, 0xFBD7, 0xFBD7,
0xFBD7, 0xFBD7, 0xFBD7, 0xFBD7, 0xFBD7, 0xFBD7, 0xFBD7, 0xFEEA, 0xFEEA, 0xFEEA, 0xFEEA, 0xFBD7, 0xFBD7, 0xFEFE, 0xFEFE, 0xFEFE,
0x0800, 0x0000, 0x0000, 0x0000, 0x0000, 0x0000, 0x0000, 0x0000, 0x0000, 0x0000, 0x0000, 0x0000, 0x0000, 0x0000, 0x0000, 0x0000,
0x0000, 0x0000, 0x0000, 0x0000, 0x0000, 0x0000, 0x0000, 0x0000, 0x0000, 0x0000, 0x0000, 0x0000, 0x0000, 0x0000, 0x0000, 0x0800,
0xFEFE, 0xFEFE, 0xFEFE, 0xFBD7, 0xFBD7, 0xFBD7, 0xFBD7, 0xFEEA, 0xFEEA, 0xFEEA, 0xFBD7, 0xFBD7, 0xFBD7, 0xFBD7, 0xFBD7, 0xFBD7,
0xFBD7, 0xFBD7, 0xFBD7, 0xFBD7, 0xFBD7, 0xFBD7, 0xFBD7, 0xFEEA, 0xFEEA, 0xFEEA, 0xFBD7, 0xFBD7, 0xFBD7, 0xFBD7, 0xFEFE, 0xFEFE,
0xFEFE, 0x0800, 0x0000, 0x0000, 0x0000, 0x0000, 0x0000, 0x0000, 0x0000, 0x0000, 0x0000, 0x0000, 0x0000, 0x0000, 0x0000, 0x0000,
0x0000, 0x0000, 0x0000, 0x0000, 0x0000, 0x0000, 0x0000, 0x0000, 0x0000, 0x0000, 0x0000, 0x0000, 0x0000, 0x0000, 0x0000, 0xFEFE,
0xFEFE, 0xFEFE, 0xFEFE, 0xFBD7, 0xFBD7, 0xFBD7, 0xFBD7, 0xFBD7, 0xFBD7, 0xFEEA, 0xFBD7, 0xFBD7, 0xFBD7, 0xFBD7, 0xFBD7, 0xFBD7,
0xFBD7, 0xFBD7, 0xFBD7, 0xFBD7, 0xFBD7, 0xFBD7, 0xFBD7, 0xFEEA, 0xFBD7, 0xFBD7, 0xFBD7, 0xFBD7, 0xFBD7, 0xFBD7, 0xFEFE, 0xFEFE,
0xFEFE, 0xFEFE, 0x0000, 0x0000, 0x0000, 0x0000, 0x0000, 0x0000, 0x0000, 0x0000, 0x0000, 0x0000, 0x0000, 0x0000, 0x0000, 0x0000,
0x0000, 0x0000, 0x0000, 0x0000, 0x0000, 0x0000, 0x0000, 0x0000, 0x0000, 0x0000, 0x0000, 0x0000, 0x0000, 0x0000, 0x0800, 0xFEFE,
0xFEFE, 0xFEFE, 0xFBD7, 0xFBD7, 0xFBD7, 0xFBD7, 0xFBD7, 0x28A5, 0x28A5, 0xFBD7, 0xFBD7, 0xFBD7, 0xFBD7, 0xFBD7, 0xFBD7, 0xFBD7,
0xFBD7, 0xFBD7, 0xFBD7, 0xFBD7, 0xFBD7, 0xFBD7, 0xFBD7, 0xFBD7, 0x28A5, 0x28A5, 0xFBD7, 0xFBD7, 0xFBD7, 0xFBD7, 0xFBD7, 0xFEFE,
0xFEFE, 0xFEFE, 0x0800, 0x0000, 0x0000, 0x0000, 0x0000, 0x0000, 0x0000, 0x0000, 0x0000, 0x0000, 0x0000, 0x0000, 0x0000, 0x0000,
0x0000, 0x0000, 0x0000, 0x0000, 0x0000, 0x0000, 0x0000, 0x0000, 0x0000, 0x0000, 0x0000, 0x0000, 0x0000, 0x0000, 0xFEFE, 0xFEFE,
0xFEFE, 0xFEFE, 0xFBD7, 0xFBD7, 0xFBD7, 0xFBD7, 0x28A5, 0x28A5, 0x28A5, 0x28A5, 0xFBD7, 0xFBD7, 0xFBD7, 0xFBD7, 0xFBD7, 0xFBD7,
0xFBD7, 0xFBD7, 0xFBD7, 0xFBD7, 0xFBD7, 0xFBD7, 0xFBD7, 0x28A5, 0x28A5, 0x28A5, 0x28A5, 0xFBD7, 0xFBD7, 0xFBD7, 0xFBD7, 0xFEFE,
0xFEFE, 0xFEFE, 0xFEFE, 0x0000, 0x0000, 0x0000, 0x0000, 0x0000, 0x0000, 0x0000, 0x0000, 0x0000, 0x0000, 0x0000, 0x0000, 0x0000,
0x0000, 0x0000, 0x0000, 0x0000, 0x0000, 0x0000, 0x0000, 0x0000, 0x0000, 0x0000, 0x0000, 0x0000, 0x0000, 0x0000, 0xFEFE, 0xFEFE,
0xFEFE, 0xFBD7, 0xFBD7, 0xFBD7, 0xFBD7, 0x28A5, 0x28A5, 0x28A5, 0x28A5, 0x28A5, 0x28A5, 0xFBD7, 0xFBD7, 0xFBD7, 0xFBD7, 0xFBD7,
0xFBD7, 0xFBD7, 0xFBD7, 0xFBD7, 0xFBD7, 0xFBD7, 0x28A5, 0x28A5, 0x28A5, 0x28A5, 0x28A5, 0x28A5, 0xFBD7, 0xFBD7, 0xFBD7, 0xFBD7,
0xFEFE, 0xFEFE, 0xFEFE, 0x0000, 0x0000, 0x0000, 0x0000, 0x0000, 0x0000, 0x0000, 0x0000, 0x0000, 0x0000, 0x0000, 0x0000, 0x0000,
0x0000, 0x0000, 0x0000, 0x0000, 0x0000, 0x0000, 0x0000, 0x0000, 0x0000, 0x0000, 0x0000, 0x0000, 0x0000, 0x0800, 0xFEFE, 0xFEFE,
0xFEFE, 0xFBD7, 0xFBD7, 0xFBD7, 0xFBD7, 0x28A5, 0x28A5, 0x28A5, 0x28A5, 0x28A5, 0x28A5, 0xFBD7, 0xFBD7, 0xFBD7, 0xFBD7, 0xFBD7,
0xFBD7, 0xFBD7, 0xFBD7, 0xFBD7, 0xFBD7, 0xFBD7, 0x28A5, 0x28A5, 0x28A5, 0x28A5, 0x28A5, 0x28A5, 0xFBD7, 0xFBD7, 0xFBD7, 0xFBD7,
0xFEFE, 0xFEFE, 0xFEFE, 0x0800, 0x0000, 0x0000, 0x0000, 0x0000, 0x0000, 0x0000, 0x0000, 0x0000, 0x0000, 0x0000, 0x0000, 0x0000,
0x0000, 0x0000, 0x0000, 0x0000, 0x0000, 0x0000, 0x0000, 0x0000, 0x0000, 0x0000, 0x0000, 0x0000, 0x0000, 0xFEFE, 0xFEFE, 0xFEFE,
0xFBD7, 0xFBD7, 0xFBD7, 0xFBD7, 0xFBD7, 0x28A5, 0x28A5, 0x28A5, 0x28A5, 0x28A5, 0x28A5, 0xFBD7, 0xFBD7, 0xFBD7, 0xFBD7, 0xFBD7,
0xFBD7, 0xFBD7, 0xFBD7, 0xFBD7, 0xFBD7, 0xFBD7, 0x28A5, 0x28A5, 0x28A5, 0x28A5, 0x28A5, 0x28A5, 0xFBD7, 0xFBD7, 0xFBD7, 0xFBD7,
0xFBD7, 0xFEFE, 0xFEFE, 0xFEFE, 0x0000, 0x0000, 0x0000, 0x0000, 0x0000, 0x0000, 0x0000, 0x0000, 0x0000, 0x0000, 0x0000, 0x0000,
0x0000, 0x0000, 0x0000, 0x0000, 0x0000, 0x0000, 0x0000, 0x0000, 0x0000, 0x0000, 0x0000, 0x0000, 0x0000, 0xFEFE, 0xFEFE, 0xFEFE,
0xFBD7, 0xFBD7, 0xFBD7, 0xFBD7, 0xFBD7, 0xFBD7, 0x28A5, 0x28A5, 0x28A5, 0x28A5, 0xFBD7, 0xFBD7, 0xFBD7, 0xFBD7, 0xFBD7, 0xFBD7,
0xFBD7, 0xFBD7, 0xFBD7, 0xFBD7, 0xFBD7, 0xFBD7, 0xFBD7, 0x28A5, 0x28A5, 0x28A5, 0x28A5, 0xFBD7, 0xFBD7, 0xFBD7, 0xFBD7, 0xFBD7,
0xFBD7, 0xFEFE, 0xFEFE, 0xFEFE, 0x0000, 0x0000, 0x0000, 0x0000, 0x0000, 0x0000, 0x0000, 0x0000, 0x0000, 0x0000, 0x0000, 0x0000,
0x0000, 0x0000, 0x0000, 0x0000, 0x0000, 0x0000, 0x0000, 0x0000, 0x0000, 0x0000, 0x0000, 0x0000, 0x0000, 0xFEFE, 0xFEFE, 0xFEFE,
0xFBD7, 0xFBD7, 0xFBD7, 0xFBD7, 0xFBD7, 0xFBD7, 0xFBD7, 0x28A5, 0x28A5, 0xFBD7, 0xFBD7, 0xFBD7, 0xFBD7, 0xFBD7, 0xFBD7, 0xFBD7,
0xFBD7, 0xFBD7, 0xFBD7, 0xFBD7, 0xFBD7, 0xFBD7, 0xFBD7, 0xFBD7, 0x28A5, 0x28A5, 0xFBD7, 0xFBD7, 0xFBD7, 0xFBD7, 0xFBD7, 0xFBD7,
0xFBD7, 0xFEFE, 0xFEFE, 0xFEFE, 0x0000, 0x0000, 0x0000, 0x0000, 0x0000, 0x0000, 0x0000, 0x0000, 0x0000, 0x0000, 0x0000, 0x0000,
0x0000, 0x0000, 0x0000, 0x0000, 0x0000, 0x0000, 0x0000, 0x0000, 0x0000, 0x0000, 0x0000, 0x0000, 0x0000, 0xFEFE, 0xFEFE, 0xFEFE,
0xFBD7, 0xFBD7, 0xFBD7, 0xFBD7, 0xFBD7, 0xFBD7, 0xFBD7, 0xFBD7, 0xFBD7, 0xFBD7, 0xFBD7, 0xFBD7, 0xFBD7, 0xFBD7, 0xFBD7, 0xFBD7,
0xFBD7, 0xFBD7, 0xFBD7, 0xFBD7, 0xFBD7, 0xFBD7, 0xFBD7, 0xFBD7, 0xFBD7, 0xFBD7, 0xFBD7, 0xFBD7, 0xFBD7, 0xFBD7, 0xFBD7, 0xFBD7,
0xFBD7, 0xFEFE, 0xFEFE, 0xFEFE, 0x0000, 0x0000, 0x0000, 0x0000, 0x0000, 0x0000, 0x0000, 0x0000, 0x0000, 0x0000, 0x0000, 0x0000,
0x0000, 0x0000, 0x0000, 0x0000, 0x0000, 0x0000, 0x0000, 0x0000, 0x0000, 0x0000, 0x0000, 0x0000, 0x0000, 0xFEFE, 0xFEFE, 0xFEFE,
0xFBD7, 0xFBD7, 0xFBD7, 0xFBD7, 0xFBD7, 0xFBD7, 0xFBD7, 0xFBD7, 0xFBD7, 0xFBD7, 0xFBD7, 0xFBD7, 0xFBD7, 0xFBD7, 0xFBD7, 0xFBD7,
0xFBD7, 0xFBD7, 0xFBD7, 0xFBD7, 0xFBD7, 0xFBD7, 0xFBD7, 0xFBD7, 0xFBD7, 0xFBD7, 0xFBD7, 0xFBD7, 0xFBD7, 0xFBD7, 0xFBD7, 0xFBD7,
0xFBD7, 0xFEFE, 0xFEFE, 0xFEFE, 0x0000, 0x0000, 0x0000, 0x0000, 0x0000, 0x0000, 0x0000, 0x0000, 0x0000, 0x0000, 0x0000, 0x0000,
0x0000, 0x0000, 0x0000, 0x0000, 0x0000, 0x0000, 0x0000, 0x0000, 0x0000, 0x0000, 0x0000, 0x0000, 0x0000, 0xFEFE, 0xFEFE, 0xFEFE,
0xFBD7, 0xFBD7, 0xFBD7, 0xFBD7, 0xFBD7, 0xFBD7, 0xFBD7, 0xFBD7, 0xFBD7, 0xFBD7, 0xFBD7, 0xFBD7, 0xFBD7, 0xFBD7, 0xFBD7, 0xFBD7,
0xFBD7, 0xFBD7, 0xFBD7, 0xFBD7, 0xFBD7, 0xFBD7, 0xFBD7, 0xFBD7, 0xFBD7, 0xFBD7, 0xFBD7, 0xFBD7, 0xFBD7, 0xFBD7, 0xFBD7, 0xFBD7,
0xFBD7, 0xFEFE, 0xFEFE, 0xFEFE, 0x0000, 0x0000, 0x0000, 0x0000, 0x0000, 0x0000, 0x0000, 0x0000, 0x0000, 0x0000, 0x0000, 0x0000,
0x0000, 0x0000, 0x0000, 0x0000, 0x0000, 0x0000, 0x0000, 0x0000, 0x0000, 0x0000, 0x0000, 0x0000, 0x0000, 0xFEFE, 0xFEFE, 0xFEFE,
0xFBD7, 0xFBD7, 0xFBD7, 0xFBD7, 0xFBD7, 0xFBD7, 0xFBD7, 0xFBD7, 0xFBD7, 0xFBD7, 0xFBD7, 0xFBD7, 0xFBD7, 0xFBD7, 0xFBD7, 0xFBD7,
0xFBD7, 0xFBD7, 0xFBD7, 0xFBD7, 0xFBD7, 0xFBD7, 0xFBD7, 0xFBD7, 0xFBD7, 0xFBD7, 0xFBD7, 0xFBD7, 0xFBD7, 0xFBD7, 0xFBD7, 0xFBD7,
0xFBD7, 0xFEFE, 0xFEFE, 0xFEFE, 0x0000, 0x0000, 0x0000, 0x0000, 0x0000, 0x0000, 0x0000, 0x0000, 0x0000, 0x0000, 0x0000, 0x0000,
0x0000, 0x0000, 0x0000, 0x0000, 0x0000, 0x0000, 0x0000, 0x0000, 0x0000, 0x0000, 0x0000, 0x0000, 0x0000, 0xFEFE, 0xFEFE, 0xFEFE,
0xFBD7, 0xFBD7, 0xFBD7, 0xFBD7, 0xFBD7, 0xFBD7, 0x28A5, 0x28A5, 0x28A5, 0xFBD7, 0xFBD7, 0xFBD7, 0xFBD7, 0xFBD7, 0xFBD7, 0xFBD7,
0xFBD7, 0xFBD7, 0xFBD7, 0xFBD7, 0xFBD7, 0xFBD7, 0xFBD7, 0xFBD7, 0xFBD7, 0x28A5, 0x28A5, 0x28A5, 0xFBD7, 0xFBD7, 0xFBD7, 0xFBD7,
0xFBD7, 0xFEFE, 0xFEFE, 0xFEFE, 0x0000, 0x0000, 0x0000, 0x0000, 0x0000, 0x0000, 0x0000, 0x0000, 0x0000, 0x0000, 0x0000, 0x0000,
0x0000, 0x0000, 0x0000, 0x0000, 0x0000, 0x0000, 0x0000, 0x0000, 0x0000, 0x0000, 0x0000, 0x0000, 0x0000, 0xFEFE, 0xFEFE, 0xFEFE,
0xFBD7, 0xFBD7, 0xFBD7, 0xFBD7, 0xFBD7, 0xFBD7, 0x28A5, 0x28A5, 0x28A5, 0xFBD7, 0xFBD7, 0xFBD7, 0xFBD7, 0xFBD7, 0xFBD7, 0xFBD7,
0xFBD7, 0xFBD7, 0xFBD7, 0xFBD7, 0xFBD7, 0xFBD7, 0xFBD7, 0xFBD7, 0xFBD7, 0x28A5, 0x28A5, 0x28A5, 0xFBD7, 0xFBD7, 0xFBD7, 0xFBD7,
0xFBD7, 0xFEFE, 0xFEFE, 0xFEFE, 0x0000, 0x0000, 0x0000, 0x0000, 0x0000, 0x0000, 0x0000, 0x0000, 0x0000, 0x0000, 0x0000, 0x0000,
0x0000, 0x0000, 0x0000, 0x0000, 0x0000, 0x0000, 0x0000, 0x0000, 0x0000, 0x0000, 0x0000, 0x0000, 0x0000, 0x0800, 0xFEFE, 0xFEFE,
0xFEFE, 0xFBD7, 0xFBD7, 0xFBD7, 0xFBD7, 0xFBD7, 0x28A5, 0x28A5, 0x28A5, 0x28A5, 0xFBD7, 0xFBD7, 0xFBD7, 0xFBD7, 0xFBD7, 0xFBD7,
0xFBD7, 0xFBD7, 0xFBD7, 0xFBD7, 0xFBD7, 0xFBD7, 0xFBD7, 0xFBD7, 0x28A5, 0x28A5, 0x28A5, 0x28A5, 0xFBD7, 0xFBD7, 0xFBD7, 0xFBD7,
0xFEFE, 0xFEFE, 0xFEFE, 0x0800, 0x0000, 0x0000, 0x0000, 0x0000, 0x0000, 0x0000, 0x0000, 0x0000, 0x0000, 0x0000, 0x0000, 0x0000,
0x0000, 0x0000, 0x0000, 0x0000, 0x0000, 0x0000, 0x0000, 0x0000, 0x0000, 0x0000, 0x0000, 0x0000, 0x0000, 0x0000, 0xFEFE, 0xFEFE,
0xFEFE, 0xFBD7, 0xFBD7, 0xFBD7, 0xFBD7, 0xFBD7, 0xFBD7, 0x28A5, 0x28A5, 0x28A5, 0xFBD7, 0xFBD7, 0xFBD7, 0xFBD7, 0xFBD7, 0xFBD7,
0xFBD7, 0xFBD7, 0xFBD7, 0xFBD7, 0xFBD7, 0xFBD7, 0xFBD7, 0xFBD7, 0x28A5, 0x28A5, 0x28A5, 0xFBD7, 0xFBD7, 0xFBD7, 0xFBD7, 0xFBD7,
0xFEFE, 0xFEFE, 0xFEFE, 0x0000, 0x0000, 0x0000, 0x0000, 0x0000, 0x0000, 0x0000, 0x0000, 0x0000, 0x0000, 0x0000, 0x0000, 0x0000,
0x0000, 0x0000, 0x0000, 0x0000, 0x0000, 0x0000, 0x0000, 0x0000, 0x0000, 0x0000, 0x0000, 0x0000, 0x0000, 0x0000, 0xFEFE, 0xFEFE,
0xFEFE, 0xFEFE, 0xFBD7, 0xFBD7, 0xFBD7, 0xFBD7, 0xFBD7, 0x28A5, 0x28A5, 0x28A5, 0x28A5, 0xFBD7, 0xFBD7, 0xFBD7, 0xFBD7, 0xFBD7,
0xFBD7, 0xFBD7, 0xFBD7, 0xFBD7, 0xFBD7, 0xFBD7, 0xFBD7, 0x28A5, 0x28A5, 0x28A5, 0x28A5, 0xFBD7, 0xFBD7, 0xFBD7, 0xFBD7, 0xFEFE,
0xFEFE, 0xFEFE, 0xFEFE, 0x0000, 0x0000, 0x0000, 0x0000, 0x0000, 0x0000, 0x0000, 0x0000, 0x0000, 0x0000, 0x0000, 0x0000, 0x0000,
0x0000, 0x0000, 0x0000, 0x0000, 0x0000, 0x0000, 0x0000, 0x0000, 0x0000, 0x0000, 0x0000, 0x0000, 0x0000, 0x0000, 0x0800, 0xFEFE,
0xFEFE, 0xFEFE, 0xFBD7, 0xFBD7, 0xFBD7, 0xFBD7, 0xFBD7, 0xFBD7, 0x28A5, 0x28A5, 0x28A5, 0x28A5, 0x28A5, 0x28A5, 0xFBD7, 0xFBD7,
0xFBD7, 0xFBD7, 0xFBD7, 0xFBD7, 0x28A5, 0x28A5, 0x28A5, 0x28A5, 0x28A5, 0x28A5, 0xFBD7, 0xFBD7, 0xFBD7, 0xFBD7, 0xFBD7, 0xFEFE,
0xFEFE, 0xFEFE, 0x0800, 0x0000, 0x0000, 0x0000, 0x0000, 0x0000, 0x0000, 0x0000, 0x0000, 0x0000, 0x0000, 0x0000, 0x0000, 0x0000,
0x0000, 0x0000, 0x0000, 0x0000, 0x0000, 0x0000, 0x0000, 0x0000, 0x0000, 0x0000, 0x0000, 0x0000, 0x0000, 0x0000, 0x0000, 0xFEFE,
0xFEFE, 0xFEFE, 0xFEFE, 0xFBD7, 0xFBD7, 0xFBD7, 0xFBD7, 0xFBD7, 0xFBD7, 0x28A5, 0x28A5, 0x28A5, 0x28A5, 0x28A5, 0x28A5, 0x28A5,
0x28A5, 0x28A5, 0x28A5, 0x28A5, 0x28A5, 0x28A5, 0x28A5, 0x28A5, 0x28A5, 0xFBD7, 0xFBD7, 0xFBD7, 0xFBD7, 0xFBD7, 0xFEFE, 0xFEFE,
0xFEFE, 0xFEFE, 0x0000, 0x0000, 0x0000, 0x0000, 0x0000, 0x0000, 0x0000, 0x0000, 0x0000, 0x0000, 0x0000, 0x0000, 0x0000, 0x0000,
0x0000, 0x0000, 0x0000, 0x0000, 0x0000, 0x0000, 0x0000, 0x0000, 0x0000, 0x0000, 0x0000, 0x0000, 0x0000, 0x0000, 0x0000, 0x0800,
0xFEFE, 0xFEFE, 0xFEFE, 0xFBD7, 0xFBD7, 0xFBD7, 0xFBD7, 0xFBD7, 0xFBD7, 0xFBD7, 0xFBD7, 0x28A5, 0x28A5, 0x28A5, 0x28A5, 0x28A5,
0x28A5, 0x28A5, 0x28A5, 0x28A5, 0x28A5, 0x28A5, 0x28A5, 0xFBD7, 0xFBD7, 0xFBD7, 0xFBD7, 0xFBD7, 0xFBD7, 0xFBD7, 0xFEFE, 0xFEFE,
0xFEFE, 0x0800, 0x0000, 0x0000, 0x0000, 0x0000, 0x0000, 0x0000, 0x0000, 0x0000, 0x0000, 0x0000, 0x0000, 0x0000, 0x0000, 0x0000,
0x0000, 0x0000, 0x0000, 0x0000, 0x0000, 0x0000, 0x0000, 0x0000, 0x0000, 0x0000, 0x0000, 0x0000, 0x0000, 0x0000, 0x0000, 0x0000,
0x0800, 0xFEFE, 0xFEFE, 0xFEFE, 0xFBD7, 0xFBD7, 0xFBD7, 0xFBD7, 0xFBD7, 0xFBD7, 0xFBD7, 0xFBD7, 0xFBD7, 0x28A5, 0x28A5, 0x28A5,
0x28A5, 0x28A5, 0x28A5, 0x28A5, 0x28A5, 0xFBD7, 0xFBD7, 0xFBD7, 0xFBD7, 0xFBD7, 0xFBD7, 0xFBD7, 0xFBD7, 0xFEFE, 0xFEFE, 0xFEFE,
0x0800, 0x0000, 0x0000, 0x0000, 0x0000, 0x0000, 0x0000, 0x0000, 0x0000, 0x0000, 0x0000, 0x0000, 0x0000, 0x0000, 0x0000, 0x0000,
0x0000, 0x0000, 0x0000, 0x0000, 0x0000, 0x0000, 0x0000, 0x0000, 0x0000, 0x0000, 0x0000, 0x0000, 0x0000, 0x0000, 0x0000, 0x0000,
0x0000, 0xFEFE, 0xFEFE, 0xFEFE, 0xFEFE, 0xFBD7, 0xFBD7, 0xFBD7, 0xFBD7, 0xFBD7, 0xFBD7, 0xFBD7, 0xFBD7, 0xFBD7, 0xFBD7, 0xFBD7,
0xFBD7, 0xFBD7, 0xFBD7, 0xFBD7, 0xFBD7, 0xFBD7, 0xFBD7, 0xFBD7, 0xFBD7, 0xFBD7, 0xFBD7, 0xFBD7, 0xFEFE, 0xFEFE, 0xFEFE, 0xFEFE,
0x0000, 0x0000, 0x0000, 0x0000, 0x0000, 0x0000, 0x0000, 0x0000, 0x0000, 0x0000, 0x0000, 0x0000, 0x0000, 0x0000, 0x0000, 0x0000,
0x0000, 0x0000, 0x0000, 0x0000, 0x0000, 0x0000, 0x0000, 0x0000, 0x0000, 0x0000, 0x0000, 0x0000, 0x0000, 0x0000, 0x0000, 0x0000,
0x0000, 0x0000, 0xFEFE, 0xFEFE, 0xFEFE, 0xFEFE, 0xFBD7, 0xFBD7, 0xFBD7, 0xFBD7, 0xFBD7, 0xFBD7, 0xFBD7, 0xFBD7, 0xFBD7, 0xFBD7,
0xFBD7, 0xFBD7, 0xFBD7, 0xFBD7, 0xFBD7, 0xFBD7, 0xFBD7, 0xFBD7, 0xFBD7, 0xFBD7, 0xFBD7, 0xFEFE, 0xFEFE, 0xFEFE, 0xFEFE, 0x0000,
0x0000, 0x0000, 0x0000, 0x0000, 0x0000, 0x0000, 0x0000, 0x0000, 0x0000, 0x0000, 0x0000, 0x0000, 0x0000, 0x0000, 0x0000, 0x0000,
0x0000, 0x0000, 0x0000, 0x0000, 0x0000, 0x0000, 0x0000, 0x0000, 0x0000, 0x0000, 0x0000, 0x0000, 0x0000, 0x0000, 0x0000, 0x0000,
0x0000, 0x0000, 0x0800, 0xFEFE, 0xFEFE, 0xFEFE, 0xFEFE, 0xFEFE, 0xFBD7, 0xFBD7, 0xFBD7, 0xFBD7, 0xFBD7, 0xFBD7, 0xFBD7, 0xFBD7,
0xFBD7, 0xFBD7, 0xFBD7, 0xFBD7, 0xFBD7, 0xFBD7, 0xFBD7, 0xFBD7, 0xFBD7, 0xFEFE, 0xFEFE, 0xFEFE, 0xFEFE, 0xFEFE, 0x0800, 0x0000,
0x0000, 0x0000, 0x0000, 0x0000, 0x0000, 0x0000, 0x0000, 0x0000, 0x0000, 0x0000, 0x0000, 0x0000, 0x0000, 0x0000, 0x0000, 0x0000,
0x0000, 0x0000, 0x0000, 0x0000, 0x0000, 0x0000, 0x0000, 0x0000, 0x0000, 0x0000, 0x0000, 0x0000, 0x0000, 0x0000, 0x0000, 0x0000,
0x0000, 0x0000, 0x0000, 0x0000, 0xFEFE, 0xFEFE, 0xFEFE, 0xFEFE, 0xFEFE, 0xFEFE, 0xFBD7, 0xFBD7, 0xFBD7, 0xFBD7, 0xFBD7, 0xFBD7,
0xFBD7, 0xFBD7, 0xFBD7, 0xFBD7, 0xFBD7, 0xFBD7, 0xFBD7, 0xFEFE, 0xFEFE, 0xFEFE, 0xFEFE, 0xFEFE, 0xFEFE, 0x0000, 0x0000, 0x0000,
0x0000, 0x0000, 0x0000, 0x0000, 0x0000, 0x0000, 0x0000, 0x0000, 0x0000, 0x0000, 0x0000, 0x0000, 0x0000, 0x0000, 0x0000, 0x0000,
0x0000, 0x0000, 0x0000, 0x0000, 0x0000, 0x0000, 0x0000, 0x0000, 0x0000, 0x0000, 0x0000, 0x0000, 0x0000, 0x0000, 0x0000, 0x0000,
0x0000, 0x0000, 0x0000, 0x0000, 0x0000, 0x0800, 0xFEFE, 0xFEFE, 0xFEFE, 0xFEFE, 0xFEFE, 0xFEFE, 0xFBD7, 0xFBD7, 0xFBD7, 0xFBD7,
0xFBD7, 0xFBD7, 0xFBD7, 0xFBD7, 0xFBD7, 0xFEFE, 0xFEFE, 0xFEFE, 0xFEFE, 0xFEFE, 0xFEFE, 0x0800, 0x0000, 0x0000, 0x0000, 0x0000,
0x0000, 0x0000, 0x0000, 0x0000, 0x0000, 0x0000, 0x0000, 0x0000, 0x0000, 0x0000, 0x0000, 0x0000, 0x0000, 0x0000, 0x0000, 0x0000,
0x0000, 0x0000, 0x0000, 0x0000, 0x0000, 0x0000, 0x0000, 0x0000, 0x0000, 0x0000, 0x0000, 0x0000, 0x0000, 0x0000, 0x0000, 0x0000,
0x0000, 0x0000, 0x0000, 0x0000, 0x0000, 0x0000, 0x0800, 0xFEFE, 0xFEFE, 0xFEFE, 0xFEFE, 0xFEFE, 0xFEFE, 0xFEFE, 0xFEFE, 0xFEFE,
0xFEFE, 0xFEFE, 0xFEFE, 0xFEFE, 0xFEFE, 0xFEFE, 0xFEFE, 0xFEFE, 0xFEFE, 0xFEFE, 0x0800, 0x0000, 0x0000, 0x0000, 0x0000, 0x0000,
0x0000, 0x0000, 0x0000, 0x0000, 0x0000, 0x0000, 0x0000, 0x0000, 0x0000, 0x0000, 0x0000, 0x0000, 0x0000, 0x0000, 0x0000, 0x0000,
0x0000, 0x0000, 0x0000, 0x0000, 0x0000, 0x0000, 0x0000, 0x0000, 0x0000, 0x0000, 0x0000, 0x0000, 0x0000, 0x0000, 0x0000, 0x0000,
0x0000, 0x0000, 0x0000, 0x0000, 0x0000, 0x0000, 0x0000, 0x0000, 0x0800, 0xFEFE, 0xFEFE, 0xFEFE, 0xFEFE, 0xFEFE, 0xFEFE, 0xFEFE,
0xFEFE, 0xFEFE, 0xFEFE, 0xFEFE, 0xFEFE, 0xFEFE, 0xFEFE, 0xFEFE, 0x0800, 0x0000, 0x0000, 0x0000, 0x0000, 0x0000, 0x0000, 0x0000,
0x0000, 0x0000, 0x0000, 0x0000, 0x0000, 0x0000, 0x0000, 0x0000, 0x0000, 0x0000, 0x0000, 0x0000, 0x0000, 0x0000, 0x0000, 0x0000,
0x0000, 0x0000, 0x0000, 0x0000, 0x0000, 0x0000, 0x0000, 0x0000, 0x0000, 0x0000, 0x0000, 0x0000, 0x0000, 0x0000, 0x0000, 0x0000,
0x0000, 0x0000, 0x0000, 0x0000, 0x0000, 0x0000, 0x0000, 0x0000, 0x0000, 0x0000, 0x0000, 0x0800, 0xFEFE, 0xFEFE, 0xFEFE, 0xFEFE,
0xFEFE, 0xFEFE, 0xFEFE, 0xFEFE, 0xFEFE, 0x0800, 0x0000, 0x0000, 0x0000, 0x0000, 0x0000, 0x0000, 0x0000, 0x0000, 0x0000, 0x0000,
0x0000, 0x0000, 0x0000, 0x0000, 0x0000, 0x0000, 0x0000, 0x0000, 0x0000, 0x0000, 0x0000, 0x0000, 0x0000, 0x0000, 0x0000, 0x0000,
0x0000, 0x0000, 0x0000, 0x0000, 0x0000, 0x0000, 0x0000, 0x0000, 0x0000, 0x0000, 0x0000, 0x0000, 0x0000, 0x0000, 0x0000, 0x0000,
0x0000, 0x0000, 0x0000, 0x0000, 0x0000, 0x0000, 0x0000, 0x0000, 0x0000, 0x0000, 0x0000, 0x0000, 0x0000, 0x0000, 0x0000, 0x0000,
0x0000, 0x0000, 0x0000, 0x0000, 0x0000, 0x0000, 0x0000, 0x0000, 0x0000, 0x0000, 0x0000, 0x0000, 0x0000, 0x0000, 0x0000, 0x0000,
0x0000, 0x0000, 0x0000, 0x0000, 0x0000, 0x0000, 0x0000, 0x0000, 0x0000, 0x0000, 0x0000, 0x0000, 0x0000, 0x0000, 0x0000, 0x0000,
0x0000, 0x0000, 0x0000, 0x0000, 0x0000, 0x0000, 0x0000, 0x0000, 0x0000, 0x0000, 0x0000, 0x0000, 0x0000, 0x0000, 0x0000, 0x0000,
0x0000, 0x0000, 0x0000, 0x0000, 0x0000, 0x0000, 0x0000, 0x0000, 0x0000, 0x0000, 0x0000, 0x0000, 0x0000, 0x0000, 0x0000, 0x0000,
0x0000, 0x0000, 0x0000, 0x0000, 0x0000, 0x0000, 0x0000, 0x0000, 0x0000, 0x0000, 0x0000, 0x0000, 0x0000, 0x0000, 0x0000, 0x0000,
0x0000, 0x0000, 0x0000, 0x0000, 0x0000, 0x0000, 0x0000, 0x0000, 0x0000, 0x0000, 0x0000, 0x0000, 0x0000, 0x0000, 0x0000, 0x0000,
0x0000, 0x0000, 0x0000, 0x0000, 0x0000, 0x0000, 0x0000, 0x0000, 0x0000, 0x0000, 0x0000, 0x0000, 0x0000, 0x0000, 0x0000, 0x0000,
0x0000, 0x0000, 0x0000, 0x0000, 0x0000, 0x0000, 0x0000, 0x0000, 0x0000, 0x0000, 0x0000, 0x0000, 0x0000, 0x0000, 0x0000, 0x0000,
0x0000, 0x0000, 0x0000, 0x0000, 0x0000, 0x0000, 0x0000, 0x0000, 0x0000, 0x0000, 0x0000, 0x0000, 0x0000, 0x0000, 0x0000, 0x0000,
0x0000, 0x0000, 0x0000, 0x0000, 0x0000, 0x0000, 0x0000, 0x0000, 0x0000, 0x0000, 0x0000, 0x0000, 0x0000, 0x0000, 0x0000, 0x0000,
0x0000, 0x0000, 0x0000, 0x0000, 0x0000, 0x0000, 0x0000, 0x0000, 0x0000, 0x0000, 0x0000, 0x0000, 0x0000, 0x0000, 0x0000, 0x0000,
0x0000, 0x0000, 0x0000, 0x0000, 0x0000, 0x0000, 0x0000, 0x0000, 0x0000, 0x0000, 0x0000, 0x0000, 0x0000, 0x0000, 0x0000, 0x0000,
0x0000, 0x0000, 0x0000, 0x0000, 0x0000, 0x0000, 0x0000, 0x0000, 0x0000, 0x0000, 0x0000, 0x0000, 0x0000, 0x0000, 0x0000, 0x0000,
0x0000, 0x0000, 0x0000, 0x0000, 0x0000, 0x0000, 0x0000, 0x0000, 0x0000, 0x0000, 0x0000, 0x0000, 0x0000, 0x0000, 0x0000, 0x0000,
0x0000, 0x0000, 0x0000, 0x0000, 0x0000, 0x0000, 0x0000, 0x0000, 0x0000, 0x0000, 0x0000, 0x0000, 0x0000, 0x0000, 0x0000, 0x0000,
0x0000, 0x0000, 0x0000, 0x0000, 0x0000, 0x0000, 0x0000, 0x0000, 0x0000, 0x0000, 0x0000, 0x0000, 0x0000, 0x0000, 0x0000, 0x0000,
0x0000, 0x0000, 0x0000, 0x0000, 0x0000, 0x0000, 0x0000, 0x0000, 0x0000, 0x0000, 0x0000, 0x0000, 0x0000, 0x0000, 0x0000, 0x0000,
0x0000, 0x0000, 0x0000, 0x0000, 0x0000, 0x0000, 0x0000, 0x0000, 0x0000, 0x0000, 0x0000, 0x0000, 0x0000, 0x0000, 0x0000, 0x0000,
0x0000, 0x0000, 0x0000, 0x0000, 0x0000, 0x0000, 0x0000, 0x0000, 0x0000, 0x0000, 0x0000, 0x0000, 0x0000, 0x0000, 0x0000, 0x0000,
0x0000, 0x0000, 0x0000, 0x0000, 0x0000, 0x0000, 0x0000, 0x0000, 0x0000, 0x0000, 0x0000, 0x0000, 0x0000, 0x0000, 0x0000, 0x0000,
0x0000, 0x0000, 0x0000, 0x0000, 0x0000, 0x0000, 0x0000, 0x0000, 0x0000, 0x0000, 0x0000, 0x0000, 0x0000, 0x0000, 0x0000, 0x0000,
0x0000, 0x0000, 0x0000, 0x0000, 0x0000, 0x0000, 0x0000, 0x0000, 0x0000, 0x0000, 0x0000, 0x0000, 0x0000, 0x0000, 0x0000, 0x0000,
0x0000, 0x0000, 0x0000, 0x0000, 0x0000, 0x0000, 0x0000, 0x0000, 0x0000, 0x0000, 0x0000, 0x0000, 0x0000, 0x0000, 0x0000, 0x0000,
0x0000, 0x0000, 0x0000, 0x0000, 0x0000, 0x0000, 0x0000, 0x0000, 0x0000, 0x0000, 0x0000, 0x0000, 0x0000, 0x0000, 0x0000, 0x0000,
0x0000, 0x0000, 0x0000, 0x0000, 0x0000, 0x0000, 0x0000, 0x0000, 0x0000, 0x0000, 0x0000, 0x0000, 0x0000, 0x0000, 0x0000, 0x0000,
0x0000, 0x0000, 0x0000, 0x0000, 0x0000, 0x0000, 0x0000, 0x0000, 0x0000, 0x0000, 0x0000, 0x0000, 0x0000, 0x0000, 0x0000, 0x0000,
0x0000, 0x0000, 0x0000, 0x0000, 0x0000, 0x0000, 0x0000, 0x0000, 0x0000, 0x0000, 0x0000, 0x0000, 0x0000, 0x0000, 0x0000, 0x0000,
0x0000, 0x0000, 0x0000, 0x0000, 0x0000, 0x0000, 0x0000, 0x0000, 0x0000, 0x0000, 0x0000, 0x0000, 0x0000, 0x0000, 0x0000, 0x0000,
0x0000, 0x0000, 0x0000, 0x0000, 0x0000, 0x0000, 0x0000, 0x0000, 0x0000, 0x0000, 0x0000, 0x0000, 0x0000, 0x0000, 0x0000, 0x0000,
0x0000, 0x0000, 0x0000, 0x0000, 0x0000, 0x0000, 0x0000, 0x0000, 0x0000, 0x0000, 0x0000, 0x0000, 0x0000, 0x0000, 0x0000, 0x0000,
0x0000, 0x0000, 0x0000, 0x0000, 0x0000, 0x0000, 0x0000, 0x0000, 0x0000, 0x0000, 0x0000, 0x0000, 0x0000, 0x0000, 0x0000, 0x0000,
0x0000, 0x0000, 0x0000, 0x0000, 0x0000, 0x0000, 0x0000, 0x0000, 0x0000, 0x0000, 0x0000, 0x0000, 0x0000, 0x0000, 0x0000, 0x0000,
0x0000, 0x0000, 0x0000, 0x0000, 0x0000, 0x0000, 0x0000, 0x0000, 0x0000, 0x0000, 0x0000, 0x0000, 0x0000, 0x0000, 0x0000, 0x0000,
0x0000, 0x0000, 0x0000, 0x0000, 0x0000, 0x0000, 0x0000, 0x0000, 0x0000, 0x0000, 0x0000, 0x0000, 0x0000, 0x0000, 0x0000, 0x0000,
0x0000, 0x0000, 0x0000, 0x0000, 0x0000, 0x0000, 0x0000, 0x0000, 0x0000, 0x0000, 0x0000, 0x0000, 0x0000, 0x0000, 0x0000, 0x0000,
0x0000, 0x0000, 0x0000, 0x0000, 0x0000, 0x0000, 0x0000, 0x0000, 0x0000, 0x0000, 0x0000, 0x0000, 0x0000, 0x0000, 0x0000, 0x0000,
0x0000, 0x0000, 0x0000, 0x0000, 0x0000, 0x0000, 0x0000, 0x0000, 0x0000, 0x0000, 0x0000, 0x0000, 0x0000, 0x0000, 0x0000, 0x0000,
0x0000, 0x0000, 0x0000, 0x0000, 0x0000, 0x0000, 0x0000, 0x0000, 0x0000, 0x0000, 0x0000, 0x0000, 0x0000, 0x0000, 0x0000, 0x0000,
0x0000, 0x0000, 0x0000, 0x0000, 0x0000, 0x0000, 0x0000, 0x0000, 0x0000, 0x0000, 0x0000, 0x0000, 0x0000, 0x0000, 0x0000, 0x0000,
0x0000, 0x0000, 0x0000, 0x0000, 0x0000, 0x0000, 0x0000, 0x0000, 0x0000, 0x0000, 0x0000, 0x0000, 0x0000, 0x0000, 0x0000, 0x0000,
0x0000, 0x0000, 0x0000, 0x0000, 0x0000, 0x0000, 0x0000, 0x0000, 0x0000, 0x0000, 0x0000, 0x0000, 0x0000, 0x0000, 0x0000, 0x0000,
0x0000, 0x0000, 0x0000, 0x0000, 0x0000, 0x0000, 0x0000, 0x0000, 0x0000, 0x0000, 0x0000, 0x0000, 0x0000, 0x0000, 0x0000, 0x0000,
0x0000, 0x0000, 0x0000, 0x0000, 0x0000, 0x0000, 0x0000, 0x0000, 0x0000, 0x0000, 0x0000, 0x0000, 0x0000, 0x0000, 0x0000, 0x0000,
0x0000, 0x0000, 0x0000, 0x0000, 0x0000, 0x0000, 0x0000, 0x0000, 0x0000, 0x0000, 0x0000, 0x0000, 0x0000, 0x0000, 0x0000, 0x0000,
0x0000, 0x0000, 0x0000, 0x0000, 0x0000, 0x0000, 0x0000, 0x0000, 0x0000, 0x0000, 0x0000, 0x0000, 0x0000, 0x0000, 0x0000, 0x0000,
0x0000, 0x0000, 0x0000, 0x0000, 0x0000, 0x0000, 0x0000, 0x0000, 0x0000, 0x0000, 0x0000, 0x0000, 0x0000, 0x0000, 0x0000, 0x0000
};

const uint16_t icon_incendio[64 * 64] PROGMEM = {
0x0000, 0x0000, 0x0000, 0x0000, 0x0000, 0x0000, 0x0000, 0x0000, 0x0000, 0x0000, 0x0000, 0x0000, 0x0000, 0x0000, 0x0000, 0x0000,
0x0000, 0x0000, 0x0000, 0x0000, 0x0000, 0x0000, 0x0000, 0x0000, 0x0000, 0x0000, 0x0000, 0x0000, 0x0000, 0x0000, 0x0000, 0x0000,
0x0000, 0x0000, 0x0000, 0x0000, 0x0000, 0x0000, 0x0000, 0x0000, 0x0000, 0x0000, 0x0000, 0x0000, 0x0000, 0x0000, 0x0000, 0x0000,
0x0000, 0x0000, 0x0000, 0x0000, 0x0000, 0x0000, 0x0000, 0x0000, 0x0000, 0x0000, 0x0000, 0x0000, 0x0000, 0x0000, 0x0000, 0x0000,
0x0000, 0x0000, 0x0000, 0x0000, 0x0000, 0x0000, 0x0000, 0x0000, 0x0000, 0x0000, 0x0000, 0x0000, 0x0000, 0x0000, 0x0000, 0x0000,
0x0000, 0x0000, 0x0000, 0x0000, 0x0000, 0x0000, 0x0000, 0x0000, 0x0000, 0x0000, 0x0000, 0x0000, 0x0000, 0x0000, 0x0000, 0x0000,
0x0000, 0x0000, 0x0000, 0x0000, 0x0000, 0x0000, 0x0000, 0x0000, 0x0000, 0x0000, 0x0000, 0x0000, 0x0000, 0x0000, 0x0000, 0x0000,
0x0000, 0x0000, 0x0000, 0x0000, 0x0000, 0x0000, 0x0000, 0x0000, 0x0000, 0x0000, 0x0000, 0x0000, 0x0000, 0x0000, 0x0000, 0x0000,
0x0000, 0x0000, 0x0000, 0x0000, 0x0000, 0x0000, 0x0000, 0x0000, 0x0000, 0x0000, 0x0000, 0x0000, 0x0000, 0x0000, 0x0000, 0x0000,
0x0000, 0x0000, 0x0000, 0x0000, 0x0000, 0x0000, 0x0000, 0x0000, 0x0000, 0x0000, 0x0000, 0x0000, 0x0000, 0x0000, 0x0000, 0x0000,
0x0000, 0x0000, 0x0000, 0x0000, 0x0000, 0x0000, 0x0000, 0x0000, 0x0000, 0x0000, 0x0000, 0x0000, 0x0000, 0x0000, 0x0000, 0x0000,
0x0000, 0x0000, 0x0000, 0x0000, 0x0000, 0x0000, 0x0000, 0x0000, 0x0000, 0x0000, 0x0000, 0x0000, 0x0000, 0x0000, 0x0000, 0x0000,
0x0000, 0x0000, 0x0000, 0x0000, 0x0000, 0x0000, 0x0000, 0x0000, 0x0000, 0x0000, 0x0000, 0x0000, 0x0000, 0x0000, 0x0000, 0x0000,
0x0000, 0x0000, 0x0000, 0x0000, 0x0000, 0x0000, 0x0000, 0x0000, 0x0000, 0x0000, 0x0000, 0x0000, 0x0000, 0x0000, 0x0000, 0x0000,
0x0000, 0x0000, 0x0000, 0x0000, 0x0000, 0x0000, 0x0000, 0x0000, 0x0000, 0x0000, 0x0000, 0x0000, 0x0000, 0x0000, 0x0000, 0x0000,
0x0000, 0x0000, 0x0000, 0x0000, 0x0000, 0x0000, 0x0000, 0x0000, 0x0000, 0x0000, 0x0000, 0x0000, 0x0000, 0x0000, 0x0000, 0x0000,
0x0000, 0x0000, 0x0000, 0x0000, 0x0000, 0x0000, 0x0000, 0x0000, 0x0000, 0x0000, 0x0000, 0x0000, 0x0000, 0x0000, 0x0000, 0x0000,
0x0000, 0x0000, 0x0000, 0x0000, 0x0000, 0x0000, 0x0000, 0x0000, 0x0000, 0x0000, 0x0000, 0x0000, 0x0000, 0x0000, 0x0000, 0x0000,
0x0000, 0x0000, 0x0000, 0x0000, 0x0000, 0x0000, 0x0000, 0x0000, 0x0000, 0x0000, 0x0000, 0x0000, 0x0000, 0x0000, 0x0000, 0x0000,
0x0000, 0x0000, 0x0000, 0x0000, 0x0000, 0x0000, 0x0000, 0x0000, 0x0000, 0x0000, 0x0000, 0x0000, 0x0000, 0x0000, 0x0000, 0x0000,
0x0000, 0x0000, 0x0000, 0x0000, 0x0000, 0x0000, 0x0000, 0x0000, 0x0000, 0x0000, 0x0000, 0x0000, 0x0000, 0x0000, 0x0000, 0x0000,
0x0000, 0x0000, 0x0000, 0x0000, 0x0000, 0x0000, 0x0000, 0x0000, 0x0000, 0x0000, 0x0000, 0x0000, 0x0000, 0x0000, 0x0000, 0x0000,
0xFEE8, 0x0000, 0x0000, 0x0000, 0x0000, 0x0000, 0x0000, 0x0000, 0x0000, 0x0000, 0x0000, 0x0000, 0x0000, 0x0000, 0x0000, 0x0000,
0x0000, 0x0000, 0x0000, 0x0000, 0x0000, 0x0000, 0x0000, 0x0000, 0x0000, 0x0000, 0x0000, 0x0000, 0x0000, 0x0000, 0x0000, 0x0000,
0x0000, 0x0000, 0x0000, 0x0000, 0x0000, 0x0000, 0x0000, 0x0000, 0x0000, 0x0000, 0x0000, 0x0000, 0x0000, 0x0000, 0x0000, 0x0000,
0x0000, 0x0000, 0x0000, 0x0000, 0x0000, 0x0000, 0x0000, 0x0000, 0x0000, 0x0000, 0x0000, 0x0000, 0x0000, 0x0000, 0x0000, 0x0000,
0xFEE8, 0x0000, 0x0000, 0x0000, 0x0000, 0x0000, 0x0000, 0x0000, 0x0000, 0x0000, 0x0000, 0x0000, 0x0000, 0x0000, 0x0000, 0x0000,
0x0000, 0x0000, 0x0000, 0x0000, 0x0000, 0x0000, 0x0000, 0x0000, 0x0000, 0x0000, 0x0000, 0x0000, 0x0000, 0x0000, 0x0000, 0x0000,
0x0000, 0x0000, 0x0000, 0x0000, 0x0000, 0x0000, 0x0000, 0x0000, 0x0000, 0x0000, 0x0000, 0x0000, 0x0000, 0x0000, 0x0000, 0x0000,
0x0000, 0x0000, 0x0000, 0x0000, 0x0000, 0x0000, 0x0000, 0x0000, 0x0000, 0x0000, 0x0000, 0x0000, 0x0000, 0x0000, 0x0000, 0xFEE8,
0xFAC1, 0xFEE8, 0x0000, 0x0000, 0x0000, 0x0000, 0x0000, 0x0000, 0x0000, 0x0000, 0x0000, 0x0000, 0x0000, 0x0000, 0x0000, 0x0000,
0x0000, 0x0000, 0x0000, 0x0000, 0x0000, 0x0000, 0x0000, 0x0000, 0x0000, 0x0000, 0x0000, 0x0000, 0x0000, 0x0000, 0x0000, 0x0000,
0x0000, 0x0000, 0x0000, 0x0000, 0x0000, 0x0000, 0x0000, 0x0000, 0x0000, 0x0000, 0x0000, 0x0000, 0x0000, 0x0000, 0x0000, 0x0000,
0x0000, 0x0000, 0x0000, 0x0000, 0x0000, 0x0000, 0x0000, 0x0000, 0x0000, 0x0000, 0x0000, 0x0000, 0x0000, 0x0000, 0x0000, 0xFEE8,
0xFAC1, 0xFEE8, 0x0000, 0x0000, 0x0000, 0x0000, 0x0000, 0x0000, 0x0000, 0x0000, 0x0000, 0x0000, 0x0000, 0x0000, 0x0000, 0x0000,
0x0000, 0x0000, 0x0000, 0x0000, 0x0000, 0x0000, 0x0000, 0x0000, 0x0000, 0x0000, 0x0000, 0x0000, 0x0000, 0x0000, 0x0000, 0x0000,
0x0000, 0x0000, 0x0000, 0x0000, 0x0000, 0x0000, 0x0000, 0x0000, 0x0000, 0x0000, 0x0000, 0x0000, 0x0000, 0x0000, 0x0000, 0x0000,
0x0000, 0x0000, 0x0000, 0x0000, 0x0000, 0x0000, 0x0000, 0x0000, 0x0000, 0x0000, 0x0000, 0x0000, 0x0000, 0x0000, 0x0000, 0xFEE8,
0xFAC1, 0xFEE8, 0x0000, 0x0000, 0x0000, 0x0000, 0x0000, 0x0000, 0x0000, 0x0000, 0x0000, 0x0000, 0x0000, 0x0000, 0x0000, 0x0000,
0x0000, 0x0000, 0x0000, 0x0000, 0x0000, 0x0000, 0x0000, 0x0000, 0x0000, 0x0000, 0x0000, 0x0000, 0x0000, 0x0000, 0x0000, 0x0000,
0x0000, 0x0000, 0x0000, 0x0000, 0x0000, 0x0000, 0x0000, 0x0000, 0x0000, 0x0000, 0x0000, 0x0000, 0x0000, 0x0000, 0x0000, 0x0000,
0x0000, 0x0000, 0x0000, 0x0000, 0x0000, 0x0000, 0x0000, 0x0000, 0x0000, 0x0000, 0x0000, 0x0000, 0x0000, 0x0000, 0xFEE8, 0xFAC1,
0xFAC1, 0xFAC1, 0xFEE8, 0x0000, 0x0000, 0x0000, 0x0000, 0x0000, 0x0000, 0x0000, 0x0000, 0x0000, 0x0000, 0x0000, 0x0000, 0x0000,
0x0000, 0x0000, 0x0000, 0x0000, 0x0000, 0x0000, 0x0000, 0x0000, 0x0000, 0x0000, 0x0000, 0x0000, 0x0000, 0x0000, 0x0000, 0x0000,
0x0000, 0x0000, 0x0000, 0x0000, 0x0000, 0x0000, 0x0000, 0x0000, 0x0000, 0x0000, 0x0000, 0x0000, 0x0000, 0x0000, 0x0000, 0x0000,
0x0000, 0x0000, 0x0000, 0x0000, 0x0000, 0x0000, 0x0000, 0x0000, 0x0000, 0x0000, 0x0000, 0x0000, 0x0000, 0x0000, 0xFEE8, 0xFAC1,
0xFAC1, 0xFAC1, 0xFEE8, 0x0000, 0x0000, 0x0000, 0x0000, 0x0000, 0x0000, 0x0000, 0x0000, 0x0000, 0x0000, 0x0000, 0x0000, 0x0000,
0x0000, 0x0000, 0x0000, 0x0000, 0x0000, 0x0000, 0x0000, 0x0000, 0x0000, 0x0000, 0x0000, 0x0000, 0x0000, 0x0000, 0x0000, 0x0000,
0x0000, 0x0000, 0x0000, 0x0000, 0x0000, 0x0000, 0x0000, 0x0000, 0x0000, 0x0000, 0x0000, 0x0000, 0x0000, 0x0000, 0x0000, 0x0000,
0x0000, 0x0000, 0x0000, 0x0000, 0x0000, 0x0000, 0x0000, 0x0000, 0x0000, 0x0000, 0x0000, 0x0000, 0x0000, 0x0000, 0xFEE8, 0xFAC1,
0xFAC1, 0xFAC1, 0xFEE8, 0x0000, 0x0000, 0x0000, 0x0000, 0x0000, 0x0000, 0x0000, 0x0000, 0x0000, 0x0000, 0x0000, 0x0000, 0x0000,
0x0000, 0x0000, 0x0000, 0x0000, 0x0000, 0x0000, 0x0000, 0x0000, 0x0000, 0x0000, 0x0000, 0x0000, 0x0000, 0x0000, 0x0000, 0x0000,
0x0000, 0x0000, 0x0000, 0x0000, 0x0000, 0x0000, 0x0000, 0x0000, 0x0000, 0x0000, 0x0000, 0x0000, 0x0000, 0x0000, 0x0000, 0x0000,
0x0000, 0x0000, 0x0000, 0x0000, 0x0000, 0x0000, 0x0000, 0x0000, 0x0000, 0x0000, 0x0000, 0x0000, 0x0000, 0xFEE8, 0xFAC1, 0xFAC1,
0xFAC1, 0xFAC1, 0xFAC1, 0xFEE8, 0x0000, 0x0000, 0x0000, 0x0000, 0x0000, 0x0000, 0x0000, 0x0000, 0x0000, 0x0000, 0x0000, 0x0000,
0x0000, 0x0000, 0x0000, 0x0000, 0x0000, 0x0000, 0x0000, 0x0000, 0x0000, 0x0000, 0x0000, 0x0000, 0x0000, 0x0000, 0x0000, 0x0000,
0x0000, 0x0000, 0x0000, 0x0000, 0x0000, 0x0000, 0x0000, 0x0000, 0x0000, 0x0000, 0x0000, 0x0000, 0x0000, 0x0000, 0x0000, 0x0000,
0x0000, 0x0000, 0x0000, 0x0000, 0x0000, 0x0000, 0x0000, 0x0000, 0x0000, 0x0000, 0x0000, 0x0000, 0x0000, 0xFEE8, 0xFAC1, 0xFAC1,
0xFAC1, 0xFAC1, 0xFAC1, 0xFEE8, 0x0000, 0x0000, 0x0000, 0x0000, 0x0000, 0x0000, 0x0000, 0x0000, 0x0000, 0x0000, 0x0000, 0x0000,
0x0000, 0x0000, 0x0000, 0x0000, 0x0000, 0x0000, 0x0000, 0x0000, 0x0000, 0x0000, 0x0000, 0x0000, 0x0000, 0x0000, 0x0000, 0x0000,
0x0000, 0x0000, 0x0000, 0x0000, 0x0000, 0x0000, 0x0000, 0x0000, 0x0000, 0x0000, 0x0000, 0x0000, 0x0000, 0x0000, 0x0000, 0x0000,
0x0000, 0x0000, 0x0000, 0x0000, 0x0000, 0x0000, 0x0000, 0x0000, 0x0000, 0x0000, 0x0000, 0x0000, 0x0000, 0xFEE8, 0xFAC1, 0xFAC1,
0xFAC1, 0xFAC1, 0xFAC1, 0xFEE8, 0x0000, 0x0000, 0x0000, 0x0000, 0x0000, 0x0000, 0x0000, 0x0000, 0x0000, 0x0000, 0x0000, 0x0000,
0x0000, 0x0000, 0x0000, 0x0000, 0x0000, 0x0000, 0x0000, 0x0000, 0x0000, 0x0000, 0x0000, 0x0000, 0x0000, 0x0000, 0x0000, 0x0000,
0x0000, 0x0000, 0x0000, 0x0000, 0x0000, 0x0000, 0x0000, 0x0000, 0x0000, 0x0000, 0x0000, 0x0000, 0x0000, 0x0000, 0x0000, 0x0000,
0x0000, 0x0000, 0x0000, 0x0000, 0x0000, 0x0000, 0x0000, 0x0000, 0x0000, 0x0800, 0x0800, 0x0800, 0xFEE8, 0xFAC1, 0xFAC1, 0xFAC1,
0xFAC1, 0xFAC1, 0xFAC1, 0xFEE8, 0x0800, 0x0800, 0x0800, 0x0800, 0x0000, 0x0000, 0x0000, 0x0000, 0x0000, 0x0000, 0x0000, 0x0000,
0x0000, 0x0000, 0x0000, 0x0000, 0x0000, 0x0000, 0x0000, 0x0000, 0x0000, 0x0000, 0x0000, 0x0000, 0x0000, 0x0000, 0x0000, 0x0000,
0x0000, 0x0000, 0x0000, 0x0000, 0x0000, 0x0000, 0x0000, 0x0000, 0x0000, 0x0000, 0x0000, 0x0000, 0x0000, 0x0000, 0x0000, 0x0000,
0x0000, 0x0000, 0x0000, 0x0000, 0x0000, 0x0000, 0x0000, 0x0800, 0x0800, 0x0800, 0x0800, 0x0820, 0xFEE8, 0xFAC1, 0xFAC1, 0xFAC1,
0xFAC1, 0xFAC1, 0xFAC1, 0xFAC1, 0xFEE8, 0x0820, 0x0800, 0x0800, 0x0800, 0x0800, 0x0000, 0x0000, 0x0000, 0x0000, 0x0000, 0x0000,
0x0000, 0x0000, 0x0000, 0x0000, 0x0000, 0x0000, 0x0000, 0x0000, 0x0000, 0x0000, 0x0000, 0x0000, 0x0000, 0x0000, 0x0000, 0x0000,
0x0000, 0x0000, 0x0000, 0x0000, 0x0000, 0x0000, 0x0000, 0x0000, 0x0000, 0x0000, 0x0000, 0x0000, 0x0000, 0x0000, 0x0000, 0x0000,
0x0000, 0x0000, 0x0000, 0x0000, 0x0000, 0x0800, 0x0800, 0x0800, 0x0820, 0x0820, 0x0820, 0x0820, 0xFEE8, 0xFAC1, 0xFAC1, 0xFAC1,
0xFEE7, 0xFAC1, 0xFAC1, 0xFAC1, 0xFEE8, 0x0820, 0x0820, 0x0820, 0x0820, 0x0800, 0x0800, 0x0800, 0x0000, 0x0000, 0x0000, 0x0000,
0x0000, 0x0000, 0x0000, 0x0000, 0x0000, 0x0000, 0x0000, 0x0000, 0x0000, 0x0000, 0x0000, 0x0000, 0x0000, 0x0000, 0x0000, 0x0000,
0x0000, 0x0000, 0x0000, 0x0000, 0x0000, 0x0000, 0x0000, 0x0000, 0x0000, 0x0000, 0x0000, 0x0000, 0x0000, 0x0000, 0x0000, 0x0000,
0x0000, 0x0000, 0x0000, 0x0000, 0x0800, 0x0800, 0x0800, 0x0820, 0x0820, 0x0820, 0x1020, 0x1020, 0xFEE8, 0xFAC1, 0xFAC1, 0xFAC1,
0xFEE7, 0xFAC1, 0xFAC1, 0xFAC1, 0xFEE8, 0x1020, 0x1020, 0x0820, 0x0820, 0x0820, 0x0800, 0x0800, 0x0800, 0x0000, 0x0000, 0x0000,
0x0000, 0x0000, 0x0000, 0x0000, 0x0000, 0x0000, 0x0000, 0x0000, 0x0000, 0x0000, 0x0000, 0x0000, 0x0000, 0x0000, 0x0000, 0x0000,
0x0000, 0x0000, 0x0000, 0x0000, 0x0000, 0x0000, 0x0000, 0x0000, 0x0000, 0x0000, 0x0000, 0x0000, 0x0000, 0x0000, 0x0000, 0x0000,
0x0000, 0x0000, 0x0800, 0x0800, 0x0800, 0x0820, 0x0820, 0x0820, 0x1020, 0x1020, 0x1020, 0xFEE8, 0xFAC1, 0xFAC1, 0xFAC1, 0xFAC1,
0xFEE7, 0xFAC1, 0xFAC1, 0xFAC1, 0xFAC1, 0xFEE8, 0x1020, 0x1020, 0x1020, 0x0820, 0x0820, 0x0820, 0x0800, 0x0800, 0x0800, 0x0000,
0x0000, 0x0000, 0x0000, 0x0000, 0x0000, 0x0000, 0x0000, 0x0000, 0x0000, 0x0000, 0x0000, 0x0000, 0x0000, 0x0000, 0x0000, 0x0000,
0x0000, 0x0000, 0x0000, 0x0000, 0x0000, 0x0000, 0x0000, 0x0000, 0x0000, 0x0000, 0x0000, 0x0000, 0x0000, 0x0000, 0x0000, 0x0000,
0x0000, 0x0800, 0x0800, 0x0800, 0x0820, 0x0820, 0x1020, 0x1020, 0x1020, 0x1020, 0x1840, 0xFEE8, 0xFAC1, 0xFAC1, 0xFAC1, 0xFEE7,
0xFEE7, 0xFEE7, 0xFAC1, 0xFAC1, 0xFAC1, 0xFEE8, 0x1840, 0x1020, 0x1020, 0x1020, 0x1020, 0x0820, 0x0820, 0x0800, 0x0800, 0x0800,
0x0000, 0x0000, 0x0000, 0x0000, 0x0000, 0x0000, 0x0000, 0x0000, 0x0000, 0x0000, 0x0000, 0x0000, 0x0000, 0x0000, 0x0000, 0x0000,
0x0000, 0x0000, 0x0000, 0x0000, 0x0000, 0x0000, 0x0000, 0x0000, 0x0000, 0x0000, 0x0000, 0x0000, 0x0000, 0x0000, 0x0000, 0x0000,
0x0800, 0x0800, 0x0800, 0x0820, 0x0820, 0x1020, 0x1020, 0x1020, 0x1840, 0x1840, 0x1840, 0xFEE8, 0xFAC1, 0xFAC1, 0xFAC1, 0xFEE7,
0xFEE7, 0xFEE7, 0xFAC1, 0xFAC1, 0xFAC1, 0xFEE8, 0x1840, 0x1840, 0x1840, 0x1020, 0x1020, 0x1020, 0x0820, 0x0820, 0x0800, 0x0800,
0x0800, 0x0000, 0x0000, 0x0000, 0x0000, 0x0000, 0x0000, 0x0000, 0x0000, 0x0000, 0x0000, 0x0000, 0x0000, 0x0000, 0x0000, 0x0000,
0x0000, 0x0000, 0x0000, 0x0000, 0x0000, 0x0000, 0x0000, 0x0000, 0x0000, 0x0000, 0x0000, 0x0000, 0x0000, 0x0000, 0x0000, 0x0800,
0x0800, 0x0800, 0x0820, 0x1020, 0x1020, 0x1020, 0x1820, 0x1840, 0x1840, 0x2040, 0xFEE8, 0xFAC1, 0xFAC1, 0xFAC1, 0xFAC1, 0xFEE7,
0xFEE7, 0xFEE7, 0xFAC1, 0xFAC1, 0xFAC1, 0xFAC1, 0xFEE8, 0x2040, 0x1840, 0x1840, 0x1820, 0x1020, 0x1020, 0x1020, 0x0820, 0x0800,
0x0800, 0x0800, 0x0000, 0x0000, 0x0000, 0x0000, 0x0000, 0x0000, 0x0000, 0x0000, 0x0000, 0x0000, 0x0000, 0x0000, 0x0000, 0x0000,
0x0000, 0x0000, 0x0000, 0x0000, 0x0000, 0x0000, 0x0000, 0x0000, 0x0000, 0x0000, 0x0000, 0x0000, 0x0000, 0x0000, 0x0000, 0x0800,
0x0800, 0x0820, 0x1020, 0x1020, 0x1020, 0x1840, 0x1840, 0x1840, 0x2040, 0x2040, 0xFEE8, 0xFAC1, 0xFAC1, 0xFAC1, 0xFAC1, 0xFEE7,
0xFEE7, 0xFEE7, 0xFAC1, 0xFAC1, 0xFAC1, 0xFAC1, 0xFEE8, 0x2040, 0x2040, 0x1840, 0x1840, 0x1840, 0x1020, 0x1020, 0x1020, 0x0820,
0x0800, 0x0800, 0x0000, 0x0000, 0x0000, 0x0000, 0x0000, 0x0000, 0x0000, 0x0000, 0x0000, 0x0000, 0x0000, 0x0000, 0x0000, 0x0000,
0x0000, 0x0000, 0x0000, 0x0000, 0x0000, 0x0000, 0x0000, 0x0000, 0x0000, 0x0000, 0x0000, 0x0000, 0x0000, 0x0000, 0x0800, 0x0800,
0x0820, 0x0820, 0x1020, 0x1020, 0x1840, 0x1840, 0x1840, 0x2040, 0x2060, 0x2860, 0xFEE8, 0xFAC1, 0xFAC1, 0xFAC1, 0xFEE7, 0xFEE7,
0xFEE7, 0xFEE7, 0xFEE7, 0xFAC1, 0xFAC1, 0xFAC1, 0xFEE8, 0x2860, 0x2060, 0x2040, 0x1840, 0x1840, 0x1840, 0x1020, 0x1020, 0x0820,
0x0820, 0x0800, 0x0800, 0x0000, 0x0000, 0x0000, 0x0000, 0x0000, 0x0000, 0x0000, 0x0000, 0x0000, 0x0000, 0x0000, 0x0000, 0x0000,
0x0000, 0x0000, 0x0000, 0x0000, 0x0000, 0x0000, 0x0000, 0x0000, 0x0000, 0x0000, 0x0000, 0x0000, 0x0000, 0x0800, 0x0800, 0x0820,
0x0820, 0x1020, 0x1020, 0x1840, 0x1840, 0x2040, 0x2040, 0x2060, 0x2860, 0xFEE8, 0xFAC1, 0xFAC1, 0xFAC1, 0xFAC1, 0xFEE7, 0xFEE7,
0xFEE7, 0xFEE7, 0xFEE7, 0xFAC1, 0xFAC1, 0xFAC1, 0xFAC1, 0xFEE8, 0x2860, 0x2060, 0x2040, 0x2040, 0x1840, 0x1840, 0x1020, 0x1020,
0x0820, 0x0820, 0x0800, 0x0800, 0x0000, 0x0000, 0x0000, 0x0000, 0x0000, 0x0000, 0x0000, 0x0000, 0x0000, 0x0000, 0x0000, 0x0000,
0x0000, 0x0000, 0x0000, 0x0000, 0x0000, 0x0000, 0x0000, 0x0000, 0x0000, 0x0000, 0x0000, 0x0000, 0x0000, 0x0800, 0x0800, 0x0820,
0x1020, 0x1020, 0x1820, 0x1840, 0x2040, 0x2040, 0x2860, 0x2860, 0x2860, 0xFEE8, 0xFAC1, 0xFAC1, 0xFAC1, 0xFAC1, 0xFEE7, 0xFEE7,
0xFEE7, 0xFEE7, 0xFEE7, 0xFAC1, 0xFAC1, 0xFAC1, 0xFAC1, 0xFEE8, 0x2860, 0x2860, 0x2860, 0x2040, 0x2040, 0x1840, 0x1820, 0x1020,
0x1020, 0x0820, 0x0800, 0x0800, 0x0000, 0x0000, 0x0000, 0x0000, 0x0000, 0x0000, 0x0000, 0x0000, 0x0000, 0x0000, 0x0000, 0x0000,
0x0000, 0x0000, 0x0000, 0x0000, 0x0000, 0x0000, 0x0000, 0x0000, 0x0000, 0x0000, 0x0000, 0x0000, 0x0800, 0x0800, 0x0820, 0x0820,
0x1020, 0x1020, 0x1840, 0x1840, 0x2040, 0x2060, 0x2860, 0x3060, 0xFEE8, 0xFAC1, 0xFAC1, 0xFAC1, 0xFAC1, 0xFAC1, 0xFEE7, 0xFEE7,
0xFEE7, 0xFEE7, 0xFEE7, 0xFAC1, 0xFAC1, 0xFAC1, 0xFAC1, 0xFAC1, 0xFEE8, 0x3060, 0x2860, 0x2060, 0x2040, 0x1840, 0x1840, 0x1020,
0x1020, 0x0820, 0x0820, 0x0800, 0x0800, 0x0000, 0x0000, 0x0000, 0x0000, 0x0000, 0x0000, 0x0000, 0x0000, 0x0000, 0x0000, 0x0000,
0x0000, 0x0000, 0x0000, 0x0000, 0x0000, 0x0000, 0x0000, 0x0000, 0x0000, 0x0000, 0x0000, 0x0000, 0x0800, 0x0800, 0x0820, 0x1020,
0x1020, 0x1840, 0x1840, 0x2040, 0x2060, 0x2860, 0x2860, 0xFEE8, 0xFAC1, 0xFAC1, 0xFAC1, 0xFAC1, 0xFAC1, 0xFEE7, 0xFEE7, 0xFEE7,
0xFEE7, 0xFEE7, 0xFEE7, 0xFEE7, 0xFAC1, 0xFAC1, 0xFAC1, 0xFAC1, 0xFAC1, 0xFEE8, 0x2860, 0x2860, 0x2060, 0x2040, 0x1840, 0x1840,
0x1020, 0x1020, 0x0820, 0x0800, 0x0800, 0x0000, 0x0000, 0x0000, 0x0000, 0x0000, 0x0000, 0x0000, 0x0000, 0x0000, 0x0000, 0x0000,
0x0000, 0x0000, 0x0000, 0x0000, 0x0000, 0x0000, 0x0000, 0x0000, 0x0000, 0x0000, 0x0000, 0x0800, 0x0800, 0x0820, 0x0820, 0x1020,
0x1020, 0x1840, 0x1840, 0x2040, 0x2860, 0x2860, 0xFEE8, 0xFAC1, 0xFAC1, 0xFAC1, 0xFAC1, 0xFAC1, 0xFAC1, 0xFEE7, 0xFEE7, 0xFEE7,
0xFEE7, 0xFEE7, 0xFEE7, 0xFEE7, 0xFAC1, 0xFAC1, 0xFAC1, 0xFAC1, 0xFAC1, 0xFAC1, 0xFEE8, 0x2860, 0x2860, 0x2040, 0x1840, 0x1840,
0x1020, 0x1020, 0x0820, 0x0820, 0x0800, 0x0800, 0x0000, 0x0000, 0x0000, 0x0000, 0x0000, 0x0000, 0x0000, 0x0000, 0x0000, 0x0000,
0x0000, 0x0000, 0x0000, 0x0000, 0x0000, 0x0000, 0x0000, 0x0000, 0x0000, 0x0000, 0x0000, 0x0800, 0x0800, 0x0820, 0x1020, 0x1020,
0x1840, 0x1840, 0x2040, 0x2060, 0x2860, 0xFEE8, 0xFAC1, 0xFAC1, 0xFAC1, 0xFAC1, 0xFAC1, 0xFAC1, 0xFAC1, 0xFEE7, 0xFEE7, 0xFEE7,
0xFEE7, 0xFEE7, 0xFEE7, 0xFEE7, 0xFAC1, 0xFAC1, 0xFAC1, 0xFAC1, 0xFAC1, 0xFAC1, 0xFAC1, 0xFEE8, 0x2860, 0x2060, 0x2040, 0x1840,
0x1840, 0x1020, 0x1020, 0x0820, 0x0800, 0x0800, 0x0000, 0x0000, 0x0000, 0x0000, 0x0000, 0x0000, 0x0000, 0x0000, 0x0000, 0x0000,
0x0000, 0x0000, 0x0000, 0x0000, 0x0000, 0x0000, 0x0000, 0x0000, 0x0000, 0x0000, 0x0000, 0x0800, 0x0820, 0x0820, 0x1020, 0x1020,
0x1840, 0x1840, 0x2040, 0x2860, 0xFEE8, 0xFAC1, 0xFAC1, 0xFAC1, 0xFAC1, 0xFAC1, 0xFAC1, 0xFAC1, 0xFAC1, 0xFEE7, 0xFEE7, 0xFEE7,
0xFEE7, 0xFEE7, 0xFEE7, 0xFEE7, 0xFAC1, 0xFAC1, 0xFAC1, 0xFAC1, 0xFAC1, 0xFAC1, 0xFAC1, 0xFAC1, 0xFEE8, 0x2860, 0x2040, 0x1840,
0x1840, 0x1020, 0x1020, 0x0820, 0x0820, 0x0800, 0x0000, 0x0000, 0x0000, 0x0000, 0x0000, 0x0000, 0x0000, 0x0000, 0x0000, 0x0000,
0x0000, 0x0000, 0x0000, 0x0000, 0x0000, 0x0000, 0x0000, 0x0000, 0x0000, 0x0000, 0x0000, 0x0800, 0x0820, 0x0820, 0x1020, 0x1020,
0x1840, 0x2040, 0x2060, 0xFEE8, 0xFAC1, 0xFAC1, 0xFAC1, 0xFAC1, 0xFAC1, 0xFAC1, 0xFAC1, 0xFAC1, 0xFEE7, 0xFEE7, 0xFEE7, 0xFEE7,
0xFEE7, 0xFEE7, 0xFEE7, 0xFEE7, 0xFEE7, 0xFAC1, 0xFAC1, 0xFAC1, 0xFAC1, 0xFAC1, 0xFAC1, 0xFAC1, 0xFAC1, 0xFEE8, 0x2060, 0x2040,
0x1840, 0x1020, 0x1020, 0x0820, 0x0820, 0x0800, 0x0000, 0x0000, 0x0000, 0x0000, 0x0000, 0x0000, 0x0000, 0x0000, 0x0000, 0x0000,
0x0000, 0x0000, 0x0000, 0x0000, 0x0000, 0x0000, 0x0000, 0x0000, 0x0000, 0x0000, 0x0800, 0x0800, 0x0820, 0x1020, 0x1020, 0x1840,
0x1840, 0x2040, 0xFEE8, 0xFAC1, 0xFAC1, 0xFAC1, 0xFAC1, 0xFAC1, 0xFAC1, 0xFAC1, 0xFAC1, 0xFAC1, 0xFEE7, 0xFEE7, 0xFEE7, 0xFEE7,
0xFEE7, 0xFEE7, 0xFEE7, 0xFEE7, 0xFEE7, 0xFAC1, 0xFAC1, 0xFAC1, 0xFAC1, 0xFAC1, 0xFAC1, 0xFAC1, 0xFAC1, 0xFAC1, 0xFEE8, 0x2040,
0x1840, 0x1840, 0x1020, 0x1020, 0x0820, 0x0800, 0x0800, 0x0000, 0x0000, 0x0000, 0x0000, 0x0000, 0x0000, 0x0000, 0x0000, 0x0000,
0x0000, 0x0000, 0x0000, 0x0000, 0x0000, 0x0000, 0x0000, 0x0000, 0x0000, 0x0000, 0x0800, 0x0800, 0x0820, 0x1020, 0x1020, 0x1840,
0x1840, 0xFEE8, 0xFAC1, 0xFAC1, 0xFAC1, 0xFAC1, 0xFAC1, 0xFAC1, 0xFAC1, 0xFAC1, 0xFAC1, 0xFEE7, 0xFEE7, 0xFEE7, 0xFEE7, 0xFEE7,
0xFEE7, 0xFEE7, 0xFEE7, 0xFEE7, 0xFEE7, 0xFEE7, 0xFAC1, 0xFAC1, 0xFAC1, 0xFAC1, 0xFAC1, 0xFAC1, 0xFAC1, 0xFAC1, 0xFAC1, 0xFEE8,
0x1840, 0x1840, 0x1020, 0x1020, 0x0820, 0x0800, 0x0800, 0x0000, 0x0000, 0x0000, 0x0000, 0x0000, 0x0000, 0x0000, 0x0000, 0x0000,
0x0000, 0x0000, 0x0000, 0x0000, 0x0000, 0x0000, 0x0000, 0x0000, 0x0000, 0x0000, 0x0800, 0x0800, 0x0820, 0x1020, 0x1020, 0x1840,
0xFEE8, 0xFAC1, 0xFAC1, 0xFAC1, 0xFAC1, 0xFAC1, 0xFAC1, 0xFAC1, 0xFAC1, 0xFAC1, 0xFEE7, 0xFEE7, 0xFEE7, 0xFEE7, 0xFEE7, 0xFEE7,
0xFEE7, 0xFEE7, 0xFEE7, 0xFEE7, 0xFEE7, 0xFEE7, 0xFEE7, 0xFAC1, 0xFAC1, 0xFAC1, 0xFAC1, 0xFAC1, 0xFAC1, 0xFAC1, 0xFAC1, 0xFAC1,
0xFEE8, 0x1840, 0x1020, 0x1020, 0x0820, 0x0800, 0x0800, 0x0000, 0x0000, 0x0000, 0x0000, 0x0000, 0x0000, 0x0000, 0x0000, 0x0000,
0x0000, 0x0000, 0x0000, 0x0000, 0x0000, 0x0000, 0x0000, 0x0000, 0x0000, 0x0000, 0x0800, 0x0800, 0x0820, 0x1020, 0x1020, 0x1840,
0xFEE8, 0xFAC1, 0xFAC1, 0xFAC1, 0xFAC1, 0xFAC1, 0xFAC1, 0xFAC1, 0xFAC1, 0xFEE7, 0xFEE7, 0xFEE7, 0xFEE7, 0xFEE7, 0xFEE7, 0xFEE7,
0xFEE7, 0xFEE7, 0xFEE7, 0xFEE7, 0xFEE7, 0xFEE7, 0xFEE7, 0xFEE7, 0xFAC1, 0xFAC1, 0xFAC1, 0xFAC1, 0xFAC1, 0xFAC1, 0xFAC1, 0xFAC1,
0xFEE8, 0x1840, 0x1020, 0x1020, 0x0820, 0x0800, 0x0800, 0x0000, 0x0000, 0x0000, 0x0000, 0x0000, 0x0000, 0x0000, 0x0000, 0x0000,
0x0000, 0x0000, 0x0000, 0x0000, 0x0000, 0x0000, 0x0000, 0x0000, 0x0000, 0x0000, 0x0800, 0x0800, 0x0820, 0x1020, 0x1020, 0x1840,
0x1840, 0xFEE8, 0xFAC1, 0xFAC1, 0xFAC1, 0xFAC1, 0xFAC1, 0xFAC1, 0xFEE7, 0xFEE7, 0xFEE7, 0xFEE7, 0xFEE7, 0xFEE7, 0xFEE7, 0xFEE7,
0xFEE7, 0xFEE7, 0xFEE7, 0xFEE7, 0xFEE7, 0xFEE7, 0xFEE7, 0xFEE7, 0xFEE7, 0xFAC1, 0xFAC1, 0xFAC1, 0xFAC1, 0xFAC1, 0xFAC1, 0xFEE8,
0x1840, 0x1840, 0x1020, 0x1020, 0x0820, 0x0800, 0x0800, 0x0000, 0x0000, 0x0000, 0x0000, 0x0000, 0x0000, 0x0000, 0x0000, 0x0000,
0x0000, 0x0000, 0x0000, 0x0000, 0x0000, 0x0000, 0x0000, 0x0000, 0x0000, 0x0000, 0x0800, 0x0800, 0x0820, 0x1020, 0x1020, 0x1840,
0x1840, 0xFEE8, 0xFAC1, 0xFAC1, 0xFAC1, 0xFAC1, 0xFAC1, 0xFEE7, 0xFEE7, 0xFEE7, 0xFEE7, 0xFEE7, 0xFEE7, 0xFEE7, 0xFEE7, 0xFEE7,
0xFEE7, 0xFEE7, 0xFEE7, 0xFEE7, 0xFEE7, 0xFEE7, 0xFEE7, 0xFEE7, 0xFEE7, 0xFEE7, 0xFAC1, 0xFAC1, 0xFAC1, 0xFAC1, 0xFAC1, 0xFEE8,
0x1840, 0x1840, 0x1020, 0x1020, 0x0820, 0x0800, 0x0800, 0x0000, 0x0000, 0x0000, 0x0000, 0x0000, 0x0000, 0x0000, 0x0000, 0x0000,
0x0000, 0x0000, 0x0000, 0x0000, 0x0000, 0x0000, 0x0000, 0x0000, 0x0000, 0x0000, 0x0800, 0x0800, 0x0820, 0x1020, 0x1020, 0x1840,
0x1840, 0xFEE8, 0xFAC1, 0xFAC1, 0xFAC1, 0xFAC1, 0xFAC1, 0xFAC1, 0xFEE7, 0xFEE7, 0xFEE7, 0xFEE7, 0xFEE7, 0xFEE7, 0xFEE7, 0xFEE7,
0xFEE7, 0xFEE7, 0xFEE7, 0xFEE7, 0xFEE7, 0xFEE7, 0xFEE7, 0xFEE7, 0xFEE7, 0xFAC1, 0xFAC1, 0xFAC1, 0xFAC1, 0xFAC1, 0xFAC1, 0xFEE8,
0x1840, 0x1840, 0x1020, 0x1020, 0x0820, 0x0800, 0x0800, 0x0000, 0x0000, 0x0000, 0x0000, 0x0000, 0x0000, 0x0000, 0x0000, 0x0000,
0x0000, 0x0000, 0x0000, 0x0000, 0x0000, 0x0000, 0x0000, 0x0000, 0x0000, 0x0000, 0x0000, 0x0800, 0x0820, 0x0820, 0x1020, 0x1020,
0x1840, 0x2040, 0xFEE8, 0xFAC1, 0xFAC1, 0xFAC1, 0xFAC1, 0xFAC1, 0xFAC1, 0xFEE7, 0xFEE7, 0xFEE7, 0xFEE7, 0xFEE7, 0xFEE7, 0xFEE7,
0xFEE7, 0xFEE7, 0xFEE7, 0xFEE7, 0xFEE7, 0xFEE7, 0xFEE7, 0xFEE7, 0xFAC1, 0xFAC1, 0xFAC1, 0xFAC1, 0xFAC1, 0xFAC1, 0xFEE8, 0x2040,
0x1840, 0x1020, 0x1020, 0x0820, 0x0820, 0x0800, 0x0000, 0x0000, 0x0000, 0x0000, 0x0000, 0x0000, 0x0000, 0x0000, 0x0000, 0x0000,
0x0000, 0x0000, 0x0000, 0x0000, 0x0000, 0x0000, 0x0000, 0x0000, 0x0000, 0x0000, 0x0000, 0x0800, 0x0820, 0x0820, 0x1020, 0x1020,
0x1840, 0x1840, 0xFEE8, 0xFAC1, 0xFAC1, 0xFAC1, 0xFAC1, 0xFAC1, 0xFAC1, 0xFAC1, 0xFEE7, 0xFEE7, 0xFEE7, 0xFEE7, 0xFEE7, 0xFEE7,
0xFEE7, 0xFEE7, 0xFEE7, 0xFEE7, 0xFEE7, 0xFEE7, 0xFEE7, 0xFAC1, 0xFAC1, 0xFAC1, 0xFAC1, 0xFAC1, 0xFAC1, 0xFAC1, 0xFEE8, 0x1840,
0x1840, 0x1020, 0x1020, 0x0820, 0x0820, 0x0800, 0x0000, 0x0000, 0x0000, 0x0000, 0x0000, 0x0000, 0x0000, 0x0000, 0x0000, 0x0000,
0x0000, 0x0000, 0x0000, 0x0000, 0x0000, 0x0000, 0x0000, 0x0000, 0x0000, 0x0000, 0x0000, 0x0800, 0x0800, 0x0820, 0x1020, 0x1020,
0x1840, 0x1840, 0x2040, 0xFEE8, 0xFAC1, 0xFAC1, 0xFAC1, 0xFAC1, 0xFAC1, 0xFAC1, 0xFAC1, 0xFAC1, 0xFEE7, 0xFEE7, 0xFEE7, 0xFEE7,
0xFEE7, 0xFEE7, 0xFEE7, 0xFEE7, 0xFEE7, 0xFAC1, 0xFAC1, 0xFAC1, 0xFAC1, 0xFAC1, 0xFAC1, 0xFAC1, 0xFAC1, 0xFEE8, 0x2040, 0x1840,
0x1840, 0x1020, 0x1020, 0x0820, 0x0800, 0x0800, 0x0000, 0x0000, 0x0000, 0x0000, 0x0000, 0x0000, 0x0000, 0x0000, 0x0000, 0x0000,
0x0000, 0x0000, 0x0000, 0x0000, 0x0000, 0x0000, 0x0000, 0x0000, 0x0000, 0x0000, 0x0000, 0x0800, 0x0800, 0x0820, 0x0820, 0x1020,
0x1020, 0x1840, 0x1840, 0xFEE8, 0xFAC1, 0xFAC1, 0xFAC1, 0xFAC1, 0xFAC1, 0xFAC1, 0xFAC1, 0xFAC1, 0xFAC1, 0xFEE7, 0xFEE7, 0xFEE7,
0xFEE7, 0xFEE7, 0xFEE7, 0xFEE7, 0xFAC1, 0xFAC1, 0xFAC1, 0xFAC1, 0xFAC1, 0xFAC1, 0xFAC1, 0xFAC1, 0xFAC1, 0xFEE8, 0x1840, 0x1840,
0x1020, 0x1020, 0x0820, 0x0820, 0x0800, 0x0800, 0x0000, 0x0000, 0x0000, 0x0000, 0x0000, 0x0000, 0x0000, 0x0000, 0x0000, 0x0000,
0x0000, 0x0000, 0x0000, 0x0000, 0x0000, 0x0000, 0x0000, 0x0000, 0x0000, 0x0000, 0x0000, 0x0000, 0x0800, 0x0800, 0x0820, 0x1020,
0x1020, 0x1840, 0x1840, 0xFEE8, 0xFAC1, 0xFAC1, 0xFAC1, 0xFAC1, 0xFAC1, 0xFAC1, 0xFAC1, 0xFAC1, 0xFAC1, 0xFAC1, 0xFEE7, 0xFEE7,
0xFEE7, 0xFEE7, 0xFEE7, 0xFAC1, 0xFAC1, 0xFAC1, 0xFAC1, 0xFAC1, 0xFAC1, 0xFAC1, 0xFAC1, 0xFAC1, 0xFAC1, 0xFEE8, 0x1840, 0x1840,
0x1020, 0x1020, 0x0820, 0x0800, 0x0800, 0x0000, 0x0000, 0x0000, 0x0000, 0x0000, 0x0000, 0x0000, 0x0000, 0x0000, 0x0000, 0x0000,
0x0000, 0x0000, 0x0000, 0x0000, 0x0000, 0x0000, 0x0000, 0x0000, 0x0000, 0x0000, 0x0000, 0x0000, 0x0800, 0x0800, 0x0820, 0x0820,
0x1020, 0x1020, 0x1840, 0x1840, 0xFEE8, 0xFAC1, 0xFAC1, 0xFAC1, 0xFAC1, 0xFAC1, 0xFAC1, 0xFAC1, 0xFAC1, 0xFAC1, 0xFAC1, 0xFEE7,
0xFEE7, 0xFEE7, 0xFAC1, 0xFAC1, 0xFAC1, 0xFAC1, 0xFAC1, 0xFAC1, 0xFAC1, 0xFAC1, 0xFAC1, 0xFAC1, 0xFEE8, 0x1840, 0x1840, 0x1020,
0x1020, 0x0820, 0x0820, 0x0800, 0x0800, 0x0000, 0x0000, 0x0000, 0x0000, 0x0000, 0x0000, 0x0000, 0x0000, 0x0000, 0x0000, 0x0000,
0x0000, 0x0000, 0x0000, 0x0000, 0x0000, 0x0000, 0x0000, 0x0000, 0x0000, 0x0000, 0x0000, 0x0000, 0x0000, 0x0800, 0x0800, 0x0820,
0x1020, 0x1020, 0x1820, 0x1840, 0xFEE8, 0xFAC1, 0xFAC1, 0xFAC1, 0xFAC1, 0xFAC1, 0xFAC1, 0xFAC1, 0xFAC1, 0xFAC1, 0xFAC1, 0xFAC1,
0xFEE7, 0xFAC1, 0xFAC1, 0xFAC1, 0xFAC1, 0xFAC1, 0xFAC1, 0xFAC1, 0xFAC1, 0xFAC1, 0xFAC1, 0xFAC1, 0xFEE8, 0x1840, 0x1820, 0x1020,
0x1020, 0x0820, 0x0800, 0x0800, 0x0000, 0x0000, 0x0000, 0x0000, 0x0000, 0x0000, 0x0000, 0x0000, 0x0000, 0x0000, 0x0000, 0x0000,
0x0000, 0x0000, 0x0000, 0x0000, 0x0000, 0x0000, 0x0000, 0x0000, 0x0000, 0x0000, 0x0000, 0x0000, 0x0000, 0x0800, 0x0800, 0x0820,
0x0820, 0x1020, 0x1020, 0x1840, 0xFEE8, 0xFAC1, 0xFAC1, 0xFAC1, 0xFAC1, 0xFAC1, 0xFAC1, 0xFAC1, 0xFAC1, 0xFAC1, 0xFAC1, 0xFAC1,
0xFEE8, 0xFAC1, 0xFAC1, 0xFAC1, 0xFAC1, 0xFAC1, 0xFAC1, 0xFAC1, 0xFAC1, 0xFAC1, 0xFAC1, 0xFAC1, 0xFEE8, 0x1840, 0x1020, 0x1020,
0x0820, 0x0820, 0x0800, 0x0800, 0x0000, 0x0000, 0x0000, 0x0000, 0x0000, 0x0000, 0x0000, 0x0000, 0x0000, 0x0000, 0x0000, 0x0000,
0x0000, 0x0000, 0x0000, 0x0000, 0x0000, 0x0000, 0x0000, 0x0000, 0x0000, 0x0000, 0x0000, 0x0000, 0x0000, 0x0000, 0x0800, 0x0800,
0x0820, 0x0820, 0x1020, 0x1020, 0x1840, 0xFEE8, 0xFAC1, 0xFAC1, 0xFAC1, 0xFAC1, 0xFAC1, 0xFAC1, 0xFAC1, 0xFAC1, 0xFAC1, 0xFEE8,
0x3080, 0xFEE8, 0xFAC1, 0xFAC1, 0xFAC1, 0xFAC1, 0xFAC1, 0xFAC1, 0xFAC1, 0xFAC1, 0xFAC1, 0xFEE8, 0x1840, 0x1020, 0x1020, 0x0820,
0x0820, 0x0800, 0x0800, 0x0000, 0x0000, 0x0000, 0x0000, 0x0000, 0x0000, 0x0000, 0x0000, 0x0000, 0x0000, 0x0000, 0x0000, 0x0000,
0x0000, 0x0000, 0x0000, 0x0000, 0x0000, 0x0000, 0x0000, 0x0000, 0x0000, 0x0000, 0x0000, 0x0000, 0x0000, 0x0000, 0x0000, 0x0800,
0x0800, 0x0820, 0x1020, 0x1020, 0x1020, 0xFEE8, 0xFAC1, 0xFAC1, 0xFAC1, 0xFAC1, 0xFAC1, 0xFAC1, 0xFAC1, 0xFEE8, 0xFEE8, 0x2860,
0x2860, 0x2860, 0xFEE8, 0xFEE8, 0xFAC1, 0xFAC1, 0xFAC1, 0xFAC1, 0xFAC1, 0xFAC1, 0xFAC1, 0xFEE8, 0x1020, 0x1020, 0x1020, 0x0820,
0x0800, 0x0800, 0x0000, 0x0000, 0x0000, 0x0000, 0x0000, 0x0000, 0x0000, 0x0000, 0x0000, 0x0000, 0x0000, 0x0000, 0x0000, 0x0000,
0x0000, 0x0000, 0x0000, 0x0000, 0x0000, 0x0000, 0x0000, 0x0000, 0x0000, 0x0000, 0x0000, 0x0000, 0x0000, 0x0000, 0x0000, 0x0800,
0x0800, 0x0800, 0x0820, 0x1020, 0x1020, 0x1020, 0xFEE8, 0xFAC1, 0xFAC1, 0xFAC1, 0xFAC1, 0xFAC1, 0xFEE8, 0x2860, 0x2860, 0x2860,
0x2860, 0x2860, 0x2860, 0x2860, 0xFEE8, 0xFAC1, 0xFAC1, 0xFAC1, 0xFAC1, 0xFAC1, 0xFEE8, 0x1020, 0x1020, 0x1020, 0x0820, 0x0800,
0x0800, 0x0800, 0x0000, 0x0000, 0x0000, 0x0000, 0x0000, 0x0000, 0x0000, 0x0000, 0x0000, 0x0000, 0x0000, 0x0000, 0x0000, 0x0000,
0x0000, 0x0000, 0x0000, 0x0000, 0x0000, 0x0000, 0x0000, 0x0000, 0x0000, 0x0000, 0x0000, 0x0000, 0x0000, 0x0000, 0x0000, 0x0000,
0x0800, 0x0800, 0x0800, 0x0820, 0x0820, 0x1020, 0xFEE8, 0xFAC1, 0xFAC1, 0xFAC1, 0xFAC1, 0xFEE8, 0x2040, 0x2040, 0x2040, 0x2040,
0x2040, 0x2040, 0x2040, 0x2040, 0x2040, 0xFEE8, 0xFAC1, 0xFAC1, 0xFAC1, 0xFAC1, 0xFEE8, 0x1020, 0x0820, 0x0820, 0x0800, 0x0800,
0x0800, 0x0000, 0x0000, 0x0000, 0x0000, 0x0000, 0x0000, 0x0000, 0x0000, 0x0000, 0x0000, 0x0000, 0x0000, 0x0000, 0x0000, 0x0000,
0x0000, 0x0000, 0x0000, 0x0000, 0x0000, 0x0000, 0x0000, 0x0000, 0x0000, 0x0000, 0x0000, 0x0000, 0x0000, 0x0000, 0x0000, 0x0000,
0x0000, 0x0800, 0x0800, 0x0800, 0x0820, 0x0820, 0xFEE8, 0xFAC1, 0xFAC1, 0xFEE8, 0xFEE8, 0x1840, 0x1840, 0x1840, 0x1840, 0x1840,
0x1840, 0x1840, 0x1840, 0x1840, 0x1840, 0x1840, 0xFEE8, 0xFEE8, 0xFAC1, 0xFAC1, 0xFEE8, 0x0820, 0x0820, 0x0800, 0x0800, 0x0800,
0x0000, 0x0000, 0x0000, 0x0000, 0x0000, 0x0000, 0x0000, 0x0000, 0x0000, 0x0000, 0x0000, 0x0000, 0x0000, 0x0000, 0x0000, 0x0000,
0x0000, 0x0000, 0x0000, 0x0000, 0x0000, 0x0000, 0x0000, 0x0000, 0x0000, 0x0000, 0x0000, 0x0000, 0x0000, 0x0000, 0x0000, 0x0000,
0x0000, 0x0000, 0x0800, 0x0800, 0x0800, 0x0820, 0x0820, 0xFEE8, 0xFEE8, 0x1020, 0x1020, 0x1020, 0x1020, 0x1820, 0x1840, 0x1840,
0x1840, 0x1840, 0x1840, 0x1820, 0x1020, 0x1020, 0x1020, 0x1020, 0xFEE8, 0xFEE8, 0x0820, 0x0820, 0x0800, 0x0800, 0x0800, 0x0000,
0x0000, 0x0000, 0x0000, 0x0000, 0x0000, 0x0000, 0x0000, 0x0000, 0x0000, 0x0000, 0x0000, 0x0000, 0x0000, 0x0000, 0x0000, 0x0000,
0x0000, 0x0000, 0x0000, 0x0000, 0x0000, 0x0000, 0x0000, 0x0000, 0x0000, 0x0000, 0x0000, 0x0000, 0x0000, 0x0000, 0x0000, 0x0000,
0x0000, 0x0000, 0x0000, 0x0000, 0x0800, 0x0800, 0x0820, 0xFEE8, 0x0820, 0x0820, 0x1020, 0x1020, 0x1020, 0x1020, 0x1020, 0x1020,
0x1020, 0x1020, 0x1020, 0x1020, 0x1020, 0x1020, 0x1020, 0x0820, 0x0820, 0xFEE8, 0x0820, 0x0800, 0x0800, 0x0000, 0x0000, 0x0000,
0x0000, 0x0000, 0x0000, 0x0000, 0x0000, 0x0000, 0x0000, 0x0000, 0x0000, 0x0000, 0x0000, 0x0000, 0x0000, 0x0000, 0x0000, 0x0000,
0x0000, 0x0000, 0x0000, 0x0000, 0x0000, 0x0000, 0x0000, 0x0000, 0x0000, 0x0000, 0x0000, 0x0000, 0x0000, 0x0000, 0x0000, 0x0000,
0x0000, 0x0000, 0x0000, 0x0000, 0x0000, 0x0800, 0x0800, 0x0800, 0x0820, 0x0820, 0x0820, 0x0820, 0x0820, 0x1020, 0x1020, 0x1020,
0x1020, 0x1020, 0x1020, 0x1020, 0x0820, 0x0820, 0x0820, 0x0820, 0x0820, 0x0800, 0x0800, 0x0800, 0x0000, 0x0000, 0x0000, 0x0000,
0x0000, 0x0000, 0x0000, 0x0000, 0x0000, 0x0000, 0x0000, 0x0000, 0x0000, 0x0000, 0x0000, 0x0000, 0x0000, 0x0000, 0x0000, 0x0000,
0x0000, 0x0000, 0x0000, 0x0000, 0x0000, 0x0000, 0x0000, 0x0000, 0x0000, 0x0000, 0x0000, 0x0000, 0x0000, 0x0000, 0x0000, 0x0000,
0x0000, 0x0000, 0x0000, 0x0000, 0x0000, 0x0000, 0x0000, 0x0800, 0x0800, 0x0800, 0x0800, 0x0820, 0x0820, 0x0820, 0x0820, 0x0820,
0x0820, 0x0820, 0x0820, 0x0820, 0x0820, 0x0820, 0x0800, 0x0800, 0x0800, 0x0800, 0x0000, 0x0000, 0x0000, 0x0000, 0x0000, 0x0000,
0x0000, 0x0000, 0x0000, 0x0000, 0x0000, 0x0000, 0x0000, 0x0000, 0x0000, 0x0000, 0x0000, 0x0000, 0x0000, 0x0000, 0x0000, 0x0000,
0x0000, 0x0000, 0x0000, 0x0000, 0x0000, 0x0000, 0x0000, 0x0000, 0x0000, 0x0000, 0x0000, 0x0000, 0x0000, 0x0000, 0x0000, 0x0000,
0x0000, 0x0000, 0x0000, 0x0000, 0x0000, 0x0000, 0x0000, 0x0000, 0x0000, 0x0800, 0x0800, 0x0800, 0x0800, 0x0800, 0x0800, 0x0800,
0x0800, 0x0800, 0x0800, 0x0800, 0x0800, 0x0800, 0x0800, 0x0800, 0x0000, 0x0000, 0x0000, 0x0000, 0x0000, 0x0000, 0x0000, 0x0000,
0x0000, 0x0000, 0x0000, 0x0000, 0x0000, 0x0000, 0x0000, 0x0000, 0x0000, 0x0000, 0x0000, 0x0000, 0x0000, 0x0000, 0x0000, 0x0000,
0x0000, 0x0000, 0x0000, 0x0000, 0x0000, 0x0000, 0x0000, 0x0000, 0x0000, 0x0000, 0x0000, 0x0000, 0x0000, 0x0000, 0x0000, 0x0000,
0x0000, 0x0000, 0x0000, 0x0000, 0x0000, 0x0000, 0x0000, 0x0000, 0x0000, 0x0000, 0x0000, 0x0000, 0x0800, 0x0800, 0x0800, 0x0800,
0x0800, 0x0800, 0x0800, 0x0800, 0x0800, 0x0000, 0x0000, 0x0000, 0x0000, 0x0000, 0x0000, 0x0000, 0x0000, 0x0000, 0x0000, 0x0000,
0x0000, 0x0000, 0x0000, 0x0000, 0x0000, 0x0000, 0x0000, 0x0000, 0x0000, 0x0000, 0x0000, 0x0000, 0x0000, 0x0000, 0x0000, 0x0000,
0x0000, 0x0000, 0x0000, 0x0000, 0x0000, 0x0000, 0x0000, 0x0000, 0x0000, 0x0000, 0x0000, 0x0000, 0x0000, 0x0000, 0x0000, 0x0000,
0x0000, 0x0000, 0x0000, 0x0000, 0x0000, 0x0000, 0x0000, 0x0000, 0x0000, 0x0000, 0x0000, 0x0000, 0x0000, 0x0000, 0x0000, 0x0000,
0x0000, 0x0000, 0x0000, 0x0000, 0x0000, 0x0000, 0x0000, 0x0000, 0x0000, 0x0000, 0x0000, 0x0000, 0x0000, 0x0000, 0x0000, 0x0000,
0x0000, 0x0000, 0x0000, 0x0000, 0x0000, 0x0000, 0x0000, 0x0000, 0x0000, 0x0000, 0x0000, 0x0000, 0x0000, 0x0000, 0x0000, 0x0000,
0x0000, 0x0000, 0x0000, 0x0000, 0x0000, 0x0000, 0x0000, 0x0000, 0x0000, 0x0000, 0x0000, 0x0000, 0x0000, 0x0000, 0x0000, 0x0000,
0x0000, 0x0000, 0x0000, 0x0000, 0x0000, 0x0000, 0x0000, 0x0000, 0x0000, 0x0000, 0x0000, 0x0000, 0x0000, 0x0000, 0x0000, 0x0000,
0x0000, 0x0000, 0x0000, 0x0000, 0x0000, 0x0000, 0x0000, 0x0000, 0x0000, 0x0000, 0x0000, 0x0000, 0x0000, 0x0000, 0x0000, 0x0000,
0x0000, 0x0000, 0x0000, 0x0000, 0x0000, 0x0000, 0x0000, 0x0000, 0x0000, 0x0000, 0x0000, 0x0000, 0x0000, 0x0000, 0x0000, 0x0000,
0x0000, 0x0000, 0x0000, 0x0000, 0x0000, 0x0000, 0x0000, 0x0000, 0x0000, 0x0000, 0x0000, 0x0000, 0x0000, 0x0000, 0x0000, 0x0000,
0x0000, 0x0000, 0x0000, 0x0000, 0x0000, 0x0000, 0x0000, 0x0000, 0x0000, 0x0000, 0x0000, 0x0000, 0x0000, 0x0000, 0x0000, 0x0000,
0x0000, 0x0000, 0x0000, 0x0000, 0x0000, 0x0000, 0x0000, 0x0000, 0x0000, 0x0000, 0x0000, 0x0000, 0x0000, 0x0000, 0x0000, 0x0000,
0x0000, 0x0000, 0x0000, 0x0000, 0x0000, 0x0000, 0x0000, 0x0000, 0x0000, 0x0000, 0x0000, 0x0000, 0x0000, 0x0000, 0x0000, 0x0000,
0x0000, 0x0000, 0x0000, 0x0000, 0x0000, 0x0000, 0x0000, 0x0000, 0x0000, 0x0000, 0x0000, 0x0000, 0x0000, 0x0000, 0x0000, 0x0000,
0x0000, 0x0000, 0x0000, 0x0000, 0x0000, 0x0000, 0x0000, 0x0000, 0x0000, 0x0000, 0x0000, 0x0000, 0x0000, 0x0000, 0x0000, 0x0000,
0x0000, 0x0000, 0x0000, 0x0000, 0x0000, 0x0000, 0x0000, 0x0000, 0x0000, 0x0000, 0x0000, 0x0000, 0x0000, 0x0000, 0x0000, 0x0000,
0x0000, 0x0000, 0x0000, 0x0000, 0x0000, 0x0000, 0x0000, 0x0000, 0x0000, 0x0000, 0x0000, 0x0000, 0x0000, 0x0000, 0x0000, 0x0000
};

const uint16_t icon_accio[64 * 64] PROGMEM = {
0x0000, 0x0000, 0x0000, 0x0000, 0x0000, 0x0000, 0x0000, 0x0000, 0x0000, 0x0000, 0x0000, 0x0000, 0x0000, 0x0000, 0x0000, 0x0000,
0x0000, 0x0000, 0x0000, 0x0000, 0x0000, 0x0000, 0x0000, 0x0000, 0x0000, 0x0000, 0x0000, 0x0000, 0x0000, 0x0000, 0x0000, 0x0000,
0x0000, 0x0000, 0x0000, 0x0000, 0x0000, 0x0000, 0x0000, 0x0000, 0x0000, 0x0000, 0x0000, 0x0000, 0x0000, 0x0000, 0x0000, 0x0000,
0x0000, 0x0000, 0x0000, 0x0000, 0x0000, 0x0000, 0x0000, 0x0000, 0x0000, 0x0000, 0x0000, 0x0000, 0x0000, 0x0000, 0x0000, 0x0000,
0x0000, 0x0000, 0x0000, 0x0000, 0x0000, 0x0000, 0x0000, 0x0000, 0x0000, 0x0000, 0x0000, 0x0000, 0x0000, 0x0000, 0x0000, 0x0000,
0x0000, 0x0000, 0x0000, 0x0000, 0x0000, 0x0000, 0x0000, 0x0000, 0x0000, 0x0000, 0x0000, 0x0000, 0x0000, 0x0000, 0x0000, 0x0000,
0x0000, 0x0000, 0x0000, 0x0000, 0x0000, 0x0000, 0x0000, 0x0000, 0x0000, 0x0000, 0x0000, 0x0000, 0x0000, 0x0000, 0x0000, 0x0000,
0x0000, 0x0000, 0x0000, 0x0000, 0x0000, 0x0000, 0x0000, 0x0000, 0x0000, 0x0000, 0x0000, 0x0000, 0x0000, 0x0000, 0x0000, 0x0000,
0x0000, 0x0000, 0x0000, 0x0000, 0x0000, 0x0000, 0x0000, 0x0000, 0x0000, 0x0000, 0x0000, 0x0000, 0x0000, 0x0000, 0x0000, 0x0000,
0x0000, 0x0000, 0x0000, 0x0000, 0x0000, 0x0000, 0x0000, 0x0000, 0x0000, 0x0000, 0x0000, 0x0000, 0x0000, 0x0000, 0x0000, 0x0000,
0x0000, 0x0000, 0x0000, 0x0000, 0x0000, 0x0000, 0x0000, 0x0000, 0x0000, 0x0000, 0x0000, 0x0000, 0x0000, 0x0000, 0x0000, 0x0000,
0x0000, 0x0000, 0x0000, 0x0000, 0x0000, 0x0000, 0x0000, 0x0000, 0x0000, 0x0000, 0x0000, 0x0000, 0x0000, 0x0000, 0x0000, 0x0000,
0x0000, 0x0000, 0x0000, 0x0000, 0x0000, 0x0000, 0x0000, 0x0000, 0x0000, 0x0000, 0x0000, 0x0000, 0x0000, 0x0000, 0x0000, 0x0000,
0x0000, 0x0000, 0x0000, 0x0000, 0x0000, 0x0000, 0x0000, 0x0000, 0x0000, 0x0000, 0x0000, 0x0000, 0x0000, 0x0000, 0x0000, 0x0000,
0x0000, 0x0000, 0x0000, 0x0000, 0x0000, 0x0000, 0x0000, 0x0000, 0x0000, 0x0000, 0x0000, 0x0000, 0x0000, 0x0000, 0x0000, 0x0000,
0x0000, 0x0000, 0x0000, 0x0000, 0x0000, 0x0000, 0x0000, 0x0000, 0x0000, 0x0000, 0x0000, 0x0000, 0x0000, 0x0000, 0x0000, 0x0000,
0x0000, 0x0000, 0x0000, 0x0000, 0x0000, 0x0000, 0x0000, 0x0000, 0x0000, 0x0000, 0x0000, 0x0000, 0x0000, 0x0000, 0x0000, 0x0000,
0x0000, 0x0000, 0x0000, 0x0000, 0x0000, 0x0000, 0x0000, 0x0000, 0x0000, 0x0000, 0x0000, 0x0000, 0x0000, 0x0000, 0x0000, 0x0000,
0x0000, 0x0000, 0x0000, 0x0000, 0x0000, 0x0000, 0x0000, 0x0000, 0x0000, 0x0000, 0x0000, 0x0000, 0x0000, 0x0000, 0x0000, 0x0000,
0x0000, 0x0000, 0x0000, 0x0000, 0x0000, 0x0000, 0x0000, 0x0000, 0x0000, 0x0000, 0x0000, 0x0000, 0x0000, 0x0000, 0x0000, 0x0000,
0x0000, 0x0000, 0x0000, 0x0000, 0x0000, 0x0000, 0x0000, 0x0000, 0x0000, 0x0000, 0x0000, 0x0000, 0x0000, 0x0000, 0x0000, 0x0000,
0x0000, 0x0000, 0x0000, 0x0000, 0x0000, 0x0000, 0x0000, 0x0000, 0x0000, 0x0000, 0x0000, 0x0000, 0x0000, 0x0000, 0x0000, 0x0000,
0x0000, 0x0000, 0x0000, 0x0000, 0x0000, 0x0000, 0x0000, 0x0000, 0x0000, 0x0000, 0x0000, 0x0000, 0x0000, 0x0000, 0x0000, 0x0000,
0x0000, 0x0000, 0x0000, 0x0000, 0x0000, 0x0000, 0x0000, 0x0000, 0x0000, 0x0000, 0x0000, 0x0000, 0x0000, 0x0000, 0x0000, 0x0000,
0x0000, 0x0000, 0x0000, 0x0000, 0x0000, 0x0000, 0x0000, 0x0000, 0x0000, 0x0000, 0x0000, 0x0000, 0x0000, 0x0000, 0x0000, 0x0000,
0x0000, 0x0000, 0x0000, 0x0000, 0x0000, 0x0000, 0x0000, 0x0000, 0x0000, 0x0000, 0x0000, 0x0000, 0x0000, 0x0000, 0x0000, 0x0000,
0x0000, 0x0000, 0x0000, 0x0000, 0x0000, 0x0000, 0x0000, 0x0000, 0x0000, 0x0000, 0x0000, 0x0000, 0x0000, 0x0000, 0x0000, 0x0000,
0x0000, 0x0000, 0x0000, 0x0000, 0x0000, 0x0000, 0x0000, 0x0000, 0x0000, 0x0000, 0x0000, 0x0000, 0x0000, 0x0000, 0x0000, 0x0000,
0x0000, 0x0000, 0x0000, 0x0000, 0x0000, 0x0000, 0x0000, 0x0000, 0x0000, 0x0000, 0x0000, 0x0000, 0x0000, 0x0000, 0x0000, 0x0000,
0x0000, 0x0000, 0x0000, 0x0000, 0x0000, 0x0000, 0x0000, 0x0000, 0x0000, 0x0000, 0x0000, 0x0000, 0x0000, 0x0000, 0x0000, 0x0000,
0x0000, 0x0000, 0x0000, 0x0000, 0x0000, 0x0000, 0x0000, 0x0000, 0x0000, 0x0000, 0x0000, 0x0000, 0x0000, 0x0000, 0x0000, 0x0000,
0x0000, 0x0000, 0x0000, 0x0000, 0x0000, 0x0000, 0x0000, 0x0000, 0x0000, 0x0000, 0x0000, 0x0000, 0x0000, 0x0000, 0x0000, 0x0000,
0x0000, 0x0000, 0x0000, 0x0000, 0x0000, 0x0000, 0x0000, 0x0000, 0x0000, 0x0000, 0x0000, 0x0000, 0x0000, 0x0000, 0x0000, 0x0000,
0x0000, 0x0000, 0x0000, 0x0000, 0x0000, 0x0000, 0x0000, 0x0000, 0x0000, 0x0000, 0x0000, 0x0000, 0x0000, 0x0000, 0x0000, 0x0000,
0x0000, 0x0000, 0x0000, 0x0000, 0x0000, 0x0000, 0x0000, 0x0000, 0x0000, 0x0000, 0x0000, 0x0000, 0x0000, 0x0000, 0x0000, 0x0000,
0x0000, 0x0000, 0x0000, 0x0000, 0x0000, 0x0000, 0x0000, 0x0000, 0x0000, 0x0000, 0x0000, 0x0000, 0x0000, 0x0000, 0x0000, 0x0000,
0x0000, 0x0000, 0x0000, 0x0000, 0x0000, 0x0000, 0x0000, 0x0000, 0x0000, 0x0000, 0x0000, 0x0000, 0x0000, 0x0000, 0x0000, 0x0000,
0x0000, 0x0000, 0x0000, 0x0000, 0x0000, 0x0000, 0x0000, 0x0000, 0x0000, 0x0000, 0x0000, 0x0000, 0x0000, 0x0000, 0x0000, 0x0000,
0x0000, 0x0000, 0x0000, 0x0000, 0x0000, 0x0000, 0x0000, 0x0000, 0x0000, 0x0000, 0x0000, 0x0000, 0x0000, 0x0000, 0x0000, 0x0000,
0x0000, 0x0000, 0x0000, 0x0000, 0x0000, 0x0000, 0x0000, 0x0000, 0x0000, 0x0000, 0x0000, 0x0000, 0x0000, 0x0000, 0x0000, 0x0000,
0x0000, 0x0000, 0x0000, 0x0000, 0x0000, 0x0000, 0x0000, 0x0000, 0x0000, 0x0000, 0x0000, 0x0000, 0x0000, 0x0000, 0x0000, 0x0000,
0x0000, 0x0000, 0x0000, 0x0000, 0x0000, 0x0000, 0x0000, 0x0000, 0x0000, 0x0000, 0x0000, 0x0000, 0x0000, 0x0000, 0x0000, 0x0000,
0x0000, 0x0000, 0x0000, 0x0000, 0x0000, 0x0000, 0x0000, 0x0000, 0x0000, 0x0000, 0x0000, 0x0000, 0x0000, 0x0000, 0x0000, 0x0000,
0x0000, 0x0000, 0x0000, 0x0000, 0x0000, 0x0000, 0x0000, 0x0000, 0x0000, 0x0000, 0x0000, 0x0000, 0x0000, 0x0000, 0x0000, 0x0000,
0x0000, 0x0000, 0x0000, 0x0000, 0x0000, 0x0000, 0x0000, 0x0000, 0x0000, 0x0000, 0x0000, 0x0000, 0x0000, 0x0000, 0x0000, 0x0000,
0x0000, 0x0000, 0x0000, 0x0000, 0x0000, 0x0000, 0x0000, 0x0000, 0x0000, 0x0000, 0x0000, 0x0000, 0x0000, 0x0000, 0x0000, 0x0000,
0x0000, 0x0000, 0x0000, 0x0000, 0x0000, 0x0000, 0x0000, 0x0000, 0x0000, 0x0000, 0x0000, 0x0000, 0x0000, 0x0000, 0x0000, 0x0000,
0x0000, 0x0000, 0x0000, 0x0000, 0x0000, 0x0000, 0x0000, 0x0000, 0x0000, 0x0000, 0x0000, 0x0000, 0x0000, 0x0000, 0x0000, 0x0000,
0x0000, 0x0000, 0x0000, 0x0000, 0x0000, 0x0000, 0x0000, 0x0000, 0x0000, 0x0000, 0x0000, 0x0000, 0x0000, 0x0000, 0x0000, 0x0000,
0x0000, 0x0000, 0x0000, 0x0000, 0x0000, 0x0000, 0x0000, 0x0000, 0x0000, 0x0000, 0x0000, 0x0000, 0x0000, 0x0020, 0x0020, 0x0020,
0x0020, 0x0020, 0x0020, 0x0020, 0x0000, 0x0000, 0x0000, 0x0000, 0x0000, 0x0000, 0x0000, 0x0000, 0x0000, 0x0000, 0x0000, 0x0000,
0x0000, 0x0000, 0x0000, 0x0000, 0x0000, 0x0000, 0x0000, 0x0000, 0x0000, 0x0000, 0x0000, 0x0000, 0x0000, 0x0000, 0x0000, 0x0000,
0x0000, 0x0000, 0x0000, 0x0000, 0x0000, 0x0000, 0x0000, 0x0000, 0x0000, 0x0000, 0x0000, 0x0000, 0x0000, 0x0000, 0x0000, 0x0000,
0x0000, 0x0000, 0x0000, 0x0000, 0x0000, 0x0000, 0x0000, 0x0000, 0x0000, 0x0020, 0x0020, 0x0020, 0x0020, 0x0020, 0x0020, 0x0020,
0x0020, 0x0020, 0x0020, 0x0020, 0x0020, 0x0020, 0x0020, 0x0020, 0x0000, 0x0000, 0x0000, 0x0000, 0x0000, 0x0000, 0x0000, 0x0000,
0x0000, 0x0000, 0x0000, 0x0000, 0x0000, 0x0000, 0x0000, 0x0000, 0x0000, 0x0000, 0x0000, 0x0000, 0x0000, 0x0000, 0x0000, 0x0000,
0x0000, 0x0000, 0x0000, 0x0000, 0x0000, 0x0000, 0x0000, 0x0000, 0x0000, 0x0000, 0x0000, 0x0000, 0x0000, 0x0000, 0x0000, 0x0000,
0x0000, 0x0000, 0x0000, 0x0000, 0x0000, 0x0000, 0x0000, 0x0020, 0x0020, 0x0020, 0x0020, 0x0820, 0xFEF1, 0xFEF1, 0xFEF1, 0xFEF1,
0xFEF1, 0xFEF1, 0xFEF1, 0xFEF1, 0xFEF1, 0x0820, 0x0020, 0x0020, 0x0020, 0x0020, 0x0000, 0x0000, 0x0000, 0x0000, 0x0000, 0x0000,
0x0000, 0x0000, 0x0000, 0x0000, 0x0000, 0x0000, 0x0000, 0x0000, 0x0000, 0x0000, 0x0000, 0x0000, 0x0000, 0x0000, 0x0000, 0x0000,
0x0000, 0x0000, 0x0000, 0x0000, 0x0000, 0x0000, 0x0000, 0x0000, 0x0000, 0x0000, 0x0000, 0x0000, 0x0000, 0x0000, 0x0000, 0x0000,
0x0000, 0x0000, 0x0000, 0x0000, 0x0000, 0x0020, 0x0020, 0x0020, 0x0820, 0xFEF1, 0xFEF1, 0xFEF1, 0xFEF1, 0xFEF1, 0xFEF1, 0xFEF1,
0xFEF1, 0xFEF1, 0xFEF1, 0xFEF1, 0xFEF1, 0xFEF1, 0xFEF1, 0xFEF1, 0x0820, 0x0020, 0x0020, 0x0020, 0x0000, 0x0000, 0x0000, 0x0000,
0x0000, 0x0000, 0x0000, 0x0000, 0x0000, 0x0000, 0x0000, 0x0000, 0x0000, 0x0000, 0x0000, 0x0000, 0x0000, 0x0000, 0x0000, 0x0000,
0x0000, 0x0000, 0x0000, 0x0000, 0x0000, 0x0000, 0x0000, 0x0000, 0x0000, 0x0000, 0x0000, 0x0000, 0x0000, 0x0000, 0x0000, 0x0000,
0x0000, 0x0000, 0x0000, 0x0000, 0x0020, 0x0020, 0x0020, 0xFEF1, 0xFEF1, 0xFEF1, 0xFEF1, 0xFEF1, 0xFEF1, 0xFEF1, 0xFEF1, 0xFEF1,
0xFEF1, 0xFEF1, 0xFEF1, 0xFEF1, 0xFEF1, 0xFEF1, 0xFEF1, 0xFEF1, 0xFEF1, 0xFEF1, 0x0020, 0x0020, 0x0020, 0x0000, 0x0000, 0x0000,
0x0000, 0x0000, 0x0000, 0x0000, 0x0000, 0x0000, 0x0000, 0x0000, 0x0000, 0x0000, 0x0000, 0x0000, 0x0000, 0x0000, 0x0000, 0x0000,
0x0000, 0x0000, 0x0000, 0x0000, 0x0000, 0x0000, 0x0000, 0x0000, 0x0000, 0x0000, 0x0000, 0x0000, 0x0000, 0x0000, 0x0000, 0x0000,
0x0000, 0x0000, 0x0000, 0x0020, 0x0020, 0x0820, 0xFEF1, 0xFEF1, 0xFEF1, 0xFEF1, 0xFEF1, 0xFEF1, 0xFEF1, 0x422A, 0x422A, 0x422A,
0x422A, 0x422A, 0x422A, 0x422A, 0xFEF1, 0xFEF1, 0xFEF1, 0xFEF1, 0xFEF1, 0xFEF1, 0xFEF1, 0x0820, 0x0020, 0x0020, 0x0000, 0x0000,
0x0000, 0x0000, 0x0000, 0x0000, 0x0000, 0x0000, 0x0000, 0x0000, 0x0000, 0x0000, 0x0000, 0x0000, 0x0000, 0x0000, 0x0000, 0x0000,
0x0000, 0x0000, 0x0000, 0x0000, 0x0000, 0x0000, 0x0000, 0x0000, 0x0000, 0x0000, 0x0000, 0x0000, 0x0000, 0x0000, 0x0000, 0x0000,
0x0000, 0x0000, 0x0020, 0x0020, 0x0820, 0xFEF1, 0xFEF1, 0xFEF1, 0xFEF1, 0xFEF1, 0x422A, 0x422A, 0x422A, 0x422A, 0x422A, 0x422A,
0x422A, 0x422A, 0x422A, 0x422A, 0x422A, 0x422A, 0x422A, 0xFEF1, 0xFEF1, 0xFEF1, 0xFEF1, 0xFEF1, 0x0820, 0x0020, 0x0020, 0x0000,
0x0000, 0x0000, 0x0000, 0x0000, 0x0000, 0x0000, 0x0000, 0x0000, 0x0000, 0x0000, 0x0000, 0x0000, 0x0000, 0x0000, 0x0000, 0x0000,
0x0000, 0x0000, 0x0000, 0x0000, 0x0000, 0x0000, 0x0000, 0x0000, 0x0000, 0x0000, 0x0000, 0x0000, 0x0000, 0x0000, 0x0000, 0x0000,
0x0000, 0x0020, 0x0020, 0x0820, 0xFEF1, 0xFEF1, 0xFEF1, 0xFEF1, 0x422A, 0x422A, 0x422A, 0x422A, 0x422A, 0x422A, 0x422A, 0x422A,
0x422A, 0x422A, 0x422A, 0x422A, 0x422A, 0x422A, 0x422A, 0x422A, 0x422A, 0xFEF1, 0xFEF1, 0xFEF1, 0xFEF1, 0x0820, 0x0020, 0x0020,
0x0000, 0x0000, 0x0000, 0x0000, 0x0000, 0x0000, 0x0000, 0x0000, 0x0000, 0x0000, 0x0000, 0x0000, 0x0000, 0x0000, 0x0000, 0x0000,
0x0000, 0x0000, 0x0000, 0x0000, 0x0000, 0x0000, 0x0000, 0x0000, 0x0000, 0x0000, 0x0000, 0x0000, 0x0000, 0x0000, 0x0000, 0x0000,
0x0020, 0x0020, 0x0820, 0xFEF1, 0xFEF1, 0xFEF1, 0xFEF1, 0x422A, 0x422A, 0x422A, 0x422A, 0x422A, 0x422A, 0x422A, 0x422A, 0x422A,
0x422A, 0x422A, 0x422A, 0x422A, 0x422A, 0x422A, 0x422A, 0x422A, 0x422A, 0x422A, 0xFEF1, 0xFEF1, 0xFEF1, 0xFEF1, 0x0820, 0x0020,
0x0020, 0x0000, 0x0000, 0x0000, 0x0000, 0x0000, 0x0000, 0x0000, 0x0000, 0x0000, 0x0000, 0x0000, 0x0000, 0x0000, 0x0000, 0x0000,
0x0000, 0x0000, 0x0000, 0x0000, 0x0000, 0x0000, 0x0000, 0x0000, 0x0000, 0x0000, 0x0000, 0x0000, 0x0000, 0x0000, 0x0000, 0x0020,
0x0020, 0x0820, 0xFEF1, 0xFEF1, 0xFEF1, 0x422A, 0x422A, 0x422A, 0x422A, 0x422A, 0x422A, 0x422A, 0x422A, 0x422A, 0x422A, 0x422A,
0x422A, 0x422A, 0x422A, 0x422A, 0x422A, 0x422A, 0x422A, 0x422A, 0x422A, 0x422A, 0x422A, 0x422A, 0xFEF1, 0xFEF1, 0xFEF1, 0x0820,
0x0020, 0x0020, 0x0000, 0x0000, 0x0000, 0x0000, 0x0000, 0x0000, 0x0000, 0x0000, 0x0000, 0x0000, 0x0000, 0x0000, 0x0000, 0x0000,
0x0000, 0x0000, 0x0000, 0x0000, 0x0000, 0x0000, 0x0000, 0x0000, 0x0000, 0x0000, 0x0000, 0x0000, 0x0000, 0x0000, 0x0000, 0x0020,
0x0020, 0xFEF1, 0xFEF1, 0xFEF1, 0xFEF1, 0x422A, 0x422A, 0x422A, 0x422A, 0x422A, 0x422A, 0x422A, 0x422A, 0x422A, 0x422A, 0x422A,
0x422A, 0x422A, 0x422A, 0x422A, 0x422A, 0x422A, 0x422A, 0x422A, 0x422A, 0x422A, 0x422A, 0x422A, 0xFEF1, 0xFEF1, 0xFEF1, 0xFEF1,
0x0020, 0x0020, 0x0000, 0x0000, 0x0000, 0x0000, 0x0000, 0x0000, 0x0000, 0x0000, 0x0000, 0x0000, 0x0000, 0x0000, 0x0000, 0x0000,
0x0000, 0x0000, 0x0000, 0x0000, 0x0000, 0x0000, 0x0000, 0x0000, 0x0000, 0x0000, 0x0000, 0x0000, 0x0000, 0x0000, 0x0020, 0x0020,
0xFEF1, 0xFEF1, 0xFEF1, 0xFEF1, 0x422A, 0x422A, 0x422A, 0x422A, 0x422A, 0x422A, 0x422A, 0x422A, 0x422A, 0x422A, 0x422A, 0x422A,
0x422A, 0x422A, 0x422A, 0x422A, 0x422A, 0x422A, 0x422A, 0x422A, 0x422A, 0x422A, 0x422A, 0x422A, 0x422A, 0xFEF1, 0xFEF1, 0xFEF1,
0xFEF1, 0x0020, 0x0020, 0x0000, 0x0000, 0x0000, 0x0000, 0x0000, 0x0000, 0x0000, 0x0000, 0x0000, 0x0000, 0x0000, 0x0000, 0x0000,
0x0000, 0x0000, 0x0000, 0x0000, 0x0000, 0x0000, 0x0000, 0x0000, 0x0000, 0x0000, 0x0000, 0x0000, 0x0000, 0x0000, 0x0020, 0x0020,
0xFEF1, 0xFEF1, 0xFEF1, 0x422A, 0x422A, 0x422A, 0x422A, 0x422A, 0x422A, 0x422A, 0x422A, 0x422A, 0x422A, 0x422A, 0x422A, 0x422A,
0x422A, 0x422A, 0x422A, 0x422A, 0x422A, 0x422A, 0x422A, 0x422A, 0x422A, 0x422A, 0x422A, 0x422A, 0x422A, 0x422A, 0xFEF1, 0xFEF1,
0xFEF1, 0x0020, 0x0020, 0x0000, 0x0000, 0x0000, 0x0000, 0x0000, 0x0000, 0x0000, 0x0000, 0x0000, 0x0000, 0x0000, 0x0000, 0x0000,
0x0000, 0x0000, 0x0000, 0x0000, 0x0000, 0x0000, 0x0000, 0x0000, 0x0000, 0x0000, 0x0000, 0x0000, 0x0000, 0x0020, 0x0020, 0xFEF1,
0xFEF1, 0xFEF1, 0xFEF1, 0x422A, 0x422A, 0x422A, 0x422A, 0x422A, 0x422A, 0x422A, 0x422A, 0x422A, 0x422A, 0x422A, 0x422A, 0x422A,
0x422A, 0x422A, 0x422A, 0x422A, 0x422A, 0x422A, 0x422A, 0x422A, 0x422A, 0x422A, 0x422A, 0x422A, 0x422A, 0x422A, 0xFEF1, 0xFEF1,
0xFEF1, 0xFEF1, 0x0020, 0x0020, 0x0000, 0x0000, 0x0000, 0x0000, 0x0000, 0x0000, 0x0000, 0x0000, 0x0000, 0x0000, 0x0000, 0x0000,
0x0000, 0x0000, 0x0000, 0x0000, 0x0000, 0x0000, 0x0000, 0x0000, 0x0000, 0x0000, 0x0000, 0x0000, 0x0000, 0x0020, 0x0020, 0xFEF1,
0xFEF1, 0xFEF1, 0x422A, 0x422A, 0x422A, 0x422A, 0x422A, 0x422A, 0x422A, 0x422A, 0x422A, 0x422A, 0x422A, 0x422A, 0x422A, 0x422A,
0x422A, 0x422A, 0x422A, 0x422A, 0x422A, 0x422A, 0x422A, 0x422A, 0x422A, 0x422A, 0x422A, 0x422A, 0x422A, 0x422A, 0x422A, 0xFEF1,
0xFEF1, 0xFEF1, 0xFEF1, 0xFEF1, 0x0000, 0x0000, 0x0000, 0x0000, 0x0000, 0x0000, 0x0000, 0x0000, 0x0000, 0x0000, 0x0000, 0x0000,
0x0000, 0x0000, 0x0000, 0x0000, 0x0000, 0x0000, 0x0000, 0x0000, 0x0000, 0x0000, 0x0000, 0x0000, 0x0000, 0x0020, 0x0820, 0xFEF1,
0xFEF1, 0xFEF1, 0x422A, 0x422A, 0x422A, 0x422A, 0x422A, 0x422A, 0x422A, 0x422A, 0x422A, 0x422A, 0x422A, 0x422A, 0x422A, 0x422A,
0x422A, 0x422A, 0x422A, 0x422A, 0x422A, 0x422A, 0x422A, 0x422A, 0x422A, 0x422A, 0x422A, 0x422A, 0x422A, 0x422A, 0x422A, 0xFEF1,
0xFEF1, 0xFEF1, 0xFEF1, 0xFEF1, 0xFEF1, 0x0000, 0x0000, 0x0000, 0x0000, 0x0000, 0x0000, 0x0000, 0x0000, 0x0000, 0x0000, 0x0000,
0x0000, 0x0000, 0x0000, 0x0000, 0x0000, 0x0000, 0x0000, 0x0000, 0x0000, 0x0000, 0x0000, 0x0000, 0x0000, 0x0020, 0xFEF1, 0xFEF1,
0xFEF1, 0xFEF1, 0x422A, 0x422A, 0x422A, 0x422A, 0x422A, 0x422A, 0x422A, 0x422A, 0x422A, 0x422A, 0x422A, 0x422A, 0x422A, 0x422A,
0x422A, 0x422A, 0x422A, 0x422A, 0x422A, 0x422A, 0x422A, 0x422A, 0x422A, 0x422A, 0x422A, 0x422A, 0x422A, 0x422A, 0x422A, 0xFEF1,
0xFEF1, 0xFEF1, 0xFEF1, 0xFEF1, 0xFEF1, 0xFEF1, 0x0000, 0x0000, 0x0000, 0x0000, 0x0000, 0x0000, 0x0000, 0x0000, 0x0000, 0x0000,
0x0000, 0x0000, 0x0000, 0x0000, 0x0000, 0x0000, 0x0000, 0x0000, 0x0000, 0x0000, 0x0000, 0x0000, 0x0020, 0x0020, 0xFEF1, 0xFEF1,
0xFEF1, 0x422A, 0x422A, 0x422A, 0x422A, 0x422A, 0x422A, 0x422A, 0x422A, 0x422A, 0x422A, 0x422A, 0x422A, 0x422A, 0x422A, 0x422A,
0x422A, 0x422A, 0x422A, 0x422A, 0x422A, 0x422A, 0x422A, 0x422A, 0x422A, 0x422A, 0x422A, 0x422A, 0x422A, 0x422A, 0x422A, 0x422A,
0xFEF1, 0xFEF1, 0xFEF1, 0xFEF1, 0xFEF1, 0xFEF1, 0xFEF1, 0xFEF1, 0x0000, 0x0000, 0x0000, 0x0000, 0x0000, 0x0000, 0x0000, 0x0000,
0x0000, 0x0000, 0x0000, 0x0000, 0x0000, 0x0000, 0x0000, 0x0000, 0x0000, 0x0000, 0x0000, 0x0000, 0x0020, 0x0020, 0xFEF1, 0xFEF1,
0xFEF1, 0x422A, 0x422A, 0x422A, 0x422A, 0x422A, 0x422A, 0x422A, 0x422A, 0x422A, 0x422A, 0x422A, 0x422A, 0x422A, 0x422A, 0x422A,
0x422A, 0x422A, 0x422A, 0x422A, 0x422A, 0x422A, 0x422A, 0x422A, 0x422A, 0x422A, 0x422A, 0x422A, 0x422A, 0x422A, 0x422A, 0x422A,
0xFEF1, 0xFEF1, 0xFEF1, 0xFEF1, 0xFEF1, 0xFEF1, 0xFEF1, 0xFEF1, 0xFEF1, 0x0000, 0x0000, 0x0000, 0x0000, 0x0000, 0x0000, 0x0000,
0x0000, 0x0000, 0x0000, 0x0000, 0x0000, 0x0000, 0x0000, 0x0000, 0x0000, 0x0000, 0x0000, 0x0000, 0x0020, 0x0020, 0xFEF1, 0xFEF1,
0xFEF1, 0xFEF1, 0xFEF1, 0xFEF1, 0xFEF1, 0xFEF1, 0xFEF1, 0xFEF1, 0xFEF1, 0xFEF1, 0xFEF1, 0xFEF1, 0xFEF1, 0xFEF1, 0xFEF1, 0xFEF1,
0xFEF1, 0xFEF1, 0xFEF1, 0xFEF1, 0xFEF1, 0xFEF1, 0xFEF1, 0xFEF1, 0xFEF1, 0xFEF1, 0xFEF1, 0xFEF1, 0xFEF1, 0xFEF1, 0xFEF1, 0xFEF1,
0xFEF1, 0xFEF1, 0xFEF1, 0xFEF1, 0xFEF1, 0xFEF1, 0xFEF1, 0xFEF1, 0xFEF1, 0xFEF1, 0xFEF1, 0x0000, 0x0000, 0x0000, 0x0000, 0x0000,
0x0000, 0x0000, 0x0000, 0x0000, 0x0000, 0x0000, 0x0000, 0x0000, 0x0000, 0x0000, 0x0000, 0x0000, 0x0020, 0x0020, 0xFEF1, 0xFEF1,
0xFEF1, 0xFEF1, 0xFEF1, 0xFEF1, 0xFEF1, 0xFEF1, 0xFEF1, 0xFEF1, 0xFEF1, 0xFEF1, 0xFEF1, 0xFEF1, 0xFEF1, 0xFEF1, 0xFEF1, 0xFEF1,
0xFEF1, 0xFEF1, 0xFEF1, 0xFEF1, 0xFEF1, 0xFEF1, 0xFEF1, 0xFEF1, 0xFEF1, 0xFEF1, 0xFEF1, 0xFEF1, 0xFEF1, 0xFEF1, 0xFEF1, 0xFEF1,
0xFEF1, 0xFEF1, 0xFEF1, 0xFEF1, 0xFEF1, 0xFEF1, 0xFEF1, 0xFEF1, 0xFEF1, 0xFEF1, 0xFEF1, 0xFEF1, 0x0000, 0x0000, 0x0000, 0x0000,
0x0000, 0x0000, 0x0000, 0x0000, 0x0000, 0x0000, 0x0000, 0x0000, 0x0000, 0x0000, 0x0000, 0x0000, 0x0020, 0x0020, 0xFEF1, 0xFEF1,
0xFEF1, 0xFEF1, 0xFEF1, 0xFEF1, 0xFEF1, 0xFEF1, 0xFEF1, 0xFEF1, 0xFEF1, 0xFEF1, 0xFEF1, 0xFEF1, 0xFEF1, 0xFEF1, 0xFEF1, 0xFEF1,
0xFEF1, 0xFEF1, 0xFEF1, 0xFEF1, 0xFEF1, 0xFEF1, 0xFEF1, 0xFEF1, 0xFEF1, 0xFEF1, 0xFEF1, 0xFEF1, 0xFEF1, 0xFEF1, 0xFEF1, 0xFEF1,
0xFEF1, 0xFEF1, 0xFEF1, 0xFEF1, 0xFEF1, 0xFEF1, 0xFEF1, 0xFEF1, 0xFEF1, 0xFEF1, 0xFEF1, 0x0000, 0x0000, 0x0000, 0x0000, 0x0000,
0x0000, 0x0000, 0x0000, 0x0000, 0x0000, 0x0000, 0x0000, 0x0000, 0x0000, 0x0000, 0x0000, 0x0000, 0x0020, 0x0020, 0xFEF1, 0xFEF1,
0xFEF1, 0x422A, 0x422A, 0x422A, 0x422A, 0x422A, 0x422A, 0x422A, 0x422A, 0x422A, 0x422A, 0x422A, 0x422A, 0x422A, 0x422A, 0x422A,
0x422A, 0x422A, 0x422A, 0x422A, 0x422A, 0x422A, 0x422A, 0x422A, 0x422A, 0x422A, 0x422A, 0x422A, 0x422A, 0x422A, 0x422A, 0x422A,
0xFEF1, 0xFEF1, 0xFEF1, 0xFEF1, 0xFEF1, 0xFEF1, 0xFEF1, 0xFEF1, 0xFEF1, 0x0000, 0x0000, 0x0000, 0x0000, 0x0000, 0x0000, 0x0000,
0x0000, 0x0000, 0x0000, 0x0000, 0x0000, 0x0000, 0x0000, 0x0000, 0x0000, 0x0000, 0x0000, 0x0000, 0x0020, 0x0020, 0xFEF1, 0xFEF1,
0xFEF1, 0x422A, 0x422A, 0x422A, 0x422A, 0x422A, 0x422A, 0x422A, 0x422A, 0x422A, 0x422A, 0x422A, 0x422A, 0x422A, 0x422A, 0x422A,
0x422A, 0x422A, 0x422A, 0x422A, 0x422A, 0x422A, 0x422A, 0x422A, 0x422A, 0x422A, 0x422A, 0x422A, 0x422A, 0x422A, 0x422A, 0x422A,
0xFEF1, 0xFEF1, 0xFEF1, 0xFEF1, 0xFEF1, 0xFEF1, 0xFEF1, 0xFEF1, 0x0000, 0x0000, 0x0000, 0x0000, 0x0000, 0x0000, 0x0000, 0x0000,
0x0000, 0x0000, 0x0000, 0x0000, 0x0000, 0x0000, 0x0000, 0x0000, 0x0000, 0x0000, 0x0000, 0x0000, 0x0000, 0x0020, 0xFEF1, 0xFEF1,
0xFEF1, 0xFEF1, 0x422A, 0x422A, 0x422A, 0x422A, 0x422A, 0x422A, 0x422A, 0x422A, 0x422A, 0x422A, 0x422A, 0x422A, 0x422A, 0x422A,
0x422A, 0x422A, 0x422A, 0x422A, 0x422A, 0x422A, 0x422A, 0x422A, 0x422A, 0x422A, 0x422A, 0x422A, 0x422A, 0x422A, 0x422A, 0xFEF1,
0xFEF1, 0xFEF1, 0xFEF1, 0xFEF1, 0xFEF1, 0xFEF1, 0x0000, 0x0000, 0x0000, 0x0000, 0x0000, 0x0000, 0x0000, 0x0000, 0x0000, 0x0000,
0x0000, 0x0000, 0x0000, 0x0000, 0x0000, 0x0000, 0x0000, 0x0000, 0x0000, 0x0000, 0x0000, 0x0000, 0x0000, 0x0020, 0x0820, 0xFEF1,
0xFEF1, 0xFEF1, 0x422A, 0x422A, 0x422A, 0x422A, 0x422A, 0x422A, 0x422A, 0x422A, 0x422A, 0x422A, 0x422A, 0x422A, 0x422A, 0x422A,
0x422A, 0x422A, 0x422A, 0x422A, 0x422A, 0x422A, 0x422A, 0x422A, 0x422A, 0x422A, 0x422A, 0x422A, 0x422A, 0x422A, 0x422A, 0xFEF1,
0xFEF1, 0xFEF1, 0xFEF1, 0xFEF1, 0xFEF1, 0x0000, 0x0000, 0x0000, 0x0000, 0x0000, 0x0000, 0x0000, 0x0000, 0x0000, 0x0000, 0x0000,
0x0000, 0x0000, 0x0000, 0x0000, 0x0000, 0x0000, 0x0000, 0x0000, 0x0000, 0x0000, 0x0000, 0x0000, 0x0000, 0x0020, 0x0020, 0xFEF1,
0xFEF1, 0xFEF1, 0x422A, 0x422A, 0x422A, 0x422A, 0x422A, 0x422A, 0x422A, 0x422A, 0x422A, 0x422A, 0x422A, 0x422A, 0x422A, 0x422A,
0x422A, 0x422A, 0x422A, 0x422A, 0x422A, 0x422A, 0x422A, 0x422A, 0x422A, 0x422A, 0x422A, 0x422A, 0x422A, 0x422A, 0x422A, 0xFEF1,
0xFEF1, 0xFEF1, 0xFEF1, 0xFEF1, 0x0000, 0x0000, 0x0000, 0x0000, 0x0000, 0x0000, 0x0000, 0x0000, 0x0000, 0x0000, 0x0000, 0x0000,
0x0000, 0x0000, 0x0000, 0x0000, 0x0000, 0x0000, 0x0000, 0x0000, 0x0000, 0x0000, 0x0000, 0x0000, 0x0000, 0x0020, 0x0020, 0xFEF1,
0xFEF1, 0xFEF1, 0xFEF1, 0x422A, 0x422A, 0x422A, 0x422A, 0x422A, 0x422A, 0x422A, 0x422A, 0x422A, 0x422A, 0x422A, 0x422A, 0x422A,
0x422A, 0x422A, 0x422A, 0x422A, 0x422A, 0x422A, 0x422A, 0x422A, 0x422A, 0x422A, 0x422A, 0x422A, 0x422A, 0x422A, 0xFEF1, 0xFEF1,
0xFEF1, 0xFEF1, 0x0020, 0x0020, 0x0000, 0x0000, 0x0000, 0x0000, 0x0000, 0x0000, 0x0000, 0x0000, 0x0000, 0x0000, 0x0000, 0x0000,
0x0000, 0x0000, 0x0000, 0x0000, 0x0000, 0x0000, 0x0000, 0x0000, 0x0000, 0x0000, 0x0000, 0x0000, 0x0000, 0x0000, 0x0020, 0x0020,
0xFEF1, 0xFEF1, 0xFEF1, 0x422A, 0x422A, 0x422A, 0x422A, 0x422A, 0x422A, 0x422A, 0x422A, 0x422A, 0x422A, 0x422A, 0x422A, 0x422A,
0x422A, 0x422A, 0x422A, 0x422A, 0x422A, 0x422A, 0x422A, 0x422A, 0x422A, 0x422A, 0x422A, 0x422A, 0x422A, 0x422A, 0xFEF1, 0xFEF1,
0xFEF1, 0x0020, 0x0020, 0x0000, 0x0000, 0x0000, 0x0000, 0x0000, 0x0000, 0x0000, 0x0000, 0x0000, 0x0000, 0x0000, 0x0000, 0x0000,
0x0000, 0x0000, 0x0000, 0x0000, 0x0000, 0x0000, 0x0000, 0x0000, 0x0000, 0x0000, 0x0000, 0x0000, 0x0000, 0x0000, 0x0020, 0x0020,
0xFEF1, 0xFEF1, 0xFEF1, 0xFEF1, 0x422A, 0x422A, 0x422A, 0x422A, 0x422A, 0x422A, 0x422A, 0x422A, 0x422A, 0x422A, 0x422A, 0x422A,
0x422A, 0x422A, 0x422A, 0x422A, 0x422A, 0x422A, 0x422A, 0x422A, 0x422A, 0x422A, 0x422A, 0x422A, 0x422A, 0xFEF1, 0xFEF1, 0xFEF1,
0xFEF1, 0x0020, 0x0020, 0x0000, 0x0000, 0x0000, 0x0000, 0x0000, 0x0000, 0x0000, 0x0000, 0x0000, 0x0000, 0x0000, 0x0000, 0x0000,
0x0000, 0x0000, 0x0000, 0x0000, 0x0000, 0x0000, 0x0000, 0x0000, 0x0000, 0x0000, 0x0000, 0x0000, 0x0000, 0x0000, 0x0000, 0x0020,
0x0020, 0xFEF1, 0xFEF1, 0xFEF1, 0xFEF1, 0x422A, 0x422A, 0x422A, 0x422A, 0x422A, 0x422A, 0x422A, 0x422A, 0x422A, 0x422A, 0x422A,
0x422A, 0x422A, 0x422A, 0x422A, 0x422A, 0x422A, 0x422A, 0x422A, 0x422A, 0x422A, 0x422A, 0x422A, 0xFEF1, 0xFEF1, 0xFEF1, 0xFEF1,
0x0020, 0x0020, 0x0000, 0x0000, 0x0000, 0x0000, 0x0000, 0x0000, 0x0000, 0x0000, 0x0000, 0x0000, 0x0000, 0x0000, 0x0000, 0x0000,
0x0000, 0x0000, 0x0000, 0x0000, 0x0000, 0x0000, 0x0000, 0x0000, 0x0000, 0x0000, 0x0000, 0x0000, 0x0000, 0x0000, 0x0000, 0x0020,
0x0020, 0x0820, 0xFEF1, 0xFEF1, 0xFEF1, 0x422A, 0x422A, 0x422A, 0x422A, 0x422A, 0x422A, 0x422A, 0x422A, 0x422A, 0x422A, 0x422A,
0x422A, 0x422A, 0x422A, 0x422A, 0x422A, 0x422A, 0x422A, 0x422A, 0x422A, 0x422A, 0x422A, 0x422A, 0xFEF1, 0xFEF1, 0xFEF1, 0x0820,
0x0020, 0x0020, 0x0000, 0x0000, 0x0000, 0x0000, 0x0000, 0x0000, 0x0000, 0x0000, 0x0000, 0x0000, 0x0000, 0x0000, 0x0000, 0x0000,
0x0000, 0x0000, 0x0000, 0x0000, 0x0000, 0x0000, 0x0000, 0x0000, 0x0000, 0x0000, 0x0000, 0x0000, 0x0000, 0x0000, 0x0000, 0x0000,
0x0020, 0x0020, 0x0820, 0xFEF1, 0xFEF1, 0xFEF1, 0xFEF1, 0x422A, 0x422A, 0x422A, 0x422A, 0x422A, 0x422A, 0x422A, 0x422A, 0x422A,
0x422A, 0x422A, 0x422A, 0x422A, 0x422A, 0x422A, 0x422A, 0x422A, 0x422A, 0x422A, 0xFEF1, 0xFEF1, 0xFEF1, 0xFEF1, 0x0820, 0x0020,
0x0020, 0x0000, 0x0000, 0x0000, 0x0000, 0x0000, 0x0000, 0x0000, 0x0000, 0x0000, 0x0000, 0x0000, 0x0000, 0x0000, 0x0000, 0x0000,
0x0000, 0x0000, 0x0000, 0x0000, 0x0000, 0x0000, 0x0000, 0x0000, 0x0000, 0x0000, 0x0000, 0x0000, 0x0000, 0x0000, 0x0000, 0x0000,
0x0000, 0x0020, 0x0020, 0x0820, 0xFEF1, 0xFEF1, 0xFEF1, 0xFEF1, 0x422A, 0x422A, 0x422A, 0x422A, 0x422A, 0x422A, 0x422A, 0x422A,
0x422A, 0x422A, 0x422A, 0x422A, 0x422A, 0x422A, 0x422A, 0x422A, 0x422A, 0xFEF1, 0xFEF1, 0xFEF1, 0xFEF1, 0x0820, 0x0020, 0x0020,
0x0000, 0x0000, 0x0000, 0x0000, 0x0000, 0x0000, 0x0000, 0x0000, 0x0000, 0x0000, 0x0000, 0x0000, 0x0000, 0x0000, 0x0000, 0x0000,
0x0000, 0x0000, 0x0000, 0x0000, 0x0000, 0x0000, 0x0000, 0x0000, 0x0000, 0x0000, 0x0000, 0x0000, 0x0000, 0x0000, 0x0000, 0x0000,
0x0000, 0x0000, 0x0020, 0x0020, 0x0820, 0xFEF1, 0xFEF1, 0xFEF1, 0xFEF1, 0xFEF1, 0x422A, 0x422A, 0x422A, 0x422A, 0x422A, 0x422A,
0x422A, 0x422A, 0x422A, 0x422A, 0x422A, 0x422A, 0x422A, 0xFEF1, 0xFEF1, 0xFEF1, 0xFEF1, 0xFEF1, 0x0820, 0x0020, 0x0020, 0x0000,
0x0000, 0x0000, 0x0000, 0x0000, 0x0000, 0x0000, 0x0000, 0x0000, 0x0000, 0x0000, 0x0000, 0x0000, 0x0000, 0x0000, 0x0000, 0x0000,
0x0000, 0x0000, 0x0000, 0x0000, 0x0000, 0x0000, 0x0000, 0x0000, 0x0000, 0x0000, 0x0000, 0x0000, 0x0000, 0x0000, 0x0000, 0x0000,
0x0000, 0x0000, 0x0000, 0x0020, 0x0020, 0x0820, 0xFEF1, 0xFEF1, 0xFEF1, 0xFEF1, 0xFEF1, 0xFEF1, 0xFEF1, 0x422A, 0x422A, 0x422A,
0x422A, 0x422A, 0x422A, 0x422A, 0xFEF1, 0xFEF1, 0xFEF1, 0xFEF1, 0xFEF1, 0xFEF1, 0xFEF1, 0x0820, 0x0020, 0x0020, 0x0000, 0x0000,
0x0000, 0x0000, 0x0000, 0x0000, 0x0000, 0x0000, 0x0000, 0x0000, 0x0000, 0x0000, 0x0000, 0x0000, 0x0000, 0x0000, 0x0000, 0x0000,
0x0000, 0x0000, 0x0000, 0x0000, 0x0000, 0x0000, 0x0000, 0x0000, 0x0000, 0x0000, 0x0000, 0x0000, 0x0000, 0x0000, 0x0000, 0x0000,
0x0000, 0x0000, 0x0000, 0x0000, 0x0020, 0x0020, 0x0020, 0xFEF1, 0xFEF1, 0xFEF1, 0xFEF1, 0xFEF1, 0xFEF1, 0xFEF1, 0xFEF1, 0xFEF1,
0xFEF1, 0xFEF1, 0xFEF1, 0xFEF1, 0xFEF1, 0xFEF1, 0xFEF1, 0xFEF1, 0xFEF1, 0xFEF1, 0x0020, 0x0020, 0x0020, 0x0000, 0x0000, 0x0000,
0x0000, 0x0000, 0x0000, 0x0000, 0x0000, 0x0000, 0x0000, 0x0000, 0x0000, 0x0000, 0x0000, 0x0000, 0x0000, 0x0000, 0x0000, 0x0000,
0x0000, 0x0000, 0x0000, 0x0000, 0x0000, 0x0000, 0x0000, 0x0000, 0x0000, 0x0000, 0x0000, 0x0000, 0x0000, 0x0000, 0x0000, 0x0000,
0x0000, 0x0000, 0x0000, 0x0000, 0x0000, 0x0020, 0x0020, 0x0020, 0x0820, 0xFEF1, 0xFEF1, 0xFEF1, 0xFEF1, 0xFEF1, 0xFEF1, 0xFEF1,
0xFEF1, 0xFEF1, 0xFEF1, 0xFEF1, 0xFEF1, 0xFEF1, 0xFEF1, 0xFEF1, 0x0820, 0x0020, 0x0020, 0x0020, 0x0000, 0x0000, 0x0000, 0x0000,
0x0000, 0x0000, 0x0000, 0x0000, 0x0000, 0x0000, 0x0000, 0x0000, 0x0000, 0x0000, 0x0000, 0x0000, 0x0000, 0x0000, 0x0000, 0x0000,
0x0000, 0x0000, 0x0000, 0x0000, 0x0000, 0x0000, 0x0000, 0x0000, 0x0000, 0x0000, 0x0000, 0x0000, 0x0000, 0x0000, 0x0000, 0x0000,
0x0000, 0x0000, 0x0000, 0x0000, 0x0000, 0x0000, 0x0000, 0x0020, 0x0020, 0x0020, 0x0020, 0x0820, 0xFEF1, 0xFEF1, 0xFEF1, 0xFEF1,
0xFEF1, 0xFEF1, 0xFEF1, 0xFEF1, 0xFEF1, 0x0820, 0x0020, 0x0020, 0x0020, 0x0020, 0x0000, 0x0000, 0x0000, 0x0000, 0x0000, 0x0000,
0x0000, 0x0000, 0x0000, 0x0000, 0x0000, 0x0000, 0x0000, 0x0000, 0x0000, 0x0000, 0x0000, 0x0000, 0x0000, 0x0000, 0x0000, 0x0000,
0x0000, 0x0000, 0x0000, 0x0000, 0x0000, 0x0000, 0x0000, 0x0000, 0x0000, 0x0000, 0x0000, 0x0000, 0x0000, 0x0000, 0x0000, 0x0000,
0x0000, 0x0000, 0x0000, 0x0000, 0x0000, 0x0000, 0x0000, 0x0000, 0x0000, 0x0020, 0x0020, 0x0020, 0x0020, 0x0020, 0x0020, 0x0020,
0x0020, 0x0020, 0x0020, 0x0020, 0x0020, 0x0020, 0x0020, 0x0020, 0x0000, 0x0000, 0x0000, 0x0000, 0x0000, 0x0000, 0x0000, 0x0000,
0x0000, 0x0000, 0x0000, 0x0000, 0x0000, 0x0000, 0x0000, 0x0000, 0x0000, 0x0000, 0x0000, 0x0000, 0x0000, 0x0000, 0x0000, 0x0000,
0x0000, 0x0000, 0x0000, 0x0000, 0x0000, 0x0000, 0x0000, 0x0000, 0x0000, 0x0000, 0x0000, 0x0000, 0x0000, 0x0000, 0x0000, 0x0000,
0x0000, 0x0000, 0x0000, 0x0000, 0x0000, 0x0000, 0x0000, 0x0000, 0x0000, 0x0000, 0x0000, 0x0000, 0x0000, 0x0020, 0x0020, 0x0020,
0x0020, 0x0020, 0x0020, 0x0020, 0x0000, 0x0000, 0x0000, 0x0000, 0x0000, 0x0000, 0x0000, 0x0000, 0x0000, 0x0000, 0x0000, 0x0000,
0x0000, 0x0000, 0x0000, 0x0000, 0x0000, 0x0000, 0x0000, 0x0000, 0x0000, 0x0000, 0x0000, 0x0000, 0x0000, 0x0000, 0x0000, 0x0000,
0x0000, 0x0000, 0x0000, 0x0000, 0x0000, 0x0000, 0x0000, 0x0000, 0x0000, 0x0000, 0x0000, 0x0000, 0x0000, 0x0000, 0x0000, 0x0000,
0x0000, 0x0000, 0x0000, 0x0000, 0x0000, 0x0000, 0x0000, 0x0000, 0x0000, 0x0000, 0x0000, 0x0000, 0x0000, 0x0000, 0x0000, 0x0000,
0x0000, 0x0000, 0x0000, 0x0000, 0x0000, 0x0000, 0x0000, 0x0000, 0x0000, 0x0000, 0x0000, 0x0000, 0x0000, 0x0000, 0x0000, 0x0000,
0x0000, 0x0000, 0x0000, 0x0000, 0x0000, 0x0000, 0x0000, 0x0000, 0x0000, 0x0000, 0x0000, 0x0000, 0x0000, 0x0000, 0x0000, 0x0000,
0x0000, 0x0000, 0x0000, 0x0000, 0x0000, 0x0000, 0x0000, 0x0000, 0x0000, 0x0000, 0x0000, 0x0000, 0x0000, 0x0000, 0x0000, 0x0000,
0x0000, 0x0000, 0x0000, 0x0000, 0x0000, 0x0000, 0x0000, 0x0000, 0x0000, 0x0000, 0x0000, 0x0000, 0x0000, 0x0000, 0x0000, 0x0000,
0x0000, 0x0000, 0x0000, 0x0000, 0x0000, 0x0000, 0x0000, 0x0000, 0x0000, 0x0000, 0x0000, 0x0000, 0x0000, 0x0000, 0x0000, 0x0000,
0x0000, 0x0000, 0x0000, 0x0000, 0x0000, 0x0000, 0x0000, 0x0000, 0x0000, 0x0000, 0x0000, 0x0000, 0x0000, 0x0000, 0x0000, 0x0000,
0x0000, 0x0000, 0x0000, 0x0000, 0x0000, 0x0000, 0x0000, 0x0000, 0x0000, 0x0000, 0x0000, 0x0000, 0x0000, 0x0000, 0x0000, 0x0000,
0x0000, 0x0000, 0x0000, 0x0000, 0x0000, 0x0000, 0x0000, 0x0000, 0x0000, 0x0000, 0x0000, 0x0000, 0x0000, 0x0000, 0x0000, 0x0000,
0x0000, 0x0000, 0x0000, 0x0000, 0x0000, 0x0000, 0x0000, 0x0000, 0x0000, 0x0000, 0x0000, 0x0000, 0x0000, 0x0000, 0x0000, 0x0000,
0x0000, 0x0000, 0x0000, 0x0000, 0x0000, 0x0000, 0x0000, 0x0000, 0x0000, 0x0000, 0x0000, 0x0000, 0x0000, 0x0000, 0x0000, 0x0000,
0x0000, 0x0000, 0x0000, 0x0000, 0x0000, 0x0000, 0x0000, 0x0000, 0x0000, 0x0000, 0x0000, 0x0000, 0x0000, 0x0000, 0x0000, 0x0000,
0x0000, 0x0000, 0x0000, 0x0000, 0x0000, 0x0000, 0x0000, 0x0000, 0x0000, 0x0000, 0x0000, 0x0000, 0x0000, 0x0000, 0x0000, 0x0000,
0x0000, 0x0000, 0x0000, 0x0000, 0x0000, 0x0000, 0x0000, 0x0000, 0x0000, 0x0000, 0x0000, 0x0000, 0x0000, 0x0000, 0x0000, 0x0000,
0x0000, 0x0000, 0x0000, 0x0000, 0x0000, 0x0000, 0x0000, 0x0000, 0x0000, 0x0000, 0x0000, 0x0000, 0x0000, 0x0000, 0x0000, 0x0000,
0x0000, 0x0000, 0x0000, 0x0000, 0x0000, 0x0000, 0x0000, 0x0000, 0x0000, 0x0000, 0x0000, 0x0000, 0x0000, 0x0000, 0x0000, 0x0000,
0x0000, 0x0000, 0x0000, 0x0000, 0x0000, 0x0000, 0x0000, 0x0000, 0x0000, 0x0000, 0x0000, 0x0000, 0x0000, 0x0000, 0x0000, 0x0000,
0x0000, 0x0000, 0x0000, 0x0000, 0x0000, 0x0000, 0x0000, 0x0000, 0x0000, 0x0000, 0x0000, 0x0000, 0x0000, 0x0000, 0x0000, 0x0000,
0x0000, 0x0000, 0x0000, 0x0000, 0x0000, 0x0000, 0x0000, 0x0000, 0x0000, 0x0000, 0x0000, 0x0000, 0x0000, 0x0000, 0x0000, 0x0000,
0x0000, 0x0000, 0x0000, 0x0000, 0x0000, 0x0000, 0x0000, 0x0000, 0x0000, 0x0000, 0x0000, 0x0000, 0x0000, 0x0000, 0x0000, 0x0000,
0x0000, 0x0000, 0x0000, 0x0000, 0x0000, 0x0000, 0x0000, 0x0000, 0x0000, 0x0000, 0x0000, 0x0000, 0x0000, 0x0000, 0x0000, 0x0000,
0x0000, 0x0000, 0x0000, 0x0000, 0x0000, 0x0000, 0x0000, 0x0000, 0x0000, 0x0000, 0x0000, 0x0000, 0x0000, 0x0000, 0x0000, 0x0000,
0x0000, 0x0000, 0x0000, 0x0000, 0x0000, 0x0000, 0x0000, 0x0000, 0x0000, 0x0000, 0x0000, 0x0000, 0x0000, 0x0000, 0x0000, 0x0000,
0x0000, 0x0000, 0x0000, 0x0000, 0x0000, 0x0000, 0x0000, 0x0000, 0x0000, 0x0000, 0x0000, 0x0000, 0x0000, 0x0000, 0x0000, 0x0000,
0x0000, 0x0000, 0x0000, 0x0000, 0x0000, 0x0000, 0x0000, 0x0000, 0x0000, 0x0000, 0x0000, 0x0000, 0x0000, 0x0000, 0x0000, 0x0000,
0x0000, 0x0000, 0x0000, 0x0000, 0x0000, 0x0000, 0x0000, 0x0000, 0x0000, 0x0000, 0x0000, 0x0000, 0x0000, 0x0000, 0x0000, 0x0000,
0x0000, 0x0000, 0x0000, 0x0000, 0x0000, 0x0000, 0x0000, 0x0000, 0x0000, 0x0000, 0x0000, 0x0000, 0x0000, 0x0000, 0x0000, 0x0000,
0x0000, 0x0000, 0x0000, 0x0000, 0x0000, 0x0000, 0x0000, 0x0000, 0x0000, 0x0000, 0x0000, 0x0000, 0x0000, 0x0000, 0x0000, 0x0000,
0x0000, 0x0000, 0x0000, 0x0000, 0x0000, 0x0000, 0x0000, 0x0000, 0x0000, 0x0000, 0x0000, 0x0000, 0x0000, 0x0000, 0x0000, 0x0000,
0x0000, 0x0000, 0x0000, 0x0000, 0x0000, 0x0000, 0x0000, 0x0000, 0x0000, 0x0000, 0x0000, 0x0000, 0x0000, 0x0000, 0x0000, 0x0000,
0x0000, 0x0000, 0x0000, 0x0000, 0x0000, 0x0000, 0x0000, 0x0000, 0x0000, 0x0000, 0x0000, 0x0000, 0x0000, 0x0000, 0x0000, 0x0000,
0x0000, 0x0000, 0x0000, 0x0000, 0x0000, 0x0000, 0x0000, 0x0000, 0x0000, 0x0000, 0x0000, 0x0000, 0x0000, 0x0000, 0x0000, 0x0000,
0x0000, 0x0000, 0x0000, 0x0000, 0x0000, 0x0000, 0x0000, 0x0000, 0x0000, 0x0000, 0x0000, 0x0000, 0x0000, 0x0000, 0x0000, 0x0000,
0x0000, 0x0000, 0x0000, 0x0000, 0x0000, 0x0000, 0x0000, 0x0000, 0x0000, 0x0000, 0x0000, 0x0000, 0x0000, 0x0000, 0x0000, 0x0000,
0x0000, 0x0000, 0x0000, 0x0000, 0x0000, 0x0000, 0x0000, 0x0000, 0x0000, 0x0000, 0x0000, 0x0000, 0x0000, 0x0000, 0x0000, 0x0000,
0x0000, 0x0000, 0x0000, 0x0000, 0x0000, 0x0000, 0x0000, 0x0000, 0x0000, 0x0000, 0x0000, 0x0000, 0x0000, 0x0000, 0x0000, 0x0000,
0x0000, 0x0000, 0x0000, 0x0000, 0x0000, 0x0000, 0x0000, 0x0000, 0x0000, 0x0000, 0x0000, 0x0000, 0x0000, 0x0000, 0x0000, 0x0000,
0x0000, 0x0000, 0x0000, 0x0000, 0x0000, 0x0000, 0x0000, 0x0000, 0x0000, 0x0000, 0x0000, 0x0000, 0x0000, 0x0000, 0x0000, 0x0000,
0x0000, 0x0000, 0x0000, 0x0000, 0x0000, 0x0000, 0x0000, 0x0000, 0x0000, 0x0000, 0x0000, 0x0000, 0x0000, 0x0000, 0x0000, 0x0000,
0x0000, 0x0000, 0x0000, 0x0000, 0x0000, 0x0000, 0x0000, 0x0000, 0x0000, 0x0000, 0x0000, 0x0000, 0x0000, 0x0000, 0x0000, 0x0000,
0x0000, 0x0000, 0x0000, 0x0000, 0x0000, 0x0000, 0x0000, 0x0000, 0x0000, 0x0000, 0x0000, 0x0000, 0x0000, 0x0000, 0x0000, 0x0000,
0x0000, 0x0000, 0x0000, 0x0000, 0x0000, 0x0000, 0x0000, 0x0000, 0x0000, 0x0000, 0x0000, 0x0000, 0x0000, 0x0000, 0x0000, 0x0000,
0x0000, 0x0000, 0x0000, 0x0000, 0x0000, 0x0000, 0x0000, 0x0000, 0x0000, 0x0000, 0x0000, 0x0000, 0x0000, 0x0000, 0x0000, 0x0000
};

const uint16_t icon_imperio[64 * 64] PROGMEM = {
0x0000, 0x0000, 0x0000, 0x0000, 0x0000, 0x0000, 0x0000, 0x0000, 0x0000, 0x0000, 0x0000, 0x0000, 0x0000, 0x0000, 0x0000, 0x0000,
0x0000, 0x0000, 0x0000, 0x0000, 0x0000, 0x0000, 0x0000, 0x0000, 0x0000, 0x0000, 0x0000, 0x0000, 0x0000, 0x0000, 0x0000, 0x0000,
0x0000, 0x0000, 0x0000, 0x0000, 0x0000, 0x0000, 0x0000, 0x0000, 0x0000, 0x0000, 0x0000, 0x0000, 0x0000, 0x0000, 0x0000, 0x0000,
0x0000, 0x0000, 0x0000, 0x0000, 0x0000, 0x0000, 0x0000, 0x0000, 0x0000, 0x0000, 0x0000, 0x0000, 0x0000, 0x0000, 0x0000, 0x0000,
0x0000, 0x0000, 0x0000, 0x0000, 0x0000, 0x0000, 0x0000, 0x0000, 0x0000, 0x0000, 0x0000, 0x0000, 0x0000, 0x0000, 0x0000, 0x0000,
0x0000, 0x0000, 0x0000, 0x0000, 0x0000, 0x0000, 0x0000, 0x0000, 0x0000, 0x0000, 0x0000, 0x0000, 0x0000, 0x0000, 0x0000, 0x0000,
0x0000, 0x0000, 0x0000, 0x0000, 0x0000, 0x0000, 0x0000, 0x0000, 0x0000, 0x0000, 0x0000, 0x0000, 0x0000, 0x0000, 0x0000, 0x0000,
0x0000, 0x0000, 0x0000, 0x0000, 0x0000, 0x0000, 0x0000, 0x0000, 0x0000, 0x0000, 0x0000, 0x0000, 0x0000, 0x0000, 0x0000, 0x0000,
0x0000, 0x0000, 0x0000, 0x0000, 0x0000, 0x0000, 0x0000, 0x0000, 0x0000, 0x0000, 0x0000, 0x0000, 0x0000, 0x0000, 0x0000, 0x0000,
0x0000, 0x0000, 0x0000, 0x0000, 0x0000, 0x0000, 0x0000, 0x0000, 0x0000, 0x0000, 0x0000, 0x0000, 0x0000, 0x0000, 0x0000, 0x0000,
0x0000, 0x0000, 0x0000, 0x0000, 0x0000, 0x0000, 0x0000, 0x0000, 0x0000, 0x0000, 0x0000, 0x0000, 0x0000, 0x0000, 0x0000, 0x0000,
0x0000, 0x0000, 0x0000, 0x0000, 0x0000, 0x0000, 0x0000, 0x0000, 0x0000, 0x0000, 0x0000, 0x0000, 0x0000, 0x0000, 0x0000, 0x0000,
0x0000, 0x0000, 0x0000, 0x0000, 0x0000, 0x0000, 0x0000, 0x0000, 0x0000, 0x0000, 0x0000, 0x0000, 0x0000, 0x0000, 0x0000, 0x0000,
0x0000, 0x0000, 0x0000, 0x0000, 0x0000, 0x0000, 0x0000, 0x0000, 0x0000, 0x0000, 0x0000, 0x0000, 0x0000, 0x0000, 0x0000, 0x0000,
0x0000, 0x0000, 0x0000, 0x0000, 0x0000, 0x0000, 0x0000, 0x0000, 0x0000, 0x0000, 0x0000, 0x0000, 0x0000, 0x0000, 0x0000, 0x0000,
0x0000, 0x0000, 0x0000, 0x0000, 0x0000, 0x0000, 0x0000, 0x0000, 0x0000, 0x0000, 0x0000, 0x0000, 0x0000, 0x0000, 0x0000, 0x0000,
0x0000, 0x0000, 0x0000, 0x0000, 0x0000, 0x0000, 0x0000, 0x0000, 0x0000, 0x0000, 0x0000, 0x0000, 0x0000, 0x0000, 0x0000, 0x0000,
0x0000, 0x0000, 0x0000, 0x0000, 0x0000, 0x0000, 0x0000, 0x0000, 0x0000, 0x0000, 0x0000, 0x0000, 0x0000, 0x0000, 0x0000, 0x0000,
0x0000, 0x0000, 0x0000, 0x0000, 0x0000, 0x0000, 0x0000, 0x0000, 0x0000, 0x0000, 0x0000, 0x0000, 0x0000, 0x0000, 0x0000, 0x0000,
0x0000, 0x0000, 0x0000, 0x0000, 0x0000, 0x0000, 0x0000, 0x0000, 0x0000, 0x0000, 0x0000, 0x0000, 0x0000, 0x0000, 0x0000, 0x0000,
0x0000, 0x0000, 0x0000, 0x0000, 0x0000, 0x0000, 0x0000, 0x0000, 0x0000, 0x0000, 0x0000, 0x0000, 0x0000, 0x0000, 0x0000, 0x0000,
0x0000, 0x0000, 0x0000, 0x0000, 0x0000, 0x0000, 0x0000, 0x0000, 0x0000, 0x0000, 0x0000, 0x0000, 0x0000, 0x0000, 0x0000, 0x0000,
0x0000, 0x0000, 0x0000, 0x0000, 0x0000, 0x0000, 0x0000, 0x0000, 0x0000, 0x0000, 0x0000, 0x0000, 0x0000, 0x0000, 0x0000, 0x0000,
0x0000, 0x0000, 0x0000, 0x0000, 0x0000, 0x0000, 0x0000, 0x0000, 0x0000, 0x0000, 0x0000, 0x0000, 0x0000, 0x0000, 0x0000, 0x0000,
0x0000, 0x0000, 0x0000, 0x0000, 0x0000, 0x0000, 0x0000, 0x0000, 0x0000, 0x0000, 0x0000, 0x0000, 0x0000, 0x0000, 0x0000, 0x0000,
0x0000, 0x0000, 0x0000, 0x0000, 0x0000, 0x0000, 0x0000, 0x0000, 0x0000, 0x0000, 0x0000, 0x0000, 0x0000, 0x0000, 0x0000, 0x0000,
0x0000, 0x0000, 0x0000, 0x0000, 0x0000, 0x0000, 0x0000, 0x0000, 0x0000, 0x0000, 0x0000, 0x0000, 0x0000, 0x0000, 0x0000, 0x0000,
0x0000, 0x0000, 0x0000, 0x0000, 0x0000, 0x0000, 0x0000, 0x0000, 0x0000, 0x0000, 0x0000, 0x0000, 0x0000, 0x0000, 0x0000, 0x0000,
0x0000, 0x0000, 0x0000, 0x0000, 0x0000, 0x0000, 0x0000, 0x0000, 0x0000, 0x0000, 0x0000, 0x0000, 0x0000, 0x0000, 0x0000, 0x0000,
0x0000, 0x0000, 0x0000, 0x0000, 0x0000, 0x0000, 0x0000, 0x0000, 0x0000, 0x0000, 0x0000, 0x0000, 0x0000, 0x0000, 0x0000, 0x0000,
0x0000, 0x0000, 0x0000, 0x0000, 0x0000, 0x0000, 0x0000, 0x0000, 0x0000, 0x0000, 0x0000, 0x0000, 0x0000, 0x0000, 0x0000, 0x0000,
0x0000, 0x0000, 0x0000, 0x0000, 0x0000, 0x0000, 0x0000, 0x0000, 0x0000, 0x0000, 0x0000, 0x0000, 0x0000, 0x0000, 0x0000, 0x0000,
0x0000, 0x0000, 0x0000, 0x0000, 0x0000, 0x0000, 0x0000, 0x0000, 0x0000, 0x0000, 0x0000, 0x0000, 0x0000, 0x0000, 0x0000, 0x0000,
0x0000, 0x0000, 0x0000, 0x0000, 0x0000, 0x0000, 0x0000, 0x0000, 0x0000, 0x0000, 0x0000, 0x0000, 0x0000, 0x0000, 0x0000, 0x0000,
0x0000, 0x0000, 0x0000, 0x0000, 0x0000, 0x0000, 0x0000, 0x0000, 0x0000, 0x0000, 0x0000, 0x0000, 0x0000, 0x0000, 0x0000, 0x0000,
0x0000, 0x0000, 0x0000, 0x0000, 0x0000, 0x0000, 0x0000, 0x0000, 0x0000, 0x0000, 0x0000, 0x0000, 0x0000, 0x0000, 0x0000, 0x0000,
0x0000, 0x0000, 0x0000, 0x0000, 0x0000, 0x0000, 0x0000, 0x0000, 0x0000, 0x0000, 0x0000, 0x0000, 0x0000, 0x0000, 0x0000, 0x0000,
0x0000, 0x0000, 0x0000, 0x0000, 0x0000, 0x0000, 0x0000, 0x0000, 0x0000, 0x0000, 0x0000, 0x0000, 0x0000, 0x0000, 0x0000, 0x0000,
0x0000, 0x0000, 0x0000, 0x0000, 0x0000, 0x0000, 0x0000, 0x0000, 0x0000, 0x0000, 0x0000, 0x0000, 0x0000, 0x0000, 0x0000, 0x0000,
0x0000, 0x0000, 0x0000, 0x0000, 0x0000, 0x0000, 0x0000, 0x0000, 0x0000, 0x0000, 0x0000, 0x0000, 0x0000, 0x0000, 0x0000, 0x0000,
0x0000, 0x0000, 0x0000, 0x0000, 0x0000, 0x0000, 0x0000, 0x0000, 0x0000, 0x0000, 0x0000, 0x0000, 0x0000, 0x0000, 0x0000, 0x0000,
0x0000, 0x0000, 0x0000, 0x0000, 0x0000, 0x0000, 0x0000, 0x0000, 0x0000, 0x0000, 0x0000, 0x0000, 0xD51F, 0xD51F, 0xD51F, 0xD51F,
0xD51F, 0xD51F, 0xD51F, 0xD51F, 0xD51F, 0x0000, 0x0000, 0x0000, 0x0000, 0x0000, 0x0000, 0x0000, 0x0000, 0x0000, 0x0000, 0x0000,
0x0000, 0x0000, 0x0000, 0x0000, 0x0000, 0x0000, 0x0000, 0x0000, 0x0000, 0x0000, 0x0000, 0x0000, 0x0000, 0x0000, 0x0000, 0x0000,
0x0000, 0x0000, 0x0000, 0x0000, 0x0000, 0x0000, 0x0000, 0x0000, 0x0000, 0x0000, 0x0000, 0x0000, 0x0000, 0x0000, 0x0000, 0x0000,
0x0000, 0x0000, 0x0000, 0x0000, 0x0000, 0x0000, 0x0000, 0x0000, 0x0000, 0xD51F, 0xD51F, 0xD51F, 0xD51F, 0xD51F, 0xD51F, 0xD51F,
0xD51F, 0xD51F, 0xD51F, 0xD51F, 0xD51F, 0xD51F, 0xD51F, 0xD51F, 0x0000, 0x0000, 0x0000, 0x0000, 0x0000, 0x0000, 0x0000, 0x0000,
0x0000, 0x0000, 0x0000, 0x0000, 0x0000, 0x0000, 0x0000, 0x0000, 0x0000, 0x0000, 0x0000, 0x0000, 0x0000, 0x0000, 0x0000, 0x0000,
0x0000, 0x0000, 0x0000, 0x0000, 0x0000, 0x0000, 0x0000, 0x0000, 0x0000, 0x0000, 0x0000, 0x0000, 0x0000, 0x0000, 0x0000, 0x0000,
0x0000, 0x0000, 0x0000, 0x0000, 0x0000, 0x0000, 0xD51F, 0xD51F, 0xD51F, 0xD51F, 0xD51F, 0xD51F, 0xD51F, 0xD51F, 0xD51F, 0xD51F,
0xD51F, 0xD51F, 0xD51F, 0xD51F, 0xD51F, 0xD51F, 0xD51F, 0xD51F, 0xD51F, 0xD51F, 0xD51F, 0x0000, 0x0000, 0x0000, 0x0000, 0x0000,
0x0000, 0x0000, 0x0000, 0x0000, 0x0000, 0x0000, 0x0000, 0x0000, 0x0000, 0x0000, 0x0000, 0x0000, 0x0000, 0x0000, 0x0000, 0x0000,
0x0000, 0x0000, 0x0000, 0x0000, 0x0000, 0x0000, 0x0000, 0x0000, 0x0000, 0x0000, 0x0000, 0x0000, 0x0000, 0x0000, 0x0000, 0x0000,
0x0000, 0x0000, 0x0000, 0x0000, 0x0000, 0xD51F, 0xD51F, 0xD51F, 0xD51F, 0xD51F, 0xD51F, 0xD51F, 0xD51F, 0xD51F, 0xD51F, 0xD51F,
0xD51F, 0xD51F, 0xD51F, 0xD51F, 0xD51F, 0xD51F, 0xD51F, 0xD51F, 0xD51F, 0xD51F, 0xD51F, 0xD51F, 0x0000, 0x0000, 0x0000, 0x0000,
0x0000, 0x0000, 0x0000, 0x0000, 0x0000, 0x0000, 0x0000, 0x0000, 0x0000, 0x0000, 0x0000, 0x0000, 0x0000, 0x0000, 0x0000, 0x0000,
0x0000, 0x0000, 0x0000, 0x0000, 0x0000, 0x0000, 0x0000, 0x0000, 0x0000, 0x0000, 0x0000, 0x0000, 0x0000, 0x0000, 0x0000, 0x0000,
0x0000, 0x0000, 0x0000, 0xD51F, 0xD51F, 0xD51F, 0xD51F, 0xD51F, 0xD51F, 0xD51F, 0xD51F, 0xD51F, 0x0801, 0x0821, 0x0822, 0x0822,
0x0822, 0x0822, 0x0822, 0x0821, 0x0801, 0xD51F, 0xD51F, 0xD51F, 0xD51F, 0xD51F, 0xD51F, 0xD51F, 0xD51F, 0xD51F, 0x0000, 0x0000,
0x0000, 0x0000, 0x0000, 0x0000, 0x0000, 0x0000, 0x0000, 0x0000, 0x0000, 0x0000, 0x0000, 0x0000, 0x0000, 0x0000, 0x0000, 0x0000,
0x0000, 0x0000, 0x0000, 0x0000, 0x0000, 0x0000, 0x0000, 0x0000, 0x0000, 0x0000, 0x0000, 0x0000, 0x0000, 0x0000, 0x0000, 0x0000,
0x0000, 0x0000, 0xD51F, 0xD51F, 0xD51F, 0xD51F, 0xD51F, 0xD51F, 0xD51F, 0x0801, 0x0822, 0x0822, 0x0822, 0x0822, 0x0822, 0x0822,
0x0822, 0x0822, 0x0822, 0x0822, 0x0822, 0x0822, 0x0822, 0x0801, 0xD51F, 0xD51F, 0xD51F, 0xD51F, 0xD51F, 0xD51F, 0xD51F, 0x0000,
0x0000, 0x0000, 0x0000, 0x0000, 0x0000, 0x0000, 0x0000, 0x0000, 0x0000, 0x0000, 0x0000, 0x0000, 0x0000, 0x0000, 0x0000, 0x0000,
0x0000, 0x0000, 0x0000, 0x0000, 0x0000, 0x0000, 0x0000, 0x0000, 0x0000, 0x0000, 0x0000, 0x0000, 0x0000, 0x0000, 0x0000, 0x0000,
0x0000, 0xD51F, 0xD51F, 0xD51F, 0xD51F, 0xD51F, 0xD51F, 0x0801, 0x0822, 0x0822, 0x0822, 0x0822, 0x0822, 0x0822, 0x0823, 0x0823,
0x0823, 0x0823, 0x0823, 0x0822, 0x0822, 0x0822, 0x0822, 0x0822, 0x0822, 0x0801, 0xD51F, 0xD51F, 0xD51F, 0xD51F, 0xD51F, 0xD51F,
0x0000, 0x0000, 0x0000, 0x0000, 0x0000, 0x0000, 0x0000, 0x0000, 0x0000, 0x0000, 0x0000, 0x0000, 0x0000, 0x0000, 0x0000, 0x0000,
0x0000, 0x0000, 0x0000, 0x0000, 0x0000, 0x0000, 0x0000, 0x0000, 0x0000, 0x0000, 0x0000, 0x0000, 0x0000, 0x0000, 0x0000, 0x0000,
0xD51F, 0xD51F, 0xD51F, 0xD51F, 0xD51F, 0xD51F, 0x0822, 0x0822, 0x0822, 0x0822, 0x0823, 0x1023, 0x1023, 0x8A9F, 0x8A9F, 0x8A9F,
0x8A9F, 0x8A9F, 0x8A9F, 0x8A9F, 0x1023, 0x1023, 0x0823, 0x0822, 0x0822, 0x0822, 0x0822, 0xD51F, 0xD51F, 0xD51F, 0xD51F, 0xD51F,
0xD51F, 0x0000, 0x0000, 0x0000, 0x0000, 0x0000, 0x0000, 0x0000, 0x0000, 0x0000, 0x0000, 0x0000, 0x0000, 0x0000, 0x0000, 0x0000,
0x0000, 0x0000, 0x0000, 0x0000, 0x0000, 0x0000, 0x0000, 0x0000, 0x0000, 0x0000, 0x0000, 0x0000, 0x0000, 0x0000, 0x0000, 0xD51F,
0xD51F, 0xD51F, 0xD51F, 0xD51F, 0x0801, 0x0822, 0x0822, 0x0822, 0x0823, 0x1023, 0x8A9F, 0x8A9F, 0x8A9F, 0x8A9F, 0x8A9F, 0x8A9F,
0x8A9F, 0x8A9F, 0x8A9F, 0x8A9F, 0x8A9F, 0x8A9F, 0x8A9F, 0x1023, 0x0823, 0x0822, 0x0822, 0x0822, 0x0801, 0xD51F, 0xD51F, 0xD51F,
0xD51F, 0xD51F, 0x0000, 0x0000, 0x0000, 0x0000, 0x0000, 0x0000, 0x0000, 0x0000, 0x0000, 0x0000, 0x0000, 0x0000, 0x0000, 0x0000,
0x0000, 0x0000, 0x0000, 0x0000, 0x0000, 0x0000, 0x0000, 0x0000, 0x0000, 0x0000, 0x0000, 0x0000, 0x0000, 0x0000, 0xD51F, 0xD51F,
0xD51F, 0xD51F, 0xD51F, 0x0801, 0x0822, 0x0822, 0x0822, 0x0823, 0x8A9F, 0x8A9F, 0x8A9F, 0x8A9F, 0x8A9F, 0x8A9F, 0x8A9F, 0x8A9F,
0x8A9F, 0x8A9F, 0x8A9F, 0x8A9F, 0x8A9F, 0x8A9F, 0x8A9F, 0x8A9F, 0x8A9F, 0x0823, 0x0822, 0x0822, 0x0822, 0x0801, 0xD51F, 0xD51F,
0xD51F, 0xD51F, 0xD51F, 0x0000, 0x0000, 0x0000, 0x0000, 0x0000, 0x0000, 0x0000, 0x0000, 0x0000, 0x0000, 0x0000, 0x0000, 0x0000,
0x0000, 0x0000, 0x0000, 0x0000, 0x0000, 0x0000, 0x0000, 0x0000, 0x0000, 0x0000, 0x0000, 0x0000, 0x0000, 0x0000, 0xD51F, 0xD51F,
0xD51F, 0xD51F, 0x0801, 0x0822, 0x0822, 0x0822, 0x1023, 0x8A9F, 0x8A9F, 0x8A9F, 0x8A9F, 0x8A9F, 0x8A9F, 0x8A9F, 0x8A9F, 0x8A9F,
0x8A9F, 0x8A9F, 0x8A9F, 0x8A9F, 0x8A9F, 0x8A9F, 0x8A9F, 0x8A9F, 0x8A9F, 0x8A9F, 0x1023, 0x0822, 0x0822, 0x0822, 0x0801, 0xD51F,
0xD51F, 0xD51F, 0xD51F, 0x0000, 0x0000, 0x0000, 0x0000, 0x0000, 0x0000, 0x0000, 0x0000, 0x0000, 0x0000, 0x0000, 0x0000, 0x0000,
0x0000, 0x0000, 0x0000, 0x0000, 0x0000, 0x0000, 0x0000, 0x0000, 0x0000, 0x0000, 0x0000, 0x0000, 0x0000, 0xD51F, 0xD51F, 0xD51F,
0xD51F, 0xD51F, 0x0822, 0x0822, 0x0822, 0x1023, 0x8A9F, 0x8A9F, 0x8A9F, 0x8A9F, 0x8A9F, 0x8A9F, 0x8A9F, 0x1846, 0x1866, 0x2066,
0x2066, 0x2066, 0x1866, 0x1846, 0x8A9F, 0x8A9F, 0x8A9F, 0x8A9F, 0x8A9F, 0x8A9F, 0x8A9F, 0x1023, 0x0822, 0x0822, 0x0822, 0xD51F,
0xD51F, 0xD51F, 0xD51F, 0xD51F, 0x0000, 0x0000, 0x0000, 0x0000, 0x0000, 0x0000, 0x0000, 0x0000, 0x0000, 0x0000, 0x0000, 0x0000,
0x0000, 0x0000, 0x0000, 0x0000, 0x0000, 0x0000, 0x0000, 0x0000, 0x0000, 0x0000, 0x0000, 0x0000, 0xD51F, 0xD51F, 0xD51F, 0xD51F,
0xD51F, 0x0822, 0x0822, 0x0822, 0x1023, 0x8A9F, 0x8A9F, 0x8A9F, 0x8A9F, 0x8A9F, 0x8A9F, 0x1866, 0x2066, 0x2066, 0x2067, 0x2067,
0x2067, 0x2067, 0x2067, 0x2066, 0x2066, 0x1866, 0x8A9F, 0x8A9F, 0x8A9F, 0x8A9F, 0x8A9F, 0x8A9F, 0x1023, 0x0822, 0x0822, 0x0822,
0xD51F, 0xD51F, 0x0001, 0x0000, 0x0000, 0x0000, 0x0000, 0x0000, 0x0000, 0x0000, 0x0000, 0x0000, 0x0000, 0x0000, 0x0000, 0x0000,
0x0000, 0x0000, 0x0000, 0x0000, 0x0000, 0x0000, 0x0000, 0x0000, 0x0000, 0x0000, 0x0000, 0x0000, 0xD51F, 0xD51F, 0xD51F, 0xD51F,
0x0801, 0x0822, 0x0822, 0x0823, 0x8A9F, 0x8A9F, 0x8A9F, 0x8A9F, 0x8A9F, 0x1846, 0x2066, 0x2066, 0x2067, 0x2067, 0x2067, 0x2067,
0x2067, 0x2067, 0x2067, 0x2067, 0x2067, 0x2066, 0x2066, 0x1846, 0x8A9F, 0x8A9F, 0x8A9F, 0x8A9F, 0x8A9F, 0x0823, 0x0822, 0x0822,
0x0801, 0x0001, 0x0001, 0x0000, 0x0000, 0x0000, 0x0000, 0x0000, 0x0000, 0x0000, 0x0000, 0x0000, 0x0000, 0x0000, 0x0000, 0x0000,
0x0000, 0x0000, 0x0000, 0x0000, 0x0000, 0x0000, 0x0000, 0x0000, 0x0000, 0x0000, 0x0000, 0x0000, 0xD51F, 0xD51F, 0xD51F, 0xD51F,
0x0822, 0x0822, 0x0823, 0x8A9F, 0x8A9F, 0x8A9F, 0x8A9F, 0x8A9F, 0x1866, 0x2066, 0x2067, 0x2067, 0x2067, 0x2868, 0x2888, 0x2888,
0x2888, 0x2888, 0x2888, 0x2868, 0x2067, 0x2067, 0x2067, 0x2066, 0x1866, 0x8A9F, 0x8A9F, 0x8A9F, 0x8A9F, 0x8A9F, 0x0823, 0x0822,
0x0822, 0x0801, 0x0001, 0x0001, 0x0000, 0x0000, 0x0000, 0x0000, 0x0000, 0x0000, 0x0000, 0x0000, 0x0000, 0x0000, 0x0000, 0x0000,
0x0000, 0x0000, 0x0000, 0x0000, 0x0000, 0x0000, 0x0000, 0x0000, 0x0000, 0x0000, 0x0000, 0xD51F, 0xD51F, 0xD51F, 0xD51F, 0x0801,
0x0822, 0x0822, 0x1023, 0x1023, 0x8A9F, 0x8A9F, 0x8A9F, 0x1846, 0x2066, 0x2067, 0x2067, 0x2868, 0x2888, 0x2888, 0x2889, 0x2889,
0x2889, 0x2889, 0x2889, 0x2888, 0x2888, 0x2868, 0x2067, 0x2067, 0x2066, 0x1846, 0x8A9F, 0x8A9F, 0x8A9F, 0x8A9F, 0x1023, 0x0822,
0x0822, 0x0801, 0x0001, 0x0001, 0x0000, 0x0000, 0x0000, 0x0000, 0x0000, 0x0000, 0x0000, 0x0000, 0x0000, 0x0000, 0x0000, 0x0000,
0x0000, 0x0000, 0x0000, 0x0000, 0x0000, 0x0000, 0x0000, 0x0000, 0x0000, 0x0000, 0x0000, 0xD51F, 0xD51F, 0xD51F, 0xD51F, 0x0822,
0x0822, 0x0823, 0x1023, 0x1044, 0x1044, 0x8A9F, 0x8A9F, 0x2066, 0x2067, 0x2067, 0x2868, 0x2888, 0x2889, 0x2889, 0x3089, 0x3089,
0x3089, 0x3089, 0x3089, 0x2889, 0x2889, 0x2888, 0x2868, 0x2067, 0x2067, 0x2066, 0x8A9F, 0x8A9F, 0x8A9F, 0x8A9F, 0x8A9F, 0x0823,
0x0822, 0x0822, 0x0801, 0x0001, 0x0001, 0x0000, 0x0000, 0x0000, 0x0000, 0x0000, 0x0000, 0x0000, 0x0000, 0x0000, 0x0000, 0x0000,
0x0000, 0x0000, 0x0000, 0x0000, 0x0000, 0x0000, 0x0000, 0x0000, 0x0000, 0x0000, 0x0000, 0xD51F, 0xD51F, 0xD51F, 0xD51F, 0x0822,
0x0822, 0x1023, 0x1023, 0x1044, 0x1845, 0x1845, 0x1866, 0x2066, 0x2067, 0x2868, 0x2888, 0x2889, 0x3089, 0x3089, 0xEE9F, 0xEE9F,
0xEE9F, 0xEE9F, 0xEE9F, 0x3089, 0x3089, 0x2889, 0x2888, 0x2868, 0x2067, 0x2066, 0x1866, 0x8A9F, 0x8A9F, 0x8A9F, 0x8A9F, 0x1023,
0x0822, 0x0822, 0x0801, 0x0001, 0x0001, 0x0000, 0x0000, 0x0000, 0x0000, 0x0000, 0x0000, 0x0000, 0x0000, 0x0000, 0x0000, 0x0000,
0x0000, 0x0000, 0x0000, 0x0000, 0x0000, 0x0000, 0x0000, 0x0000, 0x0000, 0x0000, 0xD51F, 0xD51F, 0xD51F, 0xD51F, 0x0801, 0x0822,
0x0822, 0x1023, 0x1023, 0x1044, 0x1845, 0x1845, 0x2066, 0x2067, 0x2067, 0x2888, 0x2889, 0x3089, 0x3089, 0xEE9F, 0xEE9F, 0xEE9F,
0xEE9F, 0xEE9F, 0xEE9F, 0xEE9F, 0x3089, 0x3089, 0x2889, 0x2888, 0x2067, 0x2067, 0x2066, 0x8A9F, 0x8A9F, 0x8A9F, 0x8A9F, 0x1023,
0x0822, 0x0822, 0x0801, 0x0001, 0x0001, 0x0000, 0x0000, 0x0000, 0x0000, 0x0000, 0x0000, 0x0000, 0x0000, 0x0000, 0x0000, 0x0000,
0x0000, 0x0000, 0x0000, 0x0000, 0x0000, 0x0000, 0x0000, 0x0000, 0x0000, 0x0000, 0xD51F, 0xD51F, 0xD51F, 0xD51F, 0x0821, 0x0822,
0x0822, 0x1023, 0x1044, 0x1844, 0x1845, 0x1846, 0x2066, 0x2067, 0x2868, 0x2888, 0x2889, 0x3089, 0xEE9F, 0xEE9F, 0xEE9F, 0xEE9F,
0xEE9F, 0xEE9F, 0xEE9F, 0xEE9F, 0xEE9F, 0x3089, 0x2889, 0x2888, 0x2868, 0x2067, 0x2066, 0x1846, 0x8A9F, 0x8A9F, 0x8A9F, 0x8A9F,
0x0822, 0x0822, 0x0821, 0x0001, 0x0001, 0x0000, 0x0000, 0x0000, 0x0000, 0x0000, 0x0000, 0x0000, 0x0000, 0x0000, 0x0000, 0x0000,
0x0000, 0x0000, 0x0000, 0x0000, 0x0000, 0x0000, 0x0000, 0x0000, 0x0000, 0x0000, 0xD51F, 0xD51F, 0xD51F, 0xD51F, 0x0822, 0x0822,
0x0823, 0x1023, 0x1044, 0x1844, 0x1845, 0x1866, 0x2067, 0x2067, 0x2888, 0x2889, 0x3089, 0xEE9F, 0xEE9F, 0xEE9F, 0xEE9F, 0xEE9F,
0xEE9F, 0xEE9F, 0xEE9F, 0xEE9F, 0xEE9F, 0xEE9F, 0x3089, 0x2889, 0x2888, 0x2067, 0x2067, 0x1866, 0x8A9F, 0x8A9F, 0x8A9F, 0x8A9F,
0x0823, 0x0822, 0x0822, 0x0801, 0x0001, 0x0000, 0x0000, 0x0000, 0x0000, 0x0000, 0x0000, 0x0000, 0x0000, 0x0000, 0x0000, 0x0000,
0x0000, 0x0000, 0x0000, 0x0000, 0x0000, 0x0000, 0x0000, 0x0000, 0x0000, 0x0000, 0xD51F, 0xD51F, 0xD51F, 0xD51F, 0x0822, 0x0822,
0x0823, 0x1023, 0x1044, 0x1845, 0x1845, 0x2066, 0x2067, 0x2067, 0x2888, 0x2889, 0x3089, 0xEE9F, 0xEE9F, 0xEE9F, 0xEE9F, 0xEE9F,
0xEE9F, 0xEE9F, 0xEE9F, 0xEE9F, 0xEE9F, 0xEE9F, 0x3089, 0x2889, 0x2888, 0x2067, 0x2067, 0x2066, 0x8A9F, 0x8A9F, 0x8A9F, 0x8A9F,
0x0823, 0x0822, 0x0822, 0x0801, 0x0001, 0x0000, 0x0000, 0x0000, 0x0000, 0x0000, 0x0000, 0x0000, 0x0000, 0x0000, 0x0000, 0x0000,
0x0000, 0x0000, 0x0000, 0x0000, 0x0000, 0x0000, 0x0000, 0x0000, 0x0000, 0x0000, 0xD51F, 0xD51F, 0xD51F, 0xD51F, 0x0822, 0x0822,
0x0823, 0x1023, 0x1044, 0x1845, 0x1845, 0x2066, 0x2067, 0x2067, 0x2888, 0x2889, 0x3089, 0xEE9F, 0xEE9F, 0xEE9F, 0xEE9F, 0xEE9F,
0xEE9F, 0xEE9F, 0xEE9F, 0xEE9F, 0xEE9F, 0xEE9F, 0x3089, 0x2889, 0x2888, 0x2067, 0x2067, 0x2066, 0x8A9F, 0x8A9F, 0x8A9F, 0x8A9F,
0x0823, 0x0822, 0x0822, 0x0801, 0x0001, 0x0001, 0x0000, 0x0000, 0x0000, 0x0000, 0x0000, 0x0000, 0x0000, 0x0000, 0x0000, 0x0000,
0x0000, 0x0000, 0x0000, 0x0000, 0x0000, 0x0000, 0x0000, 0x0000, 0x0000, 0x0000, 0xD51F, 0xD51F, 0xD51F, 0xD51F, 0x0822, 0x0822,
0x0823, 0x1023, 0x1044, 0x1845, 0x1845, 0x2066, 0x2067, 0x2067, 0x2888, 0x2889, 0x3089, 0xEE9F, 0xEE9F, 0xEE9F, 0xEE9F, 0xEE9F,
0xEE9F, 0xEE9F, 0xEE9F, 0xEE9F, 0xEE9F, 0xEE9F, 0x3089, 0x2889, 0x2888, 0x2067, 0x2067, 0x2066, 0x8A9F, 0x8A9F, 0x8A9F, 0x8A9F,
0x0823, 0x0822, 0x0822, 0x0801, 0x0001, 0x0000, 0x0000, 0x0000, 0x0000, 0x0000, 0x0000, 0x0000, 0x0000, 0x0000, 0x0000, 0x0000,
0x0000, 0x0000, 0x0000, 0x0000, 0x0000, 0x0000, 0x0000, 0x0000, 0x0000, 0x0000, 0xD51F, 0xD51F, 0xD51F, 0xD51F, 0x0822, 0x0822,
0x0823, 0x1023, 0x1044, 0x1844, 0x1845, 0x1866, 0x2067, 0x2067, 0x2888, 0x2889, 0x3089, 0xEE9F, 0xEE9F, 0xEE9F, 0xEE9F, 0xEE9F,
0xEE9F, 0xEE9F, 0xEE9F, 0xEE9F, 0xEE9F, 0xEE9F, 0x3089, 0x2889, 0x2888, 0x2067, 0x2067, 0x1866, 0x8A9F, 0x8A9F, 0x8A9F, 0x8A9F,
0x0823, 0x0822, 0x0822, 0x0801, 0x0001, 0x0000, 0x0000, 0x0000, 0x0000, 0x0000, 0x0000, 0x0000, 0x0000, 0x0000, 0x0000, 0x0000,
0x0000, 0x0000, 0x0000, 0x0000, 0x0000, 0x0000, 0x0000, 0x0000, 0x0000, 0x0000, 0xD51F, 0xD51F, 0xD51F, 0xD51F, 0x0821, 0x0822,
0x0822, 0x1023, 0x1044, 0x1844, 0x1845, 0x1846, 0x2066, 0x2067, 0x2868, 0x2888, 0x2889, 0x3089, 0xEE9F, 0xEE9F, 0xEE9F, 0xEE9F,
0xEE9F, 0xEE9F, 0xEE9F, 0xEE9F, 0xEE9F, 0x3089, 0x2889, 0x2888, 0x2868, 0x2067, 0x2066, 0x1846, 0x8A9F, 0x8A9F, 0x8A9F, 0x8A9F,
0x0822, 0x0822, 0x0821, 0x0001, 0x0001, 0x0000, 0x0000, 0x0000, 0x0000, 0x0000, 0x0000, 0x0000, 0x0000, 0x0000, 0x0000, 0x0000,
0x0000, 0x0000, 0x0000, 0x0000, 0x0000, 0x0000, 0x0000, 0x0000, 0x0000, 0x0000, 0xD51F, 0xD51F, 0xD51F, 0xD51F, 0x0801, 0x0822,
0x0822, 0x1023, 0x1023, 0x1044, 0x1845, 0x1845, 0x2066, 0x2067, 0x2067, 0x2888, 0x2889, 0x3089, 0x3089, 0xEE9F, 0xEE9F, 0xEE9F,
0xEE9F, 0xEE9F, 0xEE9F, 0xEE9F, 0x3089, 0x3089, 0x2889, 0x2888, 0x2067, 0x2067, 0x2066, 0x8A9F, 0x8A9F, 0x8A9F, 0x8A9F, 0x1023,
0x0822, 0x0822, 0x0801, 0x0001, 0x0001, 0x0000, 0x0000, 0x0000, 0x0000, 0x0000, 0x0000, 0x0000, 0x0000, 0x0000, 0x0000, 0x0000,
0x0000, 0x0000, 0x0000, 0x0000, 0x0000, 0x0000, 0x0000, 0x0000, 0x0000, 0x0000, 0x0000, 0xD51F, 0xD51F, 0xD51F, 0xD51F, 0x0822,
0x0822, 0x1023, 0x1023, 0x1044, 0x1845, 0x1845, 0x1866, 0x2066, 0x2067, 0x2868, 0x2888, 0x2889, 0x3089, 0x3089, 0xEE9F, 0xEE9F,
0xEE9F, 0xEE9F, 0xEE9F, 0x3089, 0x3089, 0x2889, 0x2888, 0x2868, 0x2067, 0x2066, 0x1866, 0x8A9F, 0x8A9F, 0x8A9F, 0x8A9F, 0x1023,
0x0822, 0x0822, 0x0801, 0x0001, 0x0001, 0x0000, 0x0000, 0x0000, 0x0000, 0x0000, 0x0000, 0x0000, 0x0000, 0x0000, 0x0000, 0x0000,
0x0000, 0x0000, 0x0000, 0x0000, 0x0000, 0x0000, 0x0000, 0x0000, 0x0000, 0x0000, 0x0000, 0xD51F, 0xD51F, 0xD51F, 0xD51F, 0x0822,
0x0822, 0x0823, 0x1023, 0x1044, 0x1044, 0x8A9F, 0x8A9F, 0x2066, 0x2067, 0x2067, 0x2868, 0x2888, 0x2889, 0x2889, 0x3089, 0x3089,
0x3089, 0x3089, 0x3089, 0x2889, 0x2889, 0x2888, 0x2868, 0x2067, 0x2067, 0x2066, 0x8A9F, 0x8A9F, 0x8A9F, 0x8A9F, 0x8A9F, 0x0823,
0x0822, 0x0822, 0x0801, 0x0001, 0x0001, 0x0000, 0x0000, 0x0000, 0x0000, 0x0000, 0x0000, 0x0000, 0x0000, 0x0000, 0x0000, 0x0000,
0x0000, 0x0000, 0x0000, 0x0000, 0x0000, 0x0000, 0x0000, 0x0000, 0x0000, 0x0000, 0x0000, 0xD51F, 0xD51F, 0xD51F, 0xD51F, 0x0801,
0x0822, 0x0822, 0x1023, 0x1023, 0x8A9F, 0x8A9F, 0x8A9F, 0x1846, 0x2066, 0x2067, 0x2067, 0x2868, 0x2888, 0x2888, 0x2889, 0x2889,
0x2889, 0x2889, 0x2889, 0x2888, 0x2888, 0x2868, 0x2067, 0x2067, 0x2066, 0x1846, 0x8A9F, 0x8A9F, 0x8A9F, 0x8A9F, 0x1023, 0x0822,
0x0822, 0x0801, 0x0001, 0x0001, 0x0000, 0x0000, 0x0000, 0x0000, 0x0000, 0x0000, 0x0000, 0x0000, 0x0000, 0x0000, 0x0000, 0x0000,
0x0000, 0x0000, 0x0000, 0x0000, 0x0000, 0x0000, 0x0000, 0x0000, 0x0000, 0x0000, 0x0000, 0x0000, 0xD51F, 0xD51F, 0xD51F, 0xD51F,
0x0822, 0x0822, 0x0823, 0x8A9F, 0x8A9F, 0x8A9F, 0x8A9F, 0x8A9F, 0x1866, 0x2066, 0x2067, 0x2067, 0x2067, 0x2868, 0x2888, 0x2888,
0x2888, 0x2888, 0x2888, 0x2868, 0x2067, 0x2067, 0x2067, 0x2066, 0x1866, 0x8A9F, 0x8A9F, 0x8A9F, 0x8A9F, 0x8A9F, 0x0823, 0x0822,
0x0822, 0x0801, 0x0001, 0x0001, 0x0000, 0x0000, 0x0000, 0x0000, 0x0000, 0x0000, 0x0000, 0x0000, 0x0000, 0x0000, 0x0000, 0x0000,
0x0000, 0x0000, 0x0000, 0x0000, 0x0000, 0x0000, 0x0000, 0x0000, 0x0000, 0x0000, 0x0000, 0x0000, 0xD51F, 0xD51F, 0xD51F, 0xD51F,
0x0801, 0x0822, 0x0822, 0x0823, 0x8A9F, 0x8A9F, 0x8A9F, 0x8A9F, 0x8A9F, 0x1846, 0x2066, 0x2066, 0x2067, 0x2067, 0x2067, 0x2067,
0x2067, 0x2067, 0x2067, 0x2067, 0x2067, 0x2066, 0x2066, 0x1846, 0x8A9F, 0x8A9F, 0x8A9F, 0x8A9F, 0x8A9F, 0x0823, 0x0822, 0x0822,
0x0801, 0x0001, 0x0001, 0x0000, 0x0000, 0x0000, 0x0000, 0x0000, 0x0000, 0x0000, 0x0000, 0x0000, 0x0000, 0x0000, 0x0000, 0x0000,
0x0000, 0x0000, 0x0000, 0x0000, 0x0000, 0x0000, 0x0000, 0x0000, 0x0000, 0x0000, 0x0000, 0x0000, 0xD51F, 0xD51F, 0xD51F, 0xD51F,
0xD51F, 0x0822, 0x0822, 0x0822, 0x1023, 0x8A9F, 0x8A9F, 0x8A9F, 0x8A9F, 0x8A9F, 0x8A9F, 0x1866, 0x2066, 0x2066, 0x2067, 0x2067,
0x2067, 0x2067, 0x2067, 0x2066, 0x2066, 0x1866, 0x8A9F, 0x8A9F, 0x8A9F, 0x8A9F, 0x8A9F, 0x8A9F, 0x1023, 0x0822, 0x0822, 0x0822,
0xD51F, 0xD51F, 0x0001, 0x0000, 0x0000, 0x0000, 0x0000, 0x0000, 0x0000, 0x0000, 0x0000, 0x0000, 0x0000, 0x0000, 0x0000, 0x0000,
0x0000, 0x0000, 0x0000, 0x0000, 0x0000, 0x0000, 0x0000, 0x0000, 0x0000, 0x0000, 0x0000, 0x0000, 0x0000, 0xD51F, 0xD51F, 0xD51F,
0xD51F, 0xD51F, 0x0822, 0x0822, 0x0822, 0x1023, 0x8A9F, 0x8A9F, 0x8A9F, 0x8A9F, 0x8A9F, 0x8A9F, 0x8A9F, 0x1846, 0x1866, 0x2066,
0x2066, 0x2066, 0x1866, 0x1846, 0x8A9F, 0x8A9F, 0x8A9F, 0x8A9F, 0x8A9F, 0x8A9F, 0x8A9F, 0x1023, 0x0822, 0x0822, 0x0822, 0xD51F,
0xD51F, 0xD51F, 0xD51F, 0xD51F, 0x0000, 0x0000, 0x0000, 0x0000, 0x0000, 0x0000, 0x0000, 0x0000, 0x0000, 0x0000, 0x0000, 0x0000,
0x0000, 0x0000, 0x0000, 0x0000, 0x0000, 0x0000, 0x0000, 0x0000, 0x0000, 0x0000, 0x0000, 0x0000, 0x0000, 0x0000, 0xD51F, 0xD51F,
0xD51F, 0xD51F, 0x0801, 0x0822, 0x0822, 0x0822, 0x1023, 0x8A9F, 0x8A9F, 0x8A9F, 0x8A9F, 0x8A9F, 0x8A9F, 0x8A9F, 0x8A9F, 0x8A9F,
0x8A9F, 0x8A9F, 0x8A9F, 0x8A9F, 0x8A9F, 0x8A9F, 0x8A9F, 0x8A9F, 0x8A9F, 0x8A9F, 0x1023, 0x0822, 0x0822, 0x0822, 0x0801, 0xD51F,
0xD51F, 0xD51F, 0xD51F, 0x0000, 0x0000, 0x0000, 0x0000, 0x0000, 0x0000, 0x0000, 0x0000, 0x0000, 0x0000, 0x0000, 0x0000, 0x0000,
0x0000, 0x0000, 0x0000, 0x0000, 0x0000, 0x0000, 0x0000, 0x0000, 0x0000, 0x0000, 0x0000, 0x0000, 0x0000, 0x0000, 0xD51F, 0xD51F,
0xD51F, 0xD51F, 0xD51F, 0x0801, 0x0822, 0x0822, 0x0822, 0x0823, 0x8A9F, 0x8A9F, 0x8A9F, 0x8A9F, 0x8A9F, 0x8A9F, 0x8A9F, 0x8A9F,
0x8A9F, 0x8A9F, 0x8A9F, 0x8A9F, 0x8A9F, 0x8A9F, 0x8A9F, 0x8A9F, 0x8A9F, 0x0823, 0x0822, 0x0822, 0x0822, 0x0801, 0xD51F, 0xD51F,
0xD51F, 0xD51F, 0xD51F, 0x0000, 0x0000, 0x0000, 0x0000, 0x0000, 0x0000, 0x0000, 0x0000, 0x0000, 0x0000, 0x0000, 0x0000, 0x0000,
0x0000, 0x0000, 0x0000, 0x0000, 0x0000, 0x0000, 0x0000, 0x0000, 0x0000, 0x0000, 0x0000, 0x0000, 0x0000, 0x0000, 0x0000, 0xD51F,
0xD51F, 0xD51F, 0xD51F, 0xD51F, 0x0801, 0x0822, 0x0822, 0x0822, 0x0823, 0x1023, 0x8A9F, 0x8A9F, 0x8A9F, 0x8A9F, 0x8A9F, 0x8A9F,
0x8A9F, 0x8A9F, 0x8A9F, 0x8A9F, 0x8A9F, 0x8A9F, 0x8A9F, 0x1023, 0x0823, 0x0822, 0x0822, 0x0822, 0x0801, 0xD51F, 0xD51F, 0xD51F,
0xD51F, 0xD51F, 0x0000, 0x0000, 0x0000, 0x0000, 0x0000, 0x0000, 0x0000, 0x0000, 0x0000, 0x0000, 0x0000, 0x0000, 0x0000, 0x0000,
0x0000, 0x0000, 0x0000, 0x0000, 0x0000, 0x0000, 0x0000, 0x0000, 0x0000, 0x0000, 0x0000, 0x0000, 0x0000, 0x0000, 0x0000, 0x0000,
0xD51F, 0xD51F, 0xD51F, 0xD51F, 0xD51F, 0xD51F, 0x0822, 0x0822, 0x0822, 0x0822, 0x0823, 0x1023, 0x1023, 0x8A9F, 0x8A9F, 0x8A9F,
0x8A9F, 0x8A9F, 0x8A9F, 0x8A9F, 0x1023, 0x1023, 0x0823, 0x0822, 0x0822, 0x0822, 0x0822, 0xD51F, 0xD51F, 0xD51F, 0xD51F, 0xD51F,
0xD51F, 0x0000, 0x0000, 0x0000, 0x0000, 0x0000, 0x0000, 0x0000, 0x0000, 0x0000, 0x0000, 0x0000, 0x0000, 0x0000, 0x0000, 0x0000,
0x0000, 0x0000, 0x0000, 0x0000, 0x0000, 0x0000, 0x0000, 0x0000, 0x0000, 0x0000, 0x0000, 0x0000, 0x0000, 0x0000, 0x0000, 0x0000,
0x0000, 0xD51F, 0xD51F, 0xD51F, 0xD51F, 0xD51F, 0xD51F, 0x0801, 0x0822, 0x0822, 0x0822, 0x0822, 0x0822, 0x0822, 0x0823, 0x0823,
0x0823, 0x0823, 0x0823, 0x0822, 0x0822, 0x0822, 0x0822, 0x0822, 0x0822, 0x0801, 0xD51F, 0xD51F, 0xD51F, 0xD51F, 0xD51F, 0xD51F,
0x0000, 0x0000, 0x0000, 0x0000, 0x0000, 0x0000, 0x0000, 0x0000, 0x0000, 0x0000, 0x0000, 0x0000, 0x0000, 0x0000, 0x0000, 0x0000,
0x0000, 0x0000, 0x0000, 0x0000, 0x0000, 0x0000, 0x0000, 0x0000, 0x0000, 0x0000, 0x0000, 0x0000, 0x0000, 0x0000, 0x0000, 0x0000,
0x0000, 0x0000, 0xD51F, 0xD51F, 0xD51F, 0xD51F, 0xD51F, 0xD51F, 0xD51F, 0x0801, 0x0822, 0x0822, 0x0822, 0x0822, 0x0822, 0x0822,
0x0822, 0x0822, 0x0822, 0x0822, 0x0822, 0x0822, 0x0822, 0x0801, 0xD51F, 0xD51F, 0xD51F, 0xD51F, 0xD51F, 0xD51F, 0xD51F, 0x0000,
0x0000, 0x0000, 0x0000, 0x0000, 0x0000, 0x0000, 0x0000, 0x0000, 0x0000, 0x0000, 0x0000, 0x0000, 0x0000, 0x0000, 0x0000, 0x0000,
0x0000, 0x0000, 0x0000, 0x0000, 0x0000, 0x0000, 0x0000, 0x0000, 0x0000, 0x0000, 0x0000, 0x0000, 0x0000, 0x0000, 0x0000, 0x0000,
0x0000, 0x0000, 0x0000, 0xD51F, 0xD51F, 0xD51F, 0xD51F, 0xD51F, 0xD51F, 0xD51F, 0xD51F, 0xD51F, 0x0801, 0x0821, 0x0822, 0x0822,
0x0822, 0x0822, 0x0822, 0x0821, 0x0801, 0xD51F, 0xD51F, 0xD51F, 0xD51F, 0xD51F, 0xD51F, 0xD51F, 0xD51F, 0xD51F, 0x0000, 0x0000,
0x0000, 0x0000, 0x0000, 0x0000, 0x0000, 0x0000, 0x0000, 0x0000, 0x0000, 0x0000, 0x0000, 0x0000, 0x0000, 0x0000, 0x0000, 0x0000,
0x0000, 0x0000, 0x0000, 0x0000, 0x0000, 0x0000, 0x0000, 0x0000, 0x0000, 0x0000, 0x0000, 0x0000, 0x0000, 0x0000, 0x0000, 0x0000,
0x0000, 0x0000, 0x0000, 0x0000, 0x0000, 0xD51F, 0xD51F, 0xD51F, 0xD51F, 0xD51F, 0xD51F, 0xD51F, 0xD51F, 0xD51F, 0xD51F, 0xD51F,
0xD51F, 0xD51F, 0xD51F, 0xD51F, 0xD51F, 0xD51F, 0xD51F, 0xD51F, 0xD51F, 0xD51F, 0xD51F, 0xD51F, 0x0000, 0x0000, 0x0000, 0x0000,
0x0000, 0x0000, 0x0000, 0x0000, 0x0000, 0x0000, 0x0000, 0x0000, 0x0000, 0x0000, 0x0000, 0x0000, 0x0000, 0x0000, 0x0000, 0x0000,
0x0000, 0x0000, 0x0000, 0x0000, 0x0000, 0x0000, 0x0000, 0x0000, 0x0000, 0x0000, 0x0000, 0x0000, 0x0000, 0x0000, 0x0000, 0x0000,
0x0000, 0x0000, 0x0000, 0x0000, 0x0000, 0x0000, 0xD51F, 0xD51F, 0xD51F, 0xD51F, 0xD51F, 0xD51F, 0xD51F, 0xD51F, 0xD51F, 0xD51F,
0xD51F, 0xD51F, 0xD51F, 0xD51F, 0xD51F, 0xD51F, 0xD51F, 0xD51F, 0xD51F, 0xD51F, 0xD51F, 0x0000, 0x0000, 0x0000, 0x0000, 0x0000,
0x0000, 0x0000, 0x0000, 0x0000, 0x0000, 0x0000, 0x0000, 0x0000, 0x0000, 0x0000, 0x0000, 0x0000, 0x0000, 0x0000, 0x0000, 0x0000,
0x0000, 0x0000, 0x0000, 0x0000, 0x0000, 0x0000, 0x0000, 0x0000, 0x0000, 0x0000, 0x0000, 0x0000, 0x0000, 0x0000, 0x0000, 0x0000,
0x0000, 0x0000, 0x0000, 0x0000, 0x0000, 0x0000, 0x0000, 0x0000, 0x0000, 0xD51F, 0xD51F, 0xD51F, 0xD51F, 0xD51F, 0xD51F, 0xD51F,
0xD51F, 0xD51F, 0xD51F, 0xD51F, 0xD51F, 0xD51F, 0xD51F, 0xD51F, 0x0000, 0x0000, 0x0000, 0x0000, 0x0000, 0x0000, 0x0000, 0x0000,
0x0000, 0x0000, 0x0000, 0x0000, 0x0000, 0x0000, 0x0000, 0x0000, 0x0000, 0x0000, 0x0000, 0x0000, 0x0000, 0x0000, 0x0000, 0x0000,
0x0000, 0x0000, 0x0000, 0x0000, 0x0000, 0x0000, 0x0000, 0x0000, 0x0000, 0x0000, 0x0000, 0x0000, 0x0000, 0x0000, 0x0000, 0x0000,
0x0000, 0x0000, 0x0000, 0x0000, 0x0000, 0x0000, 0x0000, 0x0000, 0x0000, 0x0000, 0x0000, 0x0000, 0xD51F, 0xD51F, 0xD51F, 0xD51F,
0xD51F, 0xD51F, 0xD51F, 0xD51F, 0xD51F, 0x0000, 0x0000, 0x0000, 0x0000, 0x0000, 0x0000, 0x0000, 0x0000, 0x0000, 0x0000, 0x0000,
0x0000, 0x0000, 0x0000, 0x0000, 0x0000, 0x0000, 0x0000, 0x0000, 0x0000, 0x0000, 0x0000, 0x0000, 0x0000, 0x0000, 0x0000, 0x0000,
0x0000, 0x0000, 0x0000, 0x0000, 0x0000, 0x0000, 0x0000, 0x0000, 0x0000, 0x0000, 0x0000, 0x0000, 0x0000, 0x0000, 0x0000, 0x0000,
0x0000, 0x0000, 0x0000, 0x0000, 0x0000, 0x0000, 0x0000, 0x0000, 0x0000, 0x0000, 0x0000, 0x0000, 0x0000, 0x0000, 0x0000, 0x0000,
0x0000, 0x0000, 0x0000, 0x0000, 0x0000, 0x0000, 0x0000, 0x0000, 0x0000, 0x0000, 0x0000, 0x0000, 0x0000, 0x0000, 0x0000, 0x0000,
0x0000, 0x0000, 0x0000, 0x0000, 0x0000, 0x0000, 0x0000, 0x0000, 0x0000, 0x0000, 0x0000, 0x0000, 0x0000, 0x0000, 0x0000, 0x0000,
0x0000, 0x0000, 0x0000, 0x0000, 0x0000, 0x0000, 0x0000, 0x0000, 0x0000, 0x0000, 0x0000, 0x0000, 0x0000, 0x0000, 0x0000, 0x0000,
0x0000, 0x0000, 0x0000, 0x0000, 0x0000, 0x0000, 0x0000, 0x0000, 0x0000, 0x0000, 0x0000, 0x0000, 0x0000, 0x0000, 0x0000, 0x0000,
0x0000, 0x0000, 0x0000, 0x0000, 0x0000, 0x0000, 0x0000, 0x0000, 0x0000, 0x0000, 0x0000, 0x0000, 0x0000, 0x0000, 0x0000, 0x0000,
0x0000, 0x0000, 0x0000, 0x0000, 0x0000, 0x0000, 0x0000, 0x0000, 0x0000, 0x0000, 0x0000, 0x0000, 0x0000, 0x0000, 0x0000, 0x0000,
0x0000, 0x0000, 0x0000, 0x0000, 0x0000, 0x0000, 0x0000, 0x0000, 0x0000, 0x0000, 0x0000, 0x0000, 0x0000, 0x0000, 0x0000, 0x0000,
0x0000, 0x0000, 0x0000, 0x0000, 0x0000, 0x0000, 0x0000, 0x0000, 0x0000, 0x0000, 0x0000, 0x0000, 0x0000, 0x0000, 0x0000, 0x0000,
0x0000, 0x0000, 0x0000, 0x0000, 0x0000, 0x0000, 0x0000, 0x0000, 0x0000, 0x0000, 0x0000, 0x0000, 0x0000, 0x0000, 0x0000, 0x0000,
0x0000, 0x0000, 0x0000, 0x0000, 0x0000, 0x0000, 0x0000, 0x0000, 0x0000, 0x0000, 0x0000, 0x0000, 0x0000, 0x0000, 0x0000, 0x0000,
0x0000, 0x0000, 0x0000, 0x0000, 0x0000, 0x0000, 0x0000, 0x0000, 0x0000, 0x0000, 0x0000, 0x0000, 0x0000, 0x0000, 0x0000, 0x0000,
0x0000, 0x0000, 0x0000, 0x0000, 0x0000, 0x0000, 0x0000, 0x0000, 0x0000, 0x0000, 0x0000, 0x0000, 0x0000, 0x0000, 0x0000, 0x0000,
0x0000, 0x0000, 0x0000, 0x0000, 0x0000, 0x0000, 0x0000, 0x0000, 0x0000, 0x0000, 0x0000, 0x0000, 0x0000, 0x0000, 0x0000, 0x0000,
0x0000, 0x0000, 0x0000, 0x0000, 0x0000, 0x0000, 0x0000, 0x0000, 0x0000, 0x0000, 0x0000, 0x0000, 0x0000, 0x0000, 0x0000, 0x0000,
0x0000, 0x0000, 0x0000, 0x0000, 0x0000, 0x0000, 0x0000, 0x0000, 0x0000, 0x0000, 0x0000, 0x0000, 0x0000, 0x0000, 0x0000, 0x0000,
0x0000, 0x0000, 0x0000, 0x0000, 0x0000, 0x0000, 0x0000, 0x0000, 0x0000, 0x0000, 0x0000, 0x0000, 0x0000, 0x0000, 0x0000, 0x0000,
0x0000, 0x0000, 0x0000, 0x0000, 0x0000, 0x0000, 0x0000, 0x0000, 0x0000, 0x0000, 0x0000, 0x0000, 0x0000, 0x0000, 0x0000, 0x0000,
0x0000, 0x0000, 0x0000, 0x0000, 0x0000, 0x0000, 0x0000, 0x0000, 0x0000, 0x0000, 0x0000, 0x0000, 0x0000, 0x0000, 0x0000, 0x0000,
0x0000, 0x0000, 0x0000, 0x0000, 0x0000, 0x0000, 0x0000, 0x0000, 0x0000, 0x0000, 0x0000, 0x0000, 0x0000, 0x0000, 0x0000, 0x0000,
0x0000, 0x0000, 0x0000, 0x0000, 0x0000, 0x0000, 0x0000, 0x0000, 0x0000, 0x0000, 0x0000, 0x0000, 0x0000, 0x0000, 0x0000, 0x0000,
0x0000, 0x0000, 0x0000, 0x0000, 0x0000, 0x0000, 0x0000, 0x0000, 0x0000, 0x0000, 0x0000, 0x0000, 0x0000, 0x0000, 0x0000, 0x0000,
0x0000, 0x0000, 0x0000, 0x0000, 0x0000, 0x0000, 0x0000, 0x0000, 0x0000, 0x0000, 0x0000, 0x0000, 0x0000, 0x0000, 0x0000, 0x0000,
0x0000, 0x0000, 0x0000, 0x0000, 0x0000, 0x0000, 0x0000, 0x0000, 0x0000, 0x0000, 0x0000, 0x0000, 0x0000, 0x0000, 0x0000, 0x0000,
0x0000, 0x0000, 0x0000, 0x0000, 0x0000, 0x0000, 0x0000, 0x0000, 0x0000, 0x0000, 0x0000, 0x0000, 0x0000, 0x0000, 0x0000, 0x0000,
0x0000, 0x0000, 0x0000, 0x0000, 0x0000, 0x0000, 0x0000, 0x0000, 0x0000, 0x0000, 0x0000, 0x0000, 0x0000, 0x0000, 0x0000, 0x0000,
0x0000, 0x0000, 0x0000, 0x0000, 0x0000, 0x0000, 0x0000, 0x0000, 0x0000, 0x0000, 0x0000, 0x0000, 0x0000, 0x0000, 0x0000, 0x0000,
0x0000, 0x0000, 0x0000, 0x0000, 0x0000, 0x0000, 0x0000, 0x0000, 0x0000, 0x0000, 0x0000, 0x0000, 0x0000, 0x0000, 0x0000, 0x0000,
0x0000, 0x0000, 0x0000, 0x0000, 0x0000, 0x0000, 0x0000, 0x0000, 0x0000, 0x0000, 0x0000, 0x0000, 0x0000, 0x0000, 0x0000, 0x0000,
0x0000, 0x0000, 0x0000, 0x0000, 0x0000, 0x0000, 0x0000, 0x0000, 0x0000, 0x0000, 0x0000, 0x0000, 0x0000, 0x0000, 0x0000, 0x0000,
0x0000, 0x0000, 0x0000, 0x0000, 0x0000, 0x0000, 0x0000, 0x0000, 0x0000, 0x0000, 0x0000, 0x0000, 0x0000, 0x0000, 0x0000, 0x0000,
0x0000, 0x0000, 0x0000, 0x0000, 0x0000, 0x0000, 0x0000, 0x0000, 0x0000, 0x0000, 0x0000, 0x0000, 0x0000, 0x0000, 0x0000, 0x0000,
0x0000, 0x0000, 0x0000, 0x0000, 0x0000, 0x0000, 0x0000, 0x0000, 0x0000, 0x0000, 0x0000, 0x0000, 0x0000, 0x0000, 0x0000, 0x0000,
0x0000, 0x0000, 0x0000, 0x0000, 0x0000, 0x0000, 0x0000, 0x0000, 0x0000, 0x0000, 0x0000, 0x0000, 0x0000, 0x0000, 0x0000, 0x0000,
0x0000, 0x0000, 0x0000, 0x0000, 0x0000, 0x0000, 0x0000, 0x0000, 0x0000, 0x0000, 0x0000, 0x0000, 0x0000, 0x0000, 0x0000, 0x0000
};

const uint16_t icon_crucio[64 * 64] PROGMEM = {
0x0000, 0x0000, 0x0000, 0x0000, 0x0000, 0x0000, 0x0000, 0x0000, 0x0000, 0x0000, 0x0000, 0x0000, 0x0000, 0x0000, 0x0000, 0x0000,
0x0000, 0x0000, 0x0000, 0x0000, 0x0000, 0x0000, 0x0000, 0x0000, 0x0000, 0x0000, 0x0000, 0x0000, 0x0000, 0x0000, 0x0000, 0x0000,
0x0000, 0x0000, 0x0000, 0x0000, 0x0000, 0x0000, 0x0000, 0x0000, 0x0000, 0x0000, 0x0000, 0x0000, 0x0000, 0x0000, 0x0000, 0x0000,
0x0000, 0x0000, 0x0000, 0x0000, 0x0000, 0x0000, 0x0000, 0x0000, 0x0000, 0x0000, 0x0000, 0x0000, 0x0000, 0x0000, 0x0000, 0x0000,
0x0000, 0x0000, 0x0000, 0x0000, 0x0000, 0x0000, 0x0000, 0x0000, 0x0000, 0x0000, 0x0000, 0x0000, 0x0000, 0x0000, 0x0000, 0x0000,
0x0000, 0x0000, 0x0000, 0x0000, 0x0000, 0x0000, 0x0000, 0x0000, 0x0000, 0x0000, 0x0000, 0x0000, 0x0000, 0x0000, 0x0000, 0x0000,
0x0000, 0x0000, 0x0000, 0x0000, 0x0000, 0x0000, 0x0000, 0x0000, 0x0000, 0x0000, 0x0000, 0x0000, 0x0000, 0x0000, 0x0000, 0x0000,
0x0000, 0x0000, 0x0000, 0x0000, 0x0000, 0x0000, 0x0000, 0x0000, 0x0000, 0x0000, 0x0000, 0x0000, 0x0000, 0x0000, 0x0000, 0x0000,
0x0000, 0x0000, 0x0000, 0x0000, 0x0000, 0x0000, 0x0000, 0x0000, 0x0000, 0x0000, 0x0000, 0x0000, 0x0000, 0x0000, 0x0000, 0x0000,
0x0000, 0x0000, 0x0000, 0x0000, 0x0000, 0x0000, 0x0000, 0x0000, 0x0000, 0x0000, 0x0000, 0x0000, 0x0000, 0x0000, 0x0000, 0x0000,
0x0000, 0x0000, 0x0000, 0x0000, 0x0000, 0x0000, 0x0000, 0x0000, 0x0000, 0x0000, 0x0000, 0x0000, 0x0000, 0x0000, 0x0000, 0x0000,
0x0000, 0x0000, 0x0000, 0x0000, 0x0000, 0x0000, 0x0000, 0x0000, 0x0000, 0x0000, 0x0000, 0x0000, 0x0000, 0x0000, 0x0000, 0x0000,
0x0000, 0x0000, 0x0000, 0x0000, 0x0000, 0x0000, 0x0000, 0x0000, 0x0000, 0x0000, 0x0000, 0x0000, 0x0000, 0x0000, 0x0000, 0x0000,
0x0000, 0x0000, 0x0000, 0x0000, 0x0000, 0x0000, 0x0000, 0x0000, 0x0000, 0x0000, 0x0000, 0x0000, 0x0000, 0x0000, 0x0000, 0x0000,
0x0000, 0x0000, 0x0000, 0x0000, 0x0000, 0x0000, 0x0000, 0x0000, 0x0000, 0x0000, 0x0000, 0x0000, 0x0000, 0x0000, 0x0000, 0x0000,
0x0000, 0x0000, 0x0000, 0x0000, 0x0000, 0x0000, 0x0000, 0x0000, 0x0000, 0x0000, 0x0000, 0x0000, 0x0000, 0x0000, 0x0000, 0x0000,
0x0000, 0x0000, 0x0000, 0x0000, 0x0000, 0x0000, 0x0000, 0x0000, 0x0000, 0x0000, 0x0000, 0x0000, 0x0000, 0x0000, 0x0000, 0x0000,
0x0000, 0x0000, 0x0000, 0x0000, 0x0000, 0x0000, 0x0000, 0x0000, 0x0000, 0x0000, 0x0000, 0x0000, 0x0000, 0x0000, 0x0000, 0x0000,
0x0000, 0x0000, 0x0000, 0x0000, 0x0000, 0x0000, 0x0000, 0x0000, 0x0000, 0x0000, 0x0000, 0x0000, 0x0000, 0x0000, 0x0000, 0x0000,
0x0000, 0x0000, 0x0000, 0x0000, 0x0000, 0x0000, 0x0000, 0x0000, 0x0000, 0x0000, 0x0000, 0x0000, 0x0000, 0x0000, 0x0000, 0x0000,
0x0000, 0x0000, 0x0000, 0x0000, 0x0000, 0x0000, 0x0000, 0x0000, 0x0000, 0x0000, 0x0000, 0x0000, 0x0000, 0x0000, 0x0000, 0x0000,
0x0000, 0x0000, 0x0000, 0x0000, 0x0000, 0x0000, 0x0000, 0x0000, 0x0000, 0x0000, 0x0000, 0x0000, 0x0000, 0x0000, 0x0000, 0x0000,
0x0000, 0x0000, 0x0000, 0x0000, 0x0000, 0x0000, 0x0000, 0x0000, 0x0000, 0x0000, 0x0000, 0x0000, 0x0000, 0x0000, 0x0000, 0x0000,
0x0000, 0x0000, 0x0000, 0x0000, 0x0000, 0x0000, 0x0000, 0x0000, 0x0000, 0x0000, 0x0000, 0x0000, 0x0000, 0x0000, 0x0000, 0x0000,
0x0000, 0x0000, 0x0000, 0x0000, 0x0000, 0x0000, 0x0000, 0x0000, 0x0000, 0x0000, 0x0000, 0x0000, 0x0000, 0x0000, 0x0000, 0x0000,
0x0000, 0x0000, 0x0000, 0x0000, 0x0000, 0x0000, 0x0000, 0x0000, 0x0000, 0x0000, 0x0000, 0x0000, 0x0000, 0x0000, 0x0000, 0x0000,
0x0000, 0x0000, 0x0000, 0x0000, 0x0000, 0x0000, 0x0000, 0x0000, 0x0000, 0x0000, 0x0000, 0x0000, 0x0000, 0x0000, 0x0000, 0x0000,
0x0000, 0x0000, 0x0000, 0x0000, 0x0000, 0x0000, 0x0000, 0x0000, 0x0000, 0x0000, 0x0000, 0x0000, 0x0000, 0x0000, 0x0000, 0x0000,
0x0000, 0x0000, 0x0000, 0x0000, 0x0000, 0x0000, 0x0000, 0x0000, 0x0000, 0x0000, 0x0000, 0x0000, 0x0000, 0x0000, 0x0000, 0x0000,
0x0000, 0x0000, 0x0000, 0x0000, 0x0000, 0x0000, 0x0000, 0x0000, 0x0000, 0x0000, 0x0000, 0x0000, 0x0000, 0x0000, 0x0000, 0x0000,
0x0000, 0x0000, 0x0000, 0x0000, 0x0000, 0x0000, 0x0000, 0x0000, 0x0000, 0x0000, 0x0000, 0x0000, 0x0000, 0x0000, 0x0000, 0x0000,
0x0000, 0x0000, 0x0000, 0x0000, 0x0000, 0x0000, 0x0000, 0x0000, 0x0000, 0x0000, 0x0000, 0x0000, 0x0000, 0x0000, 0x0000, 0x0000,
0x0000, 0x0000, 0x0000, 0x0000, 0x0000, 0x0000, 0x0000, 0x0000, 0x0000, 0x0000, 0x0000, 0x0000, 0x0000, 0x0000, 0x0000, 0x0000,
0x0000, 0x0000, 0x0000, 0x0000, 0x0000, 0x0000, 0x0000, 0x0000, 0x0000, 0x0000, 0x0000, 0x0000, 0x0000, 0x0000, 0x0000, 0x0000,
0x0000, 0x0000, 0x0000, 0x0000, 0x0000, 0x0000, 0x0000, 0x0000, 0x0000, 0x0000, 0x0000, 0x0000, 0x0000, 0x0000, 0x0000, 0x0000,
0x0000, 0x0000, 0x0000, 0x0000, 0x0000, 0x0000, 0x0000, 0x0000, 0x0000, 0x0000, 0x0000, 0x0000, 0x0000, 0x0000, 0x0000, 0x0000,
0x0000, 0x0000, 0x0000, 0x0000, 0x0000, 0x0000, 0x0000, 0x0000, 0x0000, 0x0000, 0x0000, 0x0000, 0x0000, 0x0000, 0x0000, 0x0000,
0x0000, 0x0000, 0x0000, 0x0000, 0x0000, 0x0000, 0x0000, 0x0000, 0x0000, 0x0000, 0x0000, 0x0000, 0x0000, 0x0000, 0x0000, 0xFA30,
0xFA30, 0xFA30, 0x0000, 0x0000, 0x0000, 0x0000, 0x0000, 0x0000, 0x0000, 0x0000, 0x0000, 0x0000, 0x0000, 0x0000, 0x0000, 0x0000,
0x0000, 0x0000, 0x0000, 0x0000, 0x0000, 0x0000, 0x0000, 0x0000, 0x0000, 0x0000, 0x0000, 0x0000, 0x0000, 0x0000, 0x0000, 0x0000,
0x0000, 0x0000, 0x0000, 0x0000, 0x0000, 0x0000, 0x0000, 0x0000, 0x0000, 0x0000, 0x0000, 0x0000, 0x0000, 0x0000, 0x0000, 0x0000,
0x0000, 0x0000, 0x0000, 0x0000, 0x0000, 0x0000, 0x0000, 0x0000, 0x0000, 0x0000, 0x0000, 0x0000, 0x0000, 0x0800, 0x0800, 0xFA30,
0xFA30, 0xFA30, 0x0800, 0x0800, 0x0000, 0x0000, 0x0000, 0x0000, 0x0000, 0x0000, 0x0000, 0x0000, 0x0000, 0x0000, 0x0000, 0x0000,
0x0000, 0x0000, 0x0000, 0x0000, 0x0000, 0x0000, 0x0000, 0x0000, 0x0000, 0x0000, 0x0000, 0x0000, 0x0000, 0x0000, 0x0000, 0x0000,
0x0000, 0x0000, 0x0000, 0x0000, 0x0000, 0x0000, 0x0000, 0x0000, 0x0000, 0x0000, 0x0000, 0x0000, 0x0000, 0x0000, 0x0000, 0x0000,
0x0000, 0x0000, 0x0000, 0x0000, 0x0000, 0x0000, 0x0000, 0x0000, 0x0000, 0x0800, 0x0800, 0x0800, 0x0800, 0x0800, 0x0800, 0xFA30,
0xFA30, 0xFA30, 0x0800, 0x0800, 0x0800, 0x0800, 0x0800, 0x0800, 0x0000, 0x0000, 0x0000, 0x0000, 0x0000, 0x0000, 0x0000, 0x0000,
0x0000, 0x0000, 0x0000, 0x0000, 0x0000, 0x0000, 0x0000, 0x0000, 0x0000, 0x0000, 0x0000, 0x0000, 0x0000, 0x0000, 0x0000, 0x0000,
0x0000, 0x0000, 0x0000, 0x0000, 0x0000, 0x0000, 0x0000, 0x0000, 0x0000, 0x0000, 0x0000, 0x0000, 0x0000, 0x0000, 0x0000, 0x0000,
0x0000, 0x0000, 0x0000, 0x0000, 0x0000, 0x0000, 0x0000, 0x0800, 0x0800, 0x0800, 0x0800, 0x0800, 0x0800, 0x0800, 0x0800, 0xFA30,
0xFA30, 0xFA30, 0x0800, 0x0800, 0x0800, 0x0800, 0x0800, 0x0800, 0x0800, 0x0800, 0x0000, 0x0000, 0x0000, 0x0000, 0x0000, 0x0000,
0x0000, 0x0000, 0x0000, 0x0000, 0x0000, 0x0000, 0x0000, 0x0000, 0x0000, 0x0000, 0x0000, 0x0000, 0x0000, 0x0000, 0x0000, 0x0000,
0x0000, 0x0000, 0x0000, 0x0000, 0x0000, 0x0000, 0x0000, 0x0000, 0x0000, 0x0000, 0x0000, 0x0000, 0x0000, 0x0000, 0x0000, 0x0000,
0x0000, 0x0000, 0x0000, 0x0000, 0x0000, 0x0800, 0x0800, 0x0800, 0x0800, 0x0800, 0x0800, 0x0800, 0x0800, 0x1000, 0x1000, 0xFA30,
0xFA30, 0xFA30, 0x1000, 0x1000, 0x0800, 0x0800, 0x0800, 0x0800, 0x0800, 0x0800, 0x0800, 0x0800, 0x0000, 0x0000, 0x0000, 0x0000,
0x0000, 0x0000, 0x0000, 0x0000, 0x0000, 0x0000, 0x0000, 0x0000, 0x0000, 0x0000, 0x0000, 0x0000, 0x0000, 0x0000, 0x0000, 0x0000,
0x0000, 0x0000, 0x0000, 0x0000, 0x0000, 0x0000, 0x0000, 0x0000, 0x0000, 0x0000, 0x0000, 0x0000, 0x0000, 0x0000, 0x0000, 0x0000,
0x0000, 0x0000, 0x0000, 0x0000, 0x0800, 0x0800, 0x0800, 0x0800, 0x0800, 0x0800, 0x1000, 0x1000, 0x1001, 0x1001, 0x1001, 0xFA30,
0xFA30, 0xFA30, 0x1001, 0x1001, 0x1001, 0x1000, 0x1000, 0x0800, 0x0800, 0x0800, 0x0800, 0x0800, 0x0800, 0x0000, 0x0000, 0x0000,
0x0000, 0x0000, 0x0000, 0x0000, 0x0000, 0x0000, 0x0000, 0x0000, 0x0000, 0x0000, 0x0000, 0x0000, 0x0000, 0x0000, 0x0000, 0x0000,
0x0000, 0x0000, 0x0000, 0x0000, 0x0000, 0x0000, 0x0000, 0x0000, 0x0000, 0x0000, 0x0000, 0x0000, 0x0000, 0x0000, 0x0000, 0x0000,
0x0000, 0xFA30, 0x0800, 0x0800, 0x0800, 0x0800, 0x0800, 0x0800, 0x1000, 0x1001, 0x1001, 0x1001, 0x1001, 0x1801, 0x1801, 0xFA30,
0xFA30, 0xFA30, 0x1801, 0x1801, 0x1001, 0x1001, 0x1001, 0x1001, 0x1000, 0x0800, 0x0800, 0x0800, 0x0800, 0x0800, 0x0800, 0xFA30,
0x0000, 0x0000, 0x0000, 0x0000, 0x0000, 0x0000, 0x0000, 0x0000, 0x0000, 0x0000, 0x0000, 0x0000, 0x0000, 0x0000, 0x0000, 0x0000,
0x0000, 0x0000, 0x0000, 0x0000, 0x0000, 0x0000, 0x0000, 0x0000, 0x0000, 0x0000, 0x0000, 0x0000, 0x0000, 0x0000, 0x0000, 0x0000,
0xFA30, 0xFA30, 0xFA30, 0x0800, 0x0800, 0x0800, 0x1000, 0x1000, 0x1001, 0x1001, 0x1801, 0x1801, 0x1801, 0x1801, 0x1801, 0xFA30,
0xFA30, 0xFA30, 0x1801, 0x1801, 0x1801, 0x1801, 0x1801, 0x1001, 0x1001, 0x1000, 0x1000, 0x0800, 0x0800, 0x0800, 0xFA30, 0xFA30,
0xFA30, 0x0000, 0x0000, 0x0000, 0x0000, 0x0000, 0x0000, 0x0000, 0x0000, 0x0000, 0x0000, 0x0000, 0x0000, 0x0000, 0x0000, 0x0000,
0x0000, 0x0000, 0x0000, 0x0000, 0x0000, 0x0000, 0x0000, 0x0000, 0x0000, 0x0000, 0x0000, 0x0000, 0x0000, 0x0000, 0x0000, 0xFA30,
0xFA30, 0xFA30, 0xFA30, 0xFA30, 0x0800, 0x1000, 0x1001, 0x1001, 0x1801, 0x1801, 0x1801, 0x1801, 0x2001, 0x2001, 0x2001, 0xFA30,
0xFA30, 0xFA30, 0x2001, 0x2001, 0x2001, 0x1801, 0x1801, 0x1801, 0x1801, 0x1001, 0x1001, 0x1000, 0x0800, 0xFA30, 0xFA30, 0xFA30,
0xFA30, 0xFA30, 0x0000, 0x0000, 0x0000, 0x0000, 0x0000, 0x0000, 0x0000, 0x0000, 0x0000, 0x0000, 0x0000, 0x0000, 0x0000, 0x0000,
0x0000, 0x0000, 0x0000, 0x0000, 0x0000, 0x0000, 0x0000, 0x0000, 0x0000, 0x0000, 0x0000, 0x0000, 0x0000, 0x0000, 0x0000, 0x0800,
0xFA30, 0xFA30, 0xFA30, 0xFA30, 0xFA30, 0x1001, 0x1801, 0x1801, 0x1801, 0x2001, 0x2001, 0x2001, 0x2001, 0x2002, 0x2802, 0xFA30,
0xFA30, 0xFA30, 0x2802, 0x2002, 0x2001, 0x2001, 0x2001, 0x2001, 0x1801, 0x1801, 0x1801, 0x1001, 0xFA30, 0xFA30, 0xFA30, 0xFA30,
0xFA30, 0x0800, 0x0000, 0x0000, 0x0000, 0x0000, 0x0000, 0x0000, 0x0000, 0x0000, 0x0000, 0x0000, 0x0000, 0x0000, 0x0000, 0x0000,
0x0000, 0x0000, 0x0000, 0x0000, 0x0000, 0x0000, 0x0000, 0x0000, 0x0000, 0x0000, 0x0000, 0x0000, 0x0000, 0x0000, 0x0000, 0x0800,
0x0800, 0xFA30, 0xFA30, 0xFA30, 0xFA30, 0xFA30, 0x1801, 0x1801, 0x2001, 0x2001, 0x2002, 0x2802, 0x2822, 0x2822, 0x2822, 0xFA30,
0xFA30, 0xFA30, 0x2822, 0x2822, 0x2822, 0x2802, 0x2002, 0x2001, 0x2001, 0x1801, 0x1801, 0xFA30, 0xFA30, 0xFA30, 0xFA30, 0xFA30,
0x0800, 0x0800, 0x0000, 0x0000, 0x0000, 0x0000, 0x0000, 0x0000, 0x0000, 0x0000, 0x0000, 0x0000, 0x0000, 0x0000, 0x0000, 0x0000,
0x0000, 0x0000, 0x0000, 0x0000, 0x0000, 0x0000, 0x0000, 0x0000, 0x0000, 0x0000, 0x0000, 0x0000, 0x0000, 0x0000, 0x0800, 0x0800,
0x0800, 0x0800, 0xFA30, 0xFA30, 0xFA30, 0xFA30, 0xFA30, 0x2001, 0x2001, 0x2802, 0x2822, 0x2822, 0x3022, 0x3022, 0x3022, 0xFA30,
0xFA30, 0xFA30, 0x3022, 0x3022, 0x3022, 0x2822, 0x2822, 0x2802, 0x2001, 0x2001, 0xFA30, 0xFA30, 0xFA30, 0xFA30, 0xFA30, 0x0800,
0x0800, 0x0800, 0x0800, 0x0000, 0x0000, 0x0000, 0x0000, 0x0000, 0x0000, 0x0000, 0x0000, 0x0000, 0x0000, 0x0000, 0x0000, 0x0000,
0x0000, 0x0000, 0x0000, 0x0000, 0x0000, 0x0000, 0x0000, 0x0000, 0x0000, 0x0000, 0x0000, 0x0000, 0x0000, 0x0800, 0x0800, 0x0800,
0x0800, 0x1000, 0x1001, 0xFA30, 0xFA30, 0xFA30, 0xFA30, 0xFA30, 0x2822, 0x2822, 0x3022, 0x3022, 0x3022, 0x3822, 0x3822, 0xFA30,
0xFA30, 0xFA30, 0x3822, 0x3822, 0x3022, 0x3022, 0x3022, 0x2822, 0x2822, 0xFA30, 0xFA30, 0xFA30, 0xFA30, 0xFA30, 0x1001, 0x1000,
0x0800, 0x0800, 0x0800, 0x0800, 0x0000, 0x0000, 0x0000, 0x0000, 0x0000, 0x0000, 0x0000, 0x0000, 0x0000, 0x0000, 0x0000, 0x0000,
0x0000, 0x0000, 0x0000, 0x0000, 0x0000, 0x0000, 0x0000, 0x0000, 0x0000, 0x0000, 0x0000, 0x0000, 0x0000, 0x0800, 0x0800, 0x0800,
0x1000, 0x1001, 0x1801, 0x1801, 0xFA30, 0xFA30, 0xFA30, 0xFA30, 0xFA30, 0x3022, 0x3022, 0x3822, 0x3823, 0x3823, 0x4023, 0xFA30,
0xFA30, 0xFA30, 0x4023, 0x3823, 0x3823, 0x3822, 0x3022, 0x3022, 0xFA30, 0xFA30, 0xFA30, 0xFA30, 0xFA30, 0x1801, 0x1801, 0x1001,
0x1000, 0x0800, 0x0800, 0x0800, 0x0000, 0x0000, 0x0000, 0x0000, 0x0000, 0x0000, 0x0000, 0x0000, 0x0000, 0x0000, 0x0000, 0x0000,
0x0000, 0x0000, 0x0000, 0x0000, 0x0000, 0x0000, 0x0000, 0x0000, 0x0000, 0x0000, 0x0000, 0x0000, 0x0800, 0x0800, 0x0800, 0x0800,
0x1000, 0x1001, 0x1801, 0x1801, 0x2001, 0xFA30, 0xFA30, 0xFA30, 0xFA30, 0xFA30, 0x3823, 0x3823, 0x4023, 0x4023, 0x4023, 0xFA30,
0xFA30, 0xFA30, 0x4023, 0x4023, 0x4023, 0x3823, 0x3823, 0xFA30, 0xFA30, 0xFA30, 0xFA30, 0xFA30, 0x2001, 0x1801, 0x1801, 0x1001,
0x1000, 0x0800, 0x0800, 0x0800, 0x0800, 0x0000, 0x0000, 0x0000, 0x0000, 0x0000, 0x0000, 0x0000, 0x0000, 0x0000, 0x0000, 0x0000,
0x0000, 0x0000, 0x0000, 0x0000, 0x0000, 0x0000, 0x0000, 0x0000, 0x0000, 0x0000, 0x0000, 0x0000, 0x0800, 0x0800, 0x0800, 0x1000,
0x1001, 0x1801, 0x1801, 0x2001, 0x2001, 0x2822, 0xFA30, 0xFA30, 0xFA30, 0xFA30, 0xFA30, 0x4023, 0x4023, 0x4823, 0xFEFE, 0xFEFE,
0xFEFE, 0xFEFE, 0xFEFE, 0x4823, 0x4023, 0x4023, 0xFA30, 0xFA30, 0xFA30, 0xFA30, 0xFA30, 0x2822, 0x2001, 0x2001, 0x1801, 0x1801,
0x1001, 0x1000, 0x0800, 0x0800, 0x0800, 0x0000, 0x0000, 0x0000, 0x0000, 0x0000, 0x0000, 0x0000, 0x0000, 0x0000, 0x0000, 0x0000,
0x0000, 0x0000, 0x0000, 0x0000, 0x0000, 0x0000, 0x0000, 0x0000, 0x0000, 0x0000, 0x0000, 0x0800, 0x0800, 0x0800, 0x0800, 0x1001,
0x1001, 0x1801, 0x1801, 0x2001, 0x2802, 0x2822, 0x3022, 0xFA30, 0xFA30, 0xFA30, 0xFA30, 0xFA30, 0xFEFE, 0xFEFE, 0xFEFE, 0xFEFE,
0xFEFE, 0xFEFE, 0xFEFE, 0xFEFE, 0xFEFE, 0xFA30, 0xFA30, 0xFA30, 0xFA30, 0xFA30, 0x3022, 0x2822, 0x2802, 0x2001, 0x1801, 0x1801,
0x1001, 0x1001, 0x0800, 0x0800, 0x0800, 0x0800, 0x0000, 0x0000, 0x0000, 0x0000, 0x0000, 0x0000, 0x0000, 0x0000, 0x0000, 0x0000,
0x0000, 0x0000, 0x0000, 0x0000, 0x0000, 0x0000, 0x0000, 0x0000, 0x0000, 0x0000, 0x0000, 0x0800, 0x0800, 0x0800, 0x1000, 0x1001,
0x1801, 0x1801, 0x2001, 0x2001, 0x2822, 0x3022, 0x3022, 0x3823, 0xFA30, 0xFA30, 0xFA30, 0xFEFE, 0xFEFE, 0xFEFE, 0xFEFE, 0xFEFE,
0xFEFE, 0xFEFE, 0xFEFE, 0xFEFE, 0xFEFE, 0xFEFE, 0xFA30, 0xFA30, 0xFA30, 0x3823, 0x3022, 0x3022, 0x2822, 0x2001, 0x2001, 0x1801,
0x1801, 0x1001, 0x1000, 0x0800, 0x0800, 0x0800, 0x0000, 0x0000, 0x0000, 0x0000, 0x0000, 0x0000, 0x0000, 0x0000, 0x0000, 0x0000,
0x0000, 0x0000, 0x0000, 0x0000, 0x0000, 0x0000, 0x0000, 0x0000, 0x0000, 0x0000, 0x0000, 0x0800, 0x0800, 0x0800, 0x1000, 0x1001,
0x1801, 0x1801, 0x2001, 0x2802, 0x2822, 0x3022, 0x3822, 0x3823, 0x4023, 0xFA30, 0xFEFE, 0xFEFE, 0xFEFE, 0xFEFE, 0xFEFE, 0xFEFE,
0xFEFE, 0xFEFE, 0xFEFE, 0xFEFE, 0xFEFE, 0xFEFE, 0xFEFE, 0xFA30, 0x4023, 0x3823, 0x3822, 0x3022, 0x2822, 0x2802, 0x2001, 0x1801,
0x1801, 0x1001, 0x1000, 0x0800, 0x0800, 0x0800, 0x0000, 0x0000, 0x0000, 0x0000, 0x0000, 0x0000, 0x0000, 0x0000, 0x0000, 0x0000,
0x0000, 0x0000, 0x0000, 0x0000, 0x0000, 0x0000, 0x0000, 0x0000, 0x0000, 0x0000, 0x0000, 0x0800, 0x0800, 0x0800, 0x1000, 0x1001,
0x1801, 0x2001, 0x2001, 0x2822, 0x3022, 0x3022, 0x3823, 0x4023, 0x4023, 0xFEFE, 0xFEFE, 0xFEFE, 0xFEFE, 0xFEFE, 0xFEFE, 0xFEFE,
0xFEFE, 0xFEFE, 0xFEFE, 0xFEFE, 0xFEFE, 0xFEFE, 0xFEFE, 0xFEFE, 0x4023, 0x4023, 0x3823, 0x3022, 0x3022, 0x2822, 0x2001, 0x2001,
0x1801, 0x1001, 0x1000, 0x0800, 0x0800, 0x0800, 0x0000, 0x0000, 0x0000, 0x0000, 0x0000, 0x0000, 0x0000, 0x0000, 0x0000, 0x0000,
0x0000, 0x0000, 0x0000, 0x0000, 0x0000, 0x0000, 0x0000, 0x0000, 0x0000, 0x0000, 0x0800, 0x0800, 0x0800, 0x1000, 0x1001, 0x1801,
0x1801, 0x2001, 0x2001, 0x2822, 0x3022, 0x3822, 0x3823, 0x4023, 0x4823, 0xFEFE, 0xFEFE, 0xFEFE, 0xFEFE, 0xFEFE, 0xFEFE, 0xFEFE,
0xFEFE, 0xFEFE, 0xFEFE, 0xFEFE, 0xFEFE, 0xFEFE, 0xFEFE, 0xFEFE, 0x4823, 0x4023, 0x3823, 0x3822, 0x3022, 0x2822, 0x2001, 0x2001,
0x1801, 0x1801, 0x1001, 0x1000, 0x0800, 0x0800, 0x0800, 0x0000, 0x0000, 0x0000, 0x0000, 0x0000, 0x0000, 0x0000, 0x0000, 0x0000,
0x0000, 0x0000, 0x0000, 0x0000, 0x0000, 0x0000, 0x0000, 0x0000, 0x0000, 0x0000, 0x0800, 0x0800, 0x0800, 0x1000, 0x1001, 0x1801,
0x1801, 0x2001, 0x2802, 0x2822, 0x3022, 0x3822, 0x4023, 0x4023, 0xFEFE, 0xFEFE, 0xFEFE, 0xFEFE, 0xFEFE, 0xFEFE, 0xFEFE, 0xFEFE,
0xFEFE, 0xFEFE, 0xFEFE, 0xFEFE, 0xFEFE, 0xFEFE, 0xFEFE, 0xFEFE, 0xFEFE, 0x4023, 0x4023, 0x3822, 0x3022, 0x2822, 0x2802, 0x2001,
0x1801, 0x1801, 0x1001, 0x1000, 0x0800, 0x0800, 0x0800, 0x0000, 0x0000, 0x0000, 0x0000, 0x0000, 0x0000, 0x0000, 0x0000, 0x0000,
0x0000, 0x0000, 0x0000, 0x0000, 0x0000, 0x0000, 0x0000, 0x0000, 0x0000, 0xFA30, 0xFA30, 0xFA30, 0xFA30, 0xFA30, 0xFA30, 0xFA30,
0xFA30, 0xFA30, 0xFA30, 0xFA30, 0xFA30, 0xFA30, 0xFA30, 0xFA30, 0xFEFE, 0xFEFE, 0xFEFE, 0xFEFE, 0xFEFE, 0xFEFE, 0xFEFE, 0xFEFE,
0xFEFE, 0xFEFE, 0xFEFE, 0xFEFE, 0xFEFE, 0xFEFE, 0xFEFE, 0xFEFE, 0xFEFE, 0xFA30, 0xFA30, 0xFA30, 0xFA30, 0xFA30, 0xFA30, 0xFA30,
0xFA30, 0xFA30, 0xFA30, 0xFA30, 0xFA30, 0xFA30, 0xFA30, 0xFA30, 0x0000, 0x0000, 0x0000, 0x0000, 0x0000, 0x0000, 0x0000, 0x0000,
0x0000, 0x0000, 0x0000, 0x0000, 0x0000, 0x0000, 0x0000, 0x0000, 0x0000, 0xFA30, 0xFA30, 0xFA30, 0xFA30, 0xFA30, 0xFA30, 0xFA30,
0xFA30, 0xFA30, 0xFA30, 0xFA30, 0xFA30, 0xFA30, 0xFA30, 0xFA30, 0xFEFE, 0xFEFE, 0xFEFE, 0xFEFE, 0xFEFE, 0xFEFE, 0xFEFE, 0xFEFE,
0xFEFE, 0xFEFE, 0xFEFE, 0xFEFE, 0xFEFE, 0xFEFE, 0xFEFE, 0xFEFE, 0xFEFE, 0xFA30, 0xFA30, 0xFA30, 0xFA30, 0xFA30, 0xFA30, 0xFA30,
0xFA30, 0xFA30, 0xFA30, 0xFA30, 0xFA30, 0xFA30, 0xFA30, 0xFA30, 0x0000, 0x0000, 0x0000, 0x0000, 0x0000, 0x0000, 0x0000, 0x0000,
0x0000, 0x0000, 0x0000, 0x0000, 0x0000, 0x0000, 0x0000, 0x0000, 0x0000, 0xFA30, 0xFA30, 0xFA30, 0xFA30, 0xFA30, 0xFA30, 0xFA30,
0xFA30, 0xFA30, 0xFA30, 0xFA30, 0xFA30, 0xFA30, 0xFA30, 0xFA30, 0xFEFE, 0xFEFE, 0xFEFE, 0xFEFE, 0xFEFE, 0xFEFE, 0xFEFE, 0xFEFE,
0xFEFE, 0xFEFE, 0xFEFE, 0xFEFE, 0xFEFE, 0xFEFE, 0xFEFE, 0xFEFE, 0xFEFE, 0xFA30, 0xFA30, 0xFA30, 0xFA30, 0xFA30, 0xFA30, 0xFA30,
0xFA30, 0xFA30, 0xFA30, 0xFA30, 0xFA30, 0xFA30, 0xFA30, 0xFA30, 0x0000, 0x0000, 0x0000, 0x0000, 0x0000, 0x0000, 0x0000, 0x0000,
0x0000, 0x0000, 0x0000, 0x0000, 0x0000, 0x0000, 0x0000, 0x0000, 0x0000, 0x0000, 0x0800, 0x0800, 0x0800, 0x1000, 0x1001, 0x1801,
0x1801, 0x2001, 0x2802, 0x2822, 0x3022, 0x3822, 0x4023, 0x4023, 0xFEFE, 0xFEFE, 0xFEFE, 0xFEFE, 0xFEFE, 0xFEFE, 0xFEFE, 0xFEFE,
0xFEFE, 0xFEFE, 0xFEFE, 0xFEFE, 0xFEFE, 0xFEFE, 0xFEFE, 0xFEFE, 0xFEFE, 0x4023, 0x4023, 0x3822, 0x3022, 0x2822, 0x2802, 0x2001,
0x1801, 0x1801, 0x1001, 0x1000, 0x0800, 0x0800, 0x0800, 0x0000, 0x0000, 0x0000, 0x0000, 0x0000, 0x0000, 0x0000, 0x0000, 0x0000,
0x0000, 0x0000, 0x0000, 0x0000, 0x0000, 0x0000, 0x0000, 0x0000, 0x0000, 0x0000, 0x0800, 0x0800, 0x0800, 0x1000, 0x1001, 0x1801,
0x1801, 0x2001, 0x2001, 0x2822, 0x3022, 0x3822, 0x3823, 0x4023, 0x4823, 0xFEFE, 0xFEFE, 0xFEFE, 0xFEFE, 0xFEFE, 0xFEFE, 0xFEFE,
0xFEFE, 0xFEFE, 0xFEFE, 0xFEFE, 0xFEFE, 0xFEFE, 0xFEFE, 0xFEFE, 0x4823, 0x4023, 0x3823, 0x3822, 0x3022, 0x2822, 0x2001, 0x2001,
0x1801, 0x1801, 0x1001, 0x1000, 0x0800, 0x0800, 0x0800, 0x0000, 0x0000, 0x0000, 0x0000, 0x0000, 0x0000, 0x0000, 0x0000, 0x0000,
0x0000, 0x0000, 0x0000, 0x0000, 0x0000, 0x0000, 0x0000, 0x0000, 0x0000, 0x0000, 0x0000, 0x0800, 0x0800, 0x0800, 0x1000, 0x1001,
0x1801, 0x2001, 0x2001, 0x2822, 0x3022, 0x3022, 0x3823, 0x4023, 0x4023, 0xFEFE, 0xFEFE, 0xFEFE, 0xFEFE, 0xFEFE, 0xFEFE, 0xFEFE,
0xFEFE, 0xFEFE, 0xFEFE, 0xFEFE, 0xFEFE, 0xFEFE, 0xFEFE, 0xFEFE, 0x4023, 0x4023, 0x3823, 0x3022, 0x3022, 0x2822, 0x2001, 0x2001,
0x1801, 0x1001, 0x1000, 0x0800, 0x0800, 0x0800, 0x0000, 0x0000, 0x0000, 0x0000, 0x0000, 0x0000, 0x0000, 0x0000, 0x0000, 0x0000,
0x0000, 0x0000, 0x0000, 0x0000, 0x0000, 0x0000, 0x0000, 0x0000, 0x0000, 0x0000, 0x0000, 0x0800, 0x0800, 0x0800, 0x1000, 0x1001,
0x1801, 0x1801, 0x2001, 0x2802, 0x2822, 0x3022, 0x3822, 0x3823, 0x4023, 0xFA30, 0xFEFE, 0xFEFE, 0xFEFE, 0xFEFE, 0xFEFE, 0xFEFE,
0xFEFE, 0xFEFE, 0xFEFE, 0xFEFE, 0xFEFE, 0xFEFE, 0xFEFE, 0xFA30, 0x4023, 0x3823, 0x3822, 0x3022, 0x2822, 0x2802, 0x2001, 0x1801,
0x1801, 0x1001, 0x1000, 0x0800, 0x0800, 0x0800, 0x0000, 0x0000, 0x0000, 0x0000, 0x0000, 0x0000, 0x0000, 0x0000, 0x0000, 0x0000,
0x0000, 0x0000, 0x0000, 0x0000, 0x0000, 0x0000, 0x0000, 0x0000, 0x0000, 0x0000, 0x0000, 0x0800, 0x0800, 0x0800, 0x1000, 0x1001,
0x1801, 0x1801, 0x2001, 0x2001, 0x2822, 0x3022, 0x3022, 0x3823, 0xFA30, 0xFA30, 0xFA30, 0xFEFE, 0xFEFE, 0xFEFE, 0xFEFE, 0xFEFE,
0xFEFE, 0xFEFE, 0xFEFE, 0xFEFE, 0xFEFE, 0xFEFE, 0xFA30, 0xFA30, 0xFA30, 0x3823, 0x3022, 0x3022, 0x2822, 0x2001, 0x2001, 0x1801,
0x1801, 0x1001, 0x1000, 0x0800, 0x0800, 0x0800, 0x0000, 0x0000, 0x0000, 0x0000, 0x0000, 0x0000, 0x0000, 0x0000, 0x0000, 0x0000,
0x0000, 0x0000, 0x0000, 0x0000, 0x0000, 0x0000, 0x0000, 0x0000, 0x0000, 0x0000, 0x0000, 0x0800, 0x0800, 0x0800, 0x0800, 0x1001,
0x1001, 0x1801, 0x1801, 0x2001, 0x2802, 0x2822, 0x3022, 0xFA30, 0xFA30, 0xFA30, 0xFA30, 0xFA30, 0xFEFE, 0xFEFE, 0xFEFE, 0xFEFE,
0xFEFE, 0xFEFE, 0xFEFE, 0xFEFE, 0xFEFE, 0xFA30, 0xFA30, 0xFA30, 0xFA30, 0xFA30, 0x3022, 0x2822, 0x2802, 0x2001, 0x1801, 0x1801,
0x1001, 0x1001, 0x0800, 0x0800, 0x0800, 0x0800, 0x0000, 0x0000, 0x0000, 0x0000, 0x0000, 0x0000, 0x0000, 0x0000, 0x0000, 0x0000,
0x0000, 0x0000, 0x0000, 0x0000, 0x0000, 0x0000, 0x0000, 0x0000, 0x0000, 0x0000, 0x0000, 0x0000, 0x0800, 0x0800, 0x0800, 0x1000,
0x1001, 0x1801, 0x1801, 0x2001, 0x2001, 0x2822, 0xFA30, 0xFA30, 0xFA30, 0xFA30, 0xFA30, 0x4023, 0x4023, 0x4823, 0xFEFE, 0xFEFE,
0xFEFE, 0xFEFE, 0xFEFE, 0x4823, 0x4023, 0x4023, 0xFA30, 0xFA30, 0xFA30, 0xFA30, 0xFA30, 0x2822, 0x2001, 0x2001, 0x1801, 0x1801,
0x1001, 0x1000, 0x0800, 0x0800, 0x0800, 0x0000, 0x0000, 0x0000, 0x0000, 0x0000, 0x0000, 0x0000, 0x0000, 0x0000, 0x0000, 0x0000,
0x0000, 0x0000, 0x0000, 0x0000, 0x0000, 0x0000, 0x0000, 0x0000, 0x0000, 0x0000, 0x0000, 0x0000, 0x0800, 0x0800, 0x0800, 0x0800,
0x1000, 0x1001, 0x1801, 0x1801, 0x2001, 0xFA30, 0xFA30, 0xFA30, 0xFA30, 0xFA30, 0x3823, 0x3823, 0x4023, 0x4023, 0x4023, 0xFA30,
0xFA30, 0xFA30, 0x4023, 0x4023, 0x4023, 0x3823, 0x3823, 0xFA30, 0xFA30, 0xFA30, 0xFA30, 0xFA30, 0x2001, 0x1801, 0x1801, 0x1001,
0x1000, 0x0800, 0x0800, 0x0800, 0x0800, 0x0000, 0x0000, 0x0000, 0x0000, 0x0000, 0x0000, 0x0000, 0x0000, 0x0000, 0x0000, 0x0000,
0x0000, 0x0000, 0x0000, 0x0000, 0x0000, 0x0000, 0x0000, 0x0000, 0x0000, 0x0000, 0x0000, 0x0000, 0x0000, 0x0800, 0x0800, 0x0800,
0x1000, 0x1001, 0x1801, 0x1801, 0xFA30, 0xFA30, 0xFA30, 0xFA30, 0xFA30, 0x3022, 0x3022, 0x3822, 0x3823, 0x3823, 0x4023, 0xFA30,
0xFA30, 0xFA30, 0x4023, 0x3823, 0x3823, 0x3822, 0x3022, 0x3022, 0xFA30, 0xFA30, 0xFA30, 0xFA30, 0xFA30, 0x1801, 0x1801, 0x1001,
0x1000, 0x0800, 0x0800, 0x0800, 0x0000, 0x0000, 0x0000, 0x0000, 0x0000, 0x0000, 0x0000, 0x0000, 0x0000, 0x0000, 0x0000, 0x0000,
0x0000, 0x0000, 0x0000, 0x0000, 0x0000, 0x0000, 0x0000, 0x0000, 0x0000, 0x0000, 0x0000, 0x0000, 0x0000, 0x0800, 0x0800, 0x0800,
0x0800, 0x1000, 0x1001, 0xFA30, 0xFA30, 0xFA30, 0xFA30, 0xFA30, 0x2822, 0x2822, 0x3022, 0x3022, 0x3022, 0x3822, 0x3822, 0xFA30,
0xFA30, 0xFA30, 0x3822, 0x3822, 0x3022, 0x3022, 0x3022, 0x2822, 0x2822, 0xFA30, 0xFA30, 0xFA30, 0xFA30, 0xFA30, 0x1001, 0x1000,
0x0800, 0x0800, 0x0800, 0x0800, 0x0000, 0x0000, 0x0000, 0x0000, 0x0000, 0x0000, 0x0000, 0x0000, 0x0000, 0x0000, 0x0000, 0x0000,
0x0000, 0x0000, 0x0000, 0x0000, 0x0000, 0x0000, 0x0000, 0x0000, 0x0000, 0x0000, 0x0000, 0x0000, 0x0000, 0x0000, 0x0800, 0x0800,
0x0800, 0x0800, 0xFA30, 0xFA30, 0xFA30, 0xFA30, 0xFA30, 0x2001, 0x2001, 0x2802, 0x2822, 0x2822, 0x3022, 0x3022, 0x3022, 0xFA30,
0xFA30, 0xFA30, 0x3022, 0x3022, 0x3022, 0x2822, 0x2822, 0x2802, 0x2001, 0x2001, 0xFA30, 0xFA30, 0xFA30, 0xFA30, 0xFA30, 0x0800,
0x0800, 0x0800, 0x0800, 0x0000, 0x0000, 0x0000, 0x0000, 0x0000, 0x0000, 0x0000, 0x0000, 0x0000, 0x0000, 0x0000, 0x0000, 0x0000,
0x0000, 0x0000, 0x0000, 0x0000, 0x0000, 0x0000, 0x0000, 0x0000, 0x0000, 0x0000, 0x0000, 0x0000, 0x0000, 0x0000, 0x0000, 0x0800,
0x0800, 0xFA30, 0xFA30, 0xFA30, 0xFA30, 0xFA30, 0x1801, 0x1801, 0x2001, 0x2001, 0x2002, 0x2802, 0x2822, 0x2822, 0x2822, 0xFA30,
0xFA30, 0xFA30, 0x2822, 0x2822, 0x2822, 0x2802, 0x2002, 0x2001, 0x2001, 0x1801, 0x1801, 0xFA30, 0xFA30, 0xFA30, 0xFA30, 0xFA30,
0x0800, 0x0800, 0x0000, 0x0000, 0x0000, 0x0000, 0x0000, 0x0000, 0x0000, 0x0000, 0x0000, 0x0000, 0x0000, 0x0000, 0x0000, 0x0000,
0x0000, 0x0000, 0x0000, 0x0000, 0x0000, 0x0000, 0x0000, 0x0000, 0x0000, 0x0000, 0x0000, 0x0000, 0x0000, 0x0000, 0x0000, 0x0800,
0xFA30, 0xFA30, 0xFA30, 0xFA30, 0xFA30, 0x1001, 0x1801, 0x1801, 0x1801, 0x2001, 0x2001, 0x2001, 0x2001, 0x2002, 0x2802, 0xFA30,
0xFA30, 0xFA30, 0x2802, 0x2002, 0x2001, 0x2001, 0x2001, 0x2001, 0x1801, 0x1801, 0x1801, 0x1001, 0xFA30, 0xFA30, 0xFA30, 0xFA30,
0xFA30, 0x0800, 0x0000, 0x0000, 0x0000, 0x0000, 0x0000, 0x0000, 0x0000, 0x0000, 0x0000, 0x0000, 0x0000, 0x0000, 0x0000, 0x0000,
0x0000, 0x0000, 0x0000, 0x0000, 0x0000, 0x0000, 0x0000, 0x0000, 0x0000, 0x0000, 0x0000, 0x0000, 0x0000, 0x0000, 0x0000, 0xFA30,
0xFA30, 0xFA30, 0xFA30, 0xFA30, 0x0800, 0x1000, 0x1001, 0x1001, 0x1801, 0x1801, 0x1801, 0x1801, 0x2001, 0x2001, 0x2001, 0xFA30,
0xFA30, 0xFA30, 0x2001, 0x2001, 0x2001, 0x1801, 0x1801, 0x1801, 0x1801, 0x1001, 0x1001, 0x1000, 0x0800, 0xFA30, 0xFA30, 0xFA30,
0xFA30, 0xFA30, 0x0000, 0x0000, 0x0000, 0x0000, 0x0000, 0x0000, 0x0000, 0x0000, 0x0000, 0x0000, 0x0000, 0x0000, 0x0000, 0x0000,
0x0000, 0x0000, 0x0000, 0x0000, 0x0000, 0x0000, 0x0000, 0x0000, 0x0000, 0x0000, 0x0000, 0x0000, 0x0000, 0x0000, 0x0000, 0x0000,
0xFA30, 0xFA30, 0xFA30, 0x0800, 0x0800, 0x0800, 0x1000, 0x1000, 0x1001, 0x1001, 0x1801, 0x1801, 0x1801, 0x1801, 0x1801, 0xFA30,
0xFA30, 0xFA30, 0x1801, 0x1801, 0x1801, 0x1801, 0x1801, 0x1001, 0x1001, 0x1000, 0x1000, 0x0800, 0x0800, 0x0800, 0xFA30, 0xFA30,
0xFA30, 0x0000, 0x0000, 0x0000, 0x0000, 0x0000, 0x0000, 0x0000, 0x0000, 0x0000, 0x0000, 0x0000, 0x0000, 0x0000, 0x0000, 0x0000,
0x0000, 0x0000, 0x0000, 0x0000, 0x0000, 0x0000, 0x0000, 0x0000, 0x0000, 0x0000, 0x0000, 0x0000, 0x0000, 0x0000, 0x0000, 0x0000,
0x0000, 0xFA30, 0x0800, 0x0800, 0x0800, 0x0800, 0x0800, 0x0800, 0x1000, 0x1001, 0x1001, 0x1001, 0x1001, 0x1801, 0x1801, 0xFA30,
0xFA30, 0xFA30, 0x1801, 0x1801, 0x1001, 0x1001, 0x1001, 0x1001, 0x1000, 0x0800, 0x0800, 0x0800, 0x0800, 0x0800, 0x0800, 0xFA30,
0x0000, 0x0000, 0x0000, 0x0000, 0x0000, 0x0000, 0x0000, 0x0000, 0x0000, 0x0000, 0x0000, 0x0000, 0x0000, 0x0000, 0x0000, 0x0000,
0x0000, 0x0000, 0x0000, 0x0000, 0x0000, 0x0000, 0x0000, 0x0000, 0x0000, 0x0000, 0x0000, 0x0000, 0x0000, 0x0000, 0x0000, 0x0000,
0x0000, 0x0000, 0x0000, 0x0000, 0x0800, 0x0800, 0x0800, 0x0800, 0x0800, 0x0800, 0x1000, 0x1000, 0x1001, 0x1001, 0x1001, 0xFA30,
0xFA30, 0xFA30, 0x1001, 0x1001, 0x1001, 0x1000, 0x1000, 0x0800, 0x0800, 0x0800, 0x0800, 0x0800, 0x0800, 0x0000, 0x0000, 0x0000,
0x0000, 0x0000, 0x0000, 0x0000, 0x0000, 0x0000, 0x0000, 0x0000, 0x0000, 0x0000, 0x0000, 0x0000, 0x0000, 0x0000, 0x0000, 0x0000,
0x0000, 0x0000, 0x0000, 0x0000, 0x0000, 0x0000, 0x0000, 0x0000, 0x0000, 0x0000, 0x0000, 0x0000, 0x0000, 0x0000, 0x0000, 0x0000,
0x0000, 0x0000, 0x0000, 0x0000, 0x0000, 0x0800, 0x0800, 0x0800, 0x0800, 0x0800, 0x0800, 0x0800, 0x0800, 0x1000, 0x1000, 0xFA30,
0xFA30, 0xFA30, 0x1000, 0x1000, 0x0800, 0x0800, 0x0800, 0x0800, 0x0800, 0x0800, 0x0800, 0x0800, 0x0000, 0x0000, 0x0000, 0x0000,
0x0000, 0x0000, 0x0000, 0x0000, 0x0000, 0x0000, 0x0000, 0x0000, 0x0000, 0x0000, 0x0000, 0x0000, 0x0000, 0x0000, 0x0000, 0x0000,
0x0000, 0x0000, 0x0000, 0x0000, 0x0000, 0x0000, 0x0000, 0x0000, 0x0000, 0x0000, 0x0000, 0x0000, 0x0000, 0x0000, 0x0000, 0x0000,
0x0000, 0x0000, 0x0000, 0x0000, 0x0000, 0x0000, 0x0000, 0x0800, 0x0800, 0x0800, 0x0800, 0x0800, 0x0800, 0x0800, 0x0800, 0xFA30,
0xFA30, 0xFA30, 0x0800, 0x0800, 0x0800, 0x0800, 0x0800, 0x0800, 0x0800, 0x0800, 0x0000, 0x0000, 0x0000, 0x0000, 0x0000, 0x0000,
0x0000, 0x0000, 0x0000, 0x0000, 0x0000, 0x0000, 0x0000, 0x0000, 0x0000, 0x0000, 0x0000, 0x0000, 0x0000, 0x0000, 0x0000, 0x0000,
0x0000, 0x0000, 0x0000, 0x0000, 0x0000, 0x0000, 0x0000, 0x0000, 0x0000, 0x0000, 0x0000, 0x0000, 0x0000, 0x0000, 0x0000, 0x0000,
0x0000, 0x0000, 0x0000, 0x0000, 0x0000, 0x0000, 0x0000, 0x0000, 0x0000, 0x0800, 0x0800, 0x0800, 0x0800, 0x0800, 0x0800, 0xFA30,
0xFA30, 0xFA30, 0x0800, 0x0800, 0x0800, 0x0800, 0x0800, 0x0800, 0x0000, 0x0000, 0x0000, 0x0000, 0x0000, 0x0000, 0x0000, 0x0000,
0x0000, 0x0000, 0x0000, 0x0000, 0x0000, 0x0000, 0x0000, 0x0000, 0x0000, 0x0000, 0x0000, 0x0000, 0x0000, 0x0000, 0x0000, 0x0000,
0x0000, 0x0000, 0x0000, 0x0000, 0x0000, 0x0000, 0x0000, 0x0000, 0x0000, 0x0000, 0x0000, 0x0000, 0x0000, 0x0000, 0x0000, 0x0000,
0x0000, 0x0000, 0x0000, 0x0000, 0x0000, 0x0000, 0x0000, 0x0000, 0x0000, 0x0000, 0x0000, 0x0000, 0x0000, 0x0800, 0x0800, 0xFA30,
0xFA30, 0xFA30, 0x0800, 0x0800, 0x0000, 0x0000, 0x0000, 0x0000, 0x0000, 0x0000, 0x0000, 0x0000, 0x0000, 0x0000, 0x0000, 0x0000,
0x0000, 0x0000, 0x0000, 0x0000, 0x0000, 0x0000, 0x0000, 0x0000, 0x0000, 0x0000, 0x0000, 0x0000, 0x0000, 0x0000, 0x0000, 0x0000,
0x0000, 0x0000, 0x0000, 0x0000, 0x0000, 0x0000, 0x0000, 0x0000, 0x0000, 0x0000, 0x0000, 0x0000, 0x0000, 0x0000, 0x0000, 0x0000,
0x0000, 0x0000, 0x0000, 0x0000, 0x0000, 0x0000, 0x0000, 0x0000, 0x0000, 0x0000, 0x0000, 0x0000, 0x0000, 0x0000, 0x0000, 0xFA30,
0xFA30, 0xFA30, 0x0000, 0x0000, 0x0000, 0x0000, 0x0000, 0x0000, 0x0000, 0x0000, 0x0000, 0x0000, 0x0000, 0x0000, 0x0000, 0x0000,
0x0000, 0x0000, 0x0000, 0x0000, 0x0000, 0x0000, 0x0000, 0x0000, 0x0000, 0x0000, 0x0000, 0x0000, 0x0000, 0x0000, 0x0000, 0x0000,
0x0000, 0x0000, 0x0000, 0x0000, 0x0000, 0x0000, 0x0000, 0x0000, 0x0000, 0x0000, 0x0000, 0x0000, 0x0000, 0x0000, 0x0000, 0x0000,
0x0000, 0x0000, 0x0000, 0x0000, 0x0000, 0x0000, 0x0000, 0x0000, 0x0000, 0x0000, 0x0000, 0x0000, 0x0000, 0x0000, 0x0000, 0x0000,
0x0000, 0x0000, 0x0000, 0x0000, 0x0000, 0x0000, 0x0000, 0x0000, 0x0000, 0x0000, 0x0000, 0x0000, 0x0000, 0x0000, 0x0000, 0x0000,
0x0000, 0x0000, 0x0000, 0x0000, 0x0000, 0x0000, 0x0000, 0x0000, 0x0000, 0x0000, 0x0000, 0x0000, 0x0000, 0x0000, 0x0000, 0x0000,
0x0000, 0x0000, 0x0000, 0x0000, 0x0000, 0x0000, 0x0000, 0x0000, 0x0000, 0x0000, 0x0000, 0x0000, 0x0000, 0x0000, 0x0000, 0x0000,
0x0000, 0x0000, 0x0000, 0x0000, 0x0000, 0x0000, 0x0000, 0x0000, 0x0000, 0x0000, 0x0000, 0x0000, 0x0000, 0x0000, 0x0000, 0x0000,
0x0000, 0x0000, 0x0000, 0x0000, 0x0000, 0x0000, 0x0000, 0x0000, 0x0000, 0x0000, 0x0000, 0x0000, 0x0000, 0x0000, 0x0000, 0x0000,
0x0000, 0x0000, 0x0000, 0x0000, 0x0000, 0x0000, 0x0000, 0x0000, 0x0000, 0x0000, 0x0000, 0x0000, 0x0000, 0x0000, 0x0000, 0x0000,
0x0000, 0x0000, 0x0000, 0x0000, 0x0000, 0x0000, 0x0000, 0x0000, 0x0000, 0x0000, 0x0000, 0x0000, 0x0000, 0x0000, 0x0000, 0x0000,
0x0000, 0x0000, 0x0000, 0x0000, 0x0000, 0x0000, 0x0000, 0x0000, 0x0000, 0x0000, 0x0000, 0x0000, 0x0000, 0x0000, 0x0000, 0x0000,
0x0000, 0x0000, 0x0000, 0x0000, 0x0000, 0x0000, 0x0000, 0x0000, 0x0000, 0x0000, 0x0000, 0x0000, 0x0000, 0x0000, 0x0000, 0x0000,
0x0000, 0x0000, 0x0000, 0x0000, 0x0000, 0x0000, 0x0000, 0x0000, 0x0000, 0x0000, 0x0000, 0x0000, 0x0000, 0x0000, 0x0000, 0x0000,
0x0000, 0x0000, 0x0000, 0x0000, 0x0000, 0x0000, 0x0000, 0x0000, 0x0000, 0x0000, 0x0000, 0x0000, 0x0000, 0x0000, 0x0000, 0x0000,
0x0000, 0x0000, 0x0000, 0x0000, 0x0000, 0x0000, 0x0000, 0x0000, 0x0000, 0x0000, 0x0000, 0x0000, 0x0000, 0x0000, 0x0000, 0x0000,
0x0000, 0x0000, 0x0000, 0x0000, 0x0000, 0x0000, 0x0000, 0x0000, 0x0000, 0x0000, 0x0000, 0x0000, 0x0000, 0x0000, 0x0000, 0x0000,
0x0000, 0x0000, 0x0000, 0x0000, 0x0000, 0x0000, 0x0000, 0x0000, 0x0000, 0x0000, 0x0000, 0x0000, 0x0000, 0x0000, 0x0000, 0x0000,
0x0000, 0x0000, 0x0000, 0x0000, 0x0000, 0x0000, 0x0000, 0x0000, 0x0000, 0x0000, 0x0000, 0x0000, 0x0000, 0x0000, 0x0000, 0x0000,
0x0000, 0x0000, 0x0000, 0x0000, 0x0000, 0x0000, 0x0000, 0x0000, 0x0000, 0x0000, 0x0000, 0x0000, 0x0000, 0x0000, 0x0000, 0x0000,
0x0000, 0x0000, 0x0000, 0x0000, 0x0000, 0x0000, 0x0000, 0x0000, 0x0000, 0x0000, 0x0000, 0x0000, 0x0000, 0x0000, 0x0000, 0x0000,
0x0000, 0x0000, 0x0000, 0x0000, 0x0000, 0x0000, 0x0000, 0x0000, 0x0000, 0x0000, 0x0000, 0x0000, 0x0000, 0x0000, 0x0000, 0x0000,
0x0000, 0x0000, 0x0000, 0x0000, 0x0000, 0x0000, 0x0000, 0x0000, 0x0000, 0x0000, 0x0000, 0x0000, 0x0000, 0x0000, 0x0000, 0x0000,
0x0000, 0x0000, 0x0000, 0x0000, 0x0000, 0x0000, 0x0000, 0x0000, 0x0000, 0x0000, 0x0000, 0x0000, 0x0000, 0x0000, 0x0000, 0x0000,
0x0000, 0x0000, 0x0000, 0x0000, 0x0000, 0x0000, 0x0000, 0x0000, 0x0000, 0x0000, 0x0000, 0x0000, 0x0000, 0x0000, 0x0000, 0x0000,
0x0000, 0x0000, 0x0000, 0x0000, 0x0000, 0x0000, 0x0000, 0x0000, 0x0000, 0x0000, 0x0000, 0x0000, 0x0000, 0x0000, 0x0000, 0x0000,
0x0000, 0x0000, 0x0000, 0x0000, 0x0000, 0x0000, 0x0000, 0x0000, 0x0000, 0x0000, 0x0000, 0x0000, 0x0000, 0x0000, 0x0000, 0x0000,
0x0000, 0x0000, 0x0000, 0x0000, 0x0000, 0x0000, 0x0000, 0x0000, 0x0000, 0x0000, 0x0000, 0x0000, 0x0000, 0x0000, 0x0000, 0x0000,
0x0000, 0x0000, 0x0000, 0x0000, 0x0000, 0x0000, 0x0000, 0x0000, 0x0000, 0x0000, 0x0000, 0x0000, 0x0000, 0x0000, 0x0000, 0x0000,
0x0000, 0x0000, 0x0000, 0x0000, 0x0000, 0x0000, 0x0000, 0x0000, 0x0000, 0x0000, 0x0000, 0x0000, 0x0000, 0x0000, 0x0000, 0x0000,
0x0000, 0x0000, 0x0000, 0x0000, 0x0000, 0x0000, 0x0000, 0x0000, 0x0000, 0x0000, 0x0000, 0x0000, 0x0000, 0x0000, 0x0000, 0x0000,
0x0000, 0x0000, 0x0000, 0x0000, 0x0000, 0x0000, 0x0000, 0x0000, 0x0000, 0x0000, 0x0000, 0x0000, 0x0000, 0x0000, 0x0000, 0x0000,
0x0000, 0x0000, 0x0000, 0x0000, 0x0000, 0x0000, 0x0000, 0x0000, 0x0000, 0x0000, 0x0000, 0x0000, 0x0000, 0x0000, 0x0000, 0x0000,
0x0000, 0x0000, 0x0000, 0x0000, 0x0000, 0x0000, 0x0000, 0x0000, 0x0000, 0x0000, 0x0000, 0x0000, 0x0000, 0x0000, 0x0000, 0x0000
};

const uint16_t icon_avada[64 * 64] PROGMEM = {
0x0000, 0x0000, 0x0000, 0x0000, 0x0000, 0x0000, 0x0000, 0x0000, 0x0000, 0x0000, 0x0000, 0x0000, 0x0000, 0x0000, 0x0000, 0x0000,
0x0000, 0x0000, 0x0000, 0x0000, 0x0000, 0x0000, 0x0000, 0x0000, 0x0000, 0x0000, 0x0000, 0x0000, 0x0000, 0x0000, 0x0000, 0x0000,
0x0000, 0x0000, 0x0000, 0x0000, 0x0000, 0x0000, 0x0000, 0x0000, 0x0000, 0x0000, 0x0000, 0x0000, 0x0000, 0x0000, 0x0000, 0x0000,
0x0000, 0x0000, 0x0000, 0x0000, 0x0000, 0x0000, 0x0000, 0x0000, 0x0000, 0x0000, 0x0000, 0x0000, 0x0000, 0x0000, 0x0000, 0x0000,
0x0000, 0x0000, 0x0000, 0x0000, 0x0000, 0x0000, 0x0000, 0x0000, 0x0000, 0x0000, 0x0000, 0x0000, 0x0000, 0x0000, 0x0000, 0x0000,
0x0000, 0x0000, 0x0000, 0x0000, 0x0000, 0x0000, 0x0000, 0x0000, 0x0000, 0x0000, 0x0000, 0x0000, 0x0000, 0x0000, 0x0000, 0x0000,
0x0000, 0x0000, 0x0000, 0x0000, 0x0000, 0x0000, 0x0000, 0x0000, 0x0000, 0x0000, 0x0000, 0x0000, 0x0000, 0x0000, 0x0000, 0x0000,
0x0000, 0x0000, 0x0000, 0x0000, 0x0000, 0x0000, 0x0000, 0x0000, 0x0000, 0x0000, 0x0000, 0x0000, 0x0000, 0x0000, 0x0000, 0x0000,
0x0000, 0x0000, 0x0000, 0x0000, 0x0000, 0x0000, 0x0000, 0x0000, 0x0000, 0x0000, 0x0000, 0x0000, 0x0000, 0x0000, 0x0000, 0x0000,
0x0000, 0x0000, 0x0000, 0x0000, 0x0000, 0x0000, 0x0000, 0x0000, 0x0000, 0x0000, 0x0000, 0x0000, 0x0000, 0x0000, 0x0000, 0x0000,
0x0000, 0x0000, 0x0000, 0x0000, 0x0000, 0x0000, 0x0000, 0x0000, 0x0000, 0x0000, 0x0000, 0x0000, 0x0000, 0x0000, 0x0000, 0x0000,
0x0000, 0x0000, 0x0000, 0x0000, 0x0000, 0x0000, 0x0000, 0x0000, 0x0000, 0x0000, 0x0000, 0x0000, 0x0000, 0x0000, 0x0000, 0x0000,
0x0000, 0x0000, 0x0000, 0x0000, 0x0000, 0x0000, 0x0000, 0x0000, 0x0000, 0x0000, 0x0000, 0x0000, 0x0000, 0x0000, 0x0000, 0x0000,
0x0000, 0x0000, 0x0000, 0x0000, 0x0000, 0x0000, 0x0000, 0x0000, 0x0000, 0x0000, 0x0000, 0x0000, 0x0000, 0x0000, 0x0000, 0x0000,
0x0000, 0x0000, 0x0000, 0x0000, 0x0000, 0x0000, 0x0000, 0x0000, 0x0000, 0x0000, 0x0000, 0x0000, 0x0000, 0x0000, 0x0000, 0x0000,
0x0000, 0x0000, 0x0000, 0x0000, 0x0000, 0x0000, 0x0000, 0x0000, 0x0000, 0x0000, 0x0000, 0x0000, 0x0000, 0x0000, 0x0000, 0x0000,
0x0000, 0x0000, 0x0000, 0x0000, 0x0000, 0x0000, 0x0000, 0x0000, 0x0000, 0x0000, 0x0000, 0x0000, 0x0000, 0x0000, 0x0000, 0x0000,
0x0000, 0x0000, 0x0000, 0x0000, 0x0000, 0x0000, 0x0000, 0x0000, 0x0000, 0x0000, 0x0000, 0x0000, 0x0000, 0x0000, 0x0000, 0x0000,
0x0000, 0x0000, 0x0000, 0x0000, 0x0000, 0x0000, 0x0000, 0x0000, 0x0000, 0x0000, 0x0000, 0x0000, 0x0000, 0x0000, 0x0000, 0x0000,
0x0000, 0x0000, 0x0000, 0x0000, 0x0000, 0x0000, 0x0000, 0x0000, 0x0000, 0x0000, 0x0000, 0x0000, 0x0000, 0x0000, 0x0000, 0x0000,
0x0000, 0x0000, 0x0000, 0x0000, 0x0000, 0x0000, 0x0000, 0x0000, 0x0000, 0x0000, 0x0000, 0x0000, 0x0000, 0x0000, 0x0000, 0x0000,
0x0000, 0x0000, 0x0000, 0x0000, 0x0000, 0x0000, 0x0000, 0x0000, 0x0000, 0x0000, 0x0000, 0x0000, 0x0000, 0x0000, 0x0000, 0x0000,
0x0000, 0x0000, 0x0000, 0x0000, 0x0000, 0x0000, 0x0000, 0x0000, 0x0000, 0x0000, 0x0000, 0x0000, 0x0000, 0x0000, 0x0000, 0x0000,
0x0000, 0x0000, 0x0000, 0x0000, 0x0000, 0x0000, 0x0000, 0x0000, 0x0000, 0x0000, 0x0000, 0x0000, 0x0000, 0x0000, 0x0000, 0x0000,
0x0000, 0x0000, 0x0000, 0x0000, 0x0000, 0x0000, 0x0000, 0x0000, 0x0000, 0x0000, 0x0000, 0x0000, 0x0000, 0x0000, 0x0000, 0x0000,
0x0000, 0x0000, 0x0000, 0x0000, 0x0000, 0x0000, 0x0000, 0x0000, 0x0000, 0x0000, 0x0000, 0x0000, 0x0000, 0x0000, 0x0000, 0x0000,
0x0000, 0x0000, 0x0000, 0x0000, 0x0000, 0x0000, 0x0000, 0x0000, 0x0000, 0x0000, 0x0000, 0x0000, 0x0000, 0x0000, 0x0000, 0x0000,
0x0000, 0x0000, 0x0000, 0x0000, 0x0000, 0x0000, 0x0000, 0x0000, 0x0000, 0x0000, 0x0000, 0x0000, 0x0000, 0x0000, 0x0000, 0x0000,
0x0000, 0x0000, 0x0000, 0x0000, 0x0000, 0x0000, 0x0000, 0x0000, 0x0000, 0x0000, 0x0000, 0x0000, 0x0000, 0x0000, 0x0000, 0x0000,
0x0000, 0x0000, 0x0000, 0x0000, 0x0000, 0x0000, 0x0000, 0x0000, 0x0000, 0x0000, 0x0000, 0x0000, 0x0000, 0x0000, 0x0000, 0x0000,
0x0000, 0x0000, 0x0000, 0x0000, 0x0000, 0x0000, 0x0000, 0x0000, 0x0000, 0x0000, 0x0000, 0x0000, 0x0000, 0x0000, 0x0000, 0x0000,
0x0000, 0x0000, 0x0000, 0x0000, 0x0000, 0x0000, 0x0000, 0x0000, 0x0000, 0x0000, 0x0000, 0x0000, 0x0000, 0x0000, 0x0000, 0x0000,
0x0000, 0x0000, 0x0000, 0x0000, 0x0000, 0x0000, 0x0000, 0x0000, 0x0000, 0x0000, 0x0000, 0x0000, 0x0000, 0x0000, 0x0000, 0x0000,
0x0000, 0x0000, 0x0000, 0x0000, 0x0000, 0x0000, 0x0000, 0x0000, 0x0000, 0x0000, 0x0000, 0x0000, 0x0000, 0x0000, 0x0000, 0x0000,
0x0000, 0x0000, 0x0000, 0x0000, 0x0000, 0x0000, 0x0000, 0x0000, 0x0000, 0x0000, 0x0000, 0x0000, 0x0000, 0x0000, 0x0000, 0x0000,
0x0000, 0x0000, 0x0000, 0x0000, 0x0000, 0x0000, 0x0000, 0x0000, 0x0000, 0x0000, 0x0000, 0x0000, 0x0000, 0x0000, 0x0000, 0x0000,
0x0000, 0x0000, 0x0000, 0x0000, 0x0000, 0x0000, 0x0000, 0x0000, 0x0000, 0x0000, 0x0000, 0x0000, 0x0000, 0x0000, 0x0000, 0x0000,
0x0000, 0x0000, 0x0000, 0x0000, 0x0000, 0x0000, 0x0000, 0x0000, 0x0000, 0x0000, 0x0000, 0x0000, 0x0020, 0x0020, 0x0020, 0x0020,
0x0020, 0x0020, 0x0020, 0x0020, 0x0020, 0x0000, 0x0000, 0x0000, 0x0000, 0x0000, 0x0000, 0x0000, 0x0000, 0x0000, 0x0000, 0x0000,
0x0000, 0x0000, 0x0000, 0x0000, 0x0000, 0x0000, 0x0000, 0x0000, 0x0000, 0x0000, 0x0000, 0x0000, 0x0000, 0x0000, 0x0000, 0x0000,
0x0000, 0x0000, 0x0000, 0x0000, 0x0000, 0x0000, 0x0000, 0x0000, 0x0000, 0x0000, 0x0000, 0x0000, 0x0000, 0x0000, 0x0000, 0x0000,
0x0000, 0x0000, 0x0000, 0x0000, 0x0000, 0x0000, 0x0000, 0x0000, 0x0020, 0x0020, 0x0020, 0x0020, 0x5FF2, 0x5FF2, 0x5FF2, 0x5FF2,
0x5FF2, 0x5FF2, 0x5FF2, 0x5FF2, 0x5FF2, 0x0020, 0x0020, 0x0020, 0x0020, 0x0000, 0x0000, 0x0000, 0x0000, 0x0000, 0x0000, 0x0000,
0x0000, 0x0000, 0x0000, 0x0000, 0x0000, 0x0000, 0x0000, 0x0000, 0x0000, 0x0000, 0x0000, 0x0000, 0x0000, 0x0000, 0x0000, 0x0000,
0x0000, 0x0000, 0x0000, 0x0000, 0x0000, 0x0000, 0x0000, 0x0000, 0x0000, 0x0000, 0x0000, 0x0000, 0x0000, 0x0000, 0x0000, 0x0000,
0x0000, 0x0000, 0x0000, 0x0000, 0x0000, 0x0000, 0x0020, 0x0020, 0x0020, 0x5FF2, 0x5FF2, 0x5FF2, 0x5FF2, 0x5FF2, 0x5FF2, 0x5FF2,
0x5FF2, 0x5FF2, 0x5FF2, 0x5FF2, 0x5FF2, 0x5FF2, 0x5FF2, 0x5FF2, 0x0020, 0x0020, 0x0020, 0x0000, 0x0000, 0x0000, 0x0000, 0x0000,
0x0000, 0x0000, 0x0000, 0x0000, 0x0000, 0x0000, 0x0000, 0x0000, 0x0000, 0x0000, 0x0000, 0x0000, 0x0000, 0x0000, 0x0000, 0x0000,
0x0000, 0x0000, 0x0000, 0x0000, 0x0000, 0x0000, 0x0000, 0x0000, 0x0000, 0x0000, 0x0000, 0x0000, 0x0000, 0x0000, 0x0000, 0x0000,
0x0000, 0x0000, 0x0000, 0x0000, 0x0020, 0x0020, 0x0020, 0x5FF2, 0x5FF2, 0x5FF2, 0x5FF2, 0x5FF2, 0x2165, 0x2165, 0x2165, 0x2165,
0x2165, 0x2165, 0x2165, 0x2165, 0x2165, 0x5FF2, 0x5FF2, 0x5FF2, 0x5FF2, 0x5FF2, 0x0020, 0x0020, 0x0020, 0x0000, 0x0000, 0x0000,
0x0000, 0x0000, 0x0000, 0x0000, 0x0000, 0x0000, 0x0000, 0x0000, 0x0000, 0x0000, 0x0000, 0x0000, 0x0000, 0x0000, 0x0000, 0x0000,
0x0000, 0x0000, 0x0000, 0x0000, 0x0000, 0x0000, 0x0000, 0x0000, 0x0000, 0x0000, 0x0000, 0x0000, 0x0000, 0x0000, 0x0000, 0x0000,
0x0000, 0x0000, 0x0000, 0x0020, 0x0020, 0x0020, 0x5FF2, 0x5FF2, 0x5FF2, 0x2165, 0x2165, 0x2165, 0x2165, 0x2165, 0x2165, 0x2165,
0x2165, 0x2165, 0x2165, 0x2165, 0x2165, 0x2165, 0x2165, 0x2165, 0x5FF2, 0x5FF2, 0x5FF2, 0x0020, 0x0020, 0x0020, 0x0000, 0x0000,
0x0000, 0x0000, 0x0000, 0x0000, 0x0000, 0x0000, 0x0000, 0x0000, 0x0000, 0x0000, 0x0000, 0x0000, 0x0000, 0x0000, 0x0000, 0x0000,
0x0000, 0x0000, 0x0000, 0x0000, 0x0000, 0x0000, 0x0000, 0x0000, 0x0000, 0x0000, 0x0000, 0x0000, 0x0000, 0x0000, 0x0000, 0x0000,
0x0000, 0x0000, 0x0020, 0x0020, 0x5FF2, 0x5FF2, 0x5FF2, 0x2165, 0x2165, 0x2165, 0x2165, 0x2165, 0x2165, 0x2165, 0x2165, 0x2165,
0x2165, 0x2165, 0x2165, 0x2165, 0x2165, 0x2165, 0x2165, 0x2165, 0x2165, 0x2165, 0x5FF2, 0x5FF2, 0x5FF2, 0x0020, 0x0020, 0x0000,
0x0000, 0x0000, 0x0000, 0x0000, 0x0000, 0x0000, 0x0000, 0x0000, 0x0000, 0x0000, 0x0000, 0x0000, 0x0000, 0x0000, 0x0000, 0x0000,
0x0000, 0x0000, 0x0000, 0x0000, 0x0000, 0x0000, 0x0000, 0x0000, 0x0000, 0x0000, 0x0000, 0x0000, 0x0000, 0x0000, 0x0000, 0x0000,
0x0020, 0x0020, 0x0020, 0x5FF2, 0x5FF2, 0x5FF2, 0x2165, 0x2165, 0x2165, 0x2165, 0x2165, 0x2165, 0x2165, 0x2165, 0x2165, 0x2165,
0x2165, 0x2165, 0x2165, 0x2165, 0x2165, 0x2165, 0x2165, 0x2165, 0x2165, 0x2165, 0x2165, 0x5FF2, 0x5FF2, 0x5FF2, 0x0020, 0x0020,
0x0020, 0x0000, 0x0000, 0x0000, 0x0000, 0x0000, 0x0000, 0x0000, 0x0000, 0x0000, 0x0000, 0x0000, 0x0000, 0x0000, 0x0000, 0x0000,
0x0000, 0x0000, 0x0000, 0x0000, 0x0000, 0x0000, 0x0000, 0x0000, 0x0000, 0x0000, 0x0000, 0x0000, 0x0000, 0x0000, 0x0000, 0x0020,
0x0020, 0x0020, 0x5FF2, 0x5FF2, 0x5FF2, 0x2165, 0x2165, 0x2165, 0x2165, 0x2165, 0x2165, 0x2165, 0x2165, 0x2165, 0x2165, 0x2165,
0x2165, 0x2165, 0x2165, 0x2165, 0x2165, 0x2165, 0x2165, 0x2165, 0x2165, 0x2165, 0x2165, 0x2165, 0x5FF2, 0x5FF2, 0x5FF2, 0x0020,
0x0020, 0x0020, 0x0000, 0x0000, 0x0000, 0x0000, 0x0000, 0x0000, 0x0000, 0x0000, 0x0000, 0x0000, 0x0000, 0x0000, 0x0000, 0x0000,
0x0000, 0x0000, 0x0000, 0x0000, 0x0000, 0x0000, 0x0000, 0x0000, 0x0000, 0x0000, 0x0000, 0x0000, 0x0000, 0x0000, 0x0000, 0x0020,
0x0020, 0x5FF2, 0x5FF2, 0x5FF2, 0x2165, 0x2165, 0x2165, 0x2165, 0x2165, 0x2165, 0x2165, 0x2165, 0x2165, 0x2165, 0x2165, 0x2165,
0x2165, 0x2165, 0x2165, 0x2165, 0x2165, 0x2165, 0x2165, 0x2165, 0x2165, 0x2165, 0x2165, 0x2165, 0x2165, 0x5FF2, 0x5FF2, 0x5FF2,
0x0020, 0x0020, 0x0000, 0x0000, 0x0000, 0x0000, 0x0000, 0x0000, 0x0000, 0x0000, 0x0000, 0x0000, 0x0000, 0x0000, 0x0000, 0x0000,
0x0000, 0x0000, 0x0000, 0x0000, 0x0000, 0x0000, 0x0000, 0x0000, 0x0000, 0x0000, 0x0000, 0x0000, 0x0000, 0x0000, 0x0020, 0x0020,
0x5FF2, 0x5FF2, 0x5FF2, 0x2165, 0x2165, 0x2165, 0x2165, 0x2165, 0x2165, 0x2165, 0x2165, 0x2165, 0x2165, 0x2165, 0x2165, 0x2165,
0x2165, 0x2165, 0x2165, 0x2165, 0x2165, 0x2165, 0x2165, 0x2165, 0x2165, 0x2165, 0x2165, 0x2165, 0x2165, 0x2165, 0x5FF2, 0x5FF2,
0x5FF2, 0x0020, 0x0020, 0x0000, 0x0000, 0x0000, 0x0000, 0x0000, 0x0000, 0x0000, 0x0000, 0x0000, 0x0000, 0x0000, 0x0000, 0x0000,
0x0000, 0x0000, 0x0000, 0x0000, 0x0000, 0x0000, 0x0000, 0x0000, 0x0000, 0x0000, 0x0000, 0x0000, 0x0000, 0x0020, 0x0020, 0x0020,
0x5FF2, 0x5FF2, 0x2165, 0x2165, 0x2165, 0x2165, 0x2165, 0x2165, 0x2165, 0x2165, 0x2165, 0x2165, 0x2165, 0x2165, 0x2165, 0x2165,
0x2165, 0x2165, 0x2165, 0x2165, 0x2165, 0x2165, 0x2165, 0x2165, 0x2165, 0x2165, 0x2165, 0x2165, 0x2165, 0x2165, 0x2165, 0x5FF2,
0x5FF2, 0x0020, 0x0020, 0x0020, 0x0000, 0x0000, 0x0000, 0x0000, 0x0000, 0x0000, 0x0000, 0x0000, 0x0000, 0x0000, 0x0000, 0x0000,
0x0000, 0x0000, 0x0000, 0x0000, 0x0000, 0x0000, 0x0000, 0x0000, 0x0000, 0x0000, 0x0000, 0x0000, 0x0020, 0x0020, 0x0020, 0x5FF2,
0x5FF2, 0x2165, 0x2165, 0x2165, 0x2165, 0x2165, 0x2165, 0x2165, 0x2165, 0x2165, 0x2165, 0x2165, 0x2165, 0x2165, 0x2165, 0x2165,
0x2165, 0x2165, 0x2165, 0x2165, 0x2165, 0x2165, 0x2165, 0x2165, 0x2165, 0x2165, 0x2165, 0x2165, 0x2165, 0x2165, 0x2165, 0x2165,
0x5FF2, 0x5FF2, 0x0020, 0x0020, 0x0020, 0x0000, 0x0000, 0x0000, 0x0000, 0x0000, 0x0000, 0x0000, 0x0000, 0x0000, 0x0000, 0x0000,
0x0000, 0x0000, 0x0000, 0x0000, 0x0000, 0x0000, 0x0000, 0x0000, 0x0000, 0x0000, 0x0000, 0x0000, 0x0020, 0x0020, 0x0020, 0x5FF2,
0x5FF2, 0x2165, 0x2165, 0x2165, 0x2165, 0x2165, 0x2165, 0x2165, 0x2165, 0x2165, 0x2165, 0x2165, 0x2165, 0x2165, 0x2165, 0x2165,
0x2165, 0x2165, 0x2165, 0x2165, 0x2165, 0x2165, 0x2165, 0x2165, 0x2165, 0x2165, 0x2165, 0x2165, 0x2165, 0x2165, 0x2165, 0x2165,
0x5FF2, 0x5FF2, 0x0020, 0x0020, 0x0020, 0x0000, 0x0000, 0x0000, 0x0000, 0x0000, 0x0000, 0x0000, 0x0000, 0x0000, 0x0000, 0x0000,
0x0000, 0x0000, 0x0000, 0x0000, 0x0000, 0x0000, 0x0000, 0x0000, 0x0000, 0x0000, 0x0000, 0x0020, 0x0020, 0x0020, 0x5FF2, 0x5FF2,
0x2165, 0x2165, 0x2165, 0x2165, 0x2165, 0x2165, 0x2165, 0x2165, 0x2165, 0x2165, 0x2165, 0x2165, 0x2165, 0x2165, 0x2165, 0x2165,
0x2165, 0x2165, 0x2165, 0x2165, 0x2165, 0x2165, 0x2165, 0x2165, 0x2165, 0x2165, 0x2165, 0x2165, 0x2165, 0x2165, 0x2165, 0x2165,
0x2165, 0x5FF2, 0x5FF2, 0x0020, 0x0020, 0x0020, 0x0000, 0x0000, 0x0000, 0x0000, 0x0000, 0x0000, 0x0000, 0x0000, 0x0000, 0x0000,
0x0000, 0x0000, 0x0000, 0x0000, 0x0000, 0x0000, 0x0000, 0x0000, 0x0000, 0x0000, 0x0000, 0x0020, 0x0020, 0x0020, 0x5FF2, 0x5FF2,
0x2165, 0x2165, 0x2165, 0x2165, 0x2165, 0x2165, 0x2165, 0xB7F9, 0xB7F9, 0xB7F9, 0x2165, 0x2165, 0x2165, 0x2165, 0x2165, 0x2165,
0x2165, 0x2165, 0x2165, 0x2165, 0x2165, 0x2165, 0x2165, 0xB7F9, 0xB7F9, 0xB7F9, 0x2165, 0x2165, 0x2165, 0x2165, 0x2165, 0x2165,
0x2165, 0x5FF2, 0x5FF2, 0x0020, 0x0020, 0x0020, 0x0000, 0x0000, 0x0000, 0x0000, 0x0000, 0x0000, 0x0000, 0x0000, 0x0000, 0x0000,
0x0000, 0x0000, 0x0000, 0x0000, 0x0000, 0x0000, 0x0000, 0x0000, 0x0000, 0x0000, 0x0020, 0x0020, 0x0020, 0x5FF2, 0x5FF2, 0x2165,
0x2165, 0x2165, 0x2165, 0x2165, 0x2165, 0x2165, 0xB7F9, 0xB7F9, 0xB7F9, 0xB7F9, 0xB7F9, 0x2165, 0x2165, 0x2165, 0x2165, 0x2165,
0x2165, 0x2165, 0x2165, 0x2165, 0x2165, 0x2165, 0xB7F9, 0xB7F9, 0xB7F9, 0xB7F9, 0xB7F9, 0x2165, 0x2165, 0x2165, 0x2165, 0x2165,
0x2165, 0x2165, 0x5FF2, 0x5FF2, 0x0020, 0x0020, 0x0020, 0x0000, 0x0000, 0x0000, 0x0000, 0x0000, 0x0000, 0x0000, 0x0000, 0x0000,
0x0000, 0x0000, 0x0000, 0x0000, 0x0000, 0x0000, 0x0000, 0x0000, 0x0000, 0x0000, 0x0020, 0x0020, 0x0020, 0x5FF2, 0x5FF2, 0x2165,
0x2165, 0x2165, 0x2165, 0x2165, 0x2165, 0xB7F9, 0xB7F9, 0xB7F9, 0xB7F9, 0xB7F9, 0xB7F9, 0xB7F9, 0x2165, 0x2165, 0x2165, 0x2165,
0x2165, 0x2165, 0x2165, 0x2165, 0x2165, 0xB7F9, 0xB7F9, 0xB7F9, 0xB7F9, 0xB7F9, 0xB7F9, 0xB7F9, 0x2165, 0x2165, 0x2165, 0x2165,
0x2165, 0x2165, 0x5FF2, 0x5FF2, 0x0020, 0x0020, 0x0020, 0x0000, 0x0000, 0x0000, 0x0000, 0x0000, 0x0000, 0x0000, 0x0000, 0x0000,
0x0000, 0x0000, 0x0000, 0x0000, 0x0000, 0x0000, 0x0000, 0x0000, 0x0000, 0x0000, 0x0020, 0x0020, 0x0040, 0x5FF2, 0x5FF2, 0x2165,
0x2165, 0x2165, 0x2165, 0x2165, 0xB7F9, 0xB7F9, 0xB7F9, 0xB7F9, 0xB7F9, 0xB7F9, 0xB7F9, 0xB7F9, 0xB7F9, 0x2165, 0x2165, 0x2165,
0x2165, 0x2165, 0x2165, 0x2165, 0xB7F9, 0xB7F9, 0xB7F9, 0xB7F9, 0xB7F9, 0xB7F9, 0xB7F9, 0xB7F9, 0xB7F9, 0x2165, 0x2165, 0x2165,
0x2165, 0x2165, 0x5FF2, 0x5FF2, 0x0040, 0x0020, 0x0020, 0x0000, 0x0000, 0x0000, 0x0000, 0x0000, 0x0000, 0x0000, 0x0000, 0x0000,
0x0000, 0x0000, 0x0000, 0x0000, 0x0000, 0x0000, 0x0000, 0x0000, 0x0000, 0x0000, 0x0020, 0x0020, 0x5FF2, 0x5FF2, 0x2165, 0x2165,
0x2165, 0x2165, 0x2165, 0x2165, 0xB7F9, 0xB7F9, 0xB7F9, 0xB7F9, 0xB7F9, 0xB7F9, 0xB7F9, 0xB7F9, 0xB7F9, 0x2165, 0x2165, 0x2165,
0x2165, 0x2165, 0x2165, 0x2165, 0xB7F9, 0xB7F9, 0xB7F9, 0xB7F9, 0xB7F9, 0xB7F9, 0xB7F9, 0xB7F9, 0xB7F9, 0x2165, 0x2165, 0x2165,
0x2165, 0x2165, 0x2165, 0x5FF2, 0x5FF2, 0x0020, 0x0020, 0x0000, 0x0000, 0x0000, 0x0000, 0x0000, 0x0000, 0x0000, 0x0000, 0x0000,
0x0000, 0x0000, 0x0000, 0x0000, 0x0000, 0x0000, 0x0000, 0x0000, 0x0000, 0x0020, 0x0020, 0x0020, 0x5FF2, 0x5FF2, 0x2165, 0x2165,
0x2165, 0x2165, 0x2165, 0x2165, 0xB7F9, 0xB7F9, 0xB7F9, 0xB7F9, 0xB7F9, 0xB7F9, 0xB7F9, 0xB7F9, 0xB7F9, 0x2165, 0x2165, 0x2165,
0x2165, 0x2165, 0x2165, 0x2165, 0xB7F9, 0xB7F9, 0xB7F9, 0xB7F9, 0xB7F9, 0xB7F9, 0xB7F9, 0xB7F9, 0xB7F9, 0x2165, 0x2165, 0x2165,
0x2165, 0x2165, 0x2165, 0x5FF2, 0x5FF2, 0x0020, 0x0020, 0x0020, 0x0000, 0x0000, 0x0000, 0x0000, 0x0000, 0x0000, 0x0000, 0x0000,
0x0000, 0x0000, 0x0000, 0x0000, 0x0000, 0x0000, 0x0000, 0x0000, 0x0000, 0x0020, 0x0020, 0x0020, 0x5FF2, 0x5FF2, 0x2165, 0x2165,
0x2165, 0x2165, 0x2165, 0x2165, 0xB7F9, 0xB7F9, 0xB7F9, 0xB7F9, 0xB7F9, 0xB7F9, 0xB7F9, 0xB7F9, 0xB7F9, 0x2165, 0x2165, 0x2165,
0x2165, 0x2165, 0x2165, 0x2165, 0xB7F9, 0xB7F9, 0xB7F9, 0xB7F9, 0xB7F9, 0xB7F9, 0xB7F9, 0xB7F9, 0xB7F9, 0x2165, 0x2165, 0x2165,
0x2165, 0x2165, 0x2165, 0x5FF2, 0x5FF2, 0x0020, 0x0020, 0x0020, 0x0000, 0x0000, 0x0000, 0x0000, 0x0000, 0x0000, 0x0000, 0x0000,
0x0000, 0x0000, 0x0000, 0x0000, 0x0000, 0x0000, 0x0000, 0x0000, 0x0000, 0x0020, 0x0020, 0x0020, 0x5FF2, 0x5FF2, 0x2165, 0x2165,
0x2165, 0x2165, 0x2165, 0x2165, 0x2165, 0xB7F9, 0xB7F9, 0xB7F9, 0xB7F9, 0xB7F9, 0xB7F9, 0xB7F9, 0x2165, 0x2165, 0x2165, 0x2165,
0x2165, 0x2165, 0x2165, 0x2165, 0x2165, 0xB7F9, 0xB7F9, 0xB7F9, 0xB7F9, 0xB7F9, 0xB7F9, 0xB7F9, 0x2165, 0x2165, 0x2165, 0x2165,
0x2165, 0x2165, 0x2165, 0x5FF2, 0x5FF2, 0x0020, 0x0020, 0x0020, 0x0000, 0x0000, 0x0000, 0x0000, 0x0000, 0x0000, 0x0000, 0x0000,
0x0000, 0x0000, 0x0000, 0x0000, 0x0000, 0x0000, 0x0000, 0x0000, 0x0000, 0x0020, 0x0020, 0x0020, 0x5FF2, 0x5FF2, 0x2165, 0x2165,
0x2165, 0x2165, 0x2165, 0x2165, 0x2165, 0x2165, 0xB7F9, 0xB7F9, 0xB7F9, 0xB7F9, 0xB7F9, 0x2165, 0x2165, 0x2165, 0x2165, 0x2165,
0x2165, 0x2165, 0x2165, 0x2165, 0x2165, 0x2165, 0xB7F9, 0xB7F9, 0xB7F9, 0xB7F9, 0xB7F9, 0x2165, 0x2165, 0x2165, 0x2165, 0x2165,
0x2165, 0x2165, 0x2165, 0x5FF2, 0x5FF2, 0x0020, 0x0020, 0x0020, 0x0000, 0x0000, 0x0000, 0x0000, 0x0000, 0x0000, 0x0000, 0x0000,
0x0000, 0x0000, 0x0000, 0x0000, 0x0000, 0x0000, 0x0000, 0x0000, 0x0000, 0x0020, 0x0020, 0x0040, 0x5FF2, 0x5FF2, 0x2165, 0x2165,
0x2165, 0x2165, 0x2165, 0x2165, 0x2165, 0x2165, 0x2165, 0xB7F9, 0xB7F9, 0xB7F9, 0x2165, 0x2165, 0x2165, 0x2165, 0x2165, 0x2165,
0x2165, 0x2165, 0x2165, 0x2165, 0x2165, 0x2165, 0x2165, 0xB7F9, 0xB7F9, 0xB7F9, 0x2165, 0x2165, 0x2165, 0x2165, 0x2165, 0x2165,
0x2165, 0x2165, 0x2165, 0x5FF2, 0x5FF2, 0x0040, 0x0020, 0x0020, 0x0000, 0x0000, 0x0000, 0x0000, 0x0000, 0x0000, 0x0000, 0x0000,
0x0000, 0x0000, 0x0000, 0x0000, 0x0000, 0x0000, 0x0000, 0x0000, 0x0000, 0x0020, 0x0020, 0x0020, 0x5FF2, 0x5FF2, 0x2165, 0x2165,
0x2165, 0x2165, 0x2165, 0x2165, 0x2165, 0x2165, 0x2165, 0x2165, 0x2165, 0x2165, 0x2165, 0x2165, 0x2165, 0x2165, 0x2165, 0x2165,
0x2165, 0x2165, 0x2165, 0x2165, 0x2165, 0x2165, 0x2165, 0x2165, 0x2165, 0x2165, 0x2165, 0x2165, 0x2165, 0x2165, 0x2165, 0x2165,
0x2165, 0x2165, 0x2165, 0x5FF2, 0x5FF2, 0x0020, 0x0020, 0x0020, 0x0000, 0x0000, 0x0000, 0x0000, 0x0000, 0x0000, 0x0000, 0x0000,
0x0000, 0x0000, 0x0000, 0x0000, 0x0000, 0x0000, 0x0000, 0x0000, 0x0000, 0x0020, 0x0020, 0x0020, 0x5FF2, 0x5FF2, 0x2165, 0x2165,
0x2165, 0x2165, 0x2165, 0x2165, 0x2165, 0x2165, 0x2165, 0x2165, 0x2165, 0x2165, 0x2165, 0x2165, 0x2165, 0x2165, 0x2165, 0x2165,
0x2165, 0x2165, 0x2165, 0x2165, 0x2165, 0x2165, 0x2165, 0x2165, 0x2165, 0x2165, 0x2165, 0x2165, 0x2165, 0x2165, 0x2165, 0x2165,
0x2165, 0x2165, 0x2165, 0x5FF2, 0x5FF2, 0x0020, 0x0020, 0x0020, 0x0000, 0x0000, 0x0000, 0x0000, 0x0000, 0x0000, 0x0000, 0x0000,
0x0000, 0x0000, 0x0000, 0x0000, 0x0000, 0x0000, 0x0000, 0x0000, 0x0000, 0x0020, 0x0020, 0x0020, 0x5FF2, 0x5FF2, 0x2165, 0x2165,
0x2165, 0x2165, 0x2165, 0x2165, 0x2165, 0x2165, 0x2165, 0x2165, 0x2165, 0x2165, 0x2165, 0x2165, 0x2165, 0x2165, 0x2165, 0x2165,
0x2165, 0x2165, 0x2165, 0x2165, 0x2165, 0x2165, 0x2165, 0x2165, 0x2165, 0x2165, 0x2165, 0x2165, 0x2165, 0x2165, 0x2165, 0x2165,
0x2165, 0x2165, 0x2165, 0x5FF2, 0x5FF2, 0x0020, 0x0020, 0x0020, 0x0000, 0x0000, 0x0000, 0x0000, 0x0000, 0x0000, 0x0000, 0x0000,
0x0000, 0x0000, 0x0000, 0x0000, 0x0000, 0x0000, 0x0000, 0x0000, 0x0000, 0x0020, 0x0020, 0x0020, 0x5FF2, 0x5FF2, 0x2165, 0x2165,
0x2165, 0x2165, 0x2165, 0x2165, 0x2165, 0xB7F9, 0xB7F9, 0xB7F9, 0x2165, 0x2165, 0x2165, 0x2165, 0x2165, 0x2165, 0x2165, 0x2165,
0x2165, 0x2165, 0x2165, 0x2165, 0x2165, 0x2165, 0x2165, 0x2165, 0x2165, 0xB7F9, 0xB7F9, 0xB7F9, 0x2165, 0x2165, 0x2165, 0x2165,
0x2165, 0x2165, 0x2165, 0x5FF2, 0x5FF2, 0x0020, 0x0020, 0x0020, 0x0000, 0x0000, 0x0000, 0x0000, 0x0000, 0x0000, 0x0000, 0x0000,
0x0000, 0x0000, 0x0000, 0x0000, 0x0000, 0x0000, 0x0000, 0x0000, 0x0000, 0x0000, 0x0020, 0x0020, 0x0040, 0x5FF2, 0x5FF2, 0x2165,
0x2165, 0x2165, 0x2165, 0x2165, 0x2165, 0x2165, 0xB7F9, 0xB7F9, 0xB7F9, 0x2165, 0x2165, 0x2165, 0x2165, 0x2165, 0x2165, 0x2165,
0x2165, 0x2165, 0x2165, 0x2165, 0x2165, 0x2165, 0x2165, 0x2165, 0xB7F9, 0xB7F9, 0xB7F9, 0x2165, 0x2165, 0x2165, 0x2165, 0x2165,
0x2165, 0x2165, 0x5FF2, 0x5FF2, 0x0040, 0x0020, 0x0020, 0x0000, 0x0000, 0x0000, 0x0000, 0x0000, 0x0000, 0x0000, 0x0000, 0x0000,
0x0000, 0x0000, 0x0000, 0x0000, 0x0000, 0x0000, 0x0000, 0x0000, 0x0000, 0x0000, 0x0020, 0x0020, 0x0040, 0x5FF2, 0x5FF2, 0x2165,
0x2165, 0x2165, 0x2165, 0x2165, 0x2165, 0x2165, 0xB7F9, 0xB7F9, 0xB7F9, 0xB7F9, 0x2165, 0x2165, 0x2165, 0x2165, 0x2165, 0x2165,
0x2165, 0x2165, 0x2165, 0x2165, 0x2165, 0x2165, 0x2165, 0xB7F9, 0xB7F9, 0xB7F9, 0xB7F9, 0x2165, 0x2165, 0x2165, 0x2165, 0x2165,
0x2165, 0x2165, 0x5FF2, 0x5FF2, 0x0040, 0x0020, 0x0020, 0x0000, 0x0000, 0x0000, 0x0000, 0x0000, 0x0000, 0x0000, 0x0000, 0x0000,
0x0000, 0x0000, 0x0000, 0x0000, 0x0000, 0x0000, 0x0000, 0x0000, 0x0000, 0x0000, 0x0020, 0x0020, 0x0020, 0x5FF2, 0x5FF2, 0x2165,
0x2165, 0x2165, 0x2165, 0x2165, 0x2165, 0x2165, 0x2165, 0xB7F9, 0xB7F9, 0xB7F9, 0xB7F9, 0x2165, 0x2165, 0x2165, 0x2165, 0x2165,
0x2165, 0x2165, 0x2165, 0x2165, 0x2165, 0x2165, 0xB7F9, 0xB7F9, 0xB7F9, 0xB7F9, 0x2165, 0x2165, 0x2165, 0x2165, 0x2165, 0x2165,
0x2165, 0x2165, 0x5FF2, 0x5FF2, 0x0020, 0x0020, 0x0020, 0x0000, 0x0000, 0x0000, 0x0000, 0x0000, 0x0000, 0x0000, 0x0000, 0x0000,
0x0000, 0x0000, 0x0000, 0x0000, 0x0000, 0x0000, 0x0000, 0x0000, 0x0000, 0x0000, 0x0020, 0x0020, 0x0020, 0x0040, 0x5FF2, 0x5FF2,
0x2165, 0x2165, 0x2165, 0x2165, 0x2165, 0x2165, 0x2165, 0x2165, 0xB7F9, 0xB7F9, 0xB7F9, 0xB7F9, 0xB7F9, 0x2165, 0x2165, 0x2165,
0x2165, 0x2165, 0x2165, 0x2165, 0xB7F9, 0xB7F9, 0xB7F9, 0xB7F9, 0xB7F9, 0x2165, 0x2165, 0x2165, 0x2165, 0x2165, 0x2165, 0x2165,
0x2165, 0x5FF2, 0x5FF2, 0x0040, 0x0020, 0x0020, 0x0020, 0x0000, 0x0000, 0x0000, 0x0000, 0x0000, 0x0000, 0x0000, 0x0000, 0x0000,
0x0000, 0x0000, 0x0000, 0x0000, 0x0000, 0x0000, 0x0000, 0x0000, 0x0000, 0x0000, 0x0000, 0x0020, 0x0020, 0x0020, 0x5FF2, 0x5FF2,
0x2165, 0x2165, 0x2165, 0x2165, 0x2165, 0x2165, 0x2165, 0x2165, 0x2165, 0xB7F9, 0xB7F9, 0xB7F9, 0xB7F9, 0xB7F9, 0xB7F9, 0xB7F9,
0xB7F9, 0xB7F9, 0xB7F9, 0xB7F9, 0xB7F9, 0xB7F9, 0xB7F9, 0xB7F9, 0x2165, 0x2165, 0x2165, 0x2165, 0x2165, 0x2165, 0x2165, 0x2165,
0x2165, 0x5FF2, 0x5FF2, 0x0020, 0x0020, 0x0020, 0x0000, 0x0000, 0x0000, 0x0000, 0x0000, 0x0000, 0x0000, 0x0000, 0x0000, 0x0000,
0x0000, 0x0000, 0x0000, 0x0000, 0x0000, 0x0000, 0x0000, 0x0000, 0x0000, 0x0000, 0x0000, 0x0020, 0x0020, 0x0020, 0x0040, 0x5FF2,
0x5FF2, 0x2165, 0x2165, 0x2165, 0x2165, 0x2165, 0x2165, 0x2165, 0x2165, 0x2165, 0xB7F9, 0xB7F9, 0xB7F9, 0xB7F9, 0xB7F9, 0xB7F9,
0xB7F9, 0xB7F9, 0xB7F9, 0xB7F9, 0xB7F9, 0xB7F9, 0xB7F9, 0x2165, 0x2165, 0x2165, 0x2165, 0x2165, 0x2165, 0x2165, 0x2165, 0x2165,
0x5FF2, 0x5FF2, 0x0040, 0x0020, 0x0020, 0x0020, 0x0000, 0x0000, 0x0000, 0x0000, 0x0000, 0x0000, 0x0000, 0x0000, 0x0000, 0x0000,
0x0000, 0x0000, 0x0000, 0x0000, 0x0000, 0x0000, 0x0000, 0x0000, 0x0000, 0x0000, 0x0000, 0x0000, 0x0020, 0x0020, 0x0020, 0x5FF2,
0x5FF2, 0x2165, 0x2165, 0x2165, 0x2165, 0x2165, 0x2165, 0x2165, 0x2165, 0x2165, 0x2165, 0x2165, 0x2165, 0xB7F9, 0xB7F9, 0xB7F9,
0xB7F9, 0xB7F9, 0xB7F9, 0xB7F9, 0x2165, 0x2165, 0x2165, 0x2165, 0x2165, 0x2165, 0x2165, 0x2165, 0x2165, 0x2165, 0x2165, 0x2165,
0x5FF2, 0x5FF2, 0x0020, 0x0020, 0x0020, 0x0000, 0x0000, 0x0000, 0x0000, 0x0000, 0x0000, 0x0000, 0x0000, 0x0000, 0x0000, 0x0000,
0x0000, 0x0000, 0x0000, 0x0000, 0x0000, 0x0000, 0x0000, 0x0000, 0x0000, 0x0000, 0x0000, 0x0000, 0x0020, 0x0020, 0x0020, 0x0040,
0x5FF2, 0x5FF2, 0x2165, 0x2165, 0x2165, 0x2165, 0x2165, 0x2165, 0x2165, 0x2165, 0x2165, 0x2165, 0x2165, 0x2165, 0x2165, 0x2165,
0x2165, 0x2165, 0x2165, 0x2165, 0x2165, 0x2165, 0x2165, 0x2165, 0x2165, 0x2165, 0x2165, 0x2165, 0x2165, 0x2165, 0x2165, 0x5FF2,
0x5FF2, 0x0040, 0x0020, 0x0020, 0x0020, 0x0000, 0x0000, 0x0000, 0x0000, 0x0000, 0x0000, 0x0000, 0x0000, 0x0000, 0x0000, 0x0000,
0x0000, 0x0000, 0x0000, 0x0000, 0x0000, 0x0000, 0x0000, 0x0000, 0x0000, 0x0000, 0x0000, 0x0000, 0x0000, 0x0020, 0x0020, 0x0020,
0x5FF2, 0x5FF2, 0x5FF2, 0x2165, 0x2165, 0x2165, 0x2165, 0x2165, 0x2165, 0x2165, 0x2165, 0x2165, 0x2165, 0x2165, 0x2165, 0x2165,
0x2165, 0x2165, 0x2165, 0x2165, 0x2165, 0x2165, 0x2165, 0x2165, 0x2165, 0x2165, 0x2165, 0x2165, 0x2165, 0x2165, 0x5FF2, 0x5FF2,
0x5FF2, 0x0020, 0x0020, 0x0020, 0x0000, 0x0000, 0x0000, 0x0000, 0x0000, 0x0000, 0x0000, 0x0000, 0x0000, 0x0000, 0x0000, 0x0000,
0x0000, 0x0000, 0x0000, 0x0000, 0x0000, 0x0000, 0x0000, 0x0000, 0x0000, 0x0000, 0x0000, 0x0000, 0x0000, 0x0000, 0x0020, 0x0020,
0x0020, 0x5FF2, 0x5FF2, 0x5FF2, 0x2165, 0x2165, 0x2165, 0x2165, 0x2165, 0x2165, 0x2165, 0x2165, 0x2165, 0x2165, 0x2165, 0x2165,
0x2165, 0x2165, 0x2165, 0x2165, 0x2165, 0x2165, 0x2165, 0x2165, 0x2165, 0x2165, 0x2165, 0x2165, 0x2165, 0x5FF2, 0x5FF2, 0x5FF2,
0x0020, 0x0020, 0x0020, 0x0000, 0x0000, 0x0000, 0x0000, 0x0000, 0x0000, 0x0000, 0x0000, 0x0000, 0x0000, 0x0000, 0x0000, 0x0000,
0x0000, 0x0000, 0x0000, 0x0000, 0x0000, 0x0000, 0x0000, 0x0000, 0x0000, 0x0000, 0x0000, 0x0000, 0x0000, 0x0000, 0x0000, 0x0020,
0x0020, 0x0020, 0x5FF2, 0x5FF2, 0x5FF2, 0x2165, 0x5FF2, 0x2165, 0x2165, 0x2165, 0x2165, 0x2165, 0x2165, 0x2165, 0x2165, 0x2165,
0x2165, 0x2165, 0x2165, 0x2165, 0x2165, 0x2165, 0x2165, 0x2165, 0x2165, 0x2165, 0x5FF2, 0x2165, 0x5FF2, 0x5FF2, 0x5FF2, 0x0020,
0x0020, 0x0020, 0x0000, 0x0000, 0x0000, 0x0000, 0x0000, 0x0000, 0x0000, 0x0000, 0x0000, 0x0000, 0x0000, 0x0000, 0x0000, 0x0000,
0x0000, 0x0000, 0x0000, 0x0000, 0x0000, 0x0000, 0x0000, 0x0000, 0x0000, 0x0000, 0x0000, 0x0000, 0x0000, 0x0000, 0x0000, 0x0020,
0x0020, 0x0020, 0x0020, 0x5FF2, 0x5FF2, 0x5FF2, 0x5FF2, 0x5FF2, 0x2165, 0x2165, 0x2165, 0x2165, 0x2165, 0x2165, 0x2165, 0x2165,
0x2165, 0x2165, 0x2165, 0x2165, 0x2165, 0x2165, 0x2165, 0x2165, 0x2165, 0x5FF2, 0x5FF2, 0x5FF2, 0x5FF2, 0x5FF2, 0x0020, 0x0020,
0x0020, 0x0020, 0x0000, 0x0000, 0x0000, 0x0000, 0x0000, 0x0000, 0x0000, 0x0000, 0x0000, 0x0000, 0x0000, 0x0000, 0x0000, 0x0000,
0x0000, 0x0000, 0x0000, 0x0000, 0x0000, 0x0000, 0x0000, 0x0000, 0x0000, 0x0000, 0x0000, 0x0000, 0x0000, 0x0000, 0x0000, 0x0000,
0x0020, 0x0020, 0x0020, 0x0020, 0x5FF2, 0x5FF2, 0x5FF2, 0x5FF2, 0x5FF2, 0x2165, 0x2165, 0x2165, 0x2165, 0x2165, 0x2165, 0x2165,
0x2165, 0x2165, 0x2165, 0x2165, 0x2165, 0x2165, 0x2165, 0x2165, 0x5FF2, 0x5FF2, 0x5FF2, 0x5FF2, 0x5FF2, 0x0020, 0x0020, 0x0020,
0x0020, 0x0000, 0x0000, 0x0000, 0x0000, 0x0000, 0x0000, 0x0000, 0x0000, 0x0000, 0x0000, 0x0000, 0x0000, 0x0000, 0x0000, 0x0000,
0x0000, 0x0000, 0x0000, 0x0000, 0x0000, 0x0000, 0x0000, 0x0000, 0x0000, 0x0000, 0x0000, 0x0000, 0x0000, 0x0000, 0x0000, 0x0000,
0x0000, 0x0000, 0x0020, 0x0020, 0x5FF2, 0x5FF2, 0x5FF2, 0x5FF2, 0x5FF2, 0x2165, 0x2165, 0x2165, 0x2165, 0x2165, 0x2165, 0x2165,
0x2165, 0x2165, 0x2165, 0x2165, 0x2165, 0x2165, 0x2165, 0x2165, 0x5FF2, 0x5FF2, 0x5FF2, 0x5FF2, 0x5FF2, 0x0020, 0x0020, 0x0000,
0x0000, 0x0000, 0x0000, 0x0000, 0x0000, 0x0000, 0x0000, 0x0000, 0x0000, 0x0000, 0x0000, 0x0000, 0x0000, 0x0000, 0x0000, 0x0000,
0x0000, 0x0000, 0x0000, 0x0000, 0x0000, 0x0000, 0x0000, 0x0000, 0x0000, 0x0000, 0x0000, 0x0000, 0x0000, 0x0000, 0x0000, 0x0000,
0x0000, 0x0000, 0x0000, 0x0020, 0x5FF2, 0x5FF2, 0x5FF2, 0x5FF2, 0x5FF2, 0x5FF2, 0x5FF2, 0x5FF2, 0x2165, 0x2165, 0x2165, 0x2165,
0x2165, 0x2165, 0x2165, 0x2165, 0x2165, 0x5FF2, 0x5FF2, 0x5FF2, 0x5FF2, 0x5FF2, 0x5FF2, 0x5FF2, 0x5FF2, 0x0020, 0x0000, 0x0000,
0x0000, 0x0000, 0x0000, 0x0000, 0x0000, 0x0000, 0x0000, 0x0000, 0x0000, 0x0000, 0x0000, 0x0000, 0x0000, 0x0000, 0x0000, 0x0000,
0x0000, 0x0000, 0x0000, 0x0000, 0x0000, 0x0000, 0x0000, 0x0000, 0x0000, 0x0000, 0x0000, 0x0000, 0x0000, 0x0000, 0x0000, 0x0000,
0x0000, 0x0000, 0x0000, 0x5FF2, 0x5FF2, 0x5FF2, 0x5FF2, 0x0020, 0x0020, 0x5FF2, 0x5FF2, 0x5FF2, 0x5FF2, 0x5FF2, 0x5FF2, 0x5FF2,
0x5FF2, 0x5FF2, 0x5FF2, 0x5FF2, 0x5FF2, 0x5FF2, 0x5FF2, 0x5FF2, 0x0020, 0x0020, 0x5FF2, 0x5FF2, 0x5FF2, 0x5FF2, 0x0000, 0x0000,
0x0000, 0x0000, 0x0000, 0x0000, 0x0000, 0x0000, 0x0000, 0x0000, 0x0000, 0x0000, 0x0000, 0x0000, 0x0000, 0x0000, 0x0000, 0x0000,
0x0000, 0x0000, 0x0000, 0x0000, 0x0000, 0x0000, 0x0000, 0x0000, 0x0000, 0x0000, 0x0000, 0x0000, 0x0000, 0x0000, 0x0000, 0x0000,
0x0000, 0x0000, 0x5FF2, 0x5FF2, 0x5FF2, 0x5FF2, 0x5FF2, 0x0020, 0x0020, 0x0020, 0x0020, 0x0020, 0x5FF2, 0x5FF2, 0x5FF2, 0x5FF2,
0x5FF2, 0x5FF2, 0x5FF2, 0x5FF2, 0x5FF2, 0x0020, 0x0020, 0x0020, 0x0020, 0x0020, 0x5FF2, 0x5FF2, 0x5FF2, 0x5FF2, 0x5FF2, 0x0000,
0x0000, 0x0000, 0x0000, 0x0000, 0x0000, 0x0000, 0x0000, 0x0000, 0x0000, 0x0000, 0x0000, 0x0000, 0x0000, 0x0000, 0x0000, 0x0000,
0x0000, 0x0000, 0x0000, 0x0000, 0x0000, 0x0000, 0x0000, 0x0000, 0x0000, 0x0000, 0x0000, 0x0000, 0x0000, 0x0000, 0x0000, 0x0000,
0x0000, 0x0000, 0x5FF2, 0x5FF2, 0x5FF2, 0x5FF2, 0x0000, 0x0000, 0x0020, 0x0020, 0x0020, 0x0020, 0x0020, 0x0020, 0x0020, 0x0020,
0x0020, 0x0020, 0x0020, 0x0020, 0x0020, 0x0020, 0x0020, 0x0020, 0x0020, 0x0000, 0x0000, 0x5FF2, 0x5FF2, 0x5FF2, 0x5FF2, 0x0000,
0x0000, 0x0000, 0x0000, 0x0000, 0x0000, 0x0000, 0x0000, 0x0000, 0x0000, 0x0000, 0x0000, 0x0000, 0x0000, 0x0000, 0x0000, 0x0000,
0x0000, 0x0000, 0x0000, 0x0000, 0x0000, 0x0000, 0x0000, 0x0000, 0x0000, 0x0000, 0x0000, 0x0000, 0x0000, 0x0000, 0x0000, 0x0000,
0x0000, 0x5FF2, 0x5FF2, 0x5FF2, 0x5FF2, 0x0000, 0x0000, 0x0000, 0x0000, 0x0000, 0x0000, 0x0000, 0x0020, 0x0020, 0x0020, 0x0020,
0x0020, 0x0020, 0x0020, 0x0020, 0x0020, 0x0000, 0x0000, 0x0000, 0x0000, 0x0000, 0x0000, 0x0000, 0x5FF2, 0x5FF2, 0x5FF2, 0x5FF2,
0x0000, 0x0000, 0x0000, 0x0000, 0x0000, 0x0000, 0x0000, 0x0000, 0x0000, 0x0000, 0x0000, 0x0000, 0x0000, 0x0000, 0x0000, 0x0000,
0x0000, 0x0000, 0x0000, 0x0000, 0x0000, 0x0000, 0x0000, 0x0000, 0x0000, 0x0000, 0x0000, 0x0000, 0x0000, 0x0000, 0x0000, 0x0000,
0x0000, 0x5FF2, 0x5FF2, 0x5FF2, 0x5FF2, 0x0000, 0x0000, 0x0000, 0x0000, 0x0000, 0x0000, 0x0000, 0x0000, 0x0000, 0x0000, 0x0000,
0x0000, 0x0000, 0x0000, 0x0000, 0x0000, 0x0000, 0x0000, 0x0000, 0x0000, 0x0000, 0x0000, 0x0000, 0x5FF2, 0x5FF2, 0x5FF2, 0x5FF2,
0x0000, 0x0000, 0x0000, 0x0000, 0x0000, 0x0000, 0x0000, 0x0000, 0x0000, 0x0000, 0x0000, 0x0000, 0x0000, 0x0000, 0x0000, 0x0000,
0x0000, 0x0000, 0x0000, 0x0000, 0x0000, 0x0000, 0x0000, 0x0000, 0x0000, 0x0000, 0x0000, 0x0000, 0x0000, 0x0000, 0x0000, 0x0000,
0x5FF2, 0x5FF2, 0x5FF2, 0x5FF2, 0x0000, 0x0000, 0x0000, 0x0000, 0x0000, 0x0000, 0x0000, 0x0000, 0x0000, 0x0000, 0x0000, 0x0000,
0x0000, 0x0000, 0x0000, 0x0000, 0x0000, 0x0000, 0x0000, 0x0000, 0x0000, 0x0000, 0x0000, 0x0000, 0x0000, 0x5FF2, 0x5FF2, 0x5FF2,
0x5FF2, 0x0000, 0x0000, 0x0000, 0x0000, 0x0000, 0x0000, 0x0000, 0x0000, 0x0000, 0x0000, 0x0000, 0x0000, 0x0000, 0x0000, 0x0000,
0x0000, 0x0000, 0x0000, 0x0000, 0x0000, 0x0000, 0x0000, 0x0000, 0x0000, 0x0000, 0x0000, 0x0000, 0x0000, 0x0000, 0x0000, 0x0000,
0x0000, 0x5FF2, 0x5FF2, 0x5FF2, 0x0000, 0x0000, 0x0000, 0x0000, 0x0000, 0x0000, 0x0000, 0x0000, 0x0000, 0x0000, 0x0000, 0x0000,
0x0000, 0x0000, 0x0000, 0x0000, 0x0000, 0x0000, 0x0000, 0x0000, 0x0000, 0x0000, 0x0000, 0x0000, 0x0000, 0x5FF2, 0x5FF2, 0x5FF2,
0x0000, 0x0000, 0x0000, 0x0000, 0x0000, 0x0000, 0x0000, 0x0000, 0x0000, 0x0000, 0x0000, 0x0000, 0x0000, 0x0000, 0x0000, 0x0000,
0x0000, 0x0000, 0x0000, 0x0000, 0x0000, 0x0000, 0x0000, 0x0000, 0x0000, 0x0000, 0x0000, 0x0000, 0x0000, 0x0000, 0x0000, 0x0000,
0x0000, 0x0000, 0x5FF2, 0x0000, 0x0000, 0x0000, 0x0000, 0x0000, 0x0000, 0x0000, 0x0000, 0x0000, 0x0000, 0x0000, 0x0000, 0x0000,
0x0000, 0x0000, 0x0000, 0x0000, 0x0000, 0x0000, 0x0000, 0x0000, 0x0000, 0x0000, 0x0000, 0x0000, 0x0000, 0x0000, 0x5FF2, 0x0000,
0x0000, 0x0000, 0x0000, 0x0000, 0x0000, 0x0000, 0x0000, 0x0000, 0x0000, 0x0000, 0x0000, 0x0000, 0x0000, 0x0000, 0x0000, 0x0000,
0x0000, 0x0000, 0x0000, 0x0000, 0x0000, 0x0000, 0x0000, 0x0000, 0x0000, 0x0000, 0x0000, 0x0000, 0x0000, 0x0000, 0x0000, 0x0000,
0x0000, 0x0000, 0x0000, 0x0000, 0x0000, 0x0000, 0x0000, 0x0000, 0x0000, 0x0000, 0x0000, 0x0000, 0x0000, 0x0000, 0x0000, 0x0000,
0x0000, 0x0000, 0x0000, 0x0000, 0x0000, 0x0000, 0x0000, 0x0000, 0x0000, 0x0000, 0x0000, 0x0000, 0x0000, 0x0000, 0x0000, 0x0000,
0x0000, 0x0000, 0x0000, 0x0000, 0x0000, 0x0000, 0x0000, 0x0000, 0x0000, 0x0000, 0x0000, 0x0000, 0x0000, 0x0000, 0x0000, 0x0000,
0x0000, 0x0000, 0x0000, 0x0000, 0x0000, 0x0000, 0x0000, 0x0000, 0x0000, 0x0000, 0x0000, 0x0000, 0x0000, 0x0000, 0x0000, 0x0000,
0x0000, 0x0000, 0x0000, 0x0000, 0x0000, 0x0000, 0x0000, 0x0000, 0x0000, 0x0000, 0x0000, 0x0000, 0x0000, 0x0000, 0x0000, 0x0000,
0x0000, 0x0000, 0x0000, 0x0000, 0x0000, 0x0000, 0x0000, 0x0000, 0x0000, 0x0000, 0x0000, 0x0000, 0x0000, 0x0000, 0x0000, 0x0000,
0x0000, 0x0000, 0x0000, 0x0000, 0x0000, 0x0000, 0x0000, 0x0000, 0x0000, 0x0000, 0x0000, 0x0000, 0x0000, 0x0000, 0x0000, 0x0000,
0x0000, 0x0000, 0x0000, 0x0000, 0x0000, 0x0000, 0x0000, 0x0000, 0x0000, 0x0000, 0x0000, 0x0000, 0x0000, 0x0000, 0x0000, 0x0000,
0x0000, 0x0000, 0x0000, 0x0000, 0x0000, 0x0000, 0x0000, 0x0000, 0x0000, 0x0000, 0x0000, 0x0000, 0x0000, 0x0000, 0x0000, 0x0000,
0x0000, 0x0000, 0x0000, 0x0000, 0x0000, 0x0000, 0x0000, 0x0000, 0x0000, 0x0000, 0x0000, 0x0000, 0x0000, 0x0000, 0x0000, 0x0000,
0x0000, 0x0000, 0x0000, 0x0000, 0x0000, 0x0000, 0x0000, 0x0000, 0x0000, 0x0000, 0x0000, 0x0000, 0x0000, 0x0000, 0x0000, 0x0000,
0x0000, 0x0000, 0x0000, 0x0000, 0x0000, 0x0000, 0x0000, 0x0000, 0x0000, 0x0000, 0x0000, 0x0000, 0x0000, 0x0000, 0x0000, 0x0000,
0x0000, 0x0000, 0x0000, 0x0000, 0x0000, 0x0000, 0x0000, 0x0000, 0x0000, 0x0000, 0x0000, 0x0000, 0x0000, 0x0000, 0x0000, 0x0000,
0x0000, 0x0000, 0x0000, 0x0000, 0x0000, 0x0000, 0x0000, 0x0000, 0x0000, 0x0000, 0x0000, 0x0000, 0x0000, 0x0000, 0x0000, 0x0000,
0x0000, 0x0000, 0x0000, 0x0000, 0x0000, 0x0000, 0x0000, 0x0000, 0x0000, 0x0000, 0x0000, 0x0000, 0x0000, 0x0000, 0x0000, 0x0000
};


// ============================================================
// SPELLS
// ============================================================

struct Spell {
  const char* name;
  uint8_t r, g, b;
  int tone1, tone2, tone3;
};

Spell spells[] = {
  {"LUMOS",             255, 180, 50,  700, 1000, 1400},
  {"ALOHOMORA",          30, 100, 255, 500, 800, 1200},
  {"EXPELLIARMUS",      255, 20, 20,   900, 600, 350},
  {"STUPEFY",            180, 30, 255, 800, 500, 250},
  {"PROTEGO",             30, 255, 150, 600, 900, 1200},
  {"WINGARDIUM",         180, 80, 255, 500, 800, 1100},
  {"EXPECTO PATRONUM",   100, 180, 255, 700, 1100, 1600},
  {"RIDDIKULUS",          255, 80, 180, 900, 1200, 700},
  {"INCENDIO",            255, 60, 10, 500, 700, 900},
  {"ACCIO",               255, 200, 100, 1000, 800, 600},
  {"IMPERIO",             150, 40, 255, 500, 700, 1000},
  {"CRUCIO",              255, 0, 80, 1000, 500, 250},
  {"AVADA KEDAVRA",        30, 255, 80, 1200, 800, 300}
};

const int SPELL_COUNT = sizeof(spells) / sizeof(spells[0]);

int selectedSpell = 0;
int scrollOffset = 0;

const int VISIBLE_SPELLS = 8;

// ============================================================
// TIMING / GESTURES
// ============================================================

const float FLICK_THRESHOLD = 180.0;
const unsigned long SELECTION_COOLDOWN = 500;
const unsigned long CAST_COOLDOWN = 800;

unsigned long lastSelection = 0;
unsigned long lastCast = 0;

// ============================================================
// BATTERY MONITORING
// ============================================================

const unsigned long BATTERY_UPDATE_MS = 5000;
const int LOW_BATTERY_PERCENT = 15;
const int CRITICAL_BATTERY_PERCENT = 8;

unsigned long lastBatteryCheck = 0;
bool menuActive = false;
int batteryPercent = -1;
int batteryVoltage = 0;
bool batteryCharging = false;

void readBattery() {
  batteryPercent = M5.Power.getBatteryLevel();
  batteryVoltage = M5.Power.getBatteryVoltage();
  batteryCharging = M5.Power.isCharging();
}

void drawBatteryIndicator() {
  // Compact battery icon in the top-right corner of the spell menu.
  int x = 109;
  int y = 3;
  int w = 18;
  int h = 9;

  uint16_t outline = rgb565(170,170,170);
  uint16_t fill;

  if (batteryCharging) {
    fill = rgb565(80,220,255);
  } else if (batteryPercent <= LOW_BATTERY_PERCENT) {
    fill = rgb565(255,70,70);
  } else {
    fill = rgb565(100,230,130);
  }

  M5.Display.drawRect(x, y, w, h, outline);
  M5.Display.fillRect(x+w, y+2, 2, 5, outline);

  int innerW = w - 4;
  int levelW = (batteryPercent < 0) ? 0 :
               (batteryPercent > 100 ? innerW :
               (batteryPercent * innerW) / 100);

  if (levelW > 0)
    M5.Display.fillRect(x+2, y+2, levelW, h-4, fill);

  // Charging indicator: tiny + next to the battery.
  if (batteryCharging) {
    M5.Display.setTextColor(fill);
    M5.Display.setCursor(90, 3);
    M5.Display.print("+");
  }
}

void updateBattery(bool redrawMenuIfNeeded = true) {
  if (millis() - lastBatteryCheck < BATTERY_UPDATE_MS)
    return;

  lastBatteryCheck = millis();

  int oldPercent = batteryPercent;
  bool oldCharging = batteryCharging;

  readBattery();

  if (redrawMenuIfNeeded && menuActive &&
      (oldPercent != batteryPercent || oldCharging != batteryCharging)) {
    drawMenu();
  }
}

void showLowBatteryWarning() {
  readBattery();

  if (batteryCharging || batteryPercent > LOW_BATTERY_PERCENT)
    return;

  M5.Display.fillScreen(BLACK);

  uint16_t warning = rgb565(255,70,70);
  M5.Display.setTextColor(warning);
  M5.Display.setTextSize(1);

  M5.Display.setCursor(34, 70);
  M5.Display.print("LOW BATTERY");

  M5.Display.setTextColor(rgb565(235,235,235));
  M5.Display.setCursor(45, 100);
  M5.Display.printf("%d%%", batteryPercent);

  M5.Display.setCursor(27, 130);
  M5.Display.print("PLEASE CHARGE");

  // Gentle warning pulse rather than a full spell effect.
  for (int i=0; i<2; i++) {
    setAll(255,40,40);
    delay(120);
    ledOff();
    delay(120);
  }

  delay(900);
}

// ============================================================
// HELPERS
// ============================================================

void setAll(uint8_t r, uint8_t g, uint8_t b) {
  for (int i = 0; i < LED_COUNT; i++)
    led.setPixelColor(i, led.Color(r, g, b));
  led.show();
}

uint16_t rgb565(uint8_t r, uint8_t g, uint8_t b) {
  return M5.Display.color565(r, g, b);
}

// ============================================================
// BOOT / WAKE
// ============================================================

void drawNameAtBottom() {
  M5.Display.setTextSize(1);
  M5.Display.setTextColor(rgb565(235,235,235));
  int textWidth = strlen(WIZARD_NAME) * 6;
  M5.Display.setCursor((135 - textWidth) / 2, 222);
  M5.Display.print(WIZARD_NAME);
}

void drawHogwartsBoot() {
  menuActive = false;
  M5.Display.fillScreen(BLACK);
  M5.Display.pushImage(0, 0, 135, 240, hogwartsBoot);
  drawNameAtBottom();
}

void drawSlytherinWake() {
  menuActive = false;
  M5.Display.fillScreen(BLACK);
  M5.Display.pushImage(0, 0, 135, 240, slytherinWake);
  drawNameAtBottom();
}

void playBootMelody() {
  const int notes[] = {
    784, 988, 1175, 1047,
    784, 659, 784, 988,
    1319, 1175, 988, 784,
    659, 784, 587, 784,
    659, 784, 988, 1175
  };
  const int durations[] = {
    180,180,260,180,
    220,180,180,300,
    260,180,220,300,
    220,180,260,500,
    220,180,220,700
  };

  for (int i=0; i<20; i++) {
    M5.update();
    if (M5.BtnA.wasPressed()) {
      M5.Speaker.stop();
      return;
    }
    M5.Speaker.tone(notes[i], durations[i]);
    unsigned long t=millis();
    while (millis()-t < (unsigned long)durations[i]+25) {
      M5.update();
      if (M5.BtnA.wasPressed()) {
        M5.Speaker.stop();
        return;
      }
      delay(5);
    }
  }
}

void showBootScreen() {
  // Cold boot: Hogwarts crest until button press.
  drawHogwartsBoot();
  playBootMelody();

  while (true) {
    M5.update();
    if (M5.BtnA.wasPressed()) {
      M5.Speaker.stop();
      return;
    }
    delay(10);
  }
}

// ============================================================
// MENU
// ============================================================

void drawMenu() {

  menuActive = true;
  M5.Display.fillScreen(BLACK);

  // Header
  M5.Display.setTextSize(1);
  M5.Display.setTextColor(rgb565(255, 255, 255));
  M5.Display.setCursor(47, 3);
  M5.Display.print("SPELLS");

  // Battery status is always visible while using the wand.
  readBattery();
  drawBatteryIndicator();

  // Eight rows fill the usable screen.
  const int startY = 22;
  const int lineHeight = 25;

  for (int i = 0; i < VISIBLE_SPELLS; i++) {

    int spellIndex = scrollOffset + i;
    if (spellIndex >= SPELL_COUNT) break;

    int y = startY + i * lineHeight;

    if (spellIndex == selectedSpell) {
      M5.Display.setTextColor(
        rgb565(spells[spellIndex].r, spells[spellIndex].g, spells[spellIndex].b)
      );
      M5.Display.setTextSize(1);
      M5.Display.setCursor(2, y);
      M5.Display.print("> ");
      M5.Display.println(spells[spellIndex].name);
    } else {
      M5.Display.setTextColor(rgb565(150, 150, 150));
      M5.Display.setTextSize(1);
      M5.Display.setCursor(8, y);
      M5.Display.println(spells[spellIndex].name);
    }
  }

  M5.Display.setTextColor(rgb565(90, 90, 90));

  if (scrollOffset > 0) {
    M5.Display.setCursor(126, 20);
    M5.Display.print("^");
  }

  if (scrollOffset + VISIBLE_SPELLS < SPELL_COUNT) {
    M5.Display.setCursor(126, 214);
    M5.Display.print("v");
  }
}

void updateScroll() {
  if (selectedSpell < scrollOffset)
    scrollOffset = selectedSpell;

  if (selectedSpell >= scrollOffset + VISIBLE_SPELLS)
    scrollOffset = selectedSpell - VISIBLE_SPELLS + 1;

  int maxScroll = SPELL_COUNT - VISIBLE_SPELLS;
  if (maxScroll < 0) maxScroll = 0;

  if (scrollOffset < 0) scrollOffset = 0;
  if (scrollOffset > maxScroll) scrollOffset = maxScroll;
}

void selectionSound() {
  M5.Speaker.tone(1100, 45);
  delay(55);
  M5.Speaker.tone(1400, 35);
}

// ============================================================
// SPELL ICONS / EFFECTS
// ============================================================

void drawSpellIcon(const char* name) {
  int x = 35;
  int y = 34;

  if (!strcmp(name,"LUMOS"))                 M5.Display.pushImage(x,y,64,64,icon_lumos);
  else if (!strcmp(name,"ALOHOMORA"))        M5.Display.pushImage(x,y,64,64,icon_alohomora);
  else if (!strcmp(name,"EXPELLIARMUS"))     M5.Display.pushImage(x,y,64,64,icon_expelliarmus);
  else if (!strcmp(name,"STUPEFY"))          M5.Display.pushImage(x,y,64,64,icon_stupefy);
  else if (!strcmp(name,"PROTEGO"))          M5.Display.pushImage(x,y,64,64,icon_protego);
  else if (!strcmp(name,"WINGARDIUM"))       M5.Display.pushImage(x,y,64,64,icon_wingardium);
  else if (!strcmp(name,"EXPECTO PATRONUM")) M5.Display.pushImage(x,y,64,64,icon_expecto);
  else if (!strcmp(name,"RIDDIKULUS"))       M5.Display.pushImage(x,y,64,64,icon_riddikulus);
  else if (!strcmp(name,"INCENDIO"))         M5.Display.pushImage(x,y,64,64,icon_incendio);
  else if (!strcmp(name,"ACCIO"))            M5.Display.pushImage(x,y,64,64,icon_accio);
  else if (!strcmp(name,"IMPERIO"))          M5.Display.pushImage(x,y,64,64,icon_imperio);
  else if (!strcmp(name,"CRUCIO"))           M5.Display.pushImage(x,y,64,64,icon_crucio);
  else if (!strcmp(name,"AVADA KEDAVRA"))    M5.Display.pushImage(x,y,64,64,icon_avada);
}

void ledOff() {
  setAll(0,0,0);
}

void ledFade(uint8_t r,uint8_t g,uint8_t b,int steps=18,int wait=15) {
  for(int s=1;s<=steps;s++) {
    setAll((uint16_t)r*s/steps,(uint16_t)g*s/steps,(uint16_t)b*s/steps);
    delay(wait);
  }
}

void ledPulse(uint8_t r,uint8_t g,uint8_t b,int pulses=2) {
  for(int p=0;p<pulses;p++) {
    ledFade(r,g,b,14,12);
    for(int s=14;s>=0;s--) {
      setAll((uint16_t)r*s/14,(uint16_t)g*s/14,(uint16_t)b*s/14);
      delay(12);
    }
  }
}

void ledChase(uint8_t r,uint8_t g,uint8_t b,int rounds=2) {
  for(int k=0;k<rounds;k++) {
    for(int i=0;i<LED_COUNT;i++) {
      led.clear();
      led.setPixelColor(i,led.Color(r,g,b));
      if(i>0) led.setPixelColor(i-1,led.Color(r/3,g/3,b/3));
      led.show();
      delay(30);
    }
  }
}

void ledSpark(uint8_t r,uint8_t g,uint8_t b,int bursts=5) {
  for(int k=0;k<bursts;k++) {
    led.clear();
    for(int i=0;i<LED_COUNT;i++)
      if(random(0,3)==0) led.setPixelColor(i,led.Color(r,g,b));
    led.show();
    delay(70);
  }
}

void ledFire() {
  for(int k=0;k<18;k++) {
    for(int i=0;i<LED_COUNT;i++)
      led.setPixelColor(i,led.Color(random(180,256),random(15,90),0));
    led.show();
    delay(45);
  }
}

void spellLED(const char* name, uint8_t r,uint8_t g,uint8_t b) {
  if(!strcmp(name,"LUMOS")) ledPulse(r,g,b,2);
  else if(!strcmp(name,"ALOHOMORA")) ledChase(r,g,b,2);
  else if(!strcmp(name,"EXPELLIARMUS")) ledSpark(r,g,b,6);
  else if(!strcmp(name,"STUPEFY")) ledSpark(r,g,b,8);
  else if(!strcmp(name,"PROTEGO")) ledPulse(r,g,b,3);
  else if(!strcmp(name,"WINGARDIUM")) ledChase(r,g,b,3);
  else if(!strcmp(name,"EXPECTO PATRONUM")) ledPulse(r,g,b,3);
  else if(!strcmp(name,"RIDDIKULUS")) {
    for(int i=0;i<5;i++){ setAll(255,80,180); delay(70); setAll(255,200,60); delay(70); }
  }
  else if(!strcmp(name,"INCENDIO")) ledFire();
  else if(!strcmp(name,"ACCIO")) {
    for(int i=LED_COUNT-1;i>=0;i--) {
      led.clear(); led.setPixelColor(i,led.Color(r,g,b)); led.show(); delay(35);
    }
  }
  else if(!strcmp(name,"IMPERIO")) ledPulse(r,g,b,4);
  else if(!strcmp(name,"CRUCIO")) ledSpark(r,g,b,10);
  else if(!strcmp(name,"AVADA KEDAVRA")) {
    setAll(r,g,b); delay(120);
    for(int s=12;s>=0;s--){ setAll((uint16_t)r*s/12,(uint16_t)g*s/12,(uint16_t)b*s/12); delay(35); }
  }
  else { setAll(r,g,b); delay(300); }
}

void spellSound(const char* name, const Spell &spell) {
  if(!strcmp(name,"LUMOS")) {
    M5.Speaker.tone(1047,100); delay(90); M5.Speaker.tone(1319,120); delay(90); M5.Speaker.tone(1568,240);
  } else if(!strcmp(name,"ALOHOMORA")) {
    M5.Speaker.tone(523,90); delay(70); M5.Speaker.tone(659,90); delay(70); M5.Speaker.tone(784,90); delay(70); M5.Speaker.tone(1047,240);
  } else if(!strcmp(name,"EXPELLIARMUS")) {
    M5.Speaker.tone(1500,80); delay(60); M5.Speaker.tone(900,100); delay(60); M5.Speaker.tone(350,200);
  } else if(!strcmp(name,"STUPEFY")) {
    M5.Speaker.tone(1200,70); delay(50); M5.Speaker.tone(500,120); delay(50); M5.Speaker.tone(180,150);
  } else if(!strcmp(name,"PROTEGO")) {
    M5.Speaker.tone(392,140); delay(70); M5.Speaker.tone(523,140); delay(70); M5.Speaker.tone(659,260);
  } else if(!strcmp(name,"WINGARDIUM")) {
    M5.Speaker.tone(659,120); delay(60); M5.Speaker.tone(784,120); delay(60); M5.Speaker.tone(988,150); delay(60); M5.Speaker.tone(1175,260);
  } else if(!strcmp(name,"EXPECTO PATRONUM")) {
    M5.Speaker.tone(330,170); delay(60); M5.Speaker.tone(494,170); delay(60); M5.Speaker.tone(659,200); delay(60); M5.Speaker.tone(988,320);
  } else if(!strcmp(name,"RIDDIKULUS")) {
    M5.Speaker.tone(880,90); delay(50); M5.Speaker.tone(1175,90); delay(50); M5.Speaker.tone(784,90); delay(50); M5.Speaker.tone(1319,180);
  } else if(!strcmp(name,"INCENDIO")) {
    M5.Speaker.tone(220,100); delay(45); M5.Speaker.tone(440,100); delay(45); M5.Speaker.tone(660,100); delay(45); M5.Speaker.tone(880,260);
  } else if(!strcmp(name,"ACCIO")) {
    M5.Speaker.tone(1200,60); delay(45); M5.Speaker.tone(1000,70); delay(45); M5.Speaker.tone(700,100); delay(45); M5.Speaker.tone(450,260);
  } else if(!strcmp(name,"IMPERIO")) {
    M5.Speaker.tone(196,220); delay(80); M5.Speaker.tone(233,220); delay(80); M5.Speaker.tone(294,300);
  } else if(!strcmp(name,"CRUCIO")) {
    M5.Speaker.tone(1700,70); delay(45); M5.Speaker.tone(500,70); delay(45); M5.Speaker.tone(1600,70); delay(45); M5.Speaker.tone(300,220);
  } else if(!strcmp(name,"AVADA KEDAVRA")) {
    M5.Speaker.tone(180,220); delay(70); M5.Speaker.tone(260,180); delay(70); M5.Speaker.tone(80,400);
  } else {
    M5.Speaker.tone(spell.tone1,100); delay(90); M5.Speaker.tone(spell.tone2,120); delay(90); M5.Speaker.tone(spell.tone3,220);
  }
}

void castSpell() {
  Spell &spell = spells[selectedSpell];

  menuActive = false;
  M5.Display.fillScreen(BLACK);
  drawSpellIcon(spell.name);

  M5.Display.setTextColor(rgb565(spell.r,spell.g,spell.b));
  M5.Display.setTextSize(1);

  int textWidth = strlen(spell.name) * 6;
  M5.Display.setCursor((135-textWidth)/2,112);
  M5.Display.print(spell.name);

  spellLED(spell.name,spell.r,spell.g,spell.b);
  spellSound(spell.name,spell);

  delay(250);
  ledOff();

  // If the battery is getting low, tell the user immediately after the spell.
  readBattery();
  if (!batteryCharging && batteryPercent <= LOW_BATTERY_PERCENT) {
    showLowBatteryWarning();
  }

  drawMenu();
}

// ============================================================
// SETUP / SLEEP / WAKE
// ============================================================

bool sleeping = false;
unsigned long buttonDownAt = 0;
bool longPressHandled = false;

const unsigned long LONG_PRESS_MS = 1000;

void enterSleep() {
  sleeping = true;
  menuActive = false;
  ledOff();
  M5.Speaker.stop();
  M5.Display.fillScreen(BLACK);
  M5.Display.setBrightness(0);
}

void wakeFromSleep() {
  M5.Display.setBrightness(100);
  sleeping = false;

  // Wake screen: Slytherin stays until the button is pressed AGAIN.
  drawSlytherinWake();

  M5.Speaker.tone(659,90);
  delay(80);
  M5.Speaker.tone(988,140);

  while(true) {
    M5.update();

    if(M5.BtnA.wasPressed()) {
      M5.Speaker.stop();
      drawMenu();
      ledOff();
      delay(180);  // don't treat menu-entry press as a cast
      return;
    }

    delay(10);
  }
}

void setup() {
  M5.begin();
  M5.Power.setExtOutput(true);

  led.begin();
  led.setBrightness(100);
  led.clear();
  led.show();

  M5.Speaker.setVolume(255);
  M5.Display.setRotation(8);

  readBattery();

  showBootScreen();

  delay(180); // prevent boot-exit press becoming a cast
  drawMenu();
  setAll(5,5,5);
}

void loop() {
  M5.update();

  // Battery monitoring is lightweight and runs every few seconds.
  updateBattery(true);

  // Sleeping: same front button wakes.
  if(sleeping) {
    if(M5.BtnA.wasPressed()) {
      wakeFromSleep();
    }
    delay(10);
    return;
  }

  // Front button:
  // short press = cast
  // long press = sleep
  if(M5.BtnA.isPressed()) {
    if(buttonDownAt==0) {
      buttonDownAt=millis();
      longPressHandled=false;
    }

    if(!longPressHandled && millis()-buttonDownAt>=LONG_PRESS_MS) {
      longPressHandled=true;
      enterSleep();
      return;
    }
  } else if(buttonDownAt!=0) {
    unsigned long held=millis()-buttonDownAt;
    buttonDownAt=0;

    if(!longPressHandled && held<LONG_PRESS_MS) {
      if(millis()-lastCast>CAST_COOLDOWN) {
        lastCast=millis();
        castSpell();
        return;
      }
    }
  }

  if(!M5.Imu.update()) {
    delay(5);
    return;
  }

  auto data=M5.Imu.getImuData();
  float gy=data.gyro.y;

  if(millis()-lastSelection<SELECTION_COOLDOWN) {
    delay(5);
    return;
  }

  // UP = previous
  if(gy>FLICK_THRESHOLD) {
    lastSelection=millis();
    selectedSpell--;
    if(selectedSpell<0) selectedSpell=SPELL_COUNT-1;
    updateScroll();
    selectionSound();
    drawMenu();
    return;
  }

  // DOWN = next
  if(gy<-FLICK_THRESHOLD) {
    lastSelection=millis();
    selectedSpell++;
    if(selectedSpell>=SPELL_COUNT) selectedSpell=0;
    updateScroll();
    selectionSound();
    drawMenu();
    return;
  }

  delay(5);
}
